"GEO_ID","NAME","B15003_001E","B15003_001M","B15003_002E","B15003_002M","B15003_003E","B15003_003M","B15003_004E","B15003_004M","B15003_005E","B15003_005M","B15003_006E","B15003_006M","B15003_007E","B15003_007M","B15003_008E","B15003_008M","B15003_009E","B15003_009M","B15003_010E","B15003_010M","B15003_011E","B15003_011M","B15003_012E","B15003_012M","B15003_013E","B15003_013M","B15003_014E","B15003_014M","B15003_015E","B15003_015M","B15003_016E","B15003_016M","B15003_017E","B15003_017M","B15003_018E","B15003_018M","B15003_019E","B15003_019M","B15003_020E","B15003_020M","B15003_021E","B15003_021M","B15003_022E","B15003_022M","B15003_023E","B15003_023M","B15003_024E","B15003_024M","B15003_025E","B15003_025M",
"Geography","Geographic Area Name","Estimate!!Total:","Margin of Error!!Total:","Estimate!!Total:!!No schooling completed","Margin of Error!!Total:!!No schooling completed","Estimate!!Total:!!Nursery school","Margin of Error!!Total:!!Nursery school","Estimate!!Total:!!Kindergarten","Margin of Error!!Total:!!Kindergarten","Estimate!!Total:!!1st grade","Margin of Error!!Total:!!1st grade","Estimate!!Total:!!2nd grade","Margin of Error!!Total:!!2nd grade","Estimate!!Total:!!3rd grade","Margin of Error!!Total:!!3rd grade","Estimate!!Total:!!4th grade","Margin of Error!!Total:!!4th grade","Estimate!!Total:!!5th grade","Margin of Error!!Total:!!5th grade","Estimate!!Total:!!6th grade","Margin of Error!!Total:!!6th grade","Estimate!!Total:!!7th grade","Margin of Error!!Total:!!7th grade","Estimate!!Total:!!8th grade","Margin of Error!!Total:!!8th grade","Estimate!!Total:!!9th grade","Margin of Error!!Total:!!9th grade","Estimate!!Total:!!10th grade","Margin of Error!!Total:!!10th grade","Estimate!!Total:!!11th grade","Margin of Error!!Total:!!11th grade","Estimate!!Total:!!12th grade, no diploma","Margin of Error!!Total:!!12th grade, no diploma","Estimate!!Total:!!Regular high school diploma","Margin of Error!!Total:!!Regular high school diploma","Estimate!!Total:!!GED or alternative credential","Margin of Error!!Total:!!GED or alternative credential","Estimate!!Total:!!Some college, less than 1 year","Margin of Error!!Total:!!Some college, less than 1 year","Estimate!!Total:!!Some college, 1 or more years, no degree","Margin of Error!!Total:!!Some college, 1 or more years, no degree","Estimate!!Total:!!Associate's degree","Margin of Error!!Total:!!Associate's degree","Estimate!!Total:!!Bachelor's degree","Margin of Error!!Total:!!Bachelor's degree","Estimate!!Total:!!Master's degree","Margin of Error!!Total:!!Master's degree","Estimate!!Total:!!Professional school degree","Margin of Error!!Total:!!Professional school degree","Estimate!!Total:!!Doctorate degree","Margin of Error!!Total:!!Doctorate degree",
"0500000US01003","Baldwin County, Alabama","184852","865","2165","1239","17","33","0","210","0","210","0","210","0","210","74","110","0","210","561","860","117","197","629","601","2143","810","2637","1099","2553","1400","3079","923","42015","4097","11062","2450","13735","2087","25874","3276","18948","2726","39152","4116","14009","2364","3763","1429","2319","876",
"0500000US01015","Calhoun County, Alabama","78420","833","1376","637","0","210","0","210","0","210","0","210","0","210","0","210","0","210","34","60","710","389","822","470","2049","826","1292","607","2438","1003","1217","579","19072","2053","4143","991","6662","1290","12053","2091","7995","1327","10275","1600","6755","1440","985","482","542","404",
"0500000US01043","Cullman County, Alabama","64307","746","782","436","77","132","0","210","0","210","0","210","78","122","0","210","0","210","85","133","310","314","539","338","850","499","3020","1194","1304","526","1518","632","17129","1883","4036","1018","6038","1195","8762","1741","8714","1981","7026","1406","3086","950","503","394","450","279",
"0500000US01049","DeKalb County, Alabama","48611","576","1772","675","0","210","0","210","0","210","0","210","0","210","84","133","197","245","836","718","230","223","1119","499","918","517","1750","724","463","325","1067","534","15658","1810","3364","821","3560","911","5092","914","5959","1263","4553","1041","1490","602","313","211","186","152",
"0500000US01051","Elmore County, Alabama","63874","677","475","342","0","210","0","210","0","210","0","210","0","210","0","210","83","83","500","401","217","313","130","167","681","318","1117","662","1509","565","631","443","18208","2261","3761","799","4356","1233","8197","1319","6429","1397","12309","1889","4612","1590","348","249","311","334",
"0500000US01055","Etowah County, Alabama","72785","803","2784","1414","0","210","0","210","0","210","0","210","0","210","0","210","57","89","147","132","42","69","596","456","729","372","1504","579","1503","716","2292","976","21128","2515","3226","822","4437","850","13096","2061","8114","1359","7682","1597","3411","865","1352","570","685","395",
"0500000US01069","Houston County, Alabama","75141","203","1069","318","0","210","34","42","0","210","0","210","0","210","119","152","78","105","246","172","202","181","887","527","1165","384","1564","385","1983","614","2244","591","20470","1963","4036","753","5989","877","10170","1099","7689","1037","10264","948","5177","636","1183","341","572","213",
"0500000US01073","Jefferson County, Alabama","449622","612","4788","1490","56","95","0","210","23","40","76","136","118","141","90","92","409","314","1672","695","526","285","2220","901","4398","1116","6017","1515","10154","2149","7321","1815","96187","5347","15755","2268","23629","2547","70638","4984","40454","3576","96217","5366","43331","3717","15905","2041","9638","1908",
"0500000US01077","Lauderdale County, Alabama","65471","593","1299","606","0","210","0","210","0","210","0","210","0","210","0","210","0","210","225","274","135","224","1082","652","1236","890","821","410","545","372","1125","619","16870","1949","4158","1158","3574","1107","9470","1596","4164","894","11803","1808","5630","1343","1857","698","1477","832",
"0500000US01081","Lee County, Alabama","113445","1341","1672","925","0","210","0","210","0","210","188","207","363","483","77","124","0","210","308","283","68","122","776","493","1033","684","1043","503","1903","898","1592","677","20054","2498","5169","1169","5596","1113","14661","2342","11700","1726","27718","2551","13281","1880","2026","850","4217","1071",
"0500000US01083","Limestone County, Alabama","79975","1015","808","427","0","210","0","210","0","210","0","210","0","210","89","157","53","88","317","263","530","469","1004","448","997","525","691","391","2218","950","1077","751","14787","2159","3874","991","6555","1311","11695","1968","8378","1482","16614","2274","8621","2026","1007","408","660","415",
"0500000US01089","Madison County, Alabama","284230","877","2746","914","74","124","0","210","0","210","55","90","174","283","58","79","426","495","1075","924","269","247","1268","643","2067","726","4389","1396","2328","707","3427","1169","43370","4108","12052","2190","16035","2410","34922","3612","23855","2956","80680","4540","42523","3969","6030","1434","6407","1568",
"0500000US01095","Marshall County, Alabama","66443","666","2323","833","0","210","0","210","58","96","0","210","88","95","51","91","30","51","606","627","119","59","1217","642","1853","749","1023","536","1836","733","1330","688","15893","1637","6010","1234","5894","1256","8023","1130","5459","892","9613","1211","3862","857","678","276","477","342",
"0500000US01097","Mobile County, Alabama","281188","856","2208","743","45","75","0","210","212","354","57","101","36","60","123","197","0","210","364","348","906","652","2452","973","3649","966","6559","1411","6619","1648","5027","1253","80474","4103","13854","1961","15198","2113","45086","3460","22024","2594","48785","4050","19960","2357","4935","1433","2615","717",
"0500000US01101","Montgomery County, Alabama","149322","620","2342","882","0","210","33","57","251","300","0","210","0","210","0","210","298","314","107","131","432","325","1509","682","2894","1311","2159","780","3948","1281","1295","540","33618","3356","7137","1433","9405","1923","21717","2930","11032","2151","29308","3539","16210","2423","3001","817","2626","1043",
"0500000US01103","Morgan County, Alabama","85702","1244","1839","884","0","210","118","206","0","210","0","210","79","160","0","210","146","143","390","326","155","191","1228","729","1400","719","1341","777","2160","676","2532","1314","21347","2201","5053","1173","7687","1999","12211","1635","6394","1284","14505","2115","4941","1271","1402","517","774","482",
"0500000US01115","St. Clair County, Alabama","67264","992","599","448","0","210","0","210","0","210","0","210","0","210","0","210","0","210","329","258","176","230","1460","771","661","395","855","402","1463","719","1476","657","18291","2090","4870","1304","6179","1215","9548","1545","5468","1063","10679","1793","4722","1120","297","344","191","162",
"0500000US01117","Shelby County, Alabama","161917","669","1105","601","118","145","6","2","0","210","0","210","70","108","0","210","34","55","201","190","574","483","303","229","1212","612","1159","521","1039","550","2154","916","31517","2909","5511","1153","11253","1884","22509","2579","13621","2004","44346","3716","19734","2374","4121","1011","1330","509",
"0500000US01121","Talladega County, Alabama","58972","813","1097","558","0","210","0","210","0","210","0","210","0","210","0","210","0","210","212","234","242","301","859","467","852","543","1647","741","1915","636","677","351","19161","2521","3087","910","5277","1399","7734","1496","5690","1465","4875","1195","3756","1132","1429","755","462","417",
"0500000US01125","Tuscaloosa County, Alabama","144051","1101","3083","1181","0","210","0","210","108","174","0","210","0","210","833","952","0","210","275","354","191","156","988","441","913","539","1819","936","2483","1152","2461","1004","33360","3460","7182","1714","11387","2006","20625","2693","11632","2179","26745","3172","13242","2147","2639","843","4085","1191",
"0500000US02020","Anchorage Municipality, Alaska","193169","2060","3896","1231","0","170","119","201","156","229","3","4","0","170","0","170","49","13","308","239","307","389","224","190","1213","826","1770","797","1384","916","2730","986","37945","3385","7810","1770","15624","2659","28561","2846","13827","1964","46863","4111","20187","2621","5800","1330","4393","1145",
"0500000US02090","Fairbanks North Star Borough, Alaska","61164","1372","1256","750","0","170","0","170","33","7","0","170","0","170","191","286","0","170","37","8","0","170","9","6","457","414","331","267","636","385","705","501","13898","2185","2451","947","5207","1416","10110","2004","6239","1414","11808","2301","6192","1743","521","374","1083","714",
"0500000US02170","Matanuska-Susitna Borough, Alaska","76765","667","565","310","0","170","92","104","0","170","29","47","23","38","67","106","6","6","0","170","35","60","601","340","435","357","713","335","1418","495","1160","450","21944","1505","5230","859","5136","996","10381","1298","8583","1168","12636","1246","6033","852","1011","405","667","340",
"0500000US04001","Apache County, Arizona","42999","475","601","235","0","232","0","232","0","232","35","41","131","100","146","84","166","137","342","196","411","276","845","479","739","328","1251","413","1893","523","412","276","11698","1158","2070","1038","1363","626","9753","1236","3945","965","3971","1094","2598","1079","218","427","411","292",
"0500000US04003","Cochise County, Arizona","89455","597","449","330","56","92","0","232","0","232","0","232","189","283","0","232","65","75","1120","708","129","188","2033","967","870","762","1384","557","1310","466","2296","946","17212","2182","4202","1024","7891","1389","18964","2363","8362","1557","13568","2128","6522","1312","1554","561","1279","589",
"0500000US04005","Coconino County, Arizona","88138","909","888","469","15","27","34","44","44","57","10","17","24","33","123","117","231","159","63","53","328","295","437","329","1134","757","943","422","1361","651","732","345","17240","2262","2305","798","5306","1280","14513","2066","7332","1300","20233","2337","9017","1404","2200","622","3625","928",
"0500000US04013","Maricopa County, Arizona","3145001","553","67039","7466","1192","1186","1791","1025","1142","689","2394","1151","5180","1515","2995","1170","6744","1905","33157","3878","5913","1756","22214","2907","33303","3834","28104","3356","38591","3504","68108","6647","577412","13764","113451","6721","243114","11682","444581","12591","286356","10519","710721","12803","328225","10957","75110","5679","48164","3479",
"0500000US04015","Mohave County, Arizona","175513","672","3652","1286","373","485","0","232","0","232","8","13","206","276","0","232","0","232","474","417","304","253","1453","559","2274","947","2338","843","4604","1159","6096","1690","47561","3662","13725","2231","18229","2156","30308","3079","16453","2127","18470","2331","6190","1272","1835","737","960","605",
"0500000US04017","Navajo County, Arizona","73922","1117","1794","797","0","232","0","232","0","232","44","55","32","39","97","114","86","94","551","718","546","547","643","324","1147","515","1697","525","2526","865","1334","634","21779","2199","3098","946","4964","1319","15327","1648","5790","1242","8377","1191","2792","936","621","338","677","451",
"0500000US04019","Pima County, Arizona","735290","427","11230","2073","50","85","60","101","110","152","410","246","414","255","410","299","317","320","4440","1243","2114","986","5683","1388","10822","2319","9068","1912","9941","1969","17692","2587","127488","6438","29148","3092","57571","4633","113879","5675","64134","4557","153231","6495","77894","4479","19010","2425","20174","2632",
"0500000US04021","Pinal County, Arizona","344391","1518","7795","2199","254","312","0","232","327","334","75","142","187","301","832","655","218","227","2940","1432","862","333","2911","1087","2665","1018","5077","1630","5374","1414","8613","2353","74798","6011","23154","3522","37246","4241","59281","5048","35313","3868","53127","4392","17488","2245","3384","1043","2470","1054",
"0500000US04025","Yavapai County, Arizona","194914","536","2728","924","0","232","0","232","0","232","0","232","461","501","120","203","33","55","927","625","337","377","829","553","1124","539","1458","470","2807","973","4761","1325","35523","3164","5977","1333","19506","2196","34604","2923","21278","2683","35625","3340","19116","2368","4521","1123","3179","830",
"0500000US04027","Yuma County, Arizona","140123","227","3954","1307","0","232","0","232","497","574","957","922","1092","664","880","562","706","815","4297","1579","1126","899","1738","778","8141","1977","2785","919","2103","865","3462","964","31118","2942","8402","1864","11916","2177","21867","2532","10655","2909","16883","2887","5946","1040","1442","636","156","142",
"0500000US05007","Benton County, Arkansas","205780","1057","1884","787","0","208","0","208","0","208","179","169","273","440","0","208","902","631","2049","1057","403","361","519","295","5188","1657","2461","898","1299","591","2728","990","47044","3289","8002","1689","12033","1740","25491","2894","17364","2551","51083","3684","21363","3031","3240","832","2275","889",
"0500000US05031","Craighead County, Arkansas","74075","1173","1432","746","0","208","0","208","0","208","0","208","24","42","349","415","0","208","402","381","422","307","633","420","1398","927","367","248","1254","694","1179","616","17143","2264","4636","1255","6975","1914","10098","1971","6732","1932","12067","1775","5772","1304","1649","874","1543","841",
"0500000US05045","Faulkner County, Arkansas","82109","1049","646","458","19","31","242","366","0","208","0","208","0","208","0","208","0","208","143","3","232","297","350","191","305","221","418","256","1108","779","1326","684","20724","2378","2958","780","4069","934","13892","1879","6041","1416","17411","2049","7367","1379","3038","923","1820","799",
"0500000US05051","Garland County, Arkansas","73545","853","664","376","0","208","0","208","43","72","0","208","112","182","0","208","101","178","419","491","362","328","386","234","1069","884","1045","640","1295","714","331","212","20095","2384","3885","1151","4517","1188","11056","1791","6153","1308","15420","2062","3982","910","1715","732","895","418",
"0500000US05069","Jefferson County, Arkansas","43748","855","1171","687","0","208","0","208","0","208","0","208","0","208","80","79","104","83","192","245","25","15","152","129","1129","496","344","288","1064","509","1003","410","15263","1898","2456","806","1889","589","6775","1555","2542","973","6568","1826","1923","749","377","301","691","476",
"0500000US05085","Lonoke County, Arkansas","52158","490","819","510","0","208","18","33","0","208","0","208","0","208","60","78","63","109","471","411","112","179","335","177","171","177","1138","678","1081","653","936","597","15469","1657","3425","957","4129","1041","6813","1390","5307","1129","8512","1188","2598","989","479","392","222","211",
"0500000US05119","Pulaski County, Arkansas","272078","331","3264","1379","64","81","0","208","0","208","182","203","440","378","239","378","408","447","2467","1196","186","221","1391","1048","2552","1085","3948","1300","4840","1337","5320","1628","57860","4583","9537","1884","18152","2548","41142","4581","21553","2915","60165","4399","25205","2488","8710","1565","4453","978",
"0500000US05125","Saline County, Arkansas","89559","1110","1214","780","0","208","0","208","0","208","0","208","14","27","0","208","0","208","85","136","158","165","479","318","472","301","492","340","1010","872","561","362","26796","2518","5011","1416","6256","1206","11316","1913","8842","1843","17111","2057","6787","1307","1732","717","1223","547",
"0500000US05131","Sebastian County, Arkansas","87145","933","2378","942","0","208","0","208","63","115","0","208","199","223","47","80","403","469","927","960","130","176","1158","637","849","495","800","474","1897","796","3288","1142","20929","2395","4071","1059","7822","1821","13166","1943","7892","1826","12390","1920","5795","1365","1879","721","1062","662",
"0500000US05143","Washington County, Arkansas","160396","1113","1948","838","0","208","0","208","0","208","41","72","270","260","45","72","590","281","2270","1135","1661","1234","2078","976","2714","944","2509","1016","2853","1225","3306","1321","38080","3345","6955","1370","8070","1473","15979","2445","12506","2007","34677","3266","16156","2526","4388","1135","3300","973",
"0500000US05145","White County, Arkansas","52190","585","1484","852","0","208","0","208","0","208","0","208","15","20","0","208","56","70","123","110","158","133","725","630","251","209","1419","812","986","524","941","742","15567","1916","3739","972","2957","956","6706","1479","5349","1669","6457","1505","3969","1295","301","318","987","489",
"0500000US06001","Alameda County, California","1178124","359","38681","4509","254","192","189","177","1625","810","1655","767","3778","1401","1274","621","4953","1432","16364","3012","2682","943","5720","1739","15214","2373","7204","1679","7925","1714","24519","2949","165165","8381","21279","2604","54704","4412","122120","6477","71351","4531","329012","9472","197410","7405","37781","3969","47265","4073",
"0500000US06007","Butte County, California","134129","427","2638","1125","146","140","0","221","5","9","64","119","171","183","9","14","500","798","985","758","90","107","958","539","1026","527","1508","762","1995","796","2922","761","25894","2747","4110","1075","11671","1669","21507","2470","17890","2757","25450","2232","9858","1583","2622","860","2110","756",
"0500000US06013","Contra Costa County, California","812770","603","21257","3239","1030","696","197","218","43","73","1020","645","1434","613","1703","876","824","563","9724","1996","2460","938","4039","1276","4690","1364","6175","1473","6356","1699","20177","2767","123575","6178","17426","2803","48951","4926","99726","5556","66535","4931","229995","7584","100726","5119","25543","3014","19164","2336",
"0500000US06017","El Dorado County, California","142409","669","2120","1244","27","48","0","221","0","221","0","221","34","59","0","221","234","72","90","132","98","156","98","114","444","286","466","372","877","525","2110","884","22036","2810","4482","1344","10562","1651","23941","2229","16878","2808","36505","3415","14117","1993","4970","1326","2320","894",
"0500000US06019","Fresno County, California","638160","798","36696","4324","60","102","749","506","1000","592","2052","741","4425","1141","2991","1050","2523","745","17612","2607","2919","994","8265","2174","8556","1587","14605","2418","11053","1792","20377","2762","131629","6029","19321","2336","44909","3986","87019","6285","63331","5139","99913","5779","38246","3561","13627","2676","6282","1522",
"0500000US06023","Humboldt County, California","93805","820","1315","790","0","221","0","221","0","221","0","221","42","75","0","221","0","221","1086","955","149","181","8","15","356","318","1048","645","1405","894","1844","880","15243","2320","3152","1042","8448","1282","16450","2042","9386","1522","22726","2586","7487","1317","1978","645","1682","657",
"0500000US06025","Imperial County, California","110055","1123","6194","1316","0","221","234","240","342","352","409","366","1240","646","1177","867","170","177","2948","1286","584","480","2774","982","5315","1918","2436","837","3270","986","3956","917","25726","2820","3480","1027","4614","918","17466","2182","9491","1857","11148","1951","3972","1203","2141","1092","968","755",
"0500000US06029","Kern County, California","564499","292","21771","3290","364","467","34","57","575","369","2938","1008","5317","1525","2717","847","5566","1165","17933","2501","4526","1164","8389","2010","16273","2005","7124","1296","16316","2427","23525","2735","135185","6027","17605","2494","47979","4297","84978","4970","43552","3432","68373","4381","24686","2588","5709","1241","3064","759",
"0500000US06031","Kings County, California","96746","838","2888","900","58","105","101","124","242","184","888","618","436","294","165","117","1582","952","3806","1153","158","201","1641","765","1456","663","2985","1132","4668","1286","3236","938","22207","3095","4480","976","7099","1800","16043","2004","12505","2197","7210","1629","1905","594","910","555","77","128",
"0500000US06033","Lake County, California","48642","1093","564","527","0","221","0","221","21","3","0","221","230","383","0","221","58","106","592","396","0","221","925","715","109","188","325","287","1422","655","1872","884","11789","2135","2969","934","4776","1418","10194","1748","4607","1052","4450","1092","1970","715","1693","1164","76","92",
"0500000US06037","Los Angeles County, California","6857511","*****","314342","10989","3357","864","3937","1213","10468","2234","20724","2461","48438","3867","26294","3069","47585","4699","211758","8983","32260","3232","68729","5447","123442","6538","73548","5707","87598","5364","213381","9681","1226316","21018","152673","5439","352556","10310","858920","17979","477710","12325","1581628","19653","628438","14824","186995","7368","106414","5723",
"0500000US06039","Madera County, California","103594","998","5444","1564","0","221","0","221","673","801","276","348","1066","684","668","626","120","146","5222","1777","1073","596","1725","697","2174","771","3205","1105","2308","909","4320","1046","24761","2996","2804","877","6858","1517","16035","2535","8711","1724","10725","1840","3865","925","1321","611","240","201",
"0500000US06041","Marin County, California","187579","902","4419","1266","125","168","0","221","0","221","604","613","716","659","93","157","0","221","1512","989","876","876","74","12","1059","763","646","620","1031","558","2128","855","18631","2383","3499","981","9071","1815","18863","2417","11859","1990","57405","3925","32737","2974","16396","2725","5835","1234",
"0500000US06045","Mendocino County, California","64380","927","2056","1135","0","221","0","221","0","221","166","256","166","254","230","320","169","257","1045","587","5","9","589","350","370","278","694","545","1047","911","764","381","14321","2648","2577","872","4828","1253","10915","1949","6146","1460","12252","1844","3768","1002","1822","809","450","422",
"0500000US06047","Merced County, California","175907","850","13858","2560","0","221","226","182","75","124","1929","957","1669","1007","962","477","1726","789","7887","2107","1062","696","5763","1595","3358","1030","2035","1028","3074","998","5603","1255","47907","4293","7670","1375","12702","2129","22076","2768","10836","1717","16658","2391","6068","1524","1921","949","842","586",
"0500000US06053","Monterey County, California","278259","849","11840","1729","188","202","0","221","750","579","2368","1053","2969","1050","2510","970","1749","781","18541","2886","2342","877","4823","1551","9222","2052","4387","1279","4637","1121","8882","1598","50619","4372","10625","1515","11719","1661","28854","2675","20736","2488","45878","3168","20384","2117","7899","1379","6337","1213",
"0500000US06055","Napa County, California","96806","340","3722","1365","0","221","172","218","0","221","22","38","342","413","16","29","165","181","2137","1196","363","400","730","489","930","626","495","272","487","280","2556","951","14205","2169","2315","703","7629","1625","13053","1842","9201","1590","24454","2266","9054","1541","3403","995","1355","657",
"0500000US06057","Nevada County, California","78720","1127","388","315","0","221","0","221","0","221","0","221","265","321","0","221","0","221","30","55","0","221","0","221","430","341","295","285","280","318","1773","936","12613","2133","2733","961","6478","1681","12221","2065","8971","1864","19928","2334","8646","1698","2534","767","1135","533",
"0500000US06059","Orange County, California","2209117","695","71200","5357","445","352","634","396","1317","690","2866","1015","5563","1474","3474","1213","8251","1487","35664","4456","8360","1710","19734","3004","25656","3768","22468","3266","17976","2620","61625","4732","340386","11591","38637","3034","118672","6961","269578","9933","172881","6688","621580","12587","248666","8418","73508","4734","39976","3730",
"0500000US06061","Placer County, California","301066","1065","2562","1250","123","150","0","221","0","221","0","221","256","301","35","60","180","141","878","591","192","235","697","539","1308","750","847","455","1189","619","4516","1148","44177","3728","6825","1260","22518","2869","45628","3392","35809","3607","86943","4374","32134","2695","10256","1695","3993","1167",
"0500000US06065","Riverside County, California","1666754","721","53457","4615","878","495","1059","639","1945","718","5068","1487","7960","2104","5008","1460","8099","1901","42382","4988","4845","1178","11777","2110","30111","4009","18885","2690","29549","3372","54791","3946","397289","13081","50486","4177","120388","6163","249037","8630","131878","6770","281464","9562","115785","5686","29321","3115","15292","2440",
"0500000US06067","Sacramento County, California","1094785","764","39126","3923","423","405","331","309","973","616","420","383","3948","1454","1353","503","3028","1001","7276","1951","1646","924","9091","2321","9948","2371","8252","1885","12925","2564","31992","2657","204437","8914","35145","3931","80926","5186","157964","6356","101276","6417","243535","7086","93392","5687","32048","3588","15330","2220",
"0500000US06069","San Benito County, California","46157","904","2179","938","0","221","170","259","0","221","0","221","316","269","0","221","37","67","812","460","418","456","449","323","1073","654","73","130","580","452","1293","703","10367","1865","1871","805","3491","1075","7053","1369","5559","1389","7147","1392","2603","809","322","270","344","398",
"0500000US06071","San Bernardino County, California","1426384","814","49301","4353","300","204","449","273","1712","755","2450","794","5956","1558","2516","782","4051","1096","30995","3949","4294","1312","11341","1851","30128","3329","19334","2133","29731","3944","47580","3817","364941","12135","47624","3302","104482","5825","208819","8719","123590","7042","213647","8044","87683","4955","20392","2605","15068","2222",
"0500000US06073","San Diego County, California","2277584","467","65830","5959","795","628","572","486","995","618","3310","1101","6731","1435","6961","1899","9271","2557","28861","4006","4503","1407","12216","1748","19805","3214","13194","2241","18760","2802","59211","5497","340235","12045","54553","4628","143827","7692","308647","10615","187557","8324","599434","11072","262538","8919","68490","4449","61288","4362",
"0500000US06075","San Francisco County, California","646934","764","22549","2561","473","389","274","241","514","574","872","609","2024","1001","496","303","2935","1128","6807","1779","665","391","4980","1565","6258","1878","2721","1206","5127","1337","13771","2013","62230","4798","14484","2286","24181","3055","51916","3849","33064","3673","224602","6797","108889","5064","32986","3398","24116","2860",
"0500000US06077","San Joaquin County, California","519374","917","28328","3100","92","104","570","427","444","374","815","590","2915","1009","2202","1073","765","328","12526","2678","1024","638","6570","1888","7305","1385","8086","1897","6051","1330","21939","2584","122904","6024","20584","2649","40990","2989","69274","4903","43318","4057","84319","4254","27865","3056","7180","1520","3308","1144",
"0500000US06079","San Luis Obispo County, California","190654","651","3763","1147","103","164","0","221","54","91","380","384","713","499","139","223","326","362","1983","811","464","395","1160","971","2248","1117","1388","811","2072","763","2443","755","26004","3222","4277","1062","13414","2100","29418","3146","19960","2129","47814","3187","21065","2163","6747","1524","4719","1116",
"0500000US06081","San Mateo County, California","535027","574","17966","2984","33","55","30","49","620","518","1166","655","1212","715","1137","639","2173","1289","8433","2067","678","406","1559","709","5201","1385","2569","946","2335","825","10114","1969","65605","4828","9643","1456","26954","2779","49434","3535","34788","2942","159337","5586","84748","5128","23092","2680","26200","3027",
"0500000US06083","Santa Barbara County, California","276896","670","8269","1736","135","219","20","31","419","410","1526","787","1875","898","582","392","488","363","16201","2940","354","277","3011","1101","4396","1727","2751","892","3288","938","8455","1952","41498","3567","4586","1227","16907","2341","40136","3382","21999","2442","60622","4046","25204","2651","7259","1355","6915","1315",
"0500000US06085","Santa Clara County, California","1331885","1010","41840","3883","373","430","371","323","890","581","2057","940","3212","1098","1386","636","5313","1357","14527","2452","2323","1132","9159","1996","14845","2608","7962","1668","9964","1563","22701","2386","158051","7770","23770","3082","50459","3805","126072","7312","77995","4698","381246","9413","270269","8260","40672","3225","66428","4802",
"0500000US06087","Santa Cruz County, California","176094","1162","2991","956","29","48","0","221","168","206","1116","622","1065","741","530","421","843","670","5284","1547","831","541","366","271","3798","1437","2420","1505","1182","524","2823","987","18946","2201","4805","1430","10857","1740","22550","2491","17231","2510","44132","3078","22819","2867","5886","1065","5422","1038",
"0500000US06089","Shasta County, California","128758","1233","2353","917","0","221","0","221","0","221","283","354","52","90","126","91","96","153","652","541","585","426","238","163","1018","471","1694","714","1314","760","3982","1155","31172","3255","4077","1181","12115","1484","22844","2479","16675","2366","20170","2330","6395","1463","1949","671","968","356",
"0500000US06095","Solano County, California","315777","1618","6684","1989","250","258","168","218","147","240","19","34","287","262","708","575","470","453","3081","862","628","528","2935","1002","2247","769","3027","1004","3418","1025","8478","1777","72969","5031","8106","1420","24278","2826","52884","4089","33229","2989","61220","4079","21899","2457","6007","1215","2638","772",
"0500000US06097","Sonoma County, California","354748","639","12773","2732","0","221","105","127","184","295","893","620","1636","764","848","467","1672","830","5090","1341","1732","861","1890","919","4024","1798","2716","1030","2575","1060","8244","1627","62568","5092","9253","1526","21755","2410","50879","3749","33129","3150","85161","4615","30198","2634","12076","1921","5347","1101",
"0500000US06099","Stanislaus County, California","353213","840","13974","2485","326","378","196","247","241","402","1015","589","1846","833","1994","834","1294","527","11712","2211","1467","678","6545","1615","5773","1762","5378","1358","8717","1874","13696","2119","85019","5430","12230","1846","27179","2776","50425","4120","30100","3098","49124","4172","16400","2386","6352","1247","2210","849",
"0500000US06101","Sutter County, California","64915","1107","3850","1399","0","221","0","221","0","221","0","221","612","574","219","338","477","440","1546","1170","189","238","1810","1057","1757","1068","996","608","756","560","2373","951","12062","2439","2413","1022","5954","1188","11775","1889","5738","1307","8469","1852","2633","931","1286","800","0","221",
"0500000US06103","Tehama County, California","43569","851","1293","774","0","221","146","228","0","221","0","221","188","301","274","366","0","221","1427","773","186","310","568","377","624","519","558","442","254","177","1528","801","9920","1420","1252","508","3355","835","7746","1610","4571","1025","6815","1441","1500","595","1089","581","275","261",
"0500000US06107","Tulare County, California","289766","844","15581","2397","48","82","148","257","1230","710","1284","655","2996","1011","1236","517","1832","813","14995","2310","1579","814","5413","1346","4543","1204","3196","982","6034","1356","9468","2038","71058","4324","12339","1871","20417","2361","43252","3720","24086","3149","30133","2843","12298","2140","4618","1174","1982","844",
"0500000US06111","Ventura County, California","579642","679","17717","2808","277","253","456","379","552","426","814","324","4363","1290","2589","1134","1703","740","18588","2781","3076","1149","3681","1124","7462","1850","6416","1529","6850","1674","13990","2378","96758","5710","14550","2518","39988","3766","74357","4980","45511","3420","133297","5582","58723","3605","16258","2230","11666","2132",
"0500000US06113","Yolo County, California","132967","772","2404","769","0","221","43","67","109","178","290","365","277","283","205","269","123","173","1274","753","311","323","1689","1127","1310","1128","539","375","1546","717","3890","986","18943","1936","3484","1236","7748","1347","18408","2379","8954","1245","30965","2429","16122","1615","5648","1330","8685","1645",
"0500000US06115","Yuba County, California","53869","870","2327","831","59","107","138","185","0","221","0","221","153","210","0","221","0","221","105","136","236","264","112","179","0","221","767","556","1452","715","823","535","14621","2266","2167","983","6126","1316","8980","1653","6918","1556","6088","1505","1759","713","625","462","413","367",
"0500000US08001","Adams County, Colorado","355595","991","10763","2141","0","220","1379","1239","62","106","578","502","1082","826","127","180","31","50","4250","1463","883","678","2994","1760","5928","1414","2601","884","5977","1605","10202","2117","83559","4932","19847","2632","27314","3282","41623","4345","30311","3530","71793","4107","26260","3224","5138","1577","2893","936",
"0500000US08005","Arapahoe County, Colorado","456556","210","10352","2836","113","116","215","325","0","220","118","147","203","246","412","467","279","405","2302","904","945","932","1362","640","2175","973","3084","968","5983","2029","9016","1961","70054","5139","14235","1966","28662","3218","59409","3553","36250","3215","131012","5318","59786","3968","12357","2083","8232","1431",
"0500000US08013","Boulder County, Colorado","220529","545","3124","1216","171","280","0","220","0","220","60","108","361","298","137","113","165","276","548","483","119","159","1149","880","350","273","867","604","1298","891","2893","988","19003","2388","4449","1379","10128","1849","21045","2102","10514","1545","76931","4390","46013","3066","8213","1424","12991","1635",
"0500000US08014","Broomfield County, Colorado","55576","557","446","365","0","220","0","220","0","220","0","220","0","220","0","220","0","220","122","205","0","220","0","220","0","220","139","104","372","329","574","429","6276","1452","1328","643","2982","763","7393","1428","3259","902","18457","1955","10717","1417","2305","699","1206","475",
"0500000US08031","Denver County, Colorado","530935","1311","8620","2101","0","220","324","456","25","43","220","376","816","682","999","605","1698","891","7192","2038","931","661","2185","924","5027","1437","3046","918","6456","1932","7033","2137","52298","3910","16490","2282","23259","3171","59860","5227","26874","3067","180065","6278","88136","5481","27498","3863","11883","1829",
"0500000US08035","Douglas County, Colorado","265972","979","1435","771","0","220","0","220","0","220","0","220","0","220","211","89","53","92","0","220","108","129","181","198","224","244","659","352","593","622","1701","726","25216","3036","4221","1255","16224","2352","31995","3721","19105","2315","102403","4293","48050","3097","8065","1866","5528","1152",
"0500000US08041","El Paso County, Colorado","498502","440","6021","1794","0","220","0","220","0","220","132","213","117","192","157","215","518","535","1313","721","258","249","306","261","2099","933","2624","970","3703","1103","5872","1387","75413","4703","15897","2194","34976","3399","75102","5151","53094","3990","130142","5898","70696","4884","9726","1516","10336","1768",
"0500000US08059","Jefferson County, Colorado","429619","471","3421","1197","0","220","0","220","165","140","0","220","146","185","327","353","360","181","845","929","0","220","468","326","2893","1225","1838","732","3210","1076","4918","998","58445","4805","15070","1956","24239","3013","53203","4006","32836","2754","141428","5585","65195","3692","10812","1585","9800","1828",
"0500000US08069","Larimer County, Colorado","252129","1059","1125","574","0","220","0","220","0","220","0","220","0","220","160","184","26","43","511","469","0","220","668","436","1775","673","524","339","606","559","1898","886","34158","3446","6618","1368","13005","1998","34660","3081","23026","2964","77198","4233","39384","3274","7820","1608","8967","1527",
"0500000US08077","Mesa County, Colorado","113815","997","1542","866","0","220","0","220","0","220","0","220","8","13","45","13","0","220","208","300","0","220","666","492","644","500","1811","1008","2230","1067","1241","587","24111","2555","6111","1453","7518","1556","19557","2569","11469","2278","25044","2634","8071","1628","2408","787","1131","581",
"0500000US08101","Pueblo County, Colorado","118828","596","835","434","0","220","0","220","119","150","0","220","337","311","51","87","146","88","594","430","101","88","345","262","669","431","1411","608","2216","832","1834","751","30620","2904","7875","1830","9970","1444","18089","2278","14863","2219","19197","2361","7447","1086","1427","459","682","337",
"0500000US08123","Weld County, Colorado","236202","983","4792","1229","185","231","0","220","0","220","0","220","233","279","101","136","988","831","2998","1272","455","477","2514","1856","2484","1004","2929","989","2393","971","4912","1709","47913","4103","11308","2280","17073","2847","30844","3059","24422","2783","51065","3420","22244","3103","3069","938","3280","968",
"0500000US09110","Capitol Planning Region, Connecticut","681931","177","10627","2446","71","122","0","222","306","377","0","222","813","479","1638","1025","1269","487","3421","1252","1836","807","3510","1016","6914","1783","6885","1514","9325","1863","11855","1697","154174","6284","21849","2618","40159","4156","68364","5150","56107","4114","152348","5175","93878","4520","21263","2302","15319","1993",
"0500000US09120","Greater Bridgeport Planning Region, Connecticut","222075","441","4221","1130","232","255","0","222","325","519","270","234","811","807","313","329","2128","993","4974","2214","783","643","3335","1347","2768","1021","2470","1056","3006","1180","5438","1246","45651","3823","9163","1630","8953","1692","17972","2319","14014","2185","54301","3255","31251","2457","6955","1540","2741","706",
"0500000US09130","Lower Connecticut River Valley Planning Region, Connecticut","132227","747","1115","678","0","222","0","222","0","222","0","222","0","222","0","222","0","222","110","122","64","73","723","536","740","284","971","512","1207","614","1183","584","28286","3035","3332","995","6716","1240","13676","1811","11087","1500","34570","2789","20723","2177","4413","1275","3311","927",
"0500000US09140","Naugatuck Valley Planning Region, Connecticut","327868","609","5649","1514","0","222","0","222","0","222","0","222","566","462","458","381","1166","981","2147","1120","346","258","2812","1150","2676","812","2389","891","4020","1522","7476","1624","81583","4717","14384","2378","22498","2600","41166","4019","30190","3502","58185","4179","37624","3554","8049","1904","4484","1119",
"0500000US09150","Northeastern Connecticut Planning Region, Connecticut","72831","270","625","410","0","222","0","222","74","131","0","222","0","222","182","278","48","82","0","222","389","378","338","300","507","340","509","284","471","257","1112","437","22449","2240","3530","1072","4900","1101","9193","1481","7251","1301","13002","1520","6580","1216","799","360","872","450",
"0500000US09160","Northwest Hills Planning Region, Connecticut","86102","392","1199","760","0","222","0","222","0","222","0","222","0","222","0","222","0","222","381","339","319","397","126","130","658","483","655","436","530","250","1024","520","20765","2107","3348","910","4473","964","9492","1568","7913","1316","19226","1823","12653","1924","2111","624","1229","577",
"0500000US09170","South Central Connecticut Planning Region, Connecticut","399012","180","4837","1410","0","222","0","222","0","222","722","765","674","523","473","433","709","527","1556","860","806","648","2619","1097","3788","1544","3412","1204","6461","1985","5428","1642","99565","5376","12440","1932","19981","2641","36299","3644","30000","3657","87894","4977","54884","3310","12960","1858","13504","1955",
"0500000US09180","Southeastern Connecticut Planning Region, Connecticut","198000","1575","2150","779","0","222","62","104","89","132","43","77","0","222","33","56","0","222","199","177","0","222","956","590","900","505","1464","475","2023","801","1897","571","50890","3730","8191","1614","13423","1681","23795","2733","16873","2133","39394","3224","27842","3288","4243","938","3533","860",
"0500000US09190","Western Connecticut Planning Region, Connecticut","439876","1123","7899","1749","49","83","103","125","124","206","367","342","1119","669","385","346","1481","740","3734","1417","1412","1014","2036","1004","2900","1296","2521","1037","2728","862","8346","2163","66533","5568","7476","1393","19529","2774","37197","3396","25763","2395","132326","6507","83726","4796","22465","2611","9657","1578",
"0500000US10001","Kent County, Delaware","128492","531","1715","886","67","79","46","75","0","204","32","61","0","204","45","78","0","204","439","463","232","214","1165","683","983","530","2021","782","2433","1069","1686","1008","37487","3555","5693","1696","10684","2184","16182","2282","12576","2528","21776","2987","10640","1811","1136","549","1454","556",
"0500000US10003","New Castle County, Delaware","404062","161","4991","1684","49","83","129","215","0","204","265","283","271","253","637","560","601","556","1857","811","316","276","2768","978","4119","1424","3326","1117","4547","1343","7998","1593","95009","5403","12736","2573","22999","3235","47906","4594","29019","2600","92673","5538","52047","3871","9166","1593","10633","1943",
"0500000US10005","Sussex County, Delaware","198873","764","3394","1121","7","12","727","696","35","61","112","116","801","570","568","445","225","175","480","332","481","389","1540","586","2179","893","2204","795","3089","823","4437","1209","48869","3367","8366","1500","12562","1949","23054","2532","18566","2440","39116","2932","20471","2060","4696","939","2894","673",
"0500000US11001","District of Columbia, District of Columbia","482919","762","6493","1322","45","73","29","51","0","244","731","791","545","478","207","214","1568","810","1766","1333","2685","1812","1793","993","2288","1278","2749","1389","6625","2294","7499","1866","49639","4713","13635","2539","16944","2916","36951","4561","12270","2190","129951","6402","113293","5486","50404","3574","24809","2868",
"0500000US12001","Alachua County, Florida","174855","2285","2232","1396","0","243","0","243","0","243","60","100","0","243","0","243","19","4","93","144","0","243","730","689","828","164","499","291","2049","931","1675","704","27578","3454","3446","1023","11200","1942","16344","2653","19948","2984","37618","3020","27235","3112","10396","2402","12905","2430",
"0500000US12005","Bay County, Florida","136032","647","1700","875","125","205","0","243","77","127","0","243","314","463","155","246","0","243","120","148","140","237","173","170","949","662","1545","522","2133","765","2639","1177","31943","2928","8666","1610","11741","2092","17247","2271","14108","2183","26681","2916","11792","2001","2439","911","1345","687",
"0500000US12009","Brevard County, Florida","483552","496","5014","1457","266","441","17","3","36","60","55","92","556","584","0","243","765","716","1191","498","338","392","2252","905","2707","1053","3710","1133","5219","1366","7239","1465","112294","6453","21157","2483","38079","3875","65497","4861","57514","4991","97936","6554","47300","3718","8128","1535","6282","1188",
"0500000US12011","Broward County, Florida","1413273","445","35290","4542","398","331","28","48","642","537","300","262","3678","1372","1826","1004","2986","1289","8013","2076","2571","1022","8446","2258","9467","2286","17398","3232","13195","2193","33134","3476","323327","11416","49265","4582","80101","5801","165999","7640","139733","8367","315729","9757","135198","7939","45577","5582","20972","2658",
"0500000US12015","Charlotte County, Florida","171699","1286","2859","1815","0","243","0","243","0","243","0","243","38","114","144","9","117","199","167","207","0","243","1843","794","1613","843","1692","737","1562","747","4063","1177","43710","3356","7040","1580","17329","2900","23006","2620","18976","2317","27907","3007","13225","2016","4196","1487","2212","767",
"0500000US12017","Citrus County, Florida","133412","1006","2020","964","0","243","39","66","0","243","0","243","0","243","0","243","0","243","47","77","184","310","129","183","851","428","3093","1567","2904","1043","1822","602","42931","3064","9235","1975","13269","1801","16211","1900","11593","1714","18861","2285","7828","1435","1837","871","558","333",
"0500000US12019","Clay County, Florida","163582","1371","939","570","0","243","5","2","0","243","50","8","78","118","0","243","166","208","34","60","286","387","880","633","702","576","1501","843","986","462","3760","1981","35408","4031","8048","1833","15120","2920","24358","3926","19583","2889","32678","4111","14394","2838","2685","863","1921","858",
"0500000US12021","Collier County, Florida","314086","770","5707","1502","119","163","0","243","89","144","995","551","1015","497","376","364","2018","863","6141","1999","870","557","2251","1126","4953","2002","1733","761","3104","1217","4954","1584","63180","4690","9279","1871","16151","2842","32032","3591","33160","3282","73713","4050","34722","3374","11628","1552","5896","1564",
"0500000US12023","Columbia County, Florida","53112","1434","1697","1139","0","243","0","243","0","243","0","243","0","243","25","4","0","243","491","444","396","402","752","497","604","575","1428","773","1477","782","1911","942","11557","1864","4575","1682","5254","1805","6699","1437","7344","1741","5873","1622","2878","1377","109","150","42","73",
"0500000US12031","Duval County, Florida","710924","569","12421","2879","269","440","0","243","53","93","0","243","433","622","241","291","1459","777","1961","1000","962","662","3680","1195","6641","1984","7912","2284","9064","2256","14745","2532","158986","9119","34837","3771","49245","4703","86493","6497","77397","5513","164874","7044","55351","4752","15134","2661","8766","1860",
"0500000US12033","Escambia County, Florida","223120","619","4351","2087","0","243","36","63","0","243","222","253","265","400","221","225","55","91","971","560","483","432","2044","942","1264","504","4667","1163","2322","1181","5559","1865","50296","4567","8813","1692","17651","2531","30810","3189","22171","2829","45054","3755","18305","2505","4423","1242","3137","871",
"0500000US12035","Flagler County, Florida","100561","1265","1014","589","0","243","0","243","0","243","0","243","0","243","0","243","0","243","39","69","25","53","236","220","82","134","368","299","628","457","1698","758","23387","3203","5094","1337","8459","1934","14971","2067","11141","2109","22034","2791","7791","1867","1882","852","1712","895",
"0500000US12053","Hernando County, Florida","158359","968","1788","653","0","243","62","105","0","243","0","243","0","243","33","53","117","185","134","156","328","237","603","394","1622","684","2807","991","3048","1220","5027","1816","42550","2921","13105","2187","13822","2075","23512","2837","16997","2467","22209","2630","7575","1644","1870","585","1150","651",
"0500000US12055","Highlands County, Florida","83072","1157","2324","983","51","87","0","243","0","243","0","243","0","243","485","568","0","243","534","524","420","357","620","375","1002","506","1359","827","1391","594","1797","695","23789","2267","4116","998","9460","1506","10627","1821","6243","1548","10829","2053","5152","1274","1753","774","1120","766",
"0500000US12057","Hillsborough County, Florida","1066931","286","20496","3733","376","283","558","689","858","767","514","443","1862","952","2301","1079","1926","849","6793","1724","2363","1079","10570","2354","15768","2897","11105","2651","13581","2969","24185","3394","229904","10406","39620","4261","64680","5589","113198","6153","101155","7823","245778","9771","115723","6784","26602","3118","17015","2322",
"0500000US12061","Indian River County, Florida","134235","856","2157","1030","0","243","0","243","0","243","0","243","119","95","0","243","0","243","255","427","79","113","1710","1154","472","343","1112","671","2470","1095","2262","958","32768","3697","8664","2058","10061","1818","16573","2635","11009","2430","25560","2900","13499","2453","2838","714","2627","956",
"0500000US12069","Lake County, Florida","317737","1127","4371","1620","20","4","0","243","0","243","0","243","317","325","157","245","229","301","1548","1054","467","348","2246","904","2117","891","2703","1003","4775","1598","6639","1804","87750","5676","16740","2669","21293","2963","39860","3979","29458","3147","66119","4510","21627","3327","4711","1144","4590","1314",
"0500000US12071","Lee County, Florida","632549","409","6926","1617","591","535","48","7","133","224","939","734","2289","1128","803","600","1240","792","6213","2134","3109","2184","4641","1235","5660","1743","6016","1575","6955","1983","12022","2358","162385","8061","22302","3238","42689","3195","77045","4639","68508","4541","122309","6014","55728","4716","15847","2223","8151","1733",
"0500000US12073","Leon County, Florida","178590","509","1325","641","58","98","0","243","0","243","0","243","0","243","0","243","0","243","240","222","300","271","802","652","1928","930","2245","1007","2741","1087","1924","666","27288","2556","5114","1623","10785","1921","22226","2824","14451","1883","50143","3590","25338","2879","5091","1128","6591","1568",
"0500000US12081","Manatee County, Florida","338521","1382","6290","1707","0","243","40","67","74","133","0","243","126","177","469","460","109","164","888","513","277","308","3017","1305","1663","863","3155","1086","3448","1315","8165","1850","69152","4904","16510","3061","21242","2874","43513","3871","32492","3461","77390","5845","34114","3749","10189","1902","6198","1511",
"0500000US12083","Marion County, Florida","308262","1361","4180","1329","88","148","104","124","117","186","0","243","452","506","258","454","1169","1187","906","728","703","554","2637","920","2974","1205","5130","1367","5013","1515","7522","1683","89263","5360","19023","2359","28186","3252","39602","4097","31436","4082","44792","4634","17957","2473","4657","1325","2093","842",
"0500000US12085","Martin County, Florida","128394","1164","3132","1580","0","243","97","116","0","243","0","243","740","678","753","627","97","168","270","339","0","243","1200","787","228","171","1140","682","433","289","1995","867","23067","2220","4663","1248","8500","1604","16774","2501","11876","2078","33806","2426","14067","2001","4354","969","1202","578",
"0500000US12086","Miami-Dade County, Florida","1935393","308","50449","4230","2239","884","742","533","971","591","4429","1541","6739","1442","6707","1512","8105","2101","38664","3805","8935","1795","17926","2419","31235","3335","20049","2441","21537","3037","79355","5471","444255","11970","59541","4964","81687","4971","182060","7316","174889","8195","416714","11452","179465","8150","70156","6240","28544","3440",
"0500000US12087","Monroe County, Florida","63921","975","286","271","0","243","0","243","0","243","0","243","0","243","0","243","0","243","72","4","0","243","225","268","723","521","556","431","567","355","1655","741","14155","1688","1971","741","4837","1121","8905","1951","5806","1233","13429","1996","7053","1226","2468","1164","1213","588",
"0500000US12089","Nassau County, Florida","76000","680","434","334","0","243","0","243","0","243","0","243","0","243","0","243","0","243","291","405","0","243","163","150","983","711","513","459","675","668","1548","613","16056","2564","4250","1078","5990","1456","9531","1765","7684","1316","16074","2360","9013","1588","1881","705","914","495",
"0500000US12091","Okaloosa County, Florida","150761","1412","2136","953","164","279","0","243","0","243","90","150","0","243","64","109","24","44","256","291","0","243","728","596","979","569","1871","1117","1348","563","1975","724","28306","3016","5949","1317","13392","2487","22230","2345","17865","2230","32077","2727","17409","1966","2461","809","1437","574",
"0500000US12095","Orange County, Florida","1010918","441","19589","3537","123","205","128","129","295","380","844","692","1094","858","605","556","1273","782","6134","2035","2655","1458","4554","1328","7186","2135","10169","2375","13225","2971","22828","3627","196070","9035","36618","4273","49679","5375","115101","7077","111495","7423","262465","8233","104417","5628","29344","4445","15027","2409",
"0500000US12097","Osceola County, Florida","296082","1615","5727","1764","88","158","0","243","173","199","121","153","0","243","404","374","453","439","470","482","302","386","1978","1118","1633","965","3433","1351","3264","1323","7478","2118","63504","7372","14103","2538","18570","2879","41777","5203","37811","4779","66697","5702","22066","3608","3908","1222","2122","959",
"0500000US12099","Palm Beach County, Florida","1135018","298","24621","3255","959","672","195","162","1309","843","2288","1317","3456","1216","4321","1838","4460","1680","10511","2476","3642","2240","7429","1872","9747","1893","9288","2097","11155","2938","23899","3379","221065","9856","32012","3370","60552","4100","129738","7383","100698","6332","286842","11055","120455","6059","43426","4552","22950","3150",
"0500000US12101","Pasco County, Florida","459482","810","6099","1477","198","239","79","88","70","93","572","146","55","92","300","390","270","357","551","409","787","550","2266","727","2664","954","8710","2334","3956","1104","10536","1982","124097","6447","25418","2996","35984","3341","55145","5050","44515","3312","85648","5083","39630","4075","7005","2319","4927","1545",
"0500000US12103","Pinellas County, Florida","755873","290","11544","2378","460","569","63","116","266","282","285","407","384","367","593","265","1160","584","1201","664","1132","605","3675","1156","3800","1270","7465","1587","9027","1728","16256","2473","157739","7063","33604","3465","56406","4368","95410","5761","75492","4877","179206","7296","70802","4684","18306","2383","11597","1671",
"0500000US12105","Polk County, Florida","567736","857","8707","2072","314","363","0","243","705","600","724","448","1441","840","670","567","1049","660","5412","1876","2166","1374","3291","1217","7873","2032","7596","1569","10752","2406","12666","2312","146831","6633","31353","3465","45888","3678","75495","6440","54228","4132","97274","5654","39875","3688","8509","1786","4917","1323",
"0500000US12107","Putnam County, Florida","54258","816","948","507","0","243","0","243","0","243","0","243","420","423","0","243","151","84","194","187","442","345","428","278","1311","783","1092","825","2260","967","1762","1257","16266","2592","3151","923","4194","938","7109","1509","5489","1489","6706","1766","1999","819","192","233","144","147",
"0500000US12109","St. Johns County, Florida","230163","1163","2734","1883","225","363","0","243","0","243","0","243","0","243","0","243","0","243","0","243","266","361","420","374","2139","1250","751","466","1108","606","1909","964","27927","4012","7707","2206","12256","2054","28196","3388","23441","2658","77579","4234","31337","3662","5997","1485","6171","1641",
"0500000US12111","St. Lucie County, Florida","274988","327","3510","1251","0","243","28","3","47","78","129","132","584","865","567","456","198","212","1163","771","822","498","5014","2128","2286","1152","4766","1623","2384","838","5720","1646","75797","5081","12492","2456","21355","3058","33032","3613","37525","4283","41297","4273","18000","2856","4854","1517","3418","1449",
"0500000US12113","Santa Rosa County, Florida","145046","807","861","447","0","243","0","243","0","243","0","243","147","235","0","243","56","92","712","847","516","487","912","624","682","488","796","344","1638","757","2377","975","30164","3162","7832","2002","12153","2188","20034","2540","18637","2753","29692","3435","13502","2346","2028","1140","2307","1300",
"0500000US12115","Sarasota County, Florida","376944","820","3222","1042","91","147","45","74","202","308","0","243","171","205","100","160","98","164","460","524","106","159","2253","860","1340","711","2058","967","3732","1059","4563","1007","84177","4880","14326","2151","24286","2521","43608","3524","35706","2895","93781","5370","44320","3379","11394","2007","6905","1382",
"0500000US12117","Seminole County, Florida","346689","472","4787","1521","0","243","34","57","73","120","47","77","649","616","131","165","53","89","1276","706","556","471","872","613","2218","1175","4210","1521","3256","1287","5618","1650","64403","5199","10032","2010","23392","3216","42943","4305","34084","3743","98720","6229","35133","3610","7407","1718","6795","1677",
"0500000US12119","Sumter County, Florida","136372","1491","1163","566","189","318","0","243","0","243","42","91","0","243","106","180","342","454","868","699","0","243","605","464","858","732","751","473","2542","1284","2831","1284","28765","3379","4501","1478","8559","1848","20961","3035","12764","2395","31614","3753","14492","2515","2860","979","1559","762",
"0500000US12127","Volusia County, Florida","441220","609","7281","1895","92","111","0","243","331","393","42","77","0","243","321","383","585","562","1573","1028","1294","665","2369","1081","3570","1295","4957","1450","5199","1445","5809","1241","103746","6144","27733","3781","43954","3893","53385","4553","49707","4536","81003","4964","34162","3493","7684","1589","6423","1229",
"0500000US12131","Walton County, Florida","62270","1205","1268","640","0","243","59","111","0","243","0","243","288","456","0","243","42","73","386","444","85","134","450","318","754","607","1260","961","880","419","872","478","13714","2254","3574","1022","4060","1028","7953","2001","4430","1147","14573","2102","5151","1286","1247","521","1224","694",
"0500000US13013","Barrow County, Georgia","62243","1080","1629","701","0","226","0","226","0","226","0","226","0","226","0","226","73","125","236","312","260","241","1041","551","1133","706","1145","736","1180","617","1264","826","18899","2607","4162","960","5913","1227","9998","2035","5395","1156","7159","1158","1854","625","550","322","352","314",
"0500000US13015","Bartow County, Georgia","79138","882","955","686","0","226","12","2","0","226","0","226","0","226","0","226","334","348","665","548","579","535","652","319","1281","630","943","532","1723","926","1348","626","22193","2855","4609","1234","5034","1251","9782","1894","7364","1628","14842","1954","4648","1159","1193","655","981","617",
"0500000US13021","Bibb County, Georgia","104066","444","1482","722","76","136","0","226","0","226","133","180","182","234","131","177","0","226","326","345","365","460","919","409","1967","761","2758","1006","2300","987","1395","467","26018","3292","5398","1264","6539","1624","17559","2740","9116","1794","14610","1814","8838","1992","2107","770","1847","777",
"0500000US13031","Bulloch County, Georgia","48129","1137","787","606","0","226","0","226","0","226","0","226","0","226","0","226","0","226","67","79","385","327","160","125","202","189","960","693","961","575","1105","600","10478","1879","2489","914","3910","1287","7102","1490","2895","926","9968","1380","4854","1366","799","361","1007","446",
"0500000US13045","Carroll County, Georgia","81712","1338","1378","766","0","226","0","226","0","226","39","67","626","532","68","116","243","405","129","214","41","4","994","536","1707","868","2848","1157","2102","1073","1239","495","20030","2169","3292","1016","5710","1103","12517","2210","8122","1917","12199","1705","6378","1438","1293","602","757","432",
"0500000US13047","Catoosa County, Georgia","47854","657","160","213","0","226","0","226","0","226","0","226","0","226","0","226","297","349","0","226","0","226","73","128","989","487","793","605","734","521","795","607","11557","1844","4090","1452","4691","1387","9008","1610","3454","1138","6587","1609","3646","1035","769","483","211","203",
"0500000US13051","Chatham County, Georgia","210165","372","4227","1369","54","91","19","7","0","226","222","254","0","226","269","233","107","137","923","587","298","235","767","347","2687","1077","2586","858","3194","889","2986","1045","40369","3511","8692","1762","12338","1956","30909","2962","17368","2637","52005","4269","22901","2455","4521","1107","2723","636",
"0500000US13057","Cherokee County, Georgia","199126","1115","2363","1154","0","226","0","226","0","226","285","333","54","98","96","136","247","404","781","760","239","270","747","561","2351","1211","759","440","1910","1159","3725","1224","37201","3696","6050","1354","16832","2532","26116","3388","17216","3063","56553","4003","19331","2626","3443","725","2827","816",
"0500000US13059","Clarke County, Georgia","76931","1292","1954","1352","0","226","0","226","0","226","0","226","205","294","0","226","506","569","1614","1015","0","226","505","417","182","198","204","251","874","961","1991","1076","10765","2073","2929","1185","2819","786","9193","1525","4620","1421","19161","2170","12347","1637","2502","729","4560","1089",
"0500000US13063","Clayton County, Georgia","190473","1007","9133","2318","129","200","5","4","116","169","0","226","277","370","0","226","530","461","1799","1271","493","483","1534","786","1913","865","2536","1191","4242","1629","5662","1437","49817","5458","7067","1800","11774","2345","29088","4727","14898","2822","32790","4317","14030","2674","1096","644","1544","1041",
"0500000US13067","Cobb County, Georgia","532843","319","8484","2043","0","226","0","226","455","433","263","332","559","542","1090","707","844","698","5440","2217","509","407","3462","1040","3118","1122","4792","1596","3903","1159","6502","1321","84630","6193","12023","1724","21452","2529","65669","3867","34626","3217","170618","6090","77096","4626","15404","2109","11904","1946",
"0500000US13073","Columbia County, Georgia","110259","974","1195","603","0","226","114","194","0","226","0","226","0","226","41","3","0","226","0","226","190","330","730","711","556","447","1341","1264","940","566","2965","1274","20310","3237","3844","1538","7997","2053","15109","2188","13867","2429","22098","2705","12423","2025","4204","1036","2335","991",
"0500000US13077","Coweta County, Georgia","107861","1203","818","504","0","226","0","226","0","226","0","226","0","226","0","226","537","660","0","226","157","194","422","334","1094","785","1984","1098","1024","558","1634","889","20871","2167","3958","1212","7090","1265","16941","2403","11292","2276","26372","2947","10224","2187","2300","812","1143","663",
"0500000US13089","DeKalb County, Georgia","527323","388","13697","2620","11","3","68","98","176","227","668","465","493","387","450","326","1486","776","6748","1573","1533","740","2197","982","4805","1947","4964","1376","4346","1378","8426","2147","83426","4710","16015","2518","27072","3301","55811","4257","38682","3629","139017","6481","77071","4849","22971","2381","17190","2282",
"0500000US13095","Dougherty County, Georgia","53427","511","1180","574","40","66","25","44","160","160","43","76","0","226","76","99","86","106","134","182","232","204","368","289","1054","531","1448","525","1391","589","905","427","14353","2287","3732","981","3980","1186","7968","1510","4481","1147","4110","1049","4562","1363","1620","850","1479","1001",
"0500000US13097","Douglas County, Georgia","98073","674","1841","943","0","226","0","226","36","66","0","226","0","226","0","226","0","226","316","362","58","94","546","617","531","357","943","612","1656","997","736","497","22559","3565","5231","1414","6404","1442","14838","2518","9656","2033","19642","2723","10278","2162","1678","855","1124","710",
"0500000US13103","Effingham County, Georgia","46873","909","916","868","0","226","0","226","0","226","0","226","0","226","0","226","0","226","0","226","283","366","31","56","590","515","482","283","553","293","767","470","12410","1778","1975","651","4685","1222","5641","1359","5216","1197","8095","1318","3787","1062","720","369","722","501",
"0500000US13113","Fayette County, Georgia","86013","1100","524","415","0","226","0","226","0","226","62","105","0","226","62","8","274","319","709","498","116","58","404","442","212","288","515","388","1472","940","1556","657","13173","1717","1905","816","4881","1281","10205","1861","7603","2178","25779","3137","13518","2511","1805","652","1238","587",
"0500000US13115","Floyd County, Georgia","67591","1010","1031","511","0","226","71","52","0","226","221","319","132","142","0","226","795","972","228","177","596","504","640","463","1734","781","1040","459","814","490","1623","731","13620","2041","3997","928","5584","1358","9394","1753","5771","1458","11320","1334","5644","1293","2293","735","1043","464",
"0500000US13117","Forsyth County, Georgia","181829","1523","3624","1526","174","283","49","9","0","226","85","79","0","226","0","226","299","454","600","496","0","226","173","219","296","251","789","541","1279","696","2821","1333","27688","2842","3934","933","7329","1378","18534","2548","13902","2311","61528","3810","31308","2692","4838","1105","2579","887",
"0500000US13121","Fulton County, Georgia","752285","189","6876","1546","168","272","0","226","0","226","91","116","212","342","259","162","861","618","982","632","1012","654","1999","957","3455","1295","8511","2601","7733","2227","11038","2307","92095","6510","15565","2263","30906","3388","80167","6507","43108","4896","258176","9248","128973","5566","39021","3936","21077","2868",
"0500000US13127","Glynn County, Georgia","63106","904","1066","706","0","226","0","226","0","226","0","226","384","406","6","9","0","226","99","145","26","48","256","446","870","558","1029","730","620","370","944","586","12011","2314","4766","1075","4133","1189","9101","1620","6472","1526","13479","2029","4379","893","2184","675","1281","866",
"0500000US13135","Gwinnett County, Georgia","638037","340","20499","3028","534","517","211","221","1143","867","1148","650","1902","999","948","781","2941","1067","9206","2012","3479","1482","6874","1510","12092","1950","5073","1378","5535","1288","13911","2252","129656","7177","20030","2793","38345","4026","69697","4966","54975","4270","149953","6233","69590","4135","11628","1809","8667","1728",
"0500000US13139","Hall County, Georgia","146015","644","6874","1504","141","207","0","226","0","226","467","361","982","647","459","479","674","469","2386","1021","1160","659","1454","1093","2486","1045","2007","872","3983","1140","6912","1834","31672","2990","5863","1189","8514","1544","16105","2127","10039","1743","26920","2767","11267","1827","3991","1153","1659","705",
"0500000US13151","Henry County, Georgia","167438","764","2088","723","0","226","0","226","0","226","0","226","50","97","4","7","116","151","149","183","693","471","1361","889","1484","683","2205","754","1614","681","3169","1291","36580","3484","7901","1874","14150","2440","22347","3187","18160","2673","36245","3256","15381","2224","1924","622","1817","645",
"0500000US13153","Houston County, Georgia","114700","565","1812","717","89","151","0","226","0","226","0","226","31","54","0","226","216","270","301","325","107","170","890","650","924","587","1985","1007","1128","609","2938","1696","25419","3145","4978","1452","10003","2146","15982","2563","10480","2072","22598","3150","9797","2071","3960","1468","1062","575",
"0500000US13157","Jackson County, Georgia","59208","870","1003","396","0","226","0","226","0","226","0","226","780","723","0","226","44","140","187","213","147","173","731","524","550","357","722","528","656","389","1827","647","12475","2088","4571","1100","5008","1088","8921","1508","6090","1512","9979","1725","4205","1053","608","442","704","434",
"0500000US13179","Liberty County, Georgia","39940","630","873","607","0","226","0","226","0","226","0","226","0","226","0","226","75","128","46","81","28","47","191","262","413","339","232","169","337","314","889","523","10938","1608","1882","824","4072","1259","7006","1247","4790","1175","5278","1302","2263","828","462","270","165","129",
"0500000US13185","Lowndes County, Georgia","73687","893","1170","695","0","226","0","226","0","226","132","138","0","226","0","226","140","236","1509","1708","105","130","345","309","1443","639","528","348","1712","786","931","497","18207","2584","4224","1103","3849","1056","10388","1875","6968","1366","13804","2115","5452","1250","1304","540","1476","704",
"0500000US13215","Muscogee County, Georgia","133684","922","3146","1145","0","226","56","9","85","157","237","300","59","105","77","119","422","447","238","331","228","218","1140","524","1464","557","3389","1345","2058","710","3582","1325","28548","2972","6636","1372","8628","1553","24354","2942","11645","2231","24052","2709","10756","2288","1873","672","1011","483",
"0500000US13217","Newton County, Georgia","77359","1098","901","528","0","226","0","226","0","226","0","226","0","226","0","226","71","116","88","77","8","14","1669","817","309","231","1497","732","778","357","3545","1574","20730","2375","3267","921","7219","1732","12582","2507","5584","1493","11787","1997","5811","1357","793","494","720","539",
"0500000US13223","Paulding County, Georgia","120574","833","2040","936","242","366","0","226","214","320","182","314","15","24","0","226","408","377","74","116","0","226","666","917","1339","902","1243","896","1934","916","1821","751","29693","2432","7974","1688","8647","1938","18470","2761","12345","1978","23724","2687","6935","1610","1070","602","1538","863",
"0500000US13245","Richmond County, Georgia","136374","694","857","464","0","226","0","226","48","86","0","226","108","135","0","226","712","987","467","395","307","351","1250","676","1573","638","2849","1107","5447","1748","4661","1764","32495","3729","7657","1677","9317","2232","22124","3188","13403","2197","20502","2674","7916","1689","3093","1055","1588","545",
"0500000US13247","Rockdale County, Georgia","64063","813","1218","648","0","226","0","226","0","226","0","226","0","226","0","226","0","226","312","439","0","226","199","356","476","267","1007","390","872","644","992","608","13228","1741","4095","1374","4978","1241","6954","1864","6357","1695","14016","2325","6483","1416","2017","1238","859","531",
"0500000US13255","Spalding County, Georgia","47107","1020","702","436","0","226","0","226","0","226","0","226","0","226","0","226","0","226","345","529","89","120","0","226","829","424","583","371","1387","656","672","295","16539","2019","3456","896","3413","1154","5997","1228","4512","1274","6052","1352","2036","778","361","244","134","168",
"0500000US13285","Troup County, Georgia","47894","911","910","567","0","226","0","226","0","226","0","226","0","226","0","226","0","226","437","557","59","86","110","114","1084","647","479","493","1851","1065","1576","815","14940","2597","2895","1554","1897","730","5711","1435","3069","1197","7508","1282","4095","1132","716","391","557","658",
"0500000US13295","Walker County, Georgia","49213","566","671","437","0","226","0","226","0","226","0","226","40","71","49","20","0","226","99","6","59","105","558","380","1446","770","1104","559","763","355","871","476","12953","1851","5578","1292","5403","1226","7045","1307","3259","824","5643","1235","2465","765","572","458","635","488",
"0500000US13297","Walton County, Georgia","73056","939","1089","601","0","226","52","93","0","226","0","226","137","225","0","226","381","358","215","178","481","314","597","415","1379","959","1006","506","1419","787","2042","1126","19566","2326","5026","1086","6692","1591","8504","1602","5447","1176","11431","1838","5769","1612","1200","668","623","400",
"0500000US13313","Whitfield County, Georgia","68806","390","2677","1103","0","226","0","226","92","162","204","222","823","683","2160","1223","1143","557","860","550","317","307","1231","813","2190","1179","1802","778","1354","581","1904","758","17022","2806","3895","941","4255","1040","7150","1435","5084","1302","8551","1659","3454","1097","2123","1184","515","399",
"0500000US15001","Hawaii County, Hawaii","149785","1287","2393","1867","0","190","21","35","0","190","0","190","0","190","0","190","276","312","836","531","161","190","346","261","671","375","1444","741","1677","854","2431","1129","36425","3542","6513","1718","8481","1725","21181","2408","19511","2856","28968","2974","11225","1604","5299","1140","1926","606",
"0500000US15003","Honolulu County, Hawaii","702068","280","11399","2403","348","460","430","587","231","206","85","83","381","240","82","86","324","214","4082","913","1649","621","1676","607","3411","999","4834","1279","5706","1495","13851","1862","157759","5644","19007","2003","41369","2987","85376","4429","71949","3784","173598","5582","70095","3983","22240","1968","12186","1774",
"0500000US15007","Kauai County, Hawaii","53710","655","339","308","0","190","0","190","0","190","10","17","628","522","0","190","61","109","287","425","238","243","142","110","287","260","978","574","420","284","917","542","14480","1880","894","493","4160","1196","6785","1264","6621","1383","10525","1357","3864","925","1318","588","756","440",
"0500000US15009","Maui County, Hawaii","119314","720","721","378","0","190","0","190","0","190","0","190","34","57","28","50","59","106","1142","597","25","41","911","984","1327","803","1595","672","1142","518","1774","841","31434","2993","2957","926","8821","1665","15831","1779","14304","2347","24137","2781","8658","1493","2976","1115","1438","398",
"0500000US16001","Ada County, Idaho","364782","481","3966","1166","0","197","0","197","165","250","0","197","84","109","70","86","210","245","947","598","61","100","832","428","1299","493","1860","711","2428","925","4931","1045","61363","3927","13716","1964","25508","2976","57725","3859","28474","2866","104908","4471","40690","2661","7943","1313","7602","1539",
"0500000US16005","Bannock County, Idaho","58521","1001","699","354","0","197","0","197","0","197","0","197","0","197","0","197","0","197","36","62","0","197","166","162","268","364","351","266","842","576","1490","837","12305","1617","2832","852","3980","966","9705","1845","5644","1397","12677","1711","4116","1011","1680","547","1730","615",
"0500000US16019","Bonneville County, Idaho","81587","829","1328","708","0","197","266","264","50","101","0","197","0","197","0","197","98","163","421","413","157","209","317","241","869","666","862","599","1065","567","2060","1100","15673","1973","3583","1086","5922","1246","13518","2285","8976","1680","19804","2429","4778","1152","989","456","851","423",
"0500000US16027","Canyon County, Idaho","166039","494","3890","1141","0","197","104","171","58","99","197","234","274","221","401","294","91","97","1004","548","1340","855","1273","583","1303","599","2351","730","2127","834","4619","1134","38684","2881","11039","1639","15022","2586","23951","2149","15553","1935","29876","2966","10948","1479","1232","554","702","413",
"0500000US16055","Kootenai County, Idaho","131650","511","732","437","0","197","0","197","0","197","0","197","0","197","245","220","0","197","0","197","0","197","385","303","464","491","1463","797","1210","723","1926","713","29694","3371","7600","1342","11785","1898","19656","2900","14245","2262","27864","2598","9517","1451","2260","775","2604","1057",
"0500000US16083","Twin Falls County, Idaho","62141","810","1737","1002","0","197","0","197","0","197","0","197","0","197","0","197","0","197","789","625","80","134","455","304","256","215","1184","626","752","524","779","454","13320","2360","3935","1286","7858","1689","11855","2408","6828","1322","8520","1449","2339","829","148","184","1306","687",
"0500000US17019","Champaign County, Illinois","120365","649","848","504","16","28","20","4","0","206","0","206","0","206","0","206","0","206","649","851","0","206","293","361","468","447","448","440","912","519","356","183","24721","2547","2884","861","7925","1421","13436","1923","9328","1474","27673","2383","19618","2200","4476","1429","6294","1222",
"0500000US17031","Cook County, Illinois","3593408","424","97119","7081","1173","613","1708","1176","2295","1312","3308","1080","9262","1999","5186","1644","8834","1949","48395","5376","8204","1763","33208","3614","30384","4407","35109","4448","47561","3993","79662","5089","670740","16461","114749","7529","212242","8048","388416","11545","228087","9640","900890","16134","477767","11694","119047","8059","70062","5387",
"0500000US17037","DeKalb County, Illinois","60811","957","614","380","366","359","0","206","0","206","0","206","15","26","8","13","0","206","947","721","0","206","460","332","202","223","401","385","710","507","1458","686","13335","1866","2596","685","6122","1324","8599","1580","6369","1253","11917","1587","5006","1046","824","483","862","472",
"0500000US17043","DuPage County, Illinois","643799","96","13221","2592","196","156","39","66","0","206","615","670","1868","909","347","324","802","452","4900","1947","258","169","4163","1096","1961","824","2767","906","5160","1271","11936","1965","103406","4972","14374","2002","33728","2887","64274","4043","42562","3583","197079","6488","101568","4819","24958","2955","13617","1887",
"0500000US17089","Kane County, Illinois","347943","656","9506","1908","230","197","85","144","0","206","649","482","1430","846","272","276","780","333","5887","2091","724","465","2145","782","4845","1281","2351","981","3772","1196","8808","1967","65337","4772","15432","2382","23627","2158","41305","3482","23738","2778","87065","4679","39093","3639","7009","1432","3853","1119",
"0500000US17091","Kankakee County, Illinois","71260","739","1268","570","99","16","98","16","0","206","39","73","59","85","0","206","0","206","121","163","98","86","386","213","353","327","621","436","1075","579","905","298","23224","2493","3996","1182","6614","1228","10389","1492","6996","1404","8907","1286","4442","914","829","384","741","419",
"0500000US17093","Kendall County, Illinois","89967","969","1473","733","0","206","0","206","0","206","161","247","0","206","0","206","0","206","434","510","55","96","452","449","365","406","1030","814","961","739","1223","696","18085","2497","3000","1149","8352","1744","13567","1940","7987","1634","21032","2251","9766","1411","1211","587","813","417",
"0500000US17097","Lake County, Illinois","475104","101","11272","2505","131","129","175","174","0","206","168","217","441","428","0","206","816","538","6343","2101","791","711","1623","813","2856","1162","2905","1210","3651","1063","11045","2155","80658","6171","16203","2153","29061","2755","52573","4046","27325","2727","131539","5602","69927","3797","16839","2210","8762","1650",
"0500000US17099","LaSalle County, Illinois","77513","487","581","344","69","82","0","206","0","206","0","206","0","206","0","206","137","177","218","261","0","206","614","538","981","596","1300","660","1139","541","2217","778","23468","2114","4499","1061","7356","1259","10877","1568","9067","1425","11250","1500","2884","756","556","318","300","224",
"0500000US17111","McHenry County, Illinois","217828","384","3214","1098","0","206","83","134","0","206","62","74","92","108","41","70","631","594","970","505","0","206","836","536","353","190","2001","836","2515","1263","3288","953","54450","4687","6712","1302","15262","1994","28729","2844","20157","2365","52229","3819","20690","2248","3389","957","2124","764",
"0500000US17113","McLean County, Illinois","105999","764","272","153","0","206","0","206","0","206","0","206","34","54","0","206","37","50","185","196","0","206","102","114","380","239","639","317","1524","758","932","474","21272","2305","2615","578","5472","1078","10451","1546","9475","1633","33869","2253","13261","1936","2968","869","2511","733",
"0500000US17115","Macon County, Illinois","69473","643","781","387","0","206","81","94","33","56","0","206","80","133","0","206","0","206","0","206","32","3","307","207","338","222","1321","729","1103","567","953","472","20962","1993","4570","1148","5408","1193","10054","1430","7105","1591","10344","1719","4923","1164","841","391","237","173",
"0500000US17119","Madison County, Illinois","184548","396","666","257","37","9","61","99","69","126","10","19","0","206","0","206","0","206","808","848","90","160","426","402","448","327","2124","772","2459","966","2062","604","39400","3518","11272","2029","13676","1949","28288","2962","20455","2626","40751","3643","16668","2278","2807","922","1971","741",
"0500000US17143","Peoria County, Illinois","119035","1273","2488","715","0","206","0","206","0","206","0","206","0","206","0","206","0","206","481","522","444","357","628","418","917","574","682","357","1973","979","1979","853","27806","2752","3766","1008","8303","1448","15626","2174","11013","1862","25857","2423","11389","1809","2909","890","2774","933",
"0500000US17161","Rock Island County, Illinois","96929","1160","1456","602","71","136","128","184","0","206","88","113","99","168","246","275","0","206","151","132","24","44","435","373","1375","692","1195","523","1500","659","1972","846","24289","2482","5385","1292","9764","1635","13726","1794","10745","1553","15355","2028","6971","1202","1448","552","506","354",
"0500000US17163","St. Clair County, Illinois","174283","523","4226","1387","0","206","0","206","50","85","0","206","59","5","0","206","0","206","34","61","231","281","574","406","465","443","1069","543","2730","1136","2635","939","40772","3211","8456","1808","16966","2039","24376","3036","18018","2416","30280","2960","18297","2308","2930","920","2115","831",
"0500000US17167","Sangamon County, Illinois","136462","680","1218","521","0","206","0","206","0","206","0","206","0","206","0","206","0","206","17","29","0","206","479","504","503","358","983","432","1039","424","1093","465","32138","2980","5355","1282","11233","1729","17120","1920","13444","1880","32232","2906","14955","2007","3032","1088","1621","607",
"0500000US17179","Tazewell County, Illinois","91925","489","503","405","0","206","0","206","0","206","0","206","14","29","0","206","0","206","0","206","103","169","723","453","403","225","1489","624","750","393","640","403","22846","2588","4083","717","8182","1421","14524","2240","9716","1663","19227","1950","6605","1252","935","488","1182","622",
"0500000US17183","Vermilion County, Illinois","49592","650","449","421","0","206","0","206","0","206","0","206","0","206","0","206","0","206","103","114","94","115","605","339","583","564","1124","431","1323","485","460","237","16775","1766","4055","818","4677","947","6086","1064","5012","911","4616","824","2935","776","242","196","453","327",
"0500000US17197","Will County, Illinois","474369","*****","8680","2076","141","141","0","206","231","300","303","254","622","595","164","153","610","396","6483","1430","573","358","1813","607","2550","976","3684","1035","4930","1047","8769","1609","108462","5200","15838","1963","37284","3425","60322","4747","39389","3388","106779","4894","51083","3450","8401","1800","7258","1372",
"0500000US17199","Williamson County, Illinois","47976","608","555","405","0","206","0","206","0","206","0","206","0","206","171","160","0","206","14","30","92","94","247","171","317","166","698","362","647","359","635","372","12280","1694","1944","744","4450","1068","8132","1345","5815","1271","6691","1282","4005","1190","426","268","857","456",
"0500000US17201","Winnebago County, Illinois","191390","1144","3970","1157","0","206","134","193","0","206","50","93","0","206","74","130","0","206","879","491","473","367","1042","452","2042","793","2474","986","4016","1390","4682","1328","51122","3133","12260","1790","19206","1965","26087","2212","18145","1910","26659","2642","14325","2094","2405","773","1345","587",
"0500000US18003","Allen County, Indiana","257647","818","6384","1297","0","208","218","342","61","75","149","250","26","41","164","173","96","111","372","344","586","638","2665","1135","1903","760","2189","888","3910","1146","5365","1334","57986","3718","10466","2081","19810","2658","32201","2892","28305","2658","55185","3689","22527","2880","4065","1002","3014","869",
"0500000US18005","Bartholomew County, Indiana","56725","1246","1161","647","0","208","0","208","0","208","0","208","0","208","0","208","0","208","359","470","0","208","69","23","696","393","734","552","403","311","713","442","13894","2005","2709","1077","4243","1171","6502","1651","5049","1037","11688","2034","7582","1574","357","330","566","390",
"0500000US18011","Boone County, Indiana","51586","668","325","287","0","208","8","3","0","208","64","138","0","208","0","208","0","208","0","208","102","169","162","168","544","504","1080","693","1130","751","622","504","8233","1417","1188","514","2533","778","4331","1035","3550","1135","14078","1830","9035","1925","3055","858","1546","818",
"0500000US18019","Clark County, Indiana","87928","824","1674","820","0","208","0","208","0","208","0","208","0","208","0","208","0","208","150","226","100","88","589","421","965","495","901","504","990","522","1802","685","25020","2326","5257","1727","6715","1560","12212","1905","8146","1559","14827","2240","7400","1677","964","496","216","199",
"0500000US18035","Delaware County, Indiana","70595","584","1372","631","0","208","48","88","0","208","0","208","16","29","0","208","25","45","182","177","109","171","726","497","444","335","1933","866","1067","415","1642","577","18546","2135","4985","1335","4861","994","8311","1292","7116","1385","10029","1570","6919","1222","906","498","1358","447",
"0500000US18039","Elkhart County, Indiana","131519","561","3362","1330","0","208","0","208","657","706","148","243","99","162","0","208","313","471","898","648","110","113","9051","1814","2049","795","2983","996","2317","926","1919","615","40138","2697","7185","1516","8842","1649","16456","2069","8081","1367","16849","2427","7498","1444","1443","517","1121","583",
"0500000US18043","Floyd County, Indiana","56075","723","749","530","0","208","0","208","0","208","0","208","0","208","0","208","119","191","118","164","55","100","289","209","1015","956","562","354","595","359","860","455","13452","1985","2492","924","5063","1092","9076","1442","5504","1276","10451","1450","4860","1112","448","354","367","278",
"0500000US18053","Grant County, Indiana","43250","452","704","491","0","208","0","208","0","208","0","208","0","208","0","208","0","208","171","213","4","2","743","545","1320","597","634","270","1506","825","1015","552","11267","1620","3202","872","2622","727","6513","1296","4584","953","5918","1301","2445","1004","302","189","300","215",
"0500000US18057","Hamilton County, Indiana","249571","1113","1065","601","0","208","0","208","0","208","0","208","10","5","0","208","204","136","130","160","139","150","293","216","266","245","936","547","811","471","2356","1019","28674","3619","5172","1524","11064","1880","24241","3026","15527","1928","98362","5023","43048","3283","9873","2124","7400","1762",
"0500000US18059","Hancock County, Indiana","59735","1054","939","616","47","79","0","208","0","208","0","208","0","208","0","208","0","208","120","170","152","167","174","135","495","285","328","303","419","315","1244","570","14784","1961","3974","1199","4729","1083","5915","1249","5310","966","14003","2124","5352","1364","1077","620","673","425",
"0500000US18063","Hendricks County, Indiana","126226","1454","2367","1140","0","208","0","208","0","208","56","25","0","208","111","189","0","208","532","416","0","208","721","502","314","256","1298","493","2292","710","2162","957","26008","3194","3070","1045","8509","1956","14297","2064","16059","2245","30349","3159","15097","2237","1409","538","1575","671",
"0500000US18067","Howard County, Indiana","57508","722","780","714","0","208","0","208","0","208","0","208","0","208","0","208","0","208","244","227","0","208","51","83","637","461","717","355","749","452","1364","581","19000","1691","3266","892","5489","1204","6098","1084","5357","1292","8281","1357","4292","1044","804","662","379","293",
"0500000US18081","Johnson County, Indiana","113991","1128","1652","780","0","208","0","208","0","208","0","208","0","208","0","208","0","208","314","409","0","208","319","320","561","480","2418","1178","487","407","1255","603","29931","3086","4136","1134","8124","1708","13862","2312","10666","1869","26582","2636","11439","2017","1023","598","1222","554",
"0500000US18085","Kosciusko County, Indiana","54804","717","301","241","0","208","0","208","0","208","84","138","0","208","55","94","87","99","326","504","13","22","2182","857","177","145","811","412","761","453","592","350","19590","2550","2313","782","4362","1068","5443","912","3724","1001","9189","1718","3692","1115","520","324","582","440",
"0500000US18089","Lake County, Indiana","343623","408","6808","1697","0","208","45","77","194","234","273","243","702","696","103","181","804","448","2473","1358","901","670","3235","995","3909","1341","5179","1219","5068","1084","7003","1877","99214","5699","14221","2166","23868","2264","50187","4246","31603","3243","61766","4704","19814","2166","3646","1167","2607","842",
"0500000US18091","LaPorte County, Indiana","80471","733","338","351","0","208","163","230","0","208","0","208","0","208","113","121","4","8","352","392","526","298","960","478","1180","600","984","351","1333","688","1735","879","26267","2643","6742","1383","5890","1416","6917","1476","8141","1587","12339","1715","4477","1184","1035","399","975","692",
"0500000US18095","Madison County, Indiana","94336","623","1156","657","0","208","0","208","0","208","0","208","0","208","0","208","133","221","314","308","71","128","645","326","1301","476","1785","678","1690","799","1898","647","30708","2124","6910","1739","7089","1081","11639","1929","9867","1459","12800","1761","5278","1173","432","214","620","289",
"0500000US18097","Marion County, Indiana","636500","201","16253","2422","374","331","0","208","77","135","131","167","631","714","524","461","615","489","3966","1555","1682","866","5081","1528","5031","1649","8594","1942","10127","1987","16298","2685","137617","8417","30148","3743","42974","4045","75047","5082","49073","4835","146325","6190","58990","4771","16696","2427","10246","1888",
"0500000US18105","Monroe County, Indiana","82529","1106","426","404","0","208","0","208","0","208","0","208","26","10","0","208","0","208","0","208","151","180","125","137","200","202","527","330","482","356","1204","695","13718","1824","2434","733","4344","928","9155","1690","5010","970","21587","2540","15908","2165","2048","907","5184","1173",
"0500000US18109","Morgan County, Indiana","51561","489","909","451","0","208","0","208","0","208","0","208","103","102","0","208","0","208","0","208","68","73","203","157","469","279","741","442","1688","754","902","594","16234","1812","3654","1131","2633","677","8126","1335","4901","1000","7658","1551","2246","669","728","317","298","264",
"0500000US18127","Porter County, Indiana","123509","919","1008","459","29","51","0","208","0","208","0","208","0","208","0","208","0","208","96","156","0","208","680","524","809","606","1520","868","1751","964","1967","714","39066","2806","4536","1124","9540","1697","13758","1759","12591","1912","24157","1922","8519","1493","1572","630","1910","788",
"0500000US18141","St. Joseph County, Indiana","177774","808","1764","678","0","208","0","208","0","208","78","117","328","360","296","288","298","276","669","409","662","475","1379","555","1566","735","2429","747","3895","1025","3878","1096","41404","2725","9985","1722","11681","1681","22735","2435","16202","2000","35917","2707","15458","1777","3089","906","4061","876",
"0500000US18157","Tippecanoe County, Indiana","105669","812","661","423","47","78","0","208","0","208","166","226","0","208","213","287","101","141","1165","746","157","116","1053","660","1168","729","1631","768","1541","846","674","326","22859","2844","4518","1145","7670","1490","10417","1674","6983","1213","25352","2035","11832","1456","2593","893","4868","949",
"0500000US18163","Vanderburgh County, Indiana","123255","675","1026","586","0","208","0","208","0","208","0","208","0","208","68","104","42","79","47","75","54","91","598","385","1156","539","2623","877","2543","1027","2326","640","36018","2902","7099","1357","7553","1218","15587","2164","13167","2271","21312","2697","8868","1501","1899","529","1269","522",
"0500000US18167","Vigo County, Indiana","68759","606","968","500","0","208","0","208","0","208","0","208","0","208","38","67","0","208","0","208","240","194","331","236","1255","540","1815","726","1279","583","994","573","20141","2003","4009","984","5039","1238","8362","1270","5743","1324","11318","1480","4438","988","918","602","1871","685",
"0500000US18173","Warrick County, Indiana","46506","628","81","98","0","208","0","208","0","208","0","208","42","77","0","208","0","208","0","208","216","328","179","208","213","165","511","316","327","197","673","316","10828","1412","3315","963","2586","782","6752","1340","4260","1129","11064","1632","4034","1108","1263","527","162","169",
"0500000US18177","Wayne County, Indiana","45089","458","773","454","53","95","0","208","0","208","0","208","0","208","0","208","0","208","205","238","227","292","749","602","683","564","794","399","732","457","485","413","14755","1742","2538","677","3313","760","6500","1340","3908","956","5283","1163","2939","823","377","356","775","494",
"0500000US19013","Black Hawk County, Iowa","84166","1035","1802","944","0","172","0","172","46","78","108","196","0","172","306","465","66","88","0","172","126","132","517","271","148","112","700","356","453","346","1821","711","24006","2593","3107","830","5929","1443","10598","1470","9993","1603","16268","1993","5878","1140","894","423","1400","500",
"0500000US19049","Dallas County, Iowa","73562","738","722","397","0","172","0","172","0","172","0","172","66","82","394","620","178","282","0","172","12","20","39","67","467","376","589","456","200","170","1042","643","10240","1619","1690","612","6296","1423","8136","1511","8345","1489","21723","2492","8979","1791","2974","960","1470","727",
"0500000US19061","Dubuque County, Iowa","68189","403","731","540","0","172","0","172","0","172","0","172","24","53","0","172","0","172","0","172","45","70","237","135","323","233","1208","600","497","302","1096","459","19414","1657","2223","849","4679","1049","6702","1119","7808","1276","14377","1456","6488","1153","1161","630","1176","620",
"0500000US19103","Johnson County, Iowa","94942","1126","689","670","206","273","0","172","0","172","0","172","0","172","0","172","0","172","0","172","46","75","556","601","409","473","108","103","250","243","779","674","13074","2176","2086","866","5608","1166","10004","1627","9272","1830","28413","2379","12448","1652","5415","1195","5579","1268",
"0500000US19113","Linn County, Iowa","157480","973","584","442","350","427","0","172","0","172","0","172","0","172","0","172","55","76","314","471","90","125","620","457","775","489","738","428","1382","550","1951","658","38062","2938","5532","1261","11928","1864","18574","1866","21031","2359","37743","3318","14384","1809","1864","761","1503","660",
"0500000US19153","Polk County, Iowa","338655","1114","8086","1489","0","172","0","172","240","298","417","502","1199","833","388","293","854","610","1354","787","437","481","3703","1922","2009","927","4029","1444","3025","1362","3236","1182","65737","4633","13937","2422","19684","2610","39623","3215","31584","2902","92935","4233","32964","3389","6563","1124","6651","1436",
"0500000US19155","Pottawattamie County, Iowa","63739","694","200","153","0","172","0","172","40","72","178","282","0","172","150","187","0","172","142","242","0","172","1006","584","1551","1095","932","469","605","372","1037","611","19467","1800","3352","740","6496","1106","8504","1430","6194","954","9134","1480","3542","868","572","398","637","409",
"0500000US19163","Scott County, Iowa","120022","997","1070","560","34","60","0","172","0","172","0","172","38","78","0","172","0","172","210","228","0","172","892","453","318","177","1116","482","1558","627","1462","570","25015","2316","6362","1434","9181","1805","13923","1753","13184","1884","28997","2820","12044","1707","2633","838","1985","543",
"0500000US19169","Story County, Iowa","null","null","null","null","null","null","null","null","null","null","null","null","null","null","null","null","null","null","null","null","null","null","null","null","null","null","null","null","null","null","null","null","null","null","null","null","null","null","null","null","null","null","null","null","null","null","null","null","null","null",
"0500000US19193","Woodbury County, Iowa","68098","887","2040","969","0","172","75","96","59","70","0","172","418","351","98","142","104","159","600","429","338","262","1035","551","524","311","600","322","1418","718","1472","629","18209","2023","3874","1047","6133","1181","8582","1427","8474","1499","9732","1446","3465","848","213","160","635","414",
"0500000US20015","Butler County, Kansas","46333","497","195","114","0","185","0","185","0","185","0","185","0","185","0","185","0","185","0","185","38","68","415","324","411","255","55","61","469","254","612","355","11344","1288","2091","585","3965","919","5723","968","4751","849","9888","1296","5740","934","118","90","518","287",
"0500000US20045","Douglas County, Kansas","73419","1217","310","286","0","185","0","185","0","185","0","185","0","185","0","185","255","275","19","2","0","185","126","70","473","437","467","385","363","294","1093","422","10207","1749","2776","1249","4555","1388","9194","1877","4486","1144","17847","2023","14466","2380","3388","1226","3394","1074",
"0500000US20091","Johnson County, Kansas","428400","162","4138","967","174","206","0","185","147","217","180","170","270","337","148","177","271","263","838","511","256","217","850","479","893","477","1937","820","1192","655","4650","1144","53161","3878","7813","1630","26337","2729","48158","3298","31245","2460","152286","4457","68402","4039","16032","2276","9022","1291",
"0500000US20103","Leavenworth County, Kansas","56980","762","672","322","0","185","0","185","0","185","0","185","0","185","0","185","0","185","0","185","0","185","285","225","500","404","159","128","835","460","1080","629","11242","1442","2266","750","4647","933","9199","1753","4830","1004","11620","1562","8402","1200","862","456","381","322",
"0500000US20161","Riley County, Kansas","null","null","null","null","null","null","null","null","null","null","null","null","null","null","null","null","null","null","null","null","null","null","null","null","null","null","null","null","null","null","null","null","null","null","null","null","null","null","null","null","null","null","null","null","null","null","null","null","null","null",
"0500000US20173","Sedgwick County, Kansas","347915","178","5265","1087","155","255","174","220","231","268","147","222","899","577","0","185","398","363","3067","1345","240","211","2036","737","4888","1237","3566","1028","5769","1424","7994","2093","73382","4939","15786","2289","26554","2733","55686","3972","31408","3246","71044","4382","30951","2781","5228","1167","3047","834",
"0500000US20177","Shawnee County, Kansas","122407","1255","1719","918","0","185","0","185","0","185","0","185","0","185","0","185","451","429","342","505","0","185","282","280","1501","828","2168","889","684","403","2254","817","31565","2941","6135","1371","10533","1477","16525","1799","9371","1489","22321","2328","12805","2082","2440","940","1311","830",
"0500000US20209","Wyandotte County, Kansas","104602","1187","4322","1300","0","185","0","185","206","348","0","185","372","373","563","545","658","535","1031","614","86","109","809","631","1730","794","2520","1011","2204","977","4105","1084","27498","2633","6401","1311","8713","1709","12974","2067","8834","1380","12821","1921","7057","1399","808","458","890","483",
"0500000US21015","Boone County, Kentucky","92091","1169","830","666","0","206","0","206","0","206","46","20","0","206","0","206","59","97","567","451","123","93","361","301","709","424","1106","738","942","546","1359","555","21196","2069","3718","1275","5640","1103","13401","1994","7912","1547","22513","2729","9241","1747","1611","690","757","340",
"0500000US21029","Bullitt County, Kentucky","60665","481","256","301","0","206","0","206","0","206","0","206","0","206","0","206","0","206","0","206","44","54","417","341","1089","592","1606","815","994","439","824","368","17892","1822","6160","1421","5294","1025","7537","1186","7027","1428","7905","1343","2825","958","664","459","131","139",
"0500000US21037","Campbell County, Kentucky","66926","431","1300","693","268","299","0","206","27","47","0","206","62","76","149","183","0","206","243","147","98","173","324","257","566","350","619","369","1689","676","537","278","14895","1685","3603","849","4134","950","7616","1693","5389","1087","14104","1639","7986","1409","2096","847","1221","517",
"0500000US21047","Christian County, Kentucky","42113","990","114","119","0","206","0","206","0","206","0","206","0","206","0","206","0","206","289","404","80","138","924","545","207","133","534","353","1014","617","220","212","12202","2399","1868","685","3232","1030","6138","1182","5152","1438","6485","1351","2964","1019","311","242","379","361",
"0500000US21059","Daviess County, Kentucky","70103","1115","856","855","0","206","56","111","0","206","0","206","0","206","67","110","741","781","40","69","69","121","855","432","1117","597","703","546","1044","772","764","594","21149","2701","3431","907","5100","1163","7793","1655","8345","1649","9160","1797","6195","1578","1741","851","877","509",
"0500000US21067","Fayette County, Kentucky","210210","750","1637","767","0","206","0","206","0","206","297","446","0","206","0","206","75","127","565","492","264","252","735","445","2096","1025","2004","848","2832","1073","2187","793","31077","3291","10476","2165","8857","1573","26945","2699","15500","2216","59487","4125","27526","2680","10551","1801","7099","1221",
"0500000US21093","Hardin County, Kentucky","75776","961","544","347","46","83","0","206","0","206","0","206","28","46","0","206","0","206","357","423","209","276","539","367","610","418","929","556","461","342","1102","492","20123","2056","5564","1350","6195","1321","12423","2028","8462","1585","11617","2056","5585","1288","564","360","418","284",
"0500000US21111","Jefferson County, Kentucky","537814","93","7824","1663","270","346","101","114","0","206","235","332","551","569","128","158","179","238","559","348","783","458","3840","1174","4733","1246","9359","2074","8136","1765","7833","2080","115225","6882","27022","3544","37854","3748","71843","4819","43167","4282","115252","5701","59290","3807","17299","2009","6331","1380",
"0500000US21117","Kenton County, Kentucky","117639","1265","932","521","0","206","45","84","0","206","436","504","71","129","60","86","0","206","0","206","258","254","1073","766","924","480","2180","802","920","427","1247","577","27767","2722","5715","1146","6817","1301","13885","2203","9520","1728","27717","2442","13361","1937","2433","719","2278","1109",
"0500000US21145","McCracken County, Kentucky","48018","851","354","307","0","206","0","206","0","206","0","206","0","206","0","206","125","160","0","206","52","89","297","235","431","483","464","345","795","410","692","398","13190","1794","3117","994","4248","1141","5577","1126","6533","1389","7386","1776","3144","1078","1433","840","180","174",
"0500000US21151","Madison County, Kentucky","61066","640","425","221","0","206","0","206","134","206","0","206","0","206","18","31","0","206","225","300","52","68","510","372","570","324","1038","430","961","469","766","376","13230","1682","4810","1231","3473","881","7432","1277","4973","989","13134","1852","6796","1246","1266","698","1253","573",
"0500000US21185","Oldham County, Kentucky","47689","318","218","205","0","206","0","206","0","206","0","206","0","206","0","206","0","206","0","206","171","170","209","158","517","292","489","342","711","383","815","354","8569","1473","1331","398","2673","693","6847","1022","3297","708","13163","1584","6363","1157","1817","601","499","275",
"0500000US21199","Pulaski County, Kentucky","46664","501","1044","558","0","206","0","206","43","75","0","206","68","74","0","206","116","162","53","89","311","291","914","443","663","412","795","398","376","237","677","320","14150","1742","4256","1078","3084","875","6466","1634","5152","1108","3377","763","3854","959","750","396","515","396",
"0500000US21227","Warren County, Kentucky","87359","1831","2090","916","82","143","0","206","0","206","0","206","0","206","60","103","0","206","139","164","371","394","558","583","572","360","1599","756","976","604","1509","965","17496","2246","3786","1126","7405","2038","12149","2383","9025","1894","18177","2771","7890","1691","2165","977","1310","568",
"0500000US22005","Ascension Parish, Louisiana","87606","1244","480","404","0","221","0","221","0","221","0","221","0","221","61","107","51","85","340","503","373","409","823","640","1084","905","1571","937","1398","713","932","598","26007","3208","4286","1487","5113","1061","14378","2485","7740","1752","14603","2297","6184","1868","1313","622","869","474",
"0500000US22015","Bossier Parish, Louisiana","87444","1223","1059","510","0","221","0","221","0","221","0","221","101","159","41","71","0","221","149","198","36","2","186","222","1177","678","1610","842","1548","814","965","404","20188","1993","3602","1313","7067","1373","15515","2728","11093","2380","12318","2005","7818","1483","1038","366","1933","1059",
"0500000US22017","Caddo Parish, Louisiana","155876","430","2408","901","0","221","0","221","0","221","132","77","65","104","267","382","234","349","385","570","154","234","1085","577","2895","1523","2777","1017","4933","1812","3114","974","42077","3812","7805","1717","9538","1556","21960","2867","13392","2397","27305","2483","11161","2107","2704","786","1485","631",
"0500000US22019","Calcasieu Parish, Louisiana","136294","1055","1740","640","0","221","151","248","0","221","0","221","220","255","124","159","23","2","586","402","212","248","1159","673","1054","608","1656","589","1967","891","1919","805","37816","3706","10595","2251","9120","1568","17984","3040","12877","2421","23229","2586","9826","1839","2003","892","2033","1145",
"0500000US22033","East Baton Rouge Parish, Louisiana","282303","854","4322","1368","65","112","88","150","0","221","130","216","27","3","331","283","670","440","1919","1057","548","390","2069","1139","1775","924","3831","1375","5290","1740","5594","1615","62177","5265","10103","1661","18365","2988","42407","4459","16519","1984","65844","4363","26119","3052","6933","1508","7177","1667",
"0500000US22045","Iberia Parish, Louisiana","44566","880","682","465","0","221","0","221","0","221","99","127","37","62","0","221","199","177","39","68","684","452","1005","515","816","497","1653","757","1770","731","983","474","16620","1831","1672","581","2432","704","4966","1269","2976","837","5154","1587","2080","663","386","286","313","190",
"0500000US22051","Jefferson Parish, Louisiana","297835","749","8497","2054","206","334","0","221","0","221","405","455","619","435","488","595","826","614","4406","1510","1425","765","1971","777","3317","1217","7254","1818","6053","1806","7643","1608","70283","5278","12148","2416","19942","2974","43202","3981","19691","2423","51432","4503","23736","3308","9077","2144","5214","1311",
"0500000US22055","Lafayette Parish, Louisiana","169993","384","1255","561","0","221","0","221","0","221","0","221","416","346","642","445","332","282","309","285","206","195","1668","804","1828","733","2207","952","3671","1260","3045","1197","44286","3779","8168","1750","9393","1713","23063","2860","13974","2294","41145","3723","9452","1903","3500","1105","1433","619",
"0500000US22057","Lafourche Parish, Louisiana","64446","1199","1485","660","0","221","0","221","38","44","0","221","53","83","56","94","15","4","392","285","809","468","1367","776","2217","1088","1812","632","2068","881","1248","712","17354","2519","5147","1183","4785","1210","6025","1131","5127","1298","10460","1804","2553","902","721","523","714","435",
"0500000US22063","Livingston Parish, Louisiana","99581","1188","1611","809","95","160","161","265","0","221","0","221","236","274","0","221","0","221","369","443","494","387","1060","620","2919","1118","2514","1072","3818","1530","2047","861","32572","3288","6415","1359","5934","1131","12458","2145","9045","1673","12781","1817","3791","917","921","554","340","287",
"0500000US22071","Orleans Parish, Louisiana","259764","470","2970","1033","0","221","22","36","0","221","107","142","297","349","251","255","237","328","1540","977","89","89","2046","666","2725","1102","2854","869","5338","1393","4330","1230","45455","3973","9177","1829","11574","2042","37386","3556","17158","3229","60897","3664","34240","3087","14259","1996","6812","1218",
"0500000US22073","Ouachita Parish, Louisiana","104281","454","1065","607","99","117","0","221","0","221","0","221","139","134","0","221","618","409","485","331","765","428","465","237","1961","810","1228","612","2497","798","1809","653","22791","2532","5537","1742","7215","1627","17622","2448","7198","1668","21386","2666","8185","1552","1531","941","1685","814",
"0500000US22079","Rapides Parish, Louisiana","84329","732","992","587","0","221","0","221","0","221","0","221","149","56","0","221","95","68","517","337","361","323","745","419","2117","836","1458","549","2219","749","1142","430","24997","2631","5387","1394","5395","1094","13343","2138","6097","1476","11472","2035","4818","1265","1591","690","1434","640",
"0500000US22097","St. Landry Parish, Louisiana","54091","1025","379","210","59","100","0","221","22","55","19","36","0","221","42","70","151","149","282","310","320","280","313","255","1203","649","1040","505","879","381","1011","646","21802","2051","2610","856","3512","1043","7322","1684","5444","1356","4395","1133","2261","601","814","541","211","161",
"0500000US22103","St. Tammany Parish, Louisiana","189919","1450","2076","842","0","221","0","221","0","221","0","221","770","797","539","805","40","5","196","304","436","310","1489","758","498","285","2455","822","2502","1054","3663","1212","40306","3533","9531","1877","14443","2484","27181","2744","13424","2080","44739","3837","16222","2780","6397","1517","3012","1155",
"0500000US22105","Tangipahoa Parish, Louisiana","90573","447","645","324","0","221","45","79","100","165","0","221","298","344","217","286","591","474","574","286","167","273","655","410","1205","645","2083","833","3345","1273","802","448","25372","2623","7688","2041","5307","1403","14629","2385","6226","1450","12960","2060","5114","1216","981","699","1569","989",
"0500000US22109","Terrebonne Parish, Louisiana","69539","1257","1869","909","0","221","0","221","0","221","0","221","12","20","387","289","106","135","375","325","881","494","909","355","2462","782","1367","642","1472","561","1481","798","24510","2321","4804","1125","5624","1274","6940","1408","3101","989","8831","1755","3174","1041","1146","636","88","104",
"0500000US23001","Androscoggin County, Maine","79199","671","595","334","97","155","0","179","112","196","0","179","0","179","89","58","0","179","0","179","373","338","1593","856","1024","499","983","436","835","489","1251","648","23882","2698","6483","1512","5819","1447","7979","1747","9554","1744","12913","1942","4698","970","454","268","465","429",
"0500000US23003","Aroostook County, Maine","50889","308","416","194","0","179","0","179","1","3","0","179","185","261","0","179","0","179","26","35","182","154","888","300","548","353","864","325","751","341","635","263","15048","1464","2312","573","4140","799","5251","954","5875","1077","10355","1678","2517","642","666","344","229","195",
"0500000US23005","Cumberland County, Maine","229213","1084","1364","592","0","179","0","179","0","179","0","179","188","304","0","179","199","329","258","214","106","176","743","856","500","458","987","447","689","569","1361","530","36383","3751","5812","1173","10347","2283","23429","2420","19527","2038","77940","4711","34149","3957","9996","1651","5235","1001",
"0500000US23011","Kennebec County, Maine","92825","410","390","247","121","150","0","179","0","179","0","179","68","104","0","179","0","179","58","75","0","179","785","332","579","436","386","334","588","340","1934","925","23196","2308","4649","1367","6325","1108","13789","1931","11887","1659","17548","1986","7690","1396","1736","576","1096","444",
"0500000US23019","Penobscot County, Maine","112335","707","776","555","0","179","149","175","0","179","0","179","0","179","28","48","0","179","12","21","221","168","938","437","1087","471","1803","647","461","278","1027","448","30690","2535","5855","1117","8772","1557","13853","1929","12327","1956","19467","2201","9760","1558","2120","893","2989","1101",
"0500000US23031","York County, Maine","166506","699","1487","900","0","179","0","179","0","179","154","252","0","179","0","179","0","179","0","179","0","179","991","543","544","371","1173","435","858","380","1756","926","41707","3649","6417","1405","8361","1325","19767","2647","20206","2441","42018","3486","15823","1778","3430","1135","1814","866",
"0500000US24001","Allegany County, Maryland","48254","550","252","293","0","225","0","225","0","225","0","225","0","225","105","66","0","225","84","126","202","150","525","319","744","470","2080","798","859","395","607","458","16275","1819","3588","928","3024","742","5322","1371","4860","1114","5182","944","3409","847","757","373","379","216",
"0500000US24003","Anne Arundel County, Maryland","415575","211","6836","1777","62","107","28","15","63","106","43","70","42","71","184","210","647","945","592","580","1502","1019","1224","658","3188","977","4186","1502","3282","1005","6530","1307","83335","5328","11655","2219","23032","3047","48653","4258","28468","3033","98623","5296","69228","5493","15378","2029","8794","1661",
"0500000US24005","Baltimore County, Maryland","586604","166","10863","2318","102","121","8","2","37","60","116","187","33","2","51","83","825","538","1378","776","1987","939","4352","1438","4083","1249","5243","1215","4087","1407","14609","2694","122357","7198","19133","2937","37213","3691","66352","6359","43390","4444","134242","6736","85209","5873","18621","2195","12313","1754",
"0500000US24009","Calvert County, Maryland","65162","947","757","490","0","225","0","225","0","225","0","225","0","225","0","225","0","225","0","225","87","139","102","162","89","113","396","298","441","446","815","506","16777","2292","1479","786","5447","1363","8986","1328","5927","1546","14119","2238","8216","1684","439","300","1085","622",
"0500000US24013","Carroll County, Maryland","123601","406","913","437","0","225","0","225","0","225","0","225","0","225","114","127","90","168","9","4","12","20","657","411","388","301","784","255","714","396","1149","387","30357","2787","3815","1085","9029","1559","13141","1864","10170","1978","30885","2909","16974","2096","2208","777","2192","860",
"0500000US24015","Cecil County, Maryland","74890","676","1276","1195","0","225","0","225","0","225","0","225","0","225","0","225","0","225","0","225","0","225","991","731","1250","655","351","268","457","233","2330","1228","22765","2526","3099","1274","6439","1292","10024","2026","7107","1630","12123","2091","5163","1223","982","589","533","347",
"0500000US24017","Charles County, Maryland","117994","708","1927","923","0","225","0","225","0","225","0","225","0","225","0","225","0","225","521","351","103","120","529","332","913","768","714","548","971","672","1908","912","34171","3328","4386","1446","9493","1788","15010","2738","9854","1886","19861","2162","15012","2741","1601","739","1020","588",
"0500000US24021","Frederick County, Maryland","200124","1378","2020","643","35","61","0","225","0","225","4","23","284","393","181","208","467","379","1111","613","596","454","752","425","1510","731","1615","698","750","450","3768","1402","42645","3649","5070","1361","12629","1755","18433","2293","12397","2020","50738","4091","34378","2531","4306","1196","6435","1424",
"0500000US24025","Harford County, Maryland","185817","499","1924","857","0","225","20","2","0","225","221","367","0","225","0","225","0","225","154","247","305","257","263","251","1059","731","1956","802","1691","682","3159","985","43717","3028","5029","1346","12183","2139","18624","2338","18618","3002","43201","3062","26243","2447","3782","1050","3668","1064",
"0500000US24027","Howard County, Maryland","230165","533","7454","2565","0","225","20","2","0","225","0","225","0","225","0","225","2","3","469","391","50","85","367","269","828","738","0","225","266","202","2690","890","27487","3334","2747","1001","8959","1658","19120","2194","15843","2481","70662","4398","51396","3933","9583","1897","12222","1887",
"0500000US24031","Montgomery County, Maryland","737675","377","20031","3370","499","459","792","680","642","401","163","270","2054","1108","1260","760","1744","872","6779","1843","1089","622","3478","1227","6430","1815","5103","1630","2625","955","10735","2116","90874","5150","10275","1998","25074","2645","60416","5021","37718","3860","196381","6628","154469","5993","47793","3568","51251","3225",
"0500000US24033","Prince George's County, Maryland","654845","595","24198","3623","589","584","267","290","1449","1226","455","342","2534","1226","1696","1221","2553","995","10895","2580","3744","1365","4475","1615","7645","1728","7021","1651","5351","1467","14990","2154","145090","7255","20863","3588","40666","4489","75663","5350","38234","4158","133380","7118","85739","5543","11314","1902","16034","2490",
"0500000US24037","St. Mary's County, Maryland","78000","1847","2007","1600","0","225","0","225","0","225","0","225","0","225","0","225","0","225","0","225","0","225","227","275","754","493","1055","599","480","457","1204","602","20226","2859","2084","721","5760","1727","9548","2061","6564","1643","16108","1994","10363","2123","1151","575","469","387",
"0500000US24043","Washington County, Maryland","108673","836","1511","777","0","225","0","225","0","225","121","198","0","225","0","225","84","7","433","307","97","117","409","347","1656","770","3158","1309","2449","965","2985","1128","31813","3222","5780","1336","9172","1802","13496","1993","11116","1688","14517","1902","8299","1471","829","435","748","419",
"0500000US24045","Wicomico County, Maryland","67633","1282","597","575","0","225","0","225","0","225","0","225","0","225","0","225","97","125","48","47","172","120","1004","730","161","148","1156","626","979","469","1762","1024","22219","2579","2288","762","5773","1570","8015","1765","5436","1358","11536","1822","4197","1004","1249","782","944","525",
"0500000US24510","Baltimore city, Maryland","395443","608","7569","1957","195","205","0","225","55","98","72","92","168","182","850","740","634","526","2287","934","903","491","2135","845","4709","1340","6984","1459","9572","1964","10348","2107","86456","5148","19806","3363","27227","3314","42671","4361","26197","3546","76172","5276","47805","3999","11745","1810","10883","1768",
"0500000US25001","Barnstable County, Massachusetts","185612","924","1336","652","45","70","83","153","0","225","159","259","0","225","78","118","88","138","398","410","349","375","381","380","1404","1186","1069","979","179","185","1512","709","37346","3652","4527","1096","10152","1965","21226","2155","12830","1911","49145","3674","31481","3069","6218","1213","5606","1360",
"0500000US25003","Berkshire County, Massachusetts","96090","911","687","347","14","3","0","225","0","225","97","151","0","225","0","225","0","225","51","96","170","184","158","109","993","640","609","322","1256","646","1220","706","25859","3003","3926","1210","5844","1103","9801","1768","8894","1597","20427","2824","12310","1772","1839","540","1935","526",
"0500000US25005","Bristol County, Massachusetts","413553","686","9659","1993","65","8","597","364","784","511","1284","711","653","510","5340","1694","1470","654","2688","1019","1460","737","3804","963","4450","1286","6974","1666","6175","1545","10060","1954","106127","5132","17337","2110","21187","2587","47164","3984","36670","2861","77210","4858","41339","3206","6293","1387","4763","1180",
"0500000US25009","Essex County, Massachusetts","570391","635","11614","2203","190","174","0","225","495","321","1259","658","1898","797","1086","504","1703","1001","3654","1572","2616","1244","8327","2271","5139","1618","4316","1579","4274","1233","9652","1789","129405","5866","17967","2580","29086","3112","50078","4434","44120","3318","141584","6966","78407","4485","14564","2255","8957","1473",
"0500000US25011","Franklin County, Massachusetts","54756","391","429","240","56","95","0","225","0","225","180","276","16","25","153","226","35","2","11","20","49","86","376","200","207","135","372","196","849","489","1032","434","12277","1265","1838","506","3413","797","5294","839","4988","824","12906","1518","7840","1037","1125","364","1310","386",
"0500000US25013","Hampden County, Massachusetts","320476","538","8213","2035","119","90","0","225","0","225","871","727","347","253","1592","1129","1190","743","1728","899","1541","796","1725","841","5594","1591","4838","1496","7489","2032","7142","1922","84335","4448","19891","3361","22004","2795","29969","3512","29605","3488","53422","4718","29630","2789","4752","1337","4479","1338",
"0500000US25015","Hampshire County, Massachusetts","100358","1084","1070","799","0","225","0","225","26","42","0","225","23","65","52","104","0","225","140","157","135","68","440","269","208","166","724","505","248","284","1392","607","19145","2340","2942","1117","6380","1240","8918","1541","8167","1376","21346","2170","20109","2148","2487","713","6406","1410",
"0500000US25017","Middlesex County, Massachusetts","1155381","195","17753","2785","886","600","224","261","180","189","267","249","1950","1038","1435","767","2251","848","3897","1497","1438","639","6011","1605","5302","1549","6432","1485","7538","1754","17446","2639","179018","7433","25299","3649","40463","4090","80595","5288","63333","4461","323929","9279","244832","7420","50646","3730","74256","4192",
"0500000US25021","Norfolk County, Massachusetts","517290","100","9838","1761","199","318","0","225","0","225","93","111","229","229","175","296","966","572","1626","848","348","287","3589","1314","3110","1116","1896","871","1963","726","7851","1667","73589","4425","7693","1640","20829","2665","36194","2986","38027","4263","162085","6258","101506","5748","24628","2645","20856","2671",
"0500000US25023","Plymouth County, Massachusetts","382359","1246","6553","1777","0","225","269","405","0","225","171","226","292","251","404","381","184","209","1219","586","744","577","1140","582","1907","887","2722","896","3546","1145","5929","1370","88847","5650","9942","1893","23036","2593","43646","3584","34798","3332","96182","4885","45245","3653","10007","2021","5576","1221",
"0500000US25025","Suffolk County, Massachusetts","541956","917","19661","3116","496","468","863","617","683","623","1600","956","2446","1074","1529","745","4169","1870","4020","1072","3219","1352","5861","1863","4962","1664","3708","1298","5334","1642","8937","1992","90138","5691","13141","1819","19520","2650","42478","3689","29209","3804","149559","7235","89228","4973","21717","2967","19478","2366",
"0500000US25027","Worcester County, Massachusetts","610716","242","9590","2382","153","161","0","225","30","53","1214","870","765","516","657","522","672","525","3018","878","2148","1081","4120","1377","7804","1565","10045","1895","7164","1377","8518","1765","140531","6995","19879","2367","33151","3567","57890","4663","50397","3994","145020","5583","82430","5466","10788","2023","14732","1981",
"0500000US26005","Allegan County, Michigan","85182","436","855","524","27","50","0","184","0","184","0","184","103","115","0","184","0","184","114","99","0","184","370","369","682","465","1610","718","1395","531","1032","392","26882","2141","4360","864","5159","924","11059","1560","6157","1000","17321","1952","6366","1105","998","347","692","277",
"0500000US26017","Bay County, Michigan","75140","413","1052","562","0","184","0","184","0","184","37","9","0","184","0","184","0","184","42","69","15","1","652","302","481","350","1920","809","1064","528","648","320","21327","2009","2983","841","6426","1096","11670","1683","9440","1305","10824","1527","5300","1102","756","400","503","356",
"0500000US26021","Berrien County, Michigan","108008","664","980","322","0","184","0","184","0","184","0","184","0","184","0","184","50","60","301","262","214","172","740","502","899","400","1964","891","1364","484","1102","469","26288","2234","4247","961","8932","1353","14236","1830","12598","1832","19444","2145","10351","1654","2671","765","1627","506",
"0500000US26025","Calhoun County, Michigan","91769","681","945","376","14","25","0","184","0","184","8","3","0","184","0","184","61","91","212","271","159","197","397","292","954","532","1740","660","2225","941","2316","1052","27045","2174","5149","1203","6890","1229","13732","1636","9611","1503","13080","1453","6051","1037","740","384","440","233",
"0500000US26037","Clinton County, Michigan","55976","587","190","93","0","184","0","184","0","184","0","184","0","184","0","184","0","184","47","78","95","124","557","269","160","163","633","367","332","296","466","276","10351","1192","1026","380","4774","742","7753","1022","6878","937","14141","1642","6055","948","1601","676","917","722",
"0500000US26045","Eaton County, Michigan","77645","872","551","283","0","184","0","184","0","184","0","184","0","184","0","184","12","2","19","32","0","184","478","322","549","314","737","402","773","388","1240","537","19223","2273","3881","788","9225","1170","11210","1795","6931","1137","14569","1937","7111","1319","598","272","538","366",
"0500000US26049","Genesee County, Michigan","280373","1009","3110","858","0","184","0","184","0","184","0","184","58","105","354","524","0","184","384","300","188","256","1247","649","1999","864","5115","1263","7190","1725","6907","1662","76852","4229","15430","1806","20687","2328","44599","3629","32235","2521","41577","3765","17611","2004","3523","1144","1307","619",
"0500000US26055","Grand Traverse County, Michigan","70886","693","706","406","0","184","0","184","0","184","0","184","0","184","0","184","0","184","0","184","0","184","19","26","137","133","742","436","585","355","1033","675","14636","2250","1199","507","4637","955","10131","1662","6619","1511","17771","2016","10355","1444","1465","434","851","468",
"0500000US26065","Ingham County, Michigan","173721","1372","1990","624","70","117","60","98","92","152","0","184","45","76","144","175","0","184","101","7","0","184","99","85","1499","860","1426","605","2111","684","2386","857","31229","3002","5449","1207","12970","2012","26201","2774","16963","1962","38649","2557","19741","2290","5826","1114","6670","1182",
"0500000US26067","Ionia County, Michigan","45757","662","479","262","23","38","0","184","23","39","0","184","0","184","0","184","0","184","5","3","71","96","200","125","293","215","1072","426","1357","586","667","336","13002","1535","3012","551","4593","1023","7131","1191","3973","879","7110","1375","2061","585","233","142","452","347",
"0500000US26075","Jackson County, Michigan","113820","633","572","267","0","184","0","184","0","184","0","184","0","184","57","95","0","184","0","184","96","149","293","206","701","344","1676","684","1773","668","1459","744","32816","2666","7274","1114","9612","1261","18422","2092","11524","1600","17943","2384","7887","1287","885","362","830","424",
"0500000US26077","Kalamazoo County, Michigan","166805","1692","1440","734","0","184","0","184","0","184","199","191","0","184","45","85","260","336","250","242","0","184","662","500","473","320","1418","523","1488","656","2487","1143","29720","2771","3504","770","11561","1745","24341","2510","17823","2210","42348","2536","19831","2162","4776","1194","4179","970",
"0500000US26081","Kent County, Michigan","446380","493","9787","2430","0","184","88","92","250","329","287","332","181","186","202","220","624","429","2530","888","496","385","2140","805","2028","827","3838","1000","5649","1481","7797","1484","84788","4776","11931","1984","28244","3203","56470","4560","41526","3864","123437","5717","48088","3501","9084","1679","6915","1597",
"0500000US26087","Lapeer County, Michigan","65063","410","440","399","0","184","0","184","0","184","0","184","33","5","0","184","53","86","31","41","306","318","266","177","159","115","605","309","1285","616","1094","591","23147","1868","2953","883","5755","1109","9406","1484","6695","1058","9129","1506","2895","812","715","383","96","120",
"0500000US26091","Lenawee County, Michigan","69276","366","1356","652","0","184","0","184","0","184","14","25","14","26","219","218","101","108","25","3","43","44","296","192","634","408","1124","449","888","525","1137","516","21687","1832","3530","747","5350","896","10116","1464","7387","1144","10608","1492","3798","838","282","193","667","375",
"0500000US26093","Livingston County, Michigan","142500","541","346","185","0","184","0","184","0","184","0","184","42","69","75","86","249","382","40","66","146","148","145","137","674","599","478","272","2126","936","1381","459","30722","2695","3723","835","12995","1771","19341","2254","13922","1823","36490","2590","16082","1509","2013","609","1510","523",
"0500000US26099","Macomb County, Michigan","628007","215","12419","1759","72","128","753","869","162","259","0","184","416","391","828","545","1033","729","2514","1070","669","447","3828","1192","5515","1714","8397","1649","9588","1883","12006","1875","152699","6729","21848","2697","56226","4015","94962","4999","71374","5089","114433","6492","49017","3215","6552","1333","2696","656",
"0500000US26103","Marquette County, Michigan","45244","414","348","236","0","184","0","184","0","184","0","184","0","184","0","184","20","34","21","49","42","67","113","93","130","106","357","212","750","423","403","303","9184","1058","2306","554","2465","504","6534","1012","5302","1019","11179","1336","4248","775","973","344","869","436",
"0500000US26111","Midland County, Michigan","60551","250","313","233","0","184","44","58","0","184","0","184","56","94","0","184","0","184","0","184","78","107","291","419","240","172","491","264","1130","647","691","267","14653","1537","2489","725","5326","1093","8458","1262","5898","1142","12753","1873","5578","1036","777","361","1285","477",
"0500000US26115","Monroe County, Michigan","110907","800","1074","527","33","57","134","220","0","184","0","184","0","184","0","184","39","65","679","579","0","184","579","342","1079","592","1721","883","1078","393","2004","756","30569","2550","5873","1386","12883","2142","13145","1417","12375","1819","17361","1982","7888","1549","1407","667","986","536",
"0500000US26117","Montcalm County, Michigan","48731","720","567","290","0","184","10","18","0","184","0","184","0","184","0","184","5","2","125","170","0","184","804","391","1260","868","718","464","1080","459","656","354","14564","1704","3419","706","4729","902","7754","1182","5075","1075","5342","941","2043","667","418","329","162","128",
"0500000US26121","Muskegon County, Michigan","123629","986","1256","426","0","184","0","184","0","184","0","184","62","20","0","184","13","24","103","112","0","184","160","117","271","133","1954","658","1506","819","2901","861","33145","3156","7747","1317","14772","2069","18809","1984","14145","1879","18056","2095","5772","1093","1614","555","1343","595",
"0500000US26125","Oakland County, Michigan","916971","229","10271","1999","0","184","0","184","197","296","44","77","136","175","178","201","1243","630","1990","994","329","218","3615","1025","2811","790","6190","1420","7723","1403","10083","1622","144118","6163","18233","2440","56322","3636","113697","5327","71091","4363","267312","7951","147830","6244","34152","2874","19406","2032",
"0500000US26139","Ottawa County, Michigan","194862","774","3266","1135","0","184","0","184","47","82","0","184","8","2","0","184","52","90","438","460","0","184","636","328","848","645","1230","579","1398","598","2918","910","42981","3666","6822","1497","13620","1868","24341","2724","18499","1975","49356","3443","21901","2533","3355","1016","3146","890",
"0500000US26145","Saginaw County, Michigan","131616","1139","1846","605","0","184","0","184","0","184","4","8","0","184","54","86","60","93","160","142","109","114","908","563","171","119","1917","663","2595","889","2337","736","39457","2615","6231","1213","12635","1596","20573","2036","13292","1810","18080","2022","8346","1176","2149","752","692","395",
"0500000US26147","St. Clair County, Michigan","116573","338","1149","400","0","184","34","59","0","184","28","50","0","184","0","184","0","184","97","82","84","137","499","409","597","454","1155","399","2275","875","4132","1171","34698","2215","5372","1111","10613","1336","18395","1885","14129","1834","14524","1741","7088","1207","929","504","775","352",
"0500000US26155","Shiawassee County, Michigan","48976","234","472","424","118","154","0","184","0","184","0","184","0","184","0","184","137","144","0","184","146","155","147","105","200","152","476","376","996","603","768","433","14994","1691","1595","486","5435","885","8716","1136","5396","858","6644","1223","1817","510","638","462","281","198",
"0500000US26159","Van Buren County, Michigan","53101","513","880","373","0","184","25","52","0","184","32","60","77","91","0","184","555","444","207","176","440","358","422","284","705","295","1022","472","565","284","767","359","15865","1718","1667","476","3034","711","7750","1196","5092","760","8538","1267","4229","699","683","397","546","307",
"0500000US26161","Washtenaw County, Michigan","236534","618","2216","669","0","184","0","184","22","38","0","184","0","184","0","184","67","91","614","430","41","68","669","390","891","811","1480","573","2092","871","2555","816","25210","2654","4252","771","12948","1758","24893","2380","16132","1718","65779","3407","49242","3155","11044","1596","16387","2040",
"0500000US26163","Wayne County, Michigan","1195048","138","27323","3609","163","257","43","71","123","191","153","225","1000","632","1934","766","2559","1012","5776","1455","1885","767","7510","1551","14598","2468","23939","3146","25438","3214","32519","3728","284788","9594","64051","4587","89712","5892","185329","7980","102101","5597","198042","7418","95301","5002","18440","2396","12321","2002",
"0500000US27003","Anoka County, Minnesota","254868","884","2880","942","30","56","0","157","0","157","0","157","150","237","45","81","380","381","341","277","176","174","374","339","2328","1043","2323","889","1721","911","3679","1090","59637","3811","10023","1690","20207","2130","33698","2842","30620","2781","59981","3830","20220","2521","3293","846","2762","881",
"0500000US27013","Blue Earth County, Minnesota","40829","1067","845","730","0","157","0","157","0","157","0","157","0","157","11","18","0","157","321","359","0","157","261","173","240","209","494","368","322","199","309","168","7658","1003","1352","540","3554","954","5405","1111","5483","964","10672","1405","2265","584","743","349","894","431",
"0500000US27019","Carver County, Minnesota","75289","453","736","346","0","157","0","157","0","157","0","157","35","59","0","157","0","157","37","63","38","64","60","102","84","94","205","244","382","256","604","317","12032","1452","1219","458","3956","1069","8819","1452","7434","1668","27667","1531","9107","1135","1785","576","1089","381",
"0500000US27027","Clay County, Minnesota","40667","566","541","419","0","157","0","157","0","157","0","157","252","257","0","157","0","157","9","18","0","157","184","182","60","66","434","281","408","354","334","331","8021","1126","797","359","2862","878","5006","1017","4843","988","12036","1553","3813","844","418","243","649","365",
"0500000US27035","Crow Wing County, Minnesota","50359","132","107","64","15","25","0","157","0","157","0","157","0","157","0","157","0","157","67","50","0","157","55","49","428","204","211","146","552","304","732","314","11216","1251","1707","411","4131","630","7727","916","8059","1013","10593","1206","3204","634","1058","396","497","299",
"0500000US27037","Dakota County, Minnesota","306412","155","3682","1181","0","157","0","157","12","19","164","247","0","157","0","157","401","356","259","212","195","211","2554","1798","1067","481","1243","470","2339","923","4296","1271","50916","3976","7625","1310","21315","2152","37785","3050","34337","2865","92993","4404","32759","2756","7642","1296","4828","1208",
"0500000US27053","Hennepin County, Minnesota","882791","473","14590","2272","308","407","0","157","0","157","341","341","1105","923","470","477","234","240","1729","836","477","311","2246","890","3466","1144","3312","1110","5072","1248","12017","2594","117363","6050","19598","2582","41486","3588","95580","4789","76085","4814","302354","8347","128446","6314","33985","3088","22527","2690",
"0500000US27109","Olmsted County, Minnesota","113310","959","1976","759","0","157","0","157","0","157","0","157","154","240","121","167","0","157","67","114","113","136","505","436","223","107","895","395","447","367","578","407","19938","2502","2424","674","6775","1278","9759","1675","12643","1817","32573","3155","12332","1573","6468","1111","5319","1282",
"0500000US27123","Ramsey County, Minnesota","363251","302","13109","2028","124","213","120","147","0","157","98","160","399","426","438","466","221","233","1586","867","552","565","1448","719","1186","576","1280","483","3618","1366","4817","1065","57123","4299","12462","1922","19108","2217","43843","4029","29472","2704","101365","4331","47057","3421","13840","1937","9985","1331",
"0500000US27131","Rice County, Minnesota","43282","517","538","360","0","157","0","157","0","157","0","157","15","29","0","157","0","157","181","219","0","157","218","307","210","360","207","117","919","439","753","560","12807","1694","1381","446","3597","893","5412","1136","4920","892","6948","1002","3534","856","774","328","868","367",
"0500000US27137","St. Louis County, Minnesota","139262","603","826","374","0","157","29","40","0","157","0","157","0","157","0","157","257","313","286","168","112","118","755","470","499","230","1215","506","863","369","1219","558","30628","2355","5074","992","11312","1226","19908","1768","19485","1759","29584","2216","12640","1695","2136","707","2434","676",
"0500000US27139","Scott County, Minnesota","103742","968","1497","704","0","157","0","157","0","157","0","157","0","157","0","157","330","325","595","744","95","163","277","265","440","474","386","260","574","422","865","361","21643","2715","2850","867","7544","1627","11744","1940","13524","1937","27882","2577","10287","1602","1812","773","1397","798",
"0500000US27141","Sherburne County, Minnesota","67786","575","1054","460","22","43","0","157","0","157","0","157","0","157","0","157","0","157","18","33","6","11","403","362","176","211","374","342","314","238","330","197","14910","1598","2066","515","5935","1447","8757","1636","13175","2147","14520","1837","4251","1274","672","395","803","375",
"0500000US27145","Stearns County, Minnesota","100128","802","2103","824","0","157","54","73","0","157","8","13","0","157","0","157","104","176","368","379","0","157","941","479","289","279","226","132","791","401","939","324","25857","2458","2986","642","6269","1223","15540","2029","13410","1544","20284","2164","6616","1273","1914","649","1429","567",
"0500000US27163","Washington County, Minnesota","191056","781","2012","672","0","157","0","157","0","157","0","157","0","157","0","157","0","157","80","141","202","312","368","387","215","271","962","410","660","508","1635","618","27867","2601","5335","1009","11087","1599","21350","2418","21293","2497","61448","3220","25040","2478","6181","1029","5321","1255",
"0500000US27171","Wright County, Minnesota","99434","397","766","347","0","157","0","157","0","157","0","157","0","157","23","41","201","267","56","89","0","157","220","215","502","436","841","511","1205","738","1203","761","21995","1908","3006","979","7171","1355","14566","2357","13931","2139","24644","2283","7054","1606","1063","419","987","527",
"0500000US28033","DeSoto County, Mississippi","129730","590","1488","672","0","222","0","222","0","222","0","222","0","222","268","404","0","222","0","222","24","45","250","300","1313","696","1005","611","1341","733","2664","1184","31924","3651","6753","1580","11865","2491","19289","2474","12468","1974","24224","3116","11171","1960","1937","931","1746","1506",
"0500000US28035","Forrest County, Mississippi","47765","1432","214","205","0","222","0","222","0","222","0","222","62","76","0","222","0","222","33","7","40","70","70","74","379","391","543","334","1218","611","549","307","12302","2221","1547","742","2956","1033","5682","1271","5569","1125","9640","1931","5088","1211","1384","766","489","385",
"0500000US28047","Harrison County, Mississippi","143352","450","2285","850","0","222","0","222","0","222","0","222","711","702","0","222","452","309","299","238","770","504","1844","951","1270","630","1123","425","2774","842","2619","869","32890","2489","9754","1569","11882","1570","17846","1932","16176","2299","25898","1987","10184","1639","3030","957","1545","518",
"0500000US28049","Hinds County, Mississippi","142202","320","2134","847","180","262","0","222","0","222","96","154","178","193","0","222","366","265","306","141","297","237","1459","644","2343","698","3322","1142","3108","994","3846","1295","30936","3329","5663","1331","10239","2014","20221","2409","13725","2302","26554","2627","12169","1699","2282","672","2778","916",
"0500000US28059","Jackson County, Mississippi","101465","920","969","508","0","222","0","222","0","222","0","222","146","180","15","3","182","221","151","144","271","234","393","233","1590","837","1965","786","1996","731","1915","633","19717","2405","6057","1452","6926","1448","17914","2461","14020","2090","18087","2241","5786","1111","1856","937","1509","723",
"0500000US28067","Jones County, Mississippi","43649","825","456","328","0","222","0","222","0","222","0","222","42","76","0","222","91","117","39","71","33","63","1027","634","740","494","538","437","564","340","1403","769","11095","1729","2122","981","4451","1033","5792","1139","6259","1080","6270","1200","1681","635","727","462","319","342",
"0500000US28073","Lamar County, Mississippi","45630","812","890","512","0","222","0","222","0","222","0","222","81","138","0","222","0","222","899","653","340","251","505","658","229","187","298","267","299","174","607","440","6877","1206","2690","906","4602","1501","5076","1296","6074","1404","9455","1793","5210","1357","464","330","1034","456",
"0500000US28075","Lauderdale County, Mississippi","48045","1215","1146","603","0","222","0","222","0","222","0","222","0","222","0","222","70","91","36","63","184","275","301","260","573","294","914","487","463","307","1327","761","10650","2154","3126","934","5111","1243","6447","1609","6933","1558","6091","1336","3640","1146","731","385","302","239",
"0500000US28081","Lee County, Mississippi","54041","690","1758","1180","0","222","53","100","106","181","0","222","0","222","0","222","287","244","40","64","92","99","593","590","889","641","966","554","587","405","1334","579","10196","1498","3122","980","3564","1101","8237","1536","5708","1007","9403","1357","4859","1377","1260","652","987","729",
"0500000US28089","Madison County, Mississippi","75081","1300","770","351","46","76","0","222","151","210","0","222","17","31","87","149","67","130","162","215","300","337","683","399","496","301","283","243","1399","964","502","340","9536","2085","2495","1281","2697","879","9180","1968","7627","1652","23008","2890","9798","2181","3839","1028","1938","744",
"0500000US28121","Rankin County, Mississippi","113094","1016","1040","454","0","222","0","222","134","187","352","380","0","222","0","222","0","222","217","327","937","483","407","237","1194","587","1156","593","1730","788","2774","1151","17104","1762","6698","1521","10644","1965","18002","2364","15086","2373","21229","2612","10512","1543","2278","802","1600","737",
"0500000US29019","Boone County, Missouri","115647","984","962","693","0","197","0","197","0","197","0","197","0","197","128","207","0","197","219","310","241","253","372","304","424","369","1020","470","1320","588","1073","571","17625","1923","3369","907","7941","1475","11909","1699","8529","1443","31969","2530","17615","2021","5827","1299","5104","1198",
"0500000US29021","Buchanan County, Missouri","56730","761","974","544","41","74","0","197","0","197","0","197","0","197","0","197","0","197","2","5","17","30","554","257","970","718","1095","614","1521","629","1063","520","17780","1776","4695","1223","5269","958","6961","1359","4218","1050","7579","1161","3022","716","412","269","557","261",
"0500000US29031","Cape Girardeau County, Missouri","53135","1076","0","197","0","197","0","197","0","197","0","197","0","197","61","113","0","197","122","212","0","197","388","188","235","246","1039","745","909","524","106","110","17103","2434","1445","772","3506","1166","7054","1450","3591","1127","11534","1579","4296","1219","633","346","1113","557",
"0500000US29037","Cass County, Missouri","77298","796","682","305","0","197","131","209","0","197","0","197","79","147","15","29","0","197","138","212","65","74","875","710","777","562","1296","893","1294","726","856","451","19146","1934","2288","804","7641","1298","11074","1809","6775","1300","16094","1942","6568","1312","928","522","576","312",
"0500000US29043","Christian County, Missouri","64050","444","855","547","0","197","0","197","0","197","0","197","0","197","0","197","0","197","0","197","14","26","362","348","139","208","446","269","735","544","302","241","13943","1594","2089","714","7158","1389","9060","1412","7650","1183","14011","1655","5807","1296","922","461","557","311",
"0500000US29047","Clay County, Missouri","179871","1175","2435","838","82","139","0","197","484","597","0","197","0","197","0","197","0","197","95","94","79","132","620","269","257","213","716","381","1514","768","2788","1058","41174","3703","8676","2031","15206","2565","23667","2762","13763","2114","43361","3513","19484","2379","3890","1138","1580","623",
"0500000US29051","Cole County, Missouri","53975","731","370","323","93","162","0","197","0","197","0","197","0","197","0","197","0","197","0","197","0","197","521","259","196","148","172","156","459","288","699","434","11539","1404","3606","882","2700","838","6343","1164","4824","1303","13754","1511","6549","1088","1238","480","912","535",
"0500000US29071","Franklin County, Missouri","75837","399","376","303","0","197","0","197","0","197","0","197","61","16","0","197","11","19","143","159","76","128","807","319","940","404","1916","706","1252","584","849","362","19346","1862","4361","1151","5947","1220","10457","1468","8616","1656","13958","2255","5389","1233","1051","494","281","194",
"0500000US29077","Greene County, Missouri","202291","980","1758","619","16","25","7","6","0","197","0","197","0","197","121","217","0","197","319","257","653","421","790","509","1021","417","3424","1080","2881","1261","3066","902","45977","3381","8985","1336","18748","2524","32975","3238","18954","2176","37268","2969","17818","2272","3952","1107","3558","1110",
"0500000US29095","Jackson County, Missouri","492567","368","8261","1737","36","83","12","3","174","274","0","197","247","255","462","443","329","263","1702","963","734","532","3495","1316","3978","1795","4577","1276","5432","1286","8929","1791","113980","5787","15017","1951","36461","3401","77209","5107","36133","3222","111116","4841","45513","3213","13095","1864","5675","1203",
"0500000US29097","Jasper County, Missouri","82266","536","841","481","0","197","0","197","0","197","0","197","0","197","80","96","0","197","380","445","164","159","295","242","1030","586","2250","895","1455","616","1853","571","23241","2356","4914","1085","7145","1421","12939","1679","4682","1027","14698","1993","4499","978","859","489","941","556",
"0500000US29099","Jefferson County, Missouri","161658","712","1969","840","0","197","0","197","0","197","0","197","0","197","0","197","0","197","138","160","124","133","1086","734","1968","1402","3026","1117","2749","954","1825","703","39747","3133","8635","1643","13779","1892","22820","2761","22105","2516","28806","2810","10103","1918","1455","631","1323","601",
"0500000US29165","Platte County, Missouri","77060","878","339","294","0","197","0","197","0","197","0","197","0","197","0","197","0","197","38","49","0","197","298","379","206","191","753","492","239","136","499","343","13082","1867","2185","940","4647","1209","9555","1885","7122","1294","23843","2434","10179","1710","2654","834","1421","706",
"0500000US29183","St. Charles County, Missouri","290987","1270","2602","1135","0","197","27","45","0","197","0","197","533","445","0","197","282","326","544","487","460","552","1033","405","613","355","1418","691","2022","1037","3719","1211","58617","4017","7762","1647","21920","2607","39173","3330","28313","2925","76255","3789","37726","3291","3762","1191","4206","1083",
"0500000US29187","St. Francois County, Missouri","47753","209","689","315","0","197","0","197","0","197","0","197","0","197","0","197","0","197","69","94","0","197","419","272","1177","441","1312","604","1226","535","1120","454","13136","1380","3861","1021","4035","980","7771","1504","4974","1089","5471","983","1615","577","791","486","87","119",
"0500000US29189","St. Louis County, Missouri","689546","164","5830","1584","168","190","231","188","0","197","0","197","331","390","0","197","1288","1010","642","428","494","375","2166","847","3550","1317","6307","1803","6628","1664","8330","1517","121586","6128","19009","3215","40290","2584","81357","5785","55401","4714","190650","6703","102158","4555","25407","2777","17723","2127",
"0500000US29510","St. Louis city, Missouri","205959","562","2325","877","179","249","35","61","0","197","0","197","193","242","176","286","232","145","83","72","277","328","1702","703","971","548","3846","1232","4417","1354","2920","914","37542","4239","7633","1669","11739","2207","26441","3034","12412","2056","48118","3806","27285","2904","8835","1900","8598","2385",
"0500000US30013","Cascade County, Montana","58681","485","360","234","0","182","0","182","0","182","0","182","0","182","0","182","152","194","35","69","0","182","224","185","435","395","837","452","793","384","601","404","13853","1776","3932","997","5328","1097","7227","1137","7156","1482","11536","1893","4429","1275","1512","609","271","233",
"0500000US30029","Flathead County, Montana","81667","343","204","173","0","182","0","182","0","182","0","182","0","182","93","152","59","108","0","182","294","213","433","357","246","204","391","198","595","458","938","542","19830","2220","3247","941","4770","1163","10648","1549","9355","1611","20235","2176","7776","1477","1537","530","1016","504",
"0500000US30031","Gallatin County, Montana","84207","521","961","879","42","73","0","182","0","182","0","182","0","182","9","3","20","36","409","514","155","195","151","104","0","182","192","225","389","388","548","325","12081","2155","2799","885","4012","942","11984","1644","7493","1751","26038","2078","10923","1651","3214","1189","2787","968",
"0500000US30049","Lewis and Clark County, Montana","53556","409","46","79","0","182","0","182","0","182","0","182","0","182","0","182","0","182","0","182","0","182","42","10","259","382","440","340","898","442","1086","573","10646","1591","2950","1306","2825","739","7609","1378","5935","1150","13305","1950","5054","878","1568","675","893","488",
"0500000US30063","Missoula County, Montana","84883","742","722","550","0","182","0","182","0","182","0","182","0","182","0","182","0","182","56","93","16","13","17","28","653","516","514","284","596","396","978","412","13468","1932","2045","742","3279","902","13463","2169","8719","1371","23323","2125","11098","1794","3476","1053","2460","789",
"0500000US30111","Yellowstone County, Montana","118721","771","522","398","154","172","0","182","0","182","0","182","327","474","0","182","0","182","0","182","19","3","840","422","177","198","587","292","764","405","1000","450","32050","2699","8761","1822","8141","1373","16914","2382","11267","1852","24660","2855","8607","1343","2383","753","1548","623",
"0500000US31055","Douglas County, Nebraska","387846","199","9303","1756","27","51","86","107","368","335","415","310","444","321","243","258","584","389","3448","1261","443","366","1161","721","1702","647","3064","899","4940","1269","4868","1148","65264","4457","10315","1608","26809","3034","52859","3865","29590","3128","106099","4732","44255","3165","13464","1946","8095","1341",
"0500000US31109","Lancaster County, Nebraska","205157","872","3139","1209","334","308","0","174","46","61","74","97","111","180","74","132","0","174","662","488","57","77","532","405","1908","975","1248","491","818","462","2338","758","32372","2639","7821","1769","15760","2112","26398","2769","24557","2632","57753","3539","19644","1977","4455","1023","5056","1196",
"0500000US31153","Sarpy County, Nebraska","131560","477","1336","724","79","93","0","174","0","174","0","174","111","143","29","45","0","174","364","381","132","166","388","274","399","251","637","410","800","450","1731","921","23971","2655","3254","927","10457","1814","16990","2167","16569","2191","34644","2472","14659","1877","3442","1040","1568","735",
"0500000US32003","Clark County, Nevada","1637673","837","53254","5572","646","585","988","790","624","422","1249","509","3707","1238","2573","1090","3484","1314","18841","2660","5439","1626","8318","1911","18255","2875","16752","2728","22084","2765","57227","4571","378191","11531","66135","4815","124191","6879","244093","8908","141463","7182","307884","9877","113058","7478","30053","2916","19164","2751",
"0500000US32031","Washoe County, Nevada","353801","870","7641","2107","157","258","136","170","0","232","0","232","185","236","211","270","773","469","3251","1154","512","527","1823","863","2693","993","3192","1100","5011","1482","8347","2060","67270","4764","12425","1824","30457","3587","56166","4137","28640","3236","78869","4997","31683","2732","9222","1443","5137","1047",
"0500000US33001","Belknap County, New Hampshire","49898","438","0","200","0","200","0","200","0","200","0","200","0","200","0","200","0","200","0","200","110","186","162","212","698","429","451","470","401","259","1163","569","11107","1966","2068","822","3138","758","7233","1231","5972","1153","9791","1652","6287","1409","978","489","339","206",
"0500000US33005","Cheshire County, New Hampshire","57057","554","32","46","0","200","0","200","0","200","0","200","0","200","0","200","0","200","12","22","11","20","322","275","1070","786","929","548","642","309","323","208","15733","1655","2069","779","4786","1044","4993","1336","4661","1019","12676","1591","7287","1389","600","337","911","639",
"0500000US33009","Grafton County, New Hampshire","67375","529","184","120","0","200","0","200","0","200","0","200","0","200","0","200","36","67","0","200","77","127","243","211","315","246","694","400","1004","574","477","256","14599","1746","2225","639","4100","923","6283","1121","5205","1005","15196","1748","9196","1493","3315","878","4226","1152",
"0500000US33011","Hillsborough County, New Hampshire","309642","1212","2358","876","11","18","254","284","0","200","0","200","0","200","510","688","366","336","876","660","1756","940","3296","1611","1931","886","3104","1255","3737","1224","3507","930","63150","4229","13290","2099","18084","1993","29364","3190","31593","3051","82107","4332","39088","3762","5872","1085","5388","1098",
"0500000US33013","Merrimack County, New Hampshire","114613","844","478","359","0","200","27","46","0","200","27","47","0","200","82","138","55","92","1","2","57","58","413","345","967","449","795","404","1998","749","1262","462","26495","2580","4746","1217","8142","1443","10639","1842","12166","1546","26243","2578","14336","2025","4126","1025","1558","623",
"0500000US33015","Rockingham County, New Hampshire","240442","708","1216","611","0","200","0","200","52","88","0","200","60","101","0","200","0","200","0","200","739","676","925","777","1142","833","1479","673","2112","949","1622","759","49966","4652","10745","2129","15210","2284","25277","2945","20037","1928","67521","4039","31885","2896","6772","1379","3682","1201",
"0500000US33017","Strafford County, New Hampshire","91334","682","448","226","0","200","0","200","0","200","0","200","37","68","80","141","87","106","0","200","173","297","288","255","302","451","785","588","1734","864","1676","603","22302","2419","4554","1539","4619","1143","11558","1712","10070","1661","22535","2665","8047","1448","856","414","1183","471",
"0500000US34001","Atlantic County, New Jersey","193545","1280","3536","1286","168","180","0","225","0","225","262","194","132","186","336","396","874","732","998","512","252","302","2364","1073","1615","854","1178","552","3237","1150","5289","2068","52119","4750","5188","1356","14013","2524","22310","3031","15137","2242","42600","3929","14763","1836","4825","1541","2349","854",
"0500000US34003","Bergen County, New Jersey","684037","199","12905","2361","466","651","0","225","110","16","186","197","228","234","1239","1016","1962","1027","2013","895","1751","714","6354","1904","2519","1062","2609","905","4946","1730","12515","2480","123462","6141","11134","2155","25876","2593","59530","4350","49455","4638","222177","7352","100098","5069","27753","3388","14749","2700",
"0500000US34005","Burlington County, New Jersey","338116","671","3197","932","7","2","172","220","0","225","49","84","71","103","41","63","184","216","283","187","587","367","1275","509","1066","498","2565","888","3047","908","4737","1073","76702","4141","10580","2124","21795","2776","40465","3891","27943","3021","88455","4843","42146","3595","8415","1596","4334","960",
"0500000US34007","Camden County, New Jersey","365883","88","6495","1600","216","259","96","158","284","278","240","275","636","368","411","354","899","474","3700","1471","1320","685","3901","1347","2825","830","3054","954","5990","1712","8193","1721","93964","5086","11025","1721","22883","2598","40952","3467","27502","3110","82512","4927","35515","3301","7632","1439","5638","1129",
"0500000US34009","Cape May County, New Jersey","73025","760","494","119","0","225","236","408","0","225","34","7","0","225","36","64","67","117","18","3","0","225","84","90","216","177","289","260","458","297","888","487","20872","2336","1996","780","4358","1155","6820","1575","6093","1082","18022","2303","7665","1070","3194","983","1185","447",
"0500000US34011","Cumberland County, New Jersey","102814","1068","4762","1540","0","225","0","225","4","7","212","313","0","225","580","587","368","466","956","610","906","640","2706","1883","1468","916","1925","1046","3925","1614","3730","1256","31503","2869","5925","1519","5974","1428","11107","1738","7917","1567","13005","2294","4144","810","1346","729","351","265",
"0500000US34013","Essex County, New Jersey","577271","280","13645","2729","154","151","0","225","356","377","1384","864","522","425","3661","1835","2306","1056","8261","2274","1909","842","6494","1595","3506","1219","7425","1924","7703","1652","13647","2554","142708","6931","18714","3267","24124","3256","59777","5892","28087","3049","134426","5801","70177","4038","16357","2082","11928","1954",
"0500000US34015","Gloucester County, New Jersey","212917","782","1671","521","13","7","0","225","10","3","0","225","22","9","600","671","88","130","242","158","413","353","1495","932","613","382","1459","635","1684","654","2206","671","57993","3655","7742","1478","15345","2110","23532","3009","22096","2458","49439","3231","20367","2574","3445","994","2442","727",
"0500000US34017","Hudson County, New Jersey","515006","388","13665","2664","248","259","169","185","558","539","65","94","1279","696","1603","1120","1863","906","6750","2047","2658","1317","5984","1558","3248","1103","4480","1501","6186","1893","13047","2194","95541","5624","11844","2479","20867","2562","43164","4316","26895","3472","154204","7493","74013","4403","17357","2837","9318","1615",
"0500000US34019","Hunterdon County, New Jersey","96075","695","732","353","0","225","0","225","0","225","0","225","0","225","31","53","35","61","22","36","51","89","253","218","622","531","503","463","701","539","1314","574","15432","2047","1533","608","4320","1185","8535","1345","5555","1186","34471","2198","16471","1785","2682","717","2812","771",
"0500000US34021","Mercer County, New Jersey","260234","156","5732","1726","0","225","340","467","260","413","271","389","438","532","1380","976","1421","1353","4014","1833","121","203","834","573","2894","1409","1678","650","2795","1240","6277","1699","50000","4928","7018","1489","14195","2532","26665","3376","16170","2492","61520","4595","38224","3130","7381","1418","10606","1660",
"0500000US34023","Middlesex County, New Jersey","598957","260","15088","2746","311","323","1192","729","395","343","835","610","875","560","1242","494","1617","1020","5822","1655","1789","853","5474","1565","3661","1181","6146","1832","7366","2367","15986","2448","121835","5861","16431","2349","31634","3285","48644","4316","39498","3704","154360","6270","90702","4509","14997","2353","13057","1838",
"0500000US34025","Monmouth County, New Jersey","457264","915","8274","1973","344","386","0","225","0","225","0","225","655","559","808","746","240","130","1348","744","226","253","1703","1003","2182","856","2799","1053","3524","1218","7694","1915","88601","4858","10908","1825","25907","2803","37730","3158","29831","2916","143829","6185","66855","5025","15598","2120","8208","1515",
"0500000US34027","Morris County, New Jersey","367791","710","4529","1217","140","167","41","68","113","159","0","225","286","317","443","419","861","603","1376","764","144","137","713","519","999","544","1455","544","975","544","4041","1326","64594","4530","5946","1317","16918","2081","30240","3223","23859","2481","124090","5465","64884","4150","13164","1968","7980","1159",
"0500000US34029","Ocean County, New Jersey","446156","659","5156","1606","0","225","125","115","82","137","306","386","170","235","428","367","506","521","1962","1002","420","516","1385","618","2462","898","3342","1066","4418","1249","8361","1704","138835","6016","13893","2188","32582","3710","45153","3796","33677","3264","97326","5005","44935","3673","7807","1373","2825","760",
"0500000US34031","Passaic County, New Jersey","345750","853","11318","1992","49","83","0","225","426","340","610","472","959","613","943","687","2204","883","6068","1640","1111","542","8027","2078","3256","1108","5457","1519","6615","1477","8786","1811","104363","5033","9094","1706","18348","2718","32049","2587","18925","2850","69288","3460","28353","2403","6233","1689","3268","950",
"0500000US34033","Salem County, New Jersey","45779","651","1416","948","0","225","0","225","0","225","42","71","11","1","128","232","0","225","0","225","12","3","191","151","313","353","563","368","622","415","860","498","14141","1569","1812","576","3094","763","5463","1256","4808","941","8070","1484","3503","937","566","318","164","148",
"0500000US34035","Somerset County, New Jersey","249716","352","3930","982","0","225","237","384","0","225","173","237","298","219","693","590","472","451","1284","730","326","340","479","391","794","510","1097","656","1205","586","3359","1197","40107","3372","6593","1807","10826","1748","20341","2785","12684","2401","76657","4179","50272","3463","8647","1555","9242","1434",
"0500000US34037","Sussex County, New Jersey","107439","709","816","403","49","80","237","247","0","225","0","225","0","225","0","225","39","66","258","423","55","95","400","352","235","236","487","303","315","194","2015","753","23763","1821","3364","976","8309","1375","13906","1769","8720","1325","29715","1968","11456","1614","2104","692","1196","571",
"0500000US34039","Union County, New Jersey","392042","231","9448","2137","92","112","74","121","297","291","716","452","2028","1012","2095","1013","1954","855","6294","1693","2382","1010","4378","1034","6628","1879","4592","1613","3973","1115","9453","1984","91906","5368","7699","1531","17338","2669","44282","4492","26003","3328","87319","5200","45189","3514","11679","2285","6223","1320",
"0500000US34041","Warren County, New Jersey","81264","583","1883","1435","0","225","0","225","0","225","0","225","0","225","17","31","75","95","438","483","0","225","416","367","236","271","806","454","426","331","789","462","19636","2200","2306","651","4397","1012","9709","1518","10119","2033","21198","2279","6246","1208","1824","837","743","522",
"0500000US35001","Bernalillo County, New Mexico","477915","1748","11505","2357","0","211","0","211","0","211","202","267","399","369","134","208","1051","566","5215","1378","726","612","2988","1150","6988","2105","5907","1444","6551","1462","9029","2124","81365","5526","20502","2700","29842","3131","68617","4405","44256","3905","97338","5500","57858","3230","11469","1844","15973","2281",
"0500000US35013","Doña Ana County, New Mexico","142574","976","3503","964","0","211","45","79","0","211","529","426","1138","678","1012","592","232","253","4537","1333","574","413","1224","687","3472","1263","1391","735","1825","927","3905","1316","29456","3043","5833","1501","6292","1297","17315","2611","14941","2294","26074","2529","12931","1800","2518","1179","3827","1136",
"0500000US35025","Lea County, New Mexico","43682","623","2278","911","84","110","15","27","0","211","63","115","304","265","120","201","856","766","1750","819","217","203","1342","954","1213","804","1696","1063","1204","628","1770","857","9023","1506","2706","971","3360","1038","5322","1184","3790","1192","4054","930","2049","1047","201","218","265","266",
"0500000US35031","McKinley County, New Mexico","44879","287","524","247","0","211","0","211","43","57","0","211","198","178","54","51","643","409","527","346","386","209","744","312","1310","547","1381","455","2050","445","465","276","14787","1520","1370","439","2753","728","9968","1229","2437","587","3208","740","1746","467","160","214","125","130",
"0500000US35035","Otero County, New Mexico","45594","1102","493","416","0","211","0","211","0","211","0","211","114","209","189","314","230","222","1012","692","0","211","90","116","1079","767","1173","844","884","477","1249","679","10069","1988","2874","991","4124","1004","7931","1717","4167","1099","6322","1164","2468","708","515","375","611","500",
"0500000US35043","Sandoval County, New Mexico","110305","857","815","538","0","211","0","211","0","211","0","211","55","59","63","103","25","43","694","522","565","526","483","279","1221","827","1282","513","1791","922","943","431","21099","2720","4892","1189","7931","1531","18948","2336","10911","1873","23292","2845","11222","2019","2537","841","1536","678",
"0500000US35045","San Juan County, New Mexico","80773","781","1822","721","0","211","0","211","0","211","82","96","361","359","81","66","234","138","597","392","310","210","1327","578","1214","450","1332","518","2818","887","1032","489","20812","1917","3936","1235","6419","1118","12488","1630","9426","1396","10441","1658","4176","1097","727","302","1138","578",
"0500000US35049","Santa Fe County, New Mexico","120801","381","1497","717","0","211","0","211","0","211","248","365","6","6","193","210","47","59","1792","999","28","50","1211","926","1865","991","821","633","1167","560","1333","510","21189","2337","5176","1294","5881","1178","15344","2051","7594","1150","26274","2204","18775","1757","4979","908","5381","1139",
"0500000US35061","Valencia County, New Mexico","54774","550","1647","687","0","211","0","211","0","211","128","213","134","208","0","211","0","211","1191","764","57","109","586","459","922","631","761","452","1420","910","1335","620","14489","2111","3084","979","4731","1168","7958","1357","5246","1199","7655","1447","2458","889","389","331","583","362",
"0500000US36001","Albany County, New York","214441","1615","2131","701","23","3","0","218","5","4","0","218","0","218","192","297","429","441","174","275","1224","689","567","322","1282","654","1336","688","1446","662","2527","976","38082","3363","10907","1966","11924","1777","19366","2763","25997","2503","48648","3854","33421","3036","9228","1704","5532","1054",
"0500000US36005","Bronx County, New York","904321","497","54576","5378","170","221","434","517","877","578","1714","1150","4689","1646","3060","1014","6046","1795","13880","2478","6190","1484","21638","3161","21942","3588","18700","6277","26668","3872","35137","3992","201480","9020","55240","5530","43481","4891","104229","5941","71680","5439","134999","7087","60094","5160","10745","2005","6652","1534",
"0500000US36007","Broome County, New York","130860","1557","2310","985","0","218","0","218","0","218","0","218","126","119","29","48","49","72","190","257","121","99","997","604","1220","735","2349","845","1607","562","1606","709","30379","2317","8615","1520","8968","1675","13216","1603","17685","2035","23987","2513","13495","1775","1922","562","1989","625",
"0500000US36009","Cattaraugus County, New York","52825","249","640","248","0","218","0","218","0","218","0","218","0","218","16","4","0","218","7","12","22","25","1663","802","527","239","1315","534","765","291","800","290","16116","1205","4726","857","3830","818","4655","862","6821","978","5936","1115","4265","853","475","254","246","159",
"0500000US36011","Cayuga County, New York","55059","356","628","343","0","218","33","64","0","218","0","218","88","91","14","24","0","218","181","206","207","190","959","362","430","217","887","313","994","307","1051","459","14217","1286","3629","835","4614","969","4657","866","8351","1190","7379","1387","5457","1133","858","377","425","199",
"0500000US36013","Chautauqua County, New York","87982","599","780","338","0","218","0","218","42","7","172","283","0","218","158","241","0","218","335","372","231","306","2556","898","1463","698","1382","664","1985","657","752","342","23690","2035","5061","1011","6042","1149","8071","1425","13783","1431","11309","1655","7879","1132","1318","554","973","376",
"0500000US36015","Chemung County, New York","58185","443","364","285","0","218","0","218","0","218","0","218","0","218","0","218","0","218","0","218","30","48","468","303","443","268","849","439","1320","693","917","408","16114","2029","4694","1244","4265","873","5203","1171","7497","1175","9547","1505","5292","1126","647","326","535","359",
"0500000US36019","Clinton County, New York","55085","560","744","284","0","218","0","218","0","218","71","102","32","5","0","218","0","218","208","211","130","118","723","403","419","223","1334","608","973","373","943","388","13281","1684","3980","951","4253","933","6566","1133","6341","1086","8081","1485","5403","1319","852","456","751","378",
"0500000US36027","Dutchess County, New York","213395","914","3137","1010","0","218","377","471","0","218","90","124","259","268","263","144","236","216","2232","1133","500","381","569","366","1447","484","1973","583","3193","935","3306","1091","41863","3470","10701","2004","13497","2404","20548","2740","22095","2286","45549","3221","31618","2713","6224","1438","3718","1056",
"0500000US36029","Erie County, New York","672911","207","11441","1782","158","141","24","43","288","381","33","4","255","244","564","405","612","393","860","503","787","370","3488","1021","3819","1135","7081","1703","7622","1585","13255","2243","148681","6529","31744","3170","37732","3090","70169","4543","80188","5105","141458","6195","82740","5105","17790","2725","12122","1857",
"0500000US36045","Jefferson County, New York","74117","671","1231","649","0","218","28","38","85","148","23","26","0","218","0","218","0","218","222","306","449","360","379","292","423","289","1134","454","1195","436","1271","570","22424","2115","2969","791","5348","1146","8530","1624","9157","1426","10257","1465","6933","1127","1227","582","832","448",
"0500000US36047","Kings County, New York","1809652","424","68711","5770","733","430","896","545","2042","1067","2673","1083","5496","1426","4214","1442","11233","2264","19061","2866","9764","1980","19852","2568","26270","3996","20797","2955","20630","3016","57750","5616","328800","11867","73695","4688","70837","6230","159022","7953","120634","7149","458858","11786","244760","9049","57897","5120","25027","2813",
"0500000US36053","Madison County, New York","45676","454","465","208","0","218","0","218","0","218","0","218","21","25","0","218","26","27","43","6","116","164","534","326","342","145","693","236","595","233","498","228","11308","843","2063","443","3260","507","4600","730","6845","899","7093","904","5047","677","901","331","1226","420",
"0500000US36055","Monroe County, New York","525326","225","10531","2078","85","99","96","117","161","270","397","260","592","402","188","179","818","547","576","311","462","368","2818","956","3815","1165","5254","1327","7821","1573","7798","1435","100807","5851","20383","2237","33362","3042","48748","4303","62733","4468","122853","4979","71307","4595","12236","1764","11485","1709",
"0500000US36059","Nassau County, New York","972762","130","21535","3204","142","141","194","277","8","3","442","378","2368","905","1342","743","3059","1130","4266","1576","1036","536","3879","1007","2764","1474","4736","1150","6598","1732","18364","2604","177411","8322","22582","3115","46541","3852","86879","6017","93408","5846","256459","9853","152801","6140","47611","3446","18337","2433",
"0500000US36061","New York County, New York","1239152","221","28180","4230","1199","1047","491","461","400","514","1549","1148","4770","1749","2793","1895","5527","2054","9110","2342","2918","1286","14036","3541","16622","3248","11539","2842","11825","4226","18730","3918","114801","8765","28961","3951","32745","5017","88286","7313","40308","5376","414026","11272","244304","9720","97002","8480","49030","4831",
"0500000US36063","Niagara County, New York","152239","707","1384","571","76","122","231","369","0","218","0","218","35","56","97","114","58","100","11","2","527","547","1418","1428","844","405","3018","1221","1409","497","3610","977","41963","2953","10773","1735","9848","1528","16459","2098","20188","1899","23223","1949","13272","1785","2467","771","1328","605",
"0500000US36065","Oneida County, New York","158943","850","2095","755","0","218","0","218","0","218","338","370","0","218","985","494","306","331","212","197","247","219","1249","517","1133","495","3483","1186","2586","738","4603","1304","40846","2686","8711","1777","11648","1803","18419","1995","19075","2317","25852","2889","13890","1772","1728","552","1537","525",
"0500000US36067","Onondaga County, New York","323311","555","5395","1417","76","128","0","218","26","44","47","80","387","293","104","129","464","369","1155","720","356","251","1427","631","2197","929","4557","1275","4708","1417","5048","1344","60541","3052","13251","1990","20359","2255","29702","2344","41184","3654","72775","3379","44443","3478","9261","1583","5848","1141",
"0500000US36069","Ontario County, New York","82485","733","893","476","0","218","18","2","0","218","0","218","0","218","0","218","22","42","160","206","23","39","227","212","461","331","782","373","777","420","1209","446","17462","1788","3937","823","5410","1013","7768","1260","10730","1423","18052","1733","10781","1788","1887","563","1886","801",
"0500000US36071","Orange County, New York","262181","1006","5097","1417","23","43","0","218","0","218","309","369","424","438","203","301","510","562","2157","1114","688","446","1491","902","3911","1141","3214","1029","4349","1175","6592","1737","59375","4009","12844","2621","17136","2304","30679","3274","28186","3568","47729","3669","29758","2615","4214","993","3292","902",
"0500000US36075","Oswego County, New York","80682","449","884","382","0","218","0","218","0","218","0","218","33","57","0","218","67","105","183","200","204","260","568","298","1026","535","1123","730","1790","690","1912","616","22668","2241","6231","1212","6966","1346","8572","1080","11227","1541","11553","1497","4511","767","595","371","569","293",
"0500000US36079","Putnam County, New York","72801","932","469","297","0","218","0","218","0","218","0","218","124","203","97","161","0","218","1161","1097","168","236","151","186","315","327","130","130","609","486","1072","630","14820","1847","2398","1036","4068","846","6788","1214","5769","1182","17999","2071","13462","1743","2290","782","911","437",
"0500000US36081","Queens County, New York","1657169","927","84593","5810","2325","1323","670","332","1381","799","1970","1025","5173","1311","5747","1743","9066","1801","31729","3446","7646","1492","25355","2830","17706","2879","21448","3063","16913","2326","52139","4793","341817","10742","71043","5068","73407","4678","154506","7553","125586","7087","373121","10570","178014","7348","34222","3398","21592","2975",
"0500000US36083","Rensselaer County, New York","112496","760","1930","911","38","65","36","4","0","218","0","218","0","218","0","218","187","121","528","351","107","179","468","437","396","474","733","450","2112","776","1430","779","23758","1995","5040","1494","6913","1420","11315","1778","15595","1842","22306","2226","15620","1911","2105","797","1879","648",
"0500000US36085","Richmond County, New York","345758","83","13628","2115","113","109","58","99","77","132","769","667","127","125","696","642","1942","917","2121","657","874","689","1776","704","4101","1259","3552","1234","3564","1353","9071","2898","87250","4821","14963","2777","16545","2327","37139","3404","24751","3179","74911","5458","36405","3966","7972","1501","3353","1117",
"0500000US36087","Rockland County, New York","207397","118","4281","1461","25","42","87","4","381","389","180","104","264","279","336","247","1008","848","2510","1309","1149","734","2204","788","1476","581","1914","752","2634","1104","8352","1408","40324","3367","5488","1175","10520","1840","20738","2591","17153","2601","48167","3803","27907","2893","7763","1788","2536","778",
"0500000US36089","St. Lawrence County, New York","71910","615","1072","487","0","218","13","24","21","34","75","124","0","218","29","5","11","20","244","200","58","84","624","466","974","696","1458","499","1923","574","792","262","16968","1308","4430","1000","4408","959","9451","1464","9489","1229","10190","1513","6833","1157","1737","705","1110","400",
"0500000US36091","Saratoga County, New York","176190","574","2628","1189","40","7","157","304","77","117","0","218","0","218","25","6","20","5","409","471","243","194","862","432","644","421","778","375","1231","604","1736","620","35106","3136","7657","1261","9188","1574","17111","2063","20344","2385","44176","3103","24432","2894","5172","1449","4154","1088",
"0500000US36093","Schenectady County, New York","110464","817","1150","605","0","218","0","218","0","218","0","218","0","218","776","781","226","273","592","451","274","384","310","201","1018","667","1456","793","1569","869","1303","626","22727","2294","6445","1565","6730","1369","11119","1855","14379","1762","20401","2287","15205","2024","2951","1135","1833","657",
"0500000US36101","Steuben County, New York","66231","447","686","298","0","218","0","218","0","218","0","218","0","218","0","218","12","19","9","2","195","204","360","131","435","236","759","406","1287","432","1561","569","19795","1453","5106","976","4067","673","5417","1032","10031","1010","8529","1146","5580","956","636","340","1766","668",
"0500000US36103","Suffolk County, New York","1075208","297","30079","2917","124","153","553","452","814","908","1409","782","1033","631","1145","546","2286","904","4223","1248","2034","772","5275","1575","6061","1517","7363","1928","9206","2068","21218","2709","235601","8555","29400","2737","56351","3802","114180","6220","112472","5834","232957","7359","152673","6492","31751","2861","17000","2211",
"0500000US36105","Sullivan County, New York","56173","854","742","336","251","392","0","218","65","110","0","218","30","53","121","194","153","217","437","359","66","106","604","442","1251","360","1924","1136","1058","484","782","367","13544","1547","2889","843","3587","784","6395","1221","5446","1170","8905","1320","6119","1011","774","372","1030","734",
"0500000US36109","Tompkins County, New York","60770","897","625","327","0","218","0","218","0","218","0","218","0","218","0","218","79","88","0","218","0","218","220","145","304","198","391","375","655","484","338","346","8288","1330","1689","820","2606","851","5063","1320","3656","852","14369","1691","13434","1530","2049","798","7004","1346",
"0500000US36111","Ulster County, New York","135460","864","1858","745","0","218","0","218","21","36","27","46","64","113","0","218","27","43","393","332","691","730","560","328","1446","633","1985","754","1973","624","1897","708","32652","2782","5215","1334","7351","1416","14330","1983","11947","2067","29914","2685","17627","2226","2964","1014","2518","895",
"0500000US36113","Warren County, New York","50266","535","341","238","0","218","63","113","0","218","12","3","0","218","0","218","0","218","12","3","0","218","96","115","59","62","709","350","758","461","858","446","10956","1472","3287","951","3461","965","4320","837","6579","1166","10792","1497","6098","1202","1458","629","407","290",
"0500000US36117","Wayne County, New York","66514","294","549","438","135","208","14","30","45","65","311","227","0","218","123","142","11","25","0","218","632","237","739","470","282","213","1135","444","1275","438","966","599","16368","1879","4185","1053","4994","857","8051","1411","9029","1518","10715","1429","5933","1081","584","349","438","295",
"0500000US36119","Westchester County, New York","698558","272","13018","2545","76","91","124","206","292","335","996","665","1985","863","1810","878","3181","1511","8026","2914","1006","687","4963","1344","5559","1572","5602","1515","6981","1871","20560","3418","111753","6883","19104","3019","26180","2610","50998","4077","38572","3426","189687","7914","129041","5607","40368","3548","18676","2302",
"0500000US37001","Alamance County, North Carolina","120632","1007","637","380","0","222","0","222","83","124","585","434","50","67","112","146","1245","811","591","347","105","164","1205","610","1081","457","1884","968","2058","1001","2136","878","28503","2812","7517","1547","7702","1425","14392","2328","15358","2377","23628","2648","8891","1738","1550","562","1319","609",
"0500000US37019","Brunswick County, North Carolina","130743","791","1231","770","138","212","0","222","0","222","0","222","0","222","231","310","0","222","178","194","284","424","964","567","396","394","2195","1026","1488","714","1417","642","29831","2982","5557","1362","8634","1247","16141","2039","16360","2338","29770","2873","12341","1834","2102","626","1485","549",
"0500000US37021","Buncombe County, North Carolina","206190","1858","1451","704","0","222","0","222","0","222","0","222","0","222","44","3","0","222","478","445","38","63","526","495","2384","1033","2331","924","2623","1209","3203","1333","35134","4034","7022","1494","11372","2225","21744","3113","18160","2122","59380","4945","26128","2904","8030","1317","6142","1991",
"0500000US37023","Burke County, North Carolina","65335","840","1478","571","0","222","0","222","0","222","0","222","0","222","125","155","216","206","0","222","249","315","322","211","2425","1119","2000","739","1551","660","850","502","17163","2081","4887","1290","5521","1341","7502","1627","8019","1419","9632","1478","2636","699","640","449","119","121",
"0500000US37025","Cabarrus County, North Carolina","160935","1539","3744","1757","0","222","0","222","0","222","39","72","134","170","142","221","0","222","877","1214","392","310","636","282","965","561","2198","921","1936","924","3052","1096","29691","2986","5955","1425","13348","2395","18140","2468","18230","3103","36482","3417","20337","2851","3206","1100","1431","766",
"0500000US37027","Caldwell County, North Carolina","59736","615","637","346","0","222","0","222","0","222","0","222","0","222","0","222","123","166","536","519","391","337","942","847","1313","750","1663","631","1560","828","1798","931","17005","2152","4691","1085","4795","1121","7538","1671","6226","1362","6810","1298","2972","1130","331","245","405","371",
"0500000US37031","Carteret County, North Carolina","55275","646","400","249","0","222","0","222","0","222","0","222","0","222","0","222","0","222","0","222","30","51","137","139","337","423","792","489","601","626","1065","559","10503","1586","2159","721","4203","1037","7463","1264","7347","1258","13238","1592","5618","1085","629","298","753","294",
"0500000US37035","Catawba County, North Carolina","115705","878","1483","498","0","222","33","61","0","222","0","222","0","222","34","57","0","222","374","377","0","222","1765","876","1991","768","2312","912","2497","1267","2574","1128","26543","3188","5677","1624","10996","1867","15692","2474","14368","2293","20509","2891","6736","1475","1177","610","944","535",
"0500000US37037","Chatham County, North Carolina","61593","1181","268","213","0","222","0","222","0","222","234","331","273","374","0","222","0","222","0","222","141","234","656","536","193","243","654","474","218","272","1079","896","10165","1912","1870","911","2726","916","6414","1251","6398","1569","15557","2603","8442","1430","3013","854","3292","1193",
"0500000US37045","Cleveland County, North Carolina","70879","864","1070","551","0","222","0","222","0","222","0","222","37","53","0","222","0","222","228","304","66","114","122","136","2196","846","1950","751","737","369","1478","676","17501","2291","4838","993","5051","1233","7776","1549","8924","1850","12464","1698","4732","1252","746","495","963","607",
"0500000US37049","Craven County, North Carolina","70552","1138","482","359","0","222","0","222","64","105","129","164","26","54","0","222","0","222","111","158","134","201","132","164","787","459","1013","545","1289","616","887","360","17295","1984","4390","1341","6172","1264","11978","2008","7559","1276","12168","1767","4883","1212","769","404","284","195",
"0500000US37051","Cumberland County, North Carolina","210887","556","3288","958","47","81","0","222","0","222","66","76","131","159","74","77","88","93","817","427","246","214","1264","468","1380","458","2771","585","2484","622","2912","808","45788","3161","8864","1266","19012","2189","34786","2403","26254","2173","38127","2962","17768","1844","2802","916","1918","595",
"0500000US37057","Davidson County, North Carolina","123989","1147","1426","904","0","222","0","222","163","272","0","222","293","436","0","222","154","170","765","594","960","641","2075","892","1211","698","2074","878","2424","1116","2077","954","31174","3063","7571","1795","10066","1955","20377","2795","12769","1784","20165","2670","6287","1324","1223","757","735","495",
"0500000US37063","Durham County, North Carolina","235826","722","3896","1652","0","222","355","546","107","81","919","649","789","607","0","222","562","628","1627","764","418","481","1966","954","1666","855","1818","979","1200","725","3153","1060","31467","4620","4859","1197","9200","1691","23080","3095","14338","2237","72452","6335","35809","4259","12221","2349","13924","2434",
"0500000US37067","Forsyth County, North Carolina","265007","450","4858","1991","900","946","254","331","272","381","0","222","1520","1110","143","266","191","204","1237","842","399","340","1774","1016","3517","1799","1886","872","2065","681","3060","978","51866","4450","8168","1624","17446","2770","32790","3748","23104","3236","69488","4444","28246","3395","7017","1258","4806","1036",
"0500000US37069","Franklin County, North Carolina","55012","898","832","497","0","222","0","222","0","222","0","222","194","335","0","222","181","246","573","505","109","150","409","342","304","252","648","369","953","563","921","505","14876","2110","1872","596","4950","1288","7904","1533","6346","1456","9192","1658","3722","1075","381","262","645","377",
"0500000US37071","Gaston County, North Carolina","164829","1347","2716","905","0","222","0","222","334","437","0","222","139","207","161","217","345","258","919","708","904","505","1630","786","1613","627","3003","1081","3210","1334","2183","730","39054","3262","7508","1511","13564","2136","23005","2688","17812","2632","32225","2410","10248","1438","2345","985","1911","734",
"0500000US37081","Guilford County, North Carolina","363450","672","4630","1324","0","222","191","292","0","222","0","222","590","390","609","598","369","374","2360","1183","538","458","2620","1146","3061","915","3621","1132","4325","1256","6749","1635","70977","4887","13306","2265","25992","3444","51291","4177","33963","3292","84365","5427","40300","3623","7006","1680","6587","1452",
"0500000US37085","Harnett County, North Carolina","92806","1037","3080","1194","0","222","0","222","0","222","0","222","0","222","0","222","0","222","385","348","67","115","681","592","683","464","1621","724","2041","1150","2027","813","22523","2712","3918","1613","6300","1319","10848","1909","12632","1923","16341","2238","7997","1639","770","423","892","584",
"0500000US37089","Henderson County, North Carolina","89872","925","2148","1068","0","222","0","222","0","222","61","104","0","222","143","242","592","873","374","400","330","420","269","215","1546","670","710","446","960","432","829","425","18121","2469","4348","1133","4786","1097","11171","1761","9110","1608","21454","2599","9791","1728","2180","822","949","529",
"0500000US37097","Iredell County, North Carolina","140226","1099","3031","1125","0","222","0","222","0","222","0","222","336","351","0","222","0","222","123","184","51","88","934","620","1153","586","1043","667","1445","715","2150","905","31842","3141","7861","1829","8780","1725","17566","2461","14399","2088","33325","3386","12593","2076","2350","883","1244","543",
"0500000US37101","Johnston County, North Carolina","162375","892","3667","1239","0","222","0","222","239","225","0","222","357","369","270","250","539","535","1869","1233","138","209","953","654","1890","638","2392","914","2818","860","2497","824","36434","3397","6737","1701","13699","2235","18507","2124","18472","2380","36166","2973","11841","1806","1820","999","1070","605",
"0500000US37105","Lee County, North Carolina","46432","962","936","596","48","101","0","222","0","222","0","222","154","236","64","88","0","222","647","560","357","423","509","538","700","443","317","289","1946","1087","607","445","10385","1574","2200","779","4250","1280","6994","1410","5876","1472","7146","1599","2435","857","364","297","497","377",
"0500000US37109","Lincoln County, North Carolina","69443","820","1923","869","0","222","0","222","0","222","0","222","0","222","0","222","0","222","329","339","110","186","1101","551","172","152","1974","868","740","450","1072","495","14868","2706","2894","1018","3750","1136","10636","1613","9781","2029","14683","2344","4264","1139","869","536","277","259",
"0500000US37119","Mecklenburg County, North Carolina","793990","434","12316","2356","98","122","733","997","359","365","1144","729","1135","707","605","438","2731","1367","9454","2297","4489","1519","3033","1277","6478","1607","5452","1193","6517","1630","13049","2090","108165","6929","17525","2670","36096","3185","90366","6492","64177","5346","256991","8854","114507","4997","24529","2593","14041","2310",
"0500000US37125","Moore County, North Carolina","77870","979","1066","724","66","114","0","222","0","222","0","222","0","222","0","222","79","144","0","222","316","446","983","703","464","493","1036","578","1235","679","841","518","12759","2179","1786","744","5262","1274","9331","1804","8330","1276","20452","2232","9911","1771","2182","791","1771","558",
"0500000US37127","Nash County, North Carolina","68053","1096","509","386","0","222","0","222","0","222","0","222","0","222","0","222","253","290","798","315","626","397","658","397","1618","1092","967","482","2572","923","1427","684","19799","1899","3819","1167","3784","929","8923","1611","6520","1418","10439","1617","3898","1152","687","465","756","486",
"0500000US37129","New Hanover County, North Carolina","166553","814","2448","1319","68","112","0","222","0","222","75","83","0","222","0","222","0","222","776","553","122","143","593","345","1542","728","1969","886","2038","986","1576","753","21314","2355","3418","943","12221","2048","21624","2419","18213","2008","50878","3043","18728","2257","4657","948","4293","1187",
"0500000US37133","Onslow County, North Carolina","118073","604","631","569","0","222","0","222","66","107","0","222","0","222","202","329","0","222","394","415","80","133","567","382","875","561","1161","657","924","632","1102","450","32443","3160","5211","1429","9828","1748","19649","3007","17038","2562","18530","2272","7262","1600","1177","699","933","599",
"0500000US37135","Orange County, North Carolina","94015","1045","755","403","0","222","0","222","0","222","145","219","145","181","179","201","256","343","565","509","356","322","606","385","552","343","608","408","485","370","1101","620","9954","1471","1318","553","3579","970","8362","1577","5808","1362","25876","2593","17659","1747","6533","1138","9173","1586",
"0500000US37141","Pender County, North Carolina","48229","519","346","270","0","222","0","222","0","222","0","222","0","222","0","222","0","222","40","71","632","318","735","587","795","479","974","617","118","81","945","598","10952","1699","2052","820","3787","1109","5433","1065","4928","1105","10608","1742","4376","1150","1046","540","462","390",
"0500000US37147","Pitt County, North Carolina","108419","757","569","373","385","588","142","217","0","222","0","222","270","405","0","222","43","71","546","439","544","382","385","298","1582","894","1099","670","2077","975","1230","635","22271","2762","4693","1573","6866","1472","15705","2490","12177","1975","20713","2353","11702","1968","3566","1125","1854","850",
"0500000US37151","Randolph County, North Carolina","102719","930","2156","957","0","222","0","222","42","74","0","222","180","279","501","629","201","208","1622","829","354","290","1917","946","2941","1073","4698","1882","1454","658","1456","677","27404","2169","7899","1472","6888","1385","10883","1922","11237","1797","14672","2497","5543","1574","500","363","171","172",
"0500000US37155","Robeson County, North Carolina","74858","318","1165","557","9","3","60","96","62","102","139","218","202","181","44","71","174","131","1056","456","463","214","1008","348","2033","553","2814","645","2879","760","1725","562","24467","1353","3675","818","3062","701","11826","1241","7451","1015","7147","1052","2970","703","348","190","79","69",
"0500000US37157","Rockingham County, North Carolina","67324","1106","1218","620","0","222","0","222","0","222","0","222","0","222","0","222","293","279","329","326","201","152","684","454","1526","875","2437","992","1408","933","1494","901","18237","2354","4233","1196","5419","1435","9479","1713","8068","1554","8075","1252","2767","952","1150","1276","306","212",
"0500000US37159","Rowan County, North Carolina","104520","1222","1887","1347","0","222","0","222","0","222","0","222","218","337","0","222","214","288","120","242","550","635","1160","598","1160","654","973","578","1945","924","1317","942","27558","3356","5897","1477","9340","1899","13967","2218","12320","2398","17068","2277","6902","1758","1101","528","823","507",
"0500000US37161","Rutherford County, North Carolina","47677","405","692","451","0","222","0","222","0","222","0","222","33","83","0","222","0","222","165","183","157","190","395","297","1012","513","1629","755","1131","551","1011","460","11082","1308","3545","906","3847","957","7222","1276","5795","1245","6154","1153","2943","807","431","291","433","294",
"0500000US37167","Stanly County, North Carolina","46385","735","634","500","102","170","0","222","0","222","0","222","0","222","0","222","0","222","23","39","298","353","600","493","626","441","1192","498","985","571","1335","606","11480","1685","2630","838","3422","733","6534","1434","7619","1263","7249","1389","1405","454","92","120","159","143",
"0500000US37171","Surry County, North Carolina","51117","482","821","524","0","222","85","168","0","222","66","116","0","222","49","99","116","229","775","687","475","529","968","618","1506","690","596","302","1300","547","1066","409","10966","1629","2243","725","5623","1222","7142","1584","6218","1214","7700","1276","2743","832","363","240","296","241",
"0500000US37179","Union County, North Carolina","167990","979","4578","1275","0","222","118","148","440","517","69","129","231","382","37","65","484","382","534","343","0","222","746","536","743","441","2477","1095","988","543","3628","1132","34652","3112","6297","1435","9933","1699","18435","2400","14509","2148","44602","3627","17904","2362","3520","969","3065","1023",
"0500000US37183","Wake County, North Carolina","816613","297","10508","2868","121","142","358","516","0","222","0","222","1944","1034","55","95","1498","1373","4890","2460","1151","791","2362","1036","5021","1578","3815","1310","5676","1820","10878","2751","91801","6772","16764","3166","33069","2906","86882","6167","59336","4936","287025","9148","142724","6400","24909","3182","25826","2903",
"0500000US37191","Wayne County, North Carolina","79276","830","689","370","0","222","0","222","0","222","482","398","290","357","0","222","209","323","1397","666","107","149","1037","640","2136","680","2077","782","1660","883","1237","531","21114","2087","4756","1076","6019","1301","11841","1745","6484","1145","12287","1819","4675","1237","403","303","376","273",
"0500000US37193","Wilkes County, North Carolina","47621","598","792","561","0","222","0","222","0","222","0","222","0","222","0","222","64","109","174","164","299","313","483","367","2115","946","2094","1069","1127","731","899","581","11591","1822","2233","787","4696","1119","6045","1353","6123","1256","6174","1514","2196","1077","438","325","78","136",
"0500000US37195","Wilson County, North Carolina","54537","957","657","416","0","222","0","222","0","222","191","256","415","451","0","222","62","79","623","533","293","202","627","387","1033","578","1511","767","1030","458","1046","517","14512","1958","3405","903","3150","1229","7582","1448","7074","1439","6712","1443","3320","863","874","494","420","238",
"0500000US38015","Burleigh County, North Dakota","68141","774","202","304","0","174","0","174","0","174","0","174","0","174","17","2","0","174","0","174","22","2","491","272","347","313","410","415","392","181","316","257","12748","1886","2005","821","3088","844","10236","1687","10697","1655","18988","1995","6720","1572","735","437","727","378",
"0500000US38017","Cass County, North Dakota","123920","1349","1297","804","0","174","0","174","0","174","0","174","0","174","5","3","0","174","0","174","0","174","577","289","528","348","458","282","783","583","799","389","18139","2342","2967","972","8532","1552","17957","2398","18139","2225","35875","3137","11392","1831","3316","1044","3156","874",
"0500000US38035","Grand Forks County, North Dakota","43613","796","382","400","0","174","0","174","0","174","0","174","0","174","12","4","0","174","0","174","0","174","95","113","145","210","14","26","175","102","539","374","8033","1297","1036","446","4090","999","8495","1648","5381","1021","8544","1608","4285","1188","836","564","1551","609",
"0500000US38101","Ward County, North Dakota","null","null","null","null","null","null","null","null","null","null","null","null","null","null","null","null","null","null","null","null","null","null","null","null","null","null","null","null","null","null","null","null","null","null","null","null","null","null","null","null","null","null","null","null","null","null","null","null","null","null",
"0500000US39003","Allen County, Ohio","68452","603","595","345","0","208","0","208","48","81","0","208","0","208","0","208","0","208","90","148","0","208","195","233","245","183","1366","641","975","557","1218","471","24755","2038","3746","1104","5316","938","8866","1378","7425","1240","8060","1545","3840","1032","956","402","756","437",
"0500000US39007","Ashtabula County, Ohio","68261","829","989","525","0","208","21","38","0","208","61","105","0","208","0","208","176","274","57","20","145","87","764","421","397","305","1361","447","1343","625","1388","820","23346","1914","5303","1270","6013","1274","8196","1211","5839","1301","8377","1402","3440","953","632","395","413","261",
"0500000US39013","Belmont County, Ohio","47815","536","133","121","0","208","0","208","0","208","120","191","0","208","0","208","0","208","146","154","37","43","294","214","250","111","1009","532","639","257","443","360","17542","1797","1596","424","3051","804","5396","1095","5718","1185","6746","1520","3694","1006","558","478","443","334",
"0500000US39017","Butler County, Ohio","254202","1388","5956","1951","0","208","0","208","0","208","89","150","108","186","78","131","508","547","12","20","292","400","1478","597","2160","711","2308","775","4332","1356","5529","1441","71878","4368","8730","1708","17614","2708","26660","3015","24307","3072","50680","3926","22559","2351","4504","1407","4420","1185",
"0500000US39023","Clark County, Ohio","93767","578","920","360","43","71","0","208","0","208","0","208","73","121","0","208","0","208","331","292","299","349","1222","694","1289","854","1975","688","1571","498","1823","633","28126","1830","6328","1205","9966","1546","12386","1436","9855","1534","11048","1586","4945","1411","517","315","1050","467",
"0500000US39025","Clermont County, Ohio","149457","609","1692","595","211","222","0","208","0","208","0","208","0","208","0","208","0","208","23","43","260","291","640","310","727","377","2846","1000","1776","832","2021","681","41191","3843","7608","1881","12375","1952","16966","2369","13165","2005","29918","2508","14974","1869","1557","506","1507","613",
"0500000US39029","Columbiana County, Ohio","73316","444","555","385","60","97","83","131","0","208","0","208","8","6","0","208","68","113","0","208","0","208","408","280","898","469","1991","801","2776","1015","1697","682","30376","2228","3153","798","4379","1099","8159","1493","8260","1586","7468","1510","2156","724","475","306","346","249",
"0500000US39035","Cuyahoga County, Ohio","881523","165","13156","2120","88","104","138","229","122","151","96","125","719","488","765","736","590","576","1411","623","1025","694","5078","1236","6360","1797","10840","2201","19219","2677","16606","2334","205390","8712","31660","3075","60672","3835","108088","6362","69748","4850","183149","5517","99109","5399","30179","3213","17315","1983",
"0500000US39041","Delaware County, Ohio","155193","1123","1126","548","0","208","0","208","0","208","0","208","80","105","0","208","0","208","0","208","37","4","150","146","257","287","723","449","654","337","1433","841","22871","2589","1845","999","7799","1484","15574","2082","10927","1987","53858","3000","26651","2656","5876","1399","5332","1335",
"0500000US39043","Erie County, Ohio","55188","365","410","309","0","208","0","208","0","208","0","208","52","118","0","208","0","208","144","224","38","4","441","438","460","406","629","391","677","321","722","447","18186","2279","2179","708","4548","1172","6704","1656","4718","1138","10625","1975","3433","947","368","287","854","516",
"0500000US39045","Fairfield County, Ohio","112784","714","964","424","0","208","0","208","53","88","0","208","0","208","0","208","0","208","0","208","30","2","453","388","302","208","1727","810","2183","752","1799","681","36115","2697","2450","777","8335","1509","13430","2031","10373","1563","21218","2092","10016","1776","2030","865","1306","545",
"0500000US39049","Franklin County, Ohio","893378","407","18035","3229","224","193","418","367","0","208","1328","849","604","440","767","654","1068","876","2931","1334","1918","1058","4868","1271","7855","2318","11652","1855","12377","2458","13721","2665","185262","6928","22814","2679","47859","3985","106907","6104","63110","4220","235101","6901","108909","5866","24640","2705","21010","2516",
"0500000US39055","Geauga County, Ohio","66917","364","380","237","0","208","0","208","0","208","0","208","0","208","0","208","82","160","0","208","40","68","4785","1427","262","243","280","188","34","59","329","223","16956","2095","1707","556","4686","1047","8253","1393","5038","928","14557","1681","5881","1282","2640","1012","1007","435",
"0500000US39057","Greene County, Ohio","116302","862","404","305","107","94","0","208","0","208","0","208","109","134","0","208","0","208","0","208","252","282","924","601","516","228","1494","698","1262","654","986","483","24162","2273","3910","878","9455","1585","11584","1977","11904","1929","25397","2434","17625","1819","3214","1090","2997","781",
"0500000US39061","Hamilton County, Ohio","560823","349","4692","1286","77","125","0","208","0","208","0","208","471","278","252","294","232","285","1409","749","650","328","2513","783","3588","1304","7331","1448","8375","1687","8843","1788","109642","5318","21218","3177","30964","3283","62331","4816","50445","4509","141310","6601","76560","4729","17606","2656","12314","1609",
"0500000US39063","Hancock County, Ohio","null","null","null","null","null","null","null","null","null","null","null","null","null","null","null","null","null","null","null","null","null","null","null","null","null","null","null","null","null","null","null","null","null","null","null","null","null","null","null","null","null","null","null","null","null","null","null","null","null","null",
"0500000US39085","Lake County, Ohio","169725","1022","2141","943","170","241","0","208","0","208","0","208","295","409","29","51","173","246","14","4","539","552","395","270","471","497","1640","706","1570","531","2473","821","46586","3334","5257","1388","13513","1689","20651","2714","17048","1934","36627","2934","14925","1437","2403","704","2805","792",
"0500000US39089","Licking County, Ohio","125853","448","1246","535","0","208","0","208","0","208","0","208","0","208","0","208","0","208","30","57","150","230","768","419","826","388","1619","642","1517","651","2108","667","38762","2817","4274","983","8764","1470","18187","2298","13922","2042","22925","2116","8695","1457","1196","491","864","320",
"0500000US39093","Lorain County, Ohio","224008","929","1366","603","124","224","78","73","0","208","0","208","99","160","70","93","120","129","1194","620","118","135","831","403","1666","750","2933","1062","4939","1267","3548","890","55864","3486","10381","1588","19105","2186","32537","3143","23152","2290","38324","3145","20631","2443","4565","1572","2363","943",
"0500000US39095","Lucas County, Ohio","291778","420","4497","1411","69","72","0","208","0","208","186","302","54","85","124","146","162","208","1048","487","438","362","2589","1158","3079","845","4764","1415","5187","1266","7346","1699","73604","4220","12766","1603","20093","2186","39426","2649","28978","2464","49292","3213","27173","2591","6272","1245","4631","876",
"0500000US39099","Mahoning County, Ohio","162089","941","2315","1070","165","227","91","150","0","208","0","208","207","260","102","174","33","57","134","142","194","245","931","570","1273","492","3014","695","2702","655","3270","867","53173","2862","6699","1592","12442","1810","18328","2101","15135","2134","25902","2661","12658","1903","2272","676","1049","401",
"0500000US39101","Marion County, Ohio","46515","591","1172","714","0","208","0","208","0","208","0","208","8","15","0","208","0","208","0","208","0","208","421","344","955","588","1479","866","1134","592","905","455","16736","1786","4053","1006","4169","890","5174","923","4553","1290","3319","901","2116","762","250","220","71","111",
"0500000US39103","Medina County, Ohio","131761","515","770","408","0","208","28","51","0","208","0","208","8","2","0","208","0","208","8","2","0","208","513","439","706","555","1005","476","2044","738","2046","773","36282","2808","4109","1076","10868","1649","14517","1945","12750","1730","30348","2531","12119","1719","2539","826","1101","497",
"0500000US39109","Miami County, Ohio","77994","808","1071","818","82","136","0","208","0","208","0","208","0","208","0","208","0","208","6","11","0","208","415","371","531","325","998","574","900","653","2637","1682","25890","2478","3167","1005","5552","1178","7381","1292","8348","1273","12710","2095","6994","1565","1025","513","287","262",
"0500000US39113","Montgomery County, Ohio","366667","574","4995","1201","0","208","138","226","0","208","0","208","0","208","63","116","23","39","995","595","409","405","2460","813","2678","1178","3722","1053","4850","1379","6705","1759","84430","4856","14768","2279","30015","3078","55057","3794","36207","3196","68883","3886","38680","3367","6079","1431","5510","1183",
"0500000US39119","Muskingum County, Ohio","59260","643","532","309","0","208","0","208","0","208","0","208","0","208","0","208","0","208","57","95","0","208","363","256","1146","619","869","523","1868","673","2265","999","22006","1892","2779","939","4844","1555","5436","1316","5781","1160","7628","1454","3025","800","565","419","96","128",
"0500000US39133","Portage County, Ohio","108426","1328","579","388","0","208","0","208","39","66","0","208","0","208","0","208","0","208","0","208","35","59","977","1020","622","443","1363","625","2218","1060","1471","569","32884","2701","3876","954","8388","1392","13243","1950","9153","1389","20868","2105","9942","1678","1226","615","1542","617",
"0500000US39139","Richland County, Ohio","89346","632","1177","598","0","208","0","208","0","208","0","208","0","208","0","208","0","208","0","208","776","596","591","429","1426","796","2205","733","2210","851","2816","1072","31200","2408","4865","1086","6905","1376","9726","1607","8556","1617","10866","1749","5145","1067","417","272","465","362",
"0500000US39141","Ross County, Ohio","54546","372","679","405","0","208","0","208","0","208","0","208","0","208","0","208","100","169","0","208","298","395","329","317","706","423","1539","768","1734","804","1024","391","20029","1876","2227","625","4796","1031","4890","1128","5450","1464","7555","1465","2546","865","326","272","318","286",
"0500000US39145","Scioto County, Ohio","50382","614","304","263","0","208","0","208","0","208","0","208","0","208","0","208","0","208","12","21","303","254","656","342","461","409","464","311","1018","525","1355","589","18289","1720","2708","758","5094","1227","6716","1182","4265","992","6132","1419","1871","581","233","160","501","441",
"0500000US39151","Stark County, Ohio","262385","856","2124","672","0","208","0","208","0","208","0","208","192","239","0","208","0","208","6","4","315","201","1762","817","2790","1389","3024","1033","5125","1508","6096","1447","80953","4489","8449","1394","21275","2547","33064","2794","27671","2584","46854","3428","18629","2550","2460","816","1596","661",
"0500000US39153","Summit County, Ohio","382690","887","5804","1600","48","79","245","240","236","369","0","208","61","103","334","310","111","185","556","418","65","106","973","366","1412","663","3008","1121","4669","1165","6322","1285","95096","5571","10653","1867","29178","3282","47425","3735","30436","3370","91659","4841","39234","3231","8705","1622","6460","1466",
"0500000US39155","Trumbull County, Ohio","144310","1033","1792","751","0","208","0","208","0","208","0","208","14","4","0","208","412","520","0","208","0","208","3543","1008","1555","841","1678","593","2610","978","1619","499","57343","3278","6864","1357","9639","1794","14640","1960","12926","1667","19050","2351","7839","1364","1966","973","820","444",
"0500000US39157","Tuscarawas County, Ohio","63441","382","524","383","0","208","0","208","0","208","0","208","0","208","155","135","36","64","0","208","84","136","3676","1451","268","199","1418","784","1776","797","872","546","24534","1993","3511","954","3762","986","6057","1275","5263","1153","8011","1640","2568","776","557","435","369","245",
"0500000US39159","Union County, Ohio","48168","309","314","280","0","208","0","208","0","208","0","208","0","208","0","208","0","208","0","208","0","208","284","226","16","16","353","396","787","523","343","235","13037","1676","1178","354","2527","695","6468","996","4540","1117","11023","1570","5572","1241","1234","642","492","320",
"0500000US39165","Warren County, Ohio","174225","891","1821","850","0","208","0","208","0","208","0","208","0","208","0","208","0","208","402","541","349","389","592","315","1342","685","1444","537","1014","420","1790","630","35821","3617","4469","1004","11468","2418","15547","2362","14379","2122","50084","3935","26237","2737","4279","1058","3187","1294",
"0500000US39169","Wayne County, Ohio","77279","505","1020","493","105","162","0","208","62","105","0","208","0","208","0","208","0","208","62","106","11","23","4855","1391","455","221","948","501","884","405","1467","651","24315","2070","2943","884","4977","1011","8472","1517","6238","1225","13417","1720","5475","1174","667","389","906","522",
"0500000US39173","Wood County, Ohio","85052","475","286","159","0","208","0","208","79","137","0","208","30","52","0","208","0","208","22","39","0","208","127","148","204","208","200","130","999","419","789","412","23150","1641","2983","779","5320","936","11153","1701","9431","1463","16723","1904","10157","1524","1715","528","1684","595",
"0500000US40017","Canadian County, Oklahoma","116259","838","1165","657","0","165","0","165","0","165","328","521","0","165","0","165","0","165","317","271","272","220","570","400","1177","654","834","410","1149","521","1895","821","26033","2529","5342","1498","9246","1664","20004","2410","9870","1471","26633","2940","9389","1563","1225","638","810","458",
"0500000US40027","Cleveland County, Oklahoma","194423","1008","4254","1293","0","165","35","58","0","165","0","165","0","165","85","114","0","165","508","323","159","158","324","207","999","544","3165","928","1296","463","2988","846","43082","3697","8359","1562","16353","2355","28088","3031","17750","2192","38136","3228","20385","2280","4521","1269","3936","1032",
"0500000US40031","Comanche County, Oklahoma","79021","314","1027","448","147","151","0","165","0","165","63","105","10","17","38","63","0","165","261","270","255","223","870","337","357","224","1038","313","1660","459","1380","550","21509","1675","4303","822","6089","785","13614","1598","5986","902","12176","1305","6100","1107","1121","465","1017","437",
"0500000US40037","Creek County, Oklahoma","50156","390","517","288","0","165","0","165","0","165","0","165","44","72","33","56","0","165","343","230","491","257","578","284","949","392","1233","336","1187","362","498","216","17741","1335","2588","493","3301","744","6984","939","4475","809","6557","781","2093","544","343","179","201","131",
"0500000US40101","Muskogee County, Oklahoma","44527","461","415","224","0","165","99","166","0","165","201","103","25","40","0","165","20","41","180","156","77","89","671","261","478","299","620","321","1486","467","957","370","12895","1387","3141","755","3710","832","7016","989","5097","888","5023","840","2078","526","183","126","155","127",
"0500000US40109","Oklahoma County, Oklahoma","528587","*****","9505","1936","91","114","49","60","0","165","647","482","1042","438","1680","1004","633","431","5927","1580","1316","742","4162","948","6302","1528","6961","1492","8408","1736","9727","1776","98626","5814","23403","2931","38650","3216","72756","5035","36463","3592","126601","5297","49909","3873","16756","2706","8973","1569",
"0500000US40119","Payne County, Oklahoma","44892","707","638","380","0","165","0","165","42","77","33","52","0","165","0","165","61","73","25","39","0","165","198","165","112","116","639","426","805","362","466","289","9743","1666","1900","777","2929","722","3861","848","3927","1121","11430","1836","5114","1470","1117","642","1852","685",
"0500000US40125","Pottawatomie County, Oklahoma","49581","312","934","499","0","165","0","165","0","165","19","49","0","165","101","132","10","17","20","33","0","165","356","206","705","239","1167","404","1378","408","929","387","15224","1246","3382","673","4189","597","6823","927","4313","772","6995","906","2166","476","528","274","342","242",
"0500000US40131","Rogers County, Oklahoma","68007","458","622","347","0","165","0","165","0","165","0","165","197","191","0","165","0","165","349","200","243","204","384","253","538","246","929","280","1055","382","780","321","19519","1634","3666","753","4169","745","10557","1137","6241","834","13031","1317","4613","765","701","378","413","271",
"0500000US40143","Tulsa County, Oklahoma","450351","91","9449","1420","89","101","158","199","189","181","424","213","816","383","598","307","494","242","5547","876","961","418","3238","806","4281","774","5779","1074","5538","836","7594","1188","89642","3532","18885","1656","35396","2802","63212","3225","41865","2802","100988","3220","35870","2438","12056","1330","7282","1193",
"0500000US40145","Wagoner County, Oklahoma","61598","584","614","252","0","165","0","165","94","157","0","165","87","144","0","165","0","165","263","204","97","103","581","279","544","348","416","181","698","317","826","310","17173","1701","2890","619","6379","983","8855","1216","5514","879","10875","1513","4820","1161","647","340","225","159",
"0500000US41003","Benton County, Oregon","61110","876","154","145","0","217","0","217","0","217","0","217","0","217","0","217","0","217","150","203","0","217","214","184","613","439","291","329","496","284","325","220","5175","1209","1568","623","3507","1037","8766","1490","5370","1072","18286","1676","10136","1603","1661","587","4398","990",
"0500000US41005","Clackamas County, Oregon","306243","980","2711","1124","0","217","0","217","47","79","8","14","513","467","291","335","327","273","986","608","59","92","1257","683","1335","664","2154","843","2129","664","4465","1276","50746","4381","10295","1636","24786","2691","46716","4090","32878","3480","80078","5162","31005","3179","8008","1390","5449","1348",
"0500000US41017","Deschutes County, Oregon","156709","1135","580","394","0","217","0","217","0","217","58","5","62","111","55","92","228","352","391","394","0","217","884","679","1904","1088","701","518","904","358","1886","860","22899","2935","5371","1423","10233","1848","22101","2565","14329","2315","48380","4110","19303","2694","4167","1308","2273","783",
"0500000US41019","Douglas County, Oregon","83419","558","1504","890","0","217","0","217","0","217","0","217","0","217","0","217","44","2","111","174","57","6","748","425","447","407","862","396","1144","396","1804","712","21494","2236","5998","1378","8581","1545","14355","1645","10203","1658","10125","1469","4188","914","1384","691","370","290",
"0500000US41029","Jackson County, Oregon","159533","1209","2132","772","0","217","245","336","0","217","62","36","340","397","0","217","131","170","947","609","61","106","323","295","1768","972","1082","669","3298","1419","3559","1246","37299","3564","7025","1638","13278","2259","25590","2665","14831","2310","29160","3084","12778","2244","3186","781","2438","789",
"0500000US41033","Josephine County, Oregon","65953","421","1024","484","0","217","166","259","57","100","0","217","0","217","0","217","0","217","268","300","149","178","91","13","1245","798","1000","520","1519","662","1635","668","14863","1746","4378","1378","7119","1437","12264","2104","6461","1272","8349","1482","3178","1052","1285","611","902","447",
"0500000US41035","Klamath County, Oregon","49467","821","592","655","0","217","0","217","0","217","0","217","52","97","226","267","0","217","498","392","0","217","470","485","72","91","1112","526","588","373","1860","883","10588","1620","4195","1359","4810","1054","8857","1973","4954","1163","6209","1196","2753","925","984","559","647","460",
"0500000US41039","Lane County, Oregon","268607","804","3282","1027","56","92","0","217","0","217","58","36","0","217","61","109","52","4","594","480","728","602","349","251","697","428","3511","1181","3549","813","5165","1429","46959","4059","13493","2064","25762","2510","48737","3235","26285","2886","52835","3783","24424","2923","4775","939","7235","1460",
"0500000US41043","Linn County, Oregon","93289","896","340","166","0","217","58","8","0","217","0","217","0","217","0","217","0","217","731","561","53","99","538","349","487","408","1237","700","1481","716","2110","674","20117","2514","5847","1746","10556","1778","16890","2330","10994","1837","15721","2219","4493","1303","568","396","1068","572",
"0500000US41047","Marion County, Oregon","234997","764","6380","1871","0","217","70","123","632","604","0","217","1525","1008","940","608","974","626","3065","1366","1095","715","1257","750","4565","1471","2551","863","2904","1191","4424","1240","47784","3889","15566","2371","19316","2526","32921","3223","23476","2906","44764","3770","13922","1785","4735","1300","2131","1021",
"0500000US41051","Multnomah County, Oregon","591613","861","11833","1895","1262","1022","0","217","441","667","693","763","106","126","505","429","507","363","2196","1231","260","239","1876","843","5387","1553","4531","1296","4905","1524","10675","2273","76663","5885","18918","2445","31859","3917","76262","5148","45241","3927","181919","6961","80039","4179","20816","2364","14719","2041",
"0500000US41053","Polk County, Oregon","60133","786","649","594","0","217","0","217","0","217","0","217","208","261","43","80","0","217","111","151","76","146","162","172","227","262","978","477","782","402","2783","1206","12932","1627","2609","788","5673","1071","9648","1839","5237","1145","11733","1727","4230","1102","1022","815","1030","642",
"0500000US41059","Umatilla County, Oregon","54752","1151","1425","979","0","217","0","217","56","97","21","38","428","353","98","126","410","431","1020","707","128","162","86","133","858","592","1169","691","973","838","1125","768","14135","2190","3794","1045","5741","1138","8780","1682","4408","1044","7138","1526","2201","803","535","346","223","227",
"0500000US41067","Washington County, Oregon","424964","840","5269","1432","374","391","128","214","130","218","858","461","610","510","296","240","1075","1581","3883","1160","331","256","2120","1036","3543","1469","2417","843","2752","891","6181","1660","53361","4387","14381","2236","26575","2716","51540","4163","37959","3223","128241","5469","59196","3994","8154","1435","15590","2190",
"0500000US41071","Yamhill County, Oregon","75844","716","1264","647","0","217","0","217","59","120","0","217","200","316","0","217","49","83","643","697","712","583","92","140","1273","935","1478","884","631","411","1137","497","16913","2102","4419","1015","6525","1279","10208","1734","5834","1196","16967","2390","5442","1347","1052","467","946","492",
"0500000US42001","Adams County, Pennsylvania","75880","344","649","394","57","97","0","190","64","102","0","190","0","190","50","83","65","53","579","394","161","161","1137","556","373","194","1248","478","778","352","1201","620","26045","1744","4442","1027","4832","971","8120","1419","7964","1210","10803","1409","5765","810","770","366","777","343",
"0500000US42003","Allegheny County, Pennsylvania","891599","321","7591","1630","40","66","349","380","135","199","0","190","205","185","298","296","661","380","398","347","541","344","1720","900","2391","1055","5569","1180","4935","1117","7140","1288","199722","7357","22229","2618","47027","3680","86351","5133","85788","5245","241221","7178","120220","5965","29620","3087","27448","2867",
"0500000US42005","Armstrong County, Pennsylvania","47992","87","476","238","27","45","12","19","0","190","7","11","0","190","0","190","0","190","7","2","0","190","125","86","277","171","344","177","1009","324","671","287","19920","1510","2002","504","2766","511","4898","849","5692","838","6507","1217","2504","741","467","343","281","186",
"0500000US42007","Beaver County, Pennsylvania","121837","428","709","340","0","190","0","190","0","190","0","190","0","190","0","190","0","190","0","190","50","87","300","205","742","383","477","223","1047","479","907","277","41579","2228","3364","796","7987","1239","12952","1634","14901","1590","25563","2432","8724","1501","1347","470","1188","445",
"0500000US42011","Berks County, Pennsylvania","297165","635","4107","1306","43","70","0","190","225","250","68","104","471","582","458","488","658","512","887","511","918","581","5178","1789","4264","980","6956","1422","5277","1188","6881","1528","97079","4954","13567","1814","17350","2233","26616","2613","26158","2254","50238","3380","22814","2324","4723","1308","2229","695",
"0500000US42013","Blair County, Pennsylvania","86686","537","800","419","17","30","169","196","0","190","132","208","21","35","0","190","0","190","156","250","212","260","720","397","1111","549","1289","613","1017","576","1077","459","36062","1863","4412","911","5453","1145","6233","979","8447","1322","12503","1528","5349","1008","684","318","822","420",
"0500000US42017","Bucks County, Pennsylvania","469067","746","3648","1021","550","686","145","173","53","98","0","190","0","190","170","208","751","477","325","355","300","254","1310","661","858","456","2916","836","2555","761","6700","1520","121442","5359","10923","1648","25143","3130","44235","3479","39744","4101","123486","5074","62050","3661","13389","1919","8374","1413",
"0500000US42019","Butler County, Pennsylvania","142804","721","1234","522","0","190","0","190","0","190","0","190","0","190","0","190","0","190","737","842","582","450","232","139","1163","705","1145","626","1563","772","1729","534","40212","2835","5400","1181","8062","1268","13154","1798","13696","1764","33921","2543","15824","2138","2049","776","2101","690",
"0500000US42021","Cambria County, Pennsylvania","94077","423","1631","405","53","64","0","190","0","190","0","190","0","190","0","190","0","190","161","171","214","295","539","270","827","496","1041","463","1572","493","837","398","35480","2102","4083","974","5235","952","9476","1457","10385","1296","13485","1627","7321","1294","1192","656","545","249",
"0500000US42025","Carbon County, Pennsylvania","48933","365","484","311","0","190","0","190","0","190","0","190","23","38","12","29","0","190","68","109","164","167","105","97","452","265","584","367","839","485","1522","611","20257","1690","3185","1130","2956","805","5186","1135","4136","950","5053","1060","3095","1026","663","548","149","168",
"0500000US42027","Centre County, Pennsylvania","96558","869","278","135","0","190","113","107","0","190","0","190","0","190","91","155","36","61","0","190","0","190","1146","660","923","532","468","204","1012","385","1249","604","23296","1824","4064","922","3496","822","7217","1343","7197","1218","22803","2805","12658","1578","2374","763","8137","1642",
"0500000US42029","Chester County, Pennsylvania","380770","645","4771","1266","70","81","0","190","65","114","32","60","394","413","0","190","74","104","1615","853","588","558","3572","1665","1452","701","1828","712","1754","785","4238","1261","64514","4604","7419","1853","16152","2053","29644","3389","22267","2286","126133","5353","69439","3851","12936","1588","11813","1699",
"0500000US42033","Clearfield County, Pennsylvania","57517","348","692","310","0","190","0","190","0","190","0","190","14","28","14","34","47","28","65","58","49","68","745","376","436","248","938","433","1035","398","913","299","22146","1564","3745","960","3639","776","4873","1066","5889","936","7614","1395","3836","799","501","266","326","219",
"0500000US42037","Columbia County, Pennsylvania","44306","683","360","205","0","190","0","190","0","190","0","190","0","190","0","190","0","190","0","190","8","2","404","180","251","137","354","232","753","436","761","439","16700","1582","1845","501","1878","462","4929","862","3851","933","7281","1069","3679","740","489","311","763","434",
"0500000US42039","Crawford County, Pennsylvania","58754","237","557","258","10","18","13","22","0","190","0","190","0","190","0","190","33","37","30","47","0","190","1466","529","364","198","598","229","622","322","552","183","22166","1440","3730","626","4084","645","4643","799","5311","832","8505","1147","4669","891","501","235","900","588",
"0500000US42041","Cumberland County, Pennsylvania","186391","1306","1445","716","30","52","0","190","0","190","0","190","0","190","0","190","0","190","10","17","50","86","1372","592","1448","702","2175","882","2678","1103","4303","1219","49272","3664","5901","1211","9072","1670","14904","2098","16180","2418","47047","3460","22090","2881","4879","1475","3535","1044",
"0500000US42043","Dauphin County, Pennsylvania","201713","420","5048","1554","23","39","0","190","182","263","220","339","173","268","101","169","53","87","146","166","78","142","528","363","1248","656","3892","1072","1345","608","3708","1209","54399","3700","9062","1964","10320","1727","21905","2566","16807","1726","44914","3263","17339","2476","6968","1994","3254","1043",
"0500000US42045","Delaware County, Pennsylvania","393927","751","6968","2525","152","180","167","267","0","190","56","96","133","223","204","216","917","663","1061","802","435","335","1398","554","1205","542","3873","1390","4909","1543","4676","1270","95178","4766","12193","2111","20518","2502","41252","4121","29827","2973","92730","4295","51464","3431","13789","2226","10822","1625",
"0500000US42049","Erie County, Pennsylvania","185141","1245","2133","774","0","190","0","190","0","190","252","236","13","23","0","190","35","64","566","357","679","339","706","516","668","364","2839","997","3057","1154","2443","787","61026","3544","8260","1302","12850","2220","18444","2713","17015","2183","33203","2819","15844","2060","2673","840","2435","638",
"0500000US42051","Fayette County, Pennsylvania","91907","753","1490","603","140","169","0","190","0","190","26","46","0","190","130","137","0","190","115","133","117","88","828","422","1044","517","2502","826","1753","614","1040","399","38962","2491","4160","922","4177","946","9052","1527","8793","1473","11229","1416","4721","1174","764","368","864","548",
"0500000US42055","Franklin County, Pennsylvania","112505","1192","1348","741","121","164","42","74","0","190","47","78","0","190","0","190","491","740","0","190","338","377","1039","527","1097","525","2945","1238","1553","677","1497","613","41220","3560","4699","1335","6875","1555","10598","1673","9930","1710","15997","1843","9914","1741","1191","589","1563","701",
"0500000US42063","Indiana County, Pennsylvania","54468","429","685","308","0","190","0","190","0","190","0","190","0","190","0","190","0","190","39","89","244","161","811","574","418","174","555","277","907","398","869","467","19396","1621","2279","592","2883","771","5538","885","5883","920","8365","1098","4277","1095","412","197","907","416",
"0500000US42069","Lackawanna County, Pennsylvania","152591","517","1864","878","0","190","30","53","383","442","0","190","141","218","0","190","406","372","596","458","130","200","1402","575","1200","543","2422","818","1644","739","3163","854","49728","2974","4654","1103","8478","1285","14913","1963","16499","2127","27731","2426","12295","1722","3463","809","1449","605",
"0500000US42071","Lancaster County, Pennsylvania","380837","738","5814","1292","0","190","0","190","20","33","58","100","0","190","1048","1062","126","148","393","409","1013","475","13873","2223","8526","1640","5628","1227","5187","1641","7883","1649","113602","5623","16546","2397","19497","2401","28949","2384","32370","3251","75555","4788","33607","2643","6373","1500","4769","923",
"0500000US42073","Lawrence County, Pennsylvania","61355","461","516","300","0","190","0","190","0","190","0","190","0","190","0","190","0","190","82","63","208","183","896","530","451","329","452","287","1347","677","654","285","23694","1455","3310","852","2689","625","5680","966","5690","949","10692","1250","3522","672","932","435","540","352",
"0500000US42075","Lebanon County, Pennsylvania","101861","965","956","436","0","190","0","190","0","190","0","190","0","190","79","128","0","190","277","294","0","190","1393","703","1108","580","2670","1097","2318","1098","2174","973","37812","3138","5505","1359","5995","1471","9140","1858","6634","1315","15911","2079","7344","1579","1372","803","1173","726",
"0500000US42077","Lehigh County, Pennsylvania","260568","648","5438","2061","25","48","86","110","0","190","775","593","400","356","191","111","724","596","552","376","883","715","1705","757","1734","791","2739","964","5916","1750","5102","1452","74301","4434","9345","1892","15960","2126","25841","3406","19980","2256","55737","3206","24809","3308","4584","1030","3741","1361",
"0500000US42079","Luzerne County, Pennsylvania","232643","750","3378","1018","300","283","246","379","13","22","0","190","58","103","65","110","129","143","614","355","602","511","914","496","3951","1477","2926","865","4657","1398","5586","1612","73481","3329","11328","1735","17177","2102","25717","2738","24228","1873","35112","2929","16522","2166","3100","776","2539","809",
"0500000US42081","Lycoming County, Pennsylvania","79843","539","287","190","0","190","0","190","0","190","0","190","0","190","20","36","0","190","0","190","134","160","754","488","760","365","1396","483","1115","372","1084","450","25629","2108","4584","952","6513","1446","7864","1271","8618","1216","13971","1617","5195","1109","1190","674","729","315",
"0500000US42085","Mercer County, Pennsylvania","77861","529","391","169","0","190","0","190","11","18","0","190","0","190","0","190","15","26","0","190","10","18","968","439","603","320","1065","439","1240","492","1020","407","29674","1769","2954","691","5028","863","8442","1421","7541","1101","12739","1313","4985","970","677","358","498","269",
"0500000US42089","Monroe County, Pennsylvania","119562","525","1243","533","0","190","54","89","0","190","37","64","0","190","24","39","0","190","250","287","101","118","1970","1039","787","537","1934","770","1494","710","3850","1291","35978","2853","7298","1469","9657","1941","12656","1497","10188","1542","21331","2407","7712","1327","1766","671","1232","584",
"0500000US42091","Montgomery County, Pennsylvania","616584","111","6313","1372","50","85","40","67","55","98","0","190","633","549","301","218","434","298","1699","1114","183","193","1251","741","2256","950","2927","1008","5818","1313","8660","2139","118589","5965","13232","1840","31921","3855","51792","4200","46735","3801","180781","6538","98502","5117","25928","2234","18484","2156",
"0500000US42095","Northampton County, Pennsylvania","225041","951","2216","728","124","150","0","190","0","190","97","158","114","185","0","190","506","459","512","367","185","173","530","304","621","426","1812","731","3445","1243","2709","1031","66423","3988","8828","1599","13167","2250","25408","2806","21101","2937","45845","3509","22746","2419","4619","1157","4033","923",
"0500000US42097","Northumberland County, Pennsylvania","66434","355","416","236","0","190","0","190","0","190","0","190","0","190","131","185","0","190","26","45","0","190","765","320","761","510","1521","423","1472","680","1787","783","28182","1991","3389","712","3402","806","5701","1159","6082","1071","8752","1287","3115","686","396","226","536","306",
"0500000US42101","Philadelphia County, Pennsylvania","1072210","313","23928","3129","180","216","305","318","429","393","666","768","1413","848","1127","909","2523","1207","7790","3157","4584","1827","6859","1981","13159","2236","16369","3015","22885","3199","26142","3587","279334","10087","46030","5105","53500","4630","103555","7197","78284","5830","216445","9459","109508","6415","32428","3724","24767","2801",
"0500000US42107","Schuylkill County, Pennsylvania","104568","450","1237","611","264","301","0","190","0","190","0","190","0","190","86","110","70","123","178","149","154","122","693","284","1132","452","2734","625","2137","592","1925","516","41287","2308","6325","899","5817","1014","7493","1097","12030","1625","13270","1479","5662","1153","1147","465","927","504",
"0500000US42111","Somerset County, Pennsylvania","54240","462","525","262","0","190","0","190","0","190","0","190","0","190","0","190","0","190","72","71","153","119","593","367","511","277","1005","464","1552","540","768","384","25386","1534","2307","455","2822","533","4452","889","5293","686","5534","808","2463","510","324","191","480","275",
"0500000US42125","Washington County, Pennsylvania","153112","646","1778","596","0","190","0","190","0","190","0","190","0","190","0","190","59","84","32","56","0","190","1057","543","603","304","1329","584","1526","518","1702","607","49582","2843","3301","744","8910","1622","14119","1758","19095","2487","29912","2504","14582","1793","2522","1017","3003","1038",
"0500000US42129","Westmoreland County, Pennsylvania","262496","719","1653","569","22","37","0","190","0","190","0","190","6","11","0","190","68","112","418","355","138","174","567","342","1435","657","1752","648","2037","773","3030","752","86607","3643","8186","1497","14597","1831","24225","2290","31671","2894","53384","3414","24951","2613","4066","821","3683","905",
"0500000US42133","York County, Pennsylvania","327185","773","5036","1456","0","190","0","190","0","190","100","144","132","130","190","289","494","749","716","475","397","275","1933","741","3640","1280","4271","1161","5462","1357","5263","1565","106456","4510","16518","2169","20364","2774","29184","3053","31653","2913","60565","3747","27146","2635","4525","1263","3140","1036",
"0500000US44003","Kent County, Rhode Island","130292","627","1796","946","131","157","0","246","0","246","250","383","351","463","206","18","0","246","0","246","0","246","1535","826","1864","999","1126","707","1012","600","1559","733","28141","2965","7429","1653","8263","1780","12867","2044","12968","2433","32117","2771","13700","2415","3576","1111","1401","526",
"0500000US44005","Newport County, Rhode Island","64469","468","577","243","115","190","0","246","0","246","0","246","0","246","289","338","0","246","0","246","46","78","582","559","192","304","738","496","163","184","669","527","10511","1790","2130","1019","4471","1303","6007","1262","4645","1327","17868","2210","11867","1581","1575","617","2024","778",
"0500000US44007","Providence County, Rhode Island","462443","720","16554","3268","591","672","0","246","0","246","784","589","1211","660","1948","728","613","329","4221","1688","1168","830","6072","1891","6311","1657","8284","1971","6730","1576","8476","2103","110012","6366","22784","2976","28672","2971","51246","4204","32625","3710","92230","5349","43215","4299","9014","1903","9682","2181",
"0500000US44009","Washington County, Rhode Island","92632","819","573","310","0","246","0","246","0","246","0","246","100","168","13","3","62","103","355","502","0","246","75","127","172","171","218","169","1358","901","293","238","17021","2099","2580","1168","3747","973","9218","1907","6506","1044","29957","2552","14065","1759","3476","862","2843","938",
"0500000US45003","Aiken County, South Carolina","124842","1662","836","431","0","225","0","225","512","471","11","2","0","225","0","225","0","225","807","386","189","140","649","466","2224","887","2310","1029","1319","657","2552","843","32412","2908","6389","1638","7925","1709","15319","2076","9558","1623","27022","2950","11209","2023","2830","937","769","412",
"0500000US45007","Anderson County, South Carolina","148795","965","2602","1213","0","225","0","225","0","225","0","225","78","131","172","218","106","131","786","559","721","419","867","417","2396","917","3413","1161","4030","1133","2242","695","34105","3141","10056","1684","11299","1870","18997","2464","16624","2598","25302","2614","11363","1977","1548","571","2088","779",
"0500000US45013","Beaufort County, South Carolina","146080","1449","1012","719","0","225","0","225","38","71","302","333","0","225","222","262","42","67","1170","973","470","446","384","516","292","256","382","343","1193","778","1529","899","29932","3309","2900","931","7410","1719","16228","2793","10022","2012","43661","3687","21155","2161","5406","1131","2330","914",
"0500000US45015","Berkeley County, South Carolina","171750","711","1598","631","110","149","0","225","0","225","425","580","677","658","0","225","255","292","42","73","270","236","644","355","766","561","2353","785","1571","752","4263","1472","42859","4053","5253","1435","12542","2127","22321","3091","19547","2606","37659","3454","15452","2184","1527","644","1616","739",
"0500000US45019","Charleston County, South Carolina","307483","346","4835","1640","0","225","0","225","0","225","0","225","565","724","126","176","379","478","300","334","608","440","1262","904","2719","1270","2833","1249","2644","1121","5426","1673","41160","4466","7808","1514","18355","3139","37948","3695","21434","3060","96722","5096","41301","3729","14862","2294","6196","1411",
"0500000US45035","Dorchester County, South Carolina","115071","1257","1731","953","0","225","0","225","0","225","0","225","3","5","0","225","198","316","501","674","240","344","602","423","1364","922","642","589","945","779","2074","1178","27656","2908","4404","1338","10156","2126","15973","2260","13153","2171","22374","3049","9719","1992","2232","979","1104","528",
"0500000US45041","Florence County, South Carolina","93028","1117","1369","598","0","225","0","225","67","108","8","2","228","357","400","475","202","274","110","182","145","217","291","185","1293","597","2909","1334","2704","1019","2232","706","27613","2610","3769","1113","6619","1788","11577","2178","9599","1674","13076","2242","6165","1287","1412","731","1240","618",
"0500000US45043","Georgetown County, South Carolina","49831","1044","206","160","0","225","0","225","0","225","211","277","0","225","54","92","112","183","568","572","90","140","282","198","317","270","1104","673","781","449","1115","537","13553","2041","1187","583","2522","711","7342","1460","3749","963","9992","1699","5009","1202","759","439","878","467",
"0500000US45045","Greenville County, South Carolina","385479","952","5823","1711","160","199","123","211","238","413","178","131","583","408","239","300","40","66","2097","795","357","339","1884","886","2417","825","5244","1545","5305","1309","6492","1820","70514","4830","15447","2712","23521","2605","45943","4619","36930","4149","100784","4981","45717","4211","8592","1661","6851","1562",
"0500000US45047","Greenwood County, South Carolina","47463","890","328","308","0","225","0","225","0","225","0","225","182","251","0","225","164","181","146","158","82","153","339","288","468","306","599","350","665","324","734","435","14337","2066","1880","626","2907","839","5754","1247","5741","1536","8042","1332","4213","1258","725","379","157","131",
"0500000US45051","Horry County, South Carolina","301342","1885","4950","1467","0","225","0","225","79","5","216","341","227","279","291","352","0","225","1595","859","951","523","1282","680","3734","1482","3161","1286","3314","1244","7850","2567","74912","5470","11524","2257","25370","3333","40430","3734","33829","3809","58871","5006","21488","2640","3240","1004","4028","1292",
"0500000US45055","Kershaw County, South Carolina","47871","1078","575","415","50","81","0","225","0","225","131","195","117","203","0","225","267","351","270","334","107","153","243","264","1108","545","1483","725","795","426","560","320","13890","1995","2545","833","3716","925","6030","1435","3550","959","6919","1319","4592","1081","579","480","344","285",
"0500000US45057","Lancaster County, South Carolina","78516","793","1088","598","0","225","0","225","0","225","95","139","54","95","0","225","248","273","472","592","0","225","506","401","735","492","2055","1083","1335","558","2411","1251","18217","2504","4255","1334","2679","694","10075","1750","7477","1457","17631","2530","7630","1969","770","518","783","575",
"0500000US45059","Laurens County, South Carolina","48579","697","487","309","0","225","0","225","169","241","0","225","32","57","68","131","272","336","310","241","252","257","1285","656","836","534","1474","603","737","395","1364","993","15584","1830","4288","991","4468","1409","4180","1082","5013","1074","4873","1136","2484","765","231","223","172","143",
"0500000US45063","Lexington County, South Carolina","216231","843","1550","678","0","225","0","225","0","225","2","5","0","225","34","56","662","527","531","373","974","567","623","279","1607","622","2690","1026","2150","663","4263","1168","50760","3031","10310","1665","13695","1891","34244","2818","20865","2189","43669","2972","20108","2028","3976","1123","3518","942",
"0500000US45073","Oconee County, South Carolina","60139","774","1013","620","0","225","774","943","0","225","308","444","0","225","0","225","0","225","253","300","405","474","953","808","457","317","1705","736","1093","749","1212","571","13375","1874","5208","1343","3257","956","6800","1487","5549","1240","10827","1955","5276","1077","520","352","1154","637",
"0500000US45075","Orangeburg County, South Carolina","55803","764","773","561","0","225","62","121","0","225","0","225","186","223","117","86","95","124","259","247","528","736","249","180","494","464","2423","1228","1986","986","2095","1006","16336","2118","2500","927","3266","995","7854","1549","6323","1314","5167","1390","3616","1020","499","395","975","605",
"0500000US45077","Pickens County, South Carolina","86451","818","1409","762","0","225","0","225","114","108","0","225","358","368","52","97","20","33","347","276","487","396","533","332","1826","747","1233","558","1408","530","1542","661","19621","2135","6100","1318","5885","1078","9806","1754","10907","2157","15294","1866","6000","1495","1901","861","1608","666",
"0500000US45079","Richland County, South Carolina","270085","708","3895","1438","0","225","161","257","0","225","84","23","0","225","0","225","44","73","747","453","823","564","1041","640","2432","807","2161","859","4992","1595","4209","1006","49167","4498","9212","2071","18997","2769","38246","4185","20851","2853","62772","5191","35486","3409","8827","1760","5938","1445",
"0500000US45083","Spartanburg County, South Carolina","241752","440","3429","1103","0","225","37","62","0","225","0","225","140","168","814","717","575","473","2028","931","1047","518","2201","744","2262","724","4763","1225","6063","1421","4526","1554","64578","3964","11302","2042","17090","2315","31425","3309","27174","3221","38203","3578","18445","2578","2623","858","3027","890",
"0500000US45085","Sumter County, South Carolina","68894","1159","1038","485","62","105","50","90","0","225","0","225","50","95","61","104","0","225","744","479","555","480","559","382","402","224","1603","678","1926","708","804","376","20656","2807","2881","741","5691","1242","8263","1499","9822","1756","8718","1526","4484","1113","206","161","319","262",
"0500000US45091","York County, South Carolina","204289","1209","2606","1163","0","225","0","225","0","225","0","225","153","204","6","1","196","294","308","237","582","557","1113","452","1693","911","2168","774","2412","877","2945","1075","41974","4215","6528","1328","12857","2163","29656","4127","18190","2508","53491","4658","23273","3152","2311","977","1827","686",
"0500000US46083","Lincoln County, South Dakota","48101","739","194","174","0","175","0","175","0","175","0","175","0","175","0","175","0","175","0","175","0","175","229","202","12","21","217","247","399","308","510","374","8684","1298","1215","558","2676","928","5026","1091","6661","1377","14498","1714","5688","1357","1527","794","565","352",
"0500000US46099","Minnehaha County, South Dakota","136920","1175","2891","1401","0","175","0","175","412","600","426","658","0","175","0","175","50","78","0","175","422","468","666","376","413","406","1242","543","2217","854","1282","519","28467","2723","6286","1479","7335","1523","19542","1992","14118","2118","35576","2852","8658","1286","4322","1372","2595","1294",
"0500000US46103","Pennington County, South Dakota","80984","1047","387","229","0","175","146","240","0","175","0","175","214","357","0","175","0","175","74","124","70","83","117","153","168","274","899","549","599","220","657","448","16086","1720","3417","958","5676","1546","12724","1639","10375","1831","18724","1963","5816","1363","2427","847","2408","1289",
"0500000US47001","Anderson County, Tennessee","57408","528","638","437","0","226","0","226","0","226","64","106","71","113","0","226","0","226","561","480","61","96","161","163","1754","870","953","578","451","277","1396","1179","13776","1998","4049","1109","5090","970","5418","1200","5951","1207","11112","1706","3549","858","1093","591","1260","547",
"0500000US47009","Blount County, Tennessee","102938","714","2084","1155","0","226","0","226","0","226","0","226","83","15","0","226","261","396","446","393","223","247","1510","574","1233","683","1274","606","754","370","1271","571","28770","2573","5464","1193","6034","1162","13529","2093","9832","1293","18912","2494","7812","1423","1881","664","1565","577",
"0500000US47011","Bradley County, Tennessee","77055","748","1189","577","0","226","0","226","0","226","0","226","108","184","0","226","303","258","373","372","88","116","941","529","1169","696","1519","727","1799","672","713","373","18387","2444","6927","1479","4693","1129","12589","2302","7620","1565","11085","2034","5313","1361","982","522","1257","657",
"0500000US47037","Davidson County, Tennessee","497353","114","8254","2433","302","310","688","878","305","313","142","167","1286","886","302","269","1139","995","2801","1553","1135","937","1950","1109","7050","2119","3694","1275","4814","1572","7866","1881","80226","5314","15617","2535","23985","3466","50865","4356","31040","3064","155280","6336","63820","4888","20970","2818","13822","2273",
"0500000US47059","Greene County, Tennessee","53273","742","828","587","0","226","0","226","0","226","0","226","284","416","43","76","0","226","123","193","153","186","815","539","1586","1019","1644","968","1041","673","1386","630","17722","1992","2420","785","4288","1166","6719","1507","5439","1388","6143","1525","1829","1088","582","378","228","219",
"0500000US47063","Hamblen County, Tennessee","47607","791","1501","1018","0","226","0","226","0","226","56","80","0","226","57","80","139","206","153","251","0","226","472","301","320","343","908","470","1327","716","1030","664","14589","2241","2746","930","3595","1128","4604","1325","5189","1533","6599","1794","2877","994","908","596","537","482",
"0500000US47065","Hamilton County, Tennessee","268209","489","4516","1289","0","226","0","226","0","226","278","461","403","459","129","160","926","504","723","481","175","152","2328","1174","1366","617","2442","806","4165","1394","3439","1101","52473","3888","10550","1861","18045","2457","40745","3992","24520","2835","60297","4399","28094","3010","6893","1472","5702","1721",
"0500000US47093","Knox County, Tennessee","336560","590","3095","1058","154","159","0","226","67","74","0","226","380","496","172","256","65","114","1370","732","1116","746","2662","1156","2753","986","3949","1132","5217","1539","4678","1352","69228","5006","12573","2310","18775","2149","41635","3652","27332","3323","83512","4526","39310","2954","9563","1750","8954","1488",
"0500000US47113","Madison County, Tennessee","68155","1521","306","313","0","226","0","226","0","226","0","226","107","85","0","226","0","226","240","236","183","176","1538","1023","828","512","1746","900","915","402","1566","674","21960","2688","3200","906","4254","1555","10045","1756","5167","1332","10109","1705","3904","990","1740","690","347","197",
"0500000US47119","Maury County, Tennessee","77558","1150","843","636","47","79","0","226","0","226","0","226","0","226","96","175","0","226","60","105","358","379","397","280","407","393","502","348","1295","631","409","281","25559","2624","3514","1121","4540","1297","10098","1854","7300","1499","16484","2458","4372","1299","860","610","417","320",
"0500000US47125","Montgomery County, Tennessee","150785","1826","2911","1918","96","170","0","226","0","226","0","226","89","138","0","226","123","185","122","205","348","552","816","531","730","430","716","402","2563","918","2002","756","35365","3073","6512","1340","9524","1669","20756","2947","17800","3135","29167","3134","15512","2384","2777","1059","2856","1281",
"0500000US47141","Putnam County, Tennessee","54713","697","1633","1222","11","23","0","226","0","226","0","226","569","863","159","200","0","226","193","146","713","737","621","374","836","557","595","327","781","487","618","330","13023","1846","3319","853","4362","1130","6835","1465","3018","1069","9159","1658","6156","1240","1173","607","939","380",
"0500000US47147","Robertson County, Tennessee","52521","549","842","754","0","226","0","226","35","65","0","226","127","208","52","95","0","226","63","102","44","78","471","248","555","355","543","322","986","624","801","506","17241","1923","3476","1630","4213","902","6095","1395","4880","1303","7609","1388","3701","1068","333","273","454","440",
"0500000US47149","Rutherford County, Tennessee","234106","591","6895","2241","37","67","0","226","0","226","0","226","152","255","127","158","75","121","1027","682","312","175","484","464","971","740","987","468","3046","1617","4027","1572","56087","4072","9785","2194","15647","2122","33481","3669","14911","2298","57490","4295","21388","2625","3077","1148","4100","1437",
"0500000US47155","Sevier County, Tennessee","71840","945","669","440","211","363","60","106","0","226","0","226","1111","760","0","226","1004","713","431","305","0","226","1132","778","613","448","1030","922","2105","791","1151","537","19713","2301","3467","1122","6530","1333","9610","1539","6981","1513","10090","1784","4417","1239","1096","542","419","357",
"0500000US47157","Shelby County, Tennessee","600485","99","12119","2168","174","181","422","285","120","146","371","366","718","451","1083","909","760","406","4324","1419","1164","600","3700","1203","5350","1678","7173","1405","9616","2252","11032","1953","146231","7161","17971","2494","33164","3210","95702","6400","40385","4323","117422","5858","65398","4189","12805","2223","13281","2508",
"0500000US47163","Sullivan County, Tennessee","120174","584","1248","467","0","226","0","226","0","226","0","226","66","109","321","400","78","91","92","159","401","306","1193","535","1858","844","1741","769","2582","886","1622","761","30931","2399","7018","1241","7200","1325","18637","2349","11503","1476","22193","2498","8351","1402","1625","658","1514","827",
"0500000US47165","Sumner County, Tennessee","144753","1047","1816","938","0","226","0","226","0","226","0","226","720","952","0","226","169","199","174","219","239","219","952","435","1906","954","1304","701","1256","905","2978","1234","34984","3129","4570","1287","11386","2001","17188","2560","13267","2093","34125","3216","13267","2155","2455","864","1997","1302",
"0500000US47179","Washington County, Tennessee","96050","1087","580","445","78","139","0","226","58","94","0","226","0","226","142","147","30","67","635","600","46","77","1898","836","789","691","2032","1062","882","353","1447","636","25249","2883","4765","1060","5271","1183","12624","1725","8252","1591","16485","1882","9928","1592","2832","1352","2027","732",
"0500000US47187","Williamson County, Tennessee","176009","1132","2179","1597","0","226","0","226","0","226","0","226","166","158","291","461","60","5","366","384","208","283","571","643","333","337","372","337","1267","777","981","532","18806","2638","2281","929","9146","1561","17940","2488","10973","1885","65039","3713","34806","3264","6467","1242","3757","900",
"0500000US47189","Wilson County, Tennessee","114891","649","828","852","49","88","211","358","0","226","55","100","230","380","0","226","95","174","277","276","0","226","700","416","633","505","433","359","1180","718","1168","564","27464","2781","4854","1137","10147","1901","13493","2051","10283","1876","28269","3055","11704","2138","1280","731","1538","939",
"0500000US48005","Angelina County, Texas","57803","1360","1546","940","0","236","0","236","0","236","0","236","161","206","68","93","80","130","154","121","36","62","1496","1073","1768","716","498","297","1614","809","727","425","17979","2411","2982","891","5448","1281","8271","1659","5735","1740","5980","1333","2551","736","489","459","220","214",
"0500000US48021","Bastrop County, Texas","71419","801","3621","1182","47","77","0","236","0","236","351","514","184","201","54","109","365","445","1612","968","36","63","547","432","1015","584","1980","925","2429","1079","1097","539","16249","2334","5272","1280","5532","1283","9854","1966","5864","1487","9586","1778","4354","1562","501","498","869","661",
"0500000US48027","Bell County, Texas","245652","641","3319","1057","0","236","28","49","0","236","167","152","0","236","238","294","367","354","1360","937","499","313","1906","939","2774","1205","3719","1271","2359","874","5140","1708","51356","4005","12877","2331","21073","2615","43412","3907","27026","3137","46794","4395","15735","2342","3438","1235","2065","858",
"0500000US48029","Bexar County, Texas","1366294","694","33432","4253","630","526","371","487","900","596","1814","936","4537","1376","3875","1376","5061","1660","18909","3694","4702","1582","14100","3227","22753","3245","18273","3670","21989","3422","28966","4046","274902","11462","67440","5699","89365","5738","182267","8526","123238","6945","276831","12247","124841","7382","27854","3396","19244","2781",
"0500000US48037","Bowie County, Texas","62874","965","553","402","0","236","0","236","0","236","0","236","0","236","0","236","55","98","510","425","72","91","1173","759","1273","717","676","338","987","670","1429","694","17897","2074","5499","1324","6014","1250","7527","1278","5519","1230","9194","1615","3612","1000","590","419","294","202",
"0500000US48039","Brazoria County, Texas","264253","1167","5433","1712","122","227","259","390","199","209","238","296","341","265","181","232","639","439","2032","1224","1418","1190","1569","869","2201","777","3270","1060","4437","1281","5092","1536","48805","4316","14460","2188","18751","2685","42997","4430","26359","3069","47777","3564","27189","3302","4561","1247","5923","1333",
"0500000US48041","Brazos County, Texas","130932","148","1783","727","0","236","0","236","315","324","0","236","143","226","625","787","160","221","2420","1117","271","257","937","573","1701","700","1533","866","2096","975","3006","1169","20882","2175","6991","1264","6872","1396","14335","2062","10016","2147","32622","2862","14330","2091","2794","791","7100","1287",
"0500000US48061","Cameron County, Texas","260622","1010","11443","2085","0","236","68","123","540","331","1392","628","1500","612","2190","746","2808","883","9893","1666","2282","816","4814","1143","11655","1762","4874","1079","3976","1202","8071","1657","56202","4012","12596","2313","16319","2100","30649","2791","20080","2552","37079","3425","16889","2796","3666","960","1636","581",
"0500000US48085","Collin County, Texas","802532","1674","11734","2479","184","186","232","270","0","236","170","222","295","201","868","642","1012","577","3244","1620","424","323","2918","1261","4235","1253","4330","1788","3479","1389","10784","2647","102460","6280","12720","2581","43063","3997","97451","6909","57234","4873","267194","7562","144895","7456","20609","3293","12997","1912",
"0500000US48091","Comal County, Texas","137598","342","1223","680","110","179","0","236","0","236","0","236","0","236","0","236","42","2","211","216","427","319","103","144","1257","1248","959","582","1192","787","2317","1706","20386","2429","4350","1233","11324","2097","22907","2948","10344","1926","40469","3172","15336","2436","1906","572","2735","1347",
"0500000US48099","Coryell County, Texas","56339","775","194","178","0","236","0","236","0","236","0","236","12","23","76","3","99","149","400","367","0","236","332","239","426","289","1144","767","845","424","1202","620","13042","2230","5888","1237","5153","1245","8791","1563","4758","1281","8922","1410","3912","1047","882","690","261","212",
"0500000US48113","Dallas County, Texas","1706644","370","73207","6396","373","315","669","586","1529","900","5922","1639","7175","1950","7768","1812","8746","2307","40746","5154","10154","2280","19679","3146","37045","5179","21371","3226","26100","3313","37753","3837","324440","12545","55482","4801","94748","6118","197995","8248","113346","8118","375923","12153","178109","7010","47351","4218","21013","2750",
"0500000US48121","Denton County, Texas","686189","503","13097","3025","0","236","0","236","30","3","157","202","654","726","32","56","411","363","1381","794","1163","722","1895","954","4960","1624","3267","1169","6122","1757","7602","1830","95075","7710","18435","2767","44975","4040","91816","5612","53876","4623","221007","8190","96396","5628","12737","2177","11101","1511",
"0500000US48135","Ector County, Texas","98624","535","4418","2024","0","236","0","236","58","98","0","236","545","643","375","300","290","357","2819","1311","869","700","1137","565","2621","1259","3010","1392","2860","970","3142","1304","25723","2780","7900","1693","6324","1938","12807","2110","6716","1898","12399","3030","3604","1280","534","436","473","450",
"0500000US48139","Ellis County, Texas","145553","994","4523","1757","73","129","37","63","0","236","157","270","192","236","192","305","460","365","2252","1255","892","803","1726","902","1267","768","2175","925","2885","1242","4346","1525","32521","3746","7150","1506","13810","2603","17886","2371","10163","2186","26349","3143","14224","2599","1006","500","1267","574",
"0500000US48141","El Paso County, Texas","553666","841","23387","3558","285","273","390","448","300","249","1587","652","3802","1162","1183","601","2663","947","20132","3183","3877","1348","9612","2273","9748","1907","7307","1933","8063","2108","12392","1920","110864","6745","32828","3931","35706","3209","76608","5940","49274","4391","93834","5915","37695","4049","7196","1669","4933","1481",
"0500000US48157","Fort Bend County, Texas","597895","136","12587","2688","95","160","104","178","101","183","190","240","1305","817","558","641","1619","912","2052","831","995","709","2272","1196","3665","1376","4552","1344","3451","1129","13221","3231","81057","5972","20595","3405","32493","3994","71961","6108","49502","5302","170907","8674","91641","7093","16147","3241","16825","3155",
"0500000US48167","Galveston County, Texas","246855","700","5190","1459","126","169","0","236","0","236","0","236","802","1086","122","165","115","180","2727","1237","581","574","1380","837","2669","1128","4109","1353","4866","1208","3818","1189","40803","3538","9736","1925","19692","2593","36756","3471","26850","3197","57468","3603","20336","2467","5673","1350","3036","855",
"0500000US48181","Grayson County, Texas","99292","1226","2169","1062","0","236","38","59","15","26","0","236","434","481","99","170","220","269","97","107","43","4","867","478","2406","1055","1429","794","1073","476","1486","721","25058","2666","7545","1620","8113","1792","13265","2373","9448","1612","17100","2280","5963","1514","799","502","1625","709",
"0500000US48183","Gregg County, Texas","81812","1140","1351","896","0","236","547","515","0","236","353","307","0","236","0","236","286","289","1868","1012","312","395","614","453","1456","645","890","494","1271","622","907","452","17855","1956","3095","891","7598","1480","16144","1845","10053","1613","11712","1700","3914","938","1210","651","376","276",
"0500000US48187","Guadalupe County, Texas","127901","670","2075","966","0","236","24","44","69","116","983","1128","76","105","205","252","316","120","760","915","412","378","1718","1484","1670","962","833","496","1062","534","2873","1236","27617","3118","8629","1724","9352","2095","16701","2411","10115","2068","25896","2636","13431","2001","1619","676","1465","537",
"0500000US48201","Harris County, Texas","3139846","400","131333","8231","1535","1004","1282","637","3807","1109","7879","2196","17158","3107","7157","1928","15274","3014","73856","6415","15631","3222","27462","3540","57751","5440","36346","4639","48982","4430","82079","7555","603109","18810","121266","6982","187578","7955","384821","12738","240588","11575","652160","16165","286361","9452","82493","5905","53938","4298",
"0500000US48203","Harrison County, Texas","47572","1506","1108","599","0","236","0","236","97","161","0","236","6","1","84","156","0","236","700","562","0","236","616","543","247","264","1114","735","1397","731","704","399","12061","1768","3022","794","3328","1352","7125","1642","5167","1291","7206","1349","2693","858","795","523","102","177",
"0500000US48209","Hays County, Texas","177125","846","2913","1243","0","236","226","271","153","259","0","236","127","153","0","236","200","237","1142","1169","273","198","870","524","388","338","416","415","1606","1071","2000","952","27692","3640","6580","1620","12452","2520","25362","3016","14149","2199","53161","3794","19715","3454","3295","1157","4405","1427",
"0500000US48213","Henderson County, Texas","61206","826","704","370","0","236","0","236","0","236","0","236","164","244","0","236","0","236","188","170","154","150","499","331","1859","722","1188","612","2242","890","836","329","16509","1777","3323","727","5577","1052","9252","1336","5867","1254","7180","1050","4523","1111","429","236","712","481",
"0500000US48215","Hidalgo County, Texas","523021","846","22757","3057","358","262","287","270","1440","632","3695","1181","6421","1246","5636","1561","7190","1236","20290","2472","4822","1294","16489","2361","24799","2999","12375","2000","12407","2171","12564","1907","113707","6223","20073","1977","28788","3034","65844","4778","35029","3791","73027","5286","24822","2513","5770","1298","4431","1193",
"0500000US48221","Hood County, Texas","49614","523","423","378","0","236","0","236","0","236","0","236","166","231","0","236","0","236","39","7","39","6","348","434","538","356","366","370","571","370","1893","931","10869","1427","2734","838","5436","1602","7439","1410","3170","944","10916","1886","3882","1100","72","87","713","442",
"0500000US48231","Hunt County, Texas","74357","674","1897","906","0","236","129","157","0","236","520","715","195","254","33","59","235","212","770","566","87","145","1141","749","721","648","1460","743","2709","1256","2163","794","18181","2155","2680","859","7064","1482","10531","2201","5815","1210","10772","1848","6046","1630","769","443","439","357",
"0500000US48245","Jefferson County, Texas","167998","316","4348","1533","48","76","90","117","182","307","567","586","436","368","189","246","297","299","1815","804","558","312","2619","1090","4641","1602","2755","1211","4193","1113","2682","962","48708","4582","9842","1953","10927","2089","25320","3566","18911","2952","17321","2065","7917","1628","1629","655","2003","787",
"0500000US48251","Johnson County, Texas","133242","543","3336","1145","46","82","0","236","0","236","0","236","336","328","665","774","973","768","1798","1102","507","473","532","422","2377","1148","1920","733","2002","768","2972","1019","35757","3159","8480","2094","8023","1730","19391","2813","9782","1888","23791","2765","8603","1736","1470","890","481","260",
"0500000US48257","Kaufman County, Texas","116200","1344","4766","1593","0","236","0","236","0","236","0","236","0","236","0","236","0","236","432","345","300","344","886","442","1663","1044","2253","1011","1190","633","2966","1419","25918","3464","6996","1966","8258","1943","16086","2761","11833","2220","22608","2954","8184","2288","1209","917","652","349",
"0500000US48291","Liberty County, Texas","65781","364","2834","989","0","236","0","236","230","383","0","236","25","54","0","236","57","21","520","468","454","301","967","751","1742","838","1477","713","1869","803","3085","1447","21598","2854","3684","1079","5232","1751","9385","1831","5419","1320","4753","1384","1872","720","115","196","463","388",
"0500000US48303","Lubbock County, Texas","194204","875","4777","1236","116","145","31","52","0","236","334","345","153","164","295","305","386","254","1170","653","895","527","1056","534","3066","1037","3501","902","4612","1352","2812","778","42909","3845","8499","1778","17717","2628","26766","3069","13627","1964","37585","2910","15641","2130","3612","1090","4644","1213",
"0500000US48309","McLennan County, Texas","166837","1272","2184","957","0","236","132","150","95","162","46","80","527","532","0","236","606","546","1445","982","1266","891","1865","1084","3235","1460","3180","1164","2883","1040","3420","1324","35257","3362","7072","1606","12024","2248","25687","3076","19405","2301","27310","2972","12951","2299","2909","998","3338","966",
"0500000US48329","Midland County, Texas","111564","986","2925","1227","0","236","0","236","0","236","0","236","257","253","385","361","30","55","659","472","37","72","85","151","1831","1252","871","480","882","638","1773","847","25991","3369","6764","1704","7397","1832","14067","2624","9429","1986","24465","3392","9215","2064","2584","1197","1917","1006",
"0500000US48339","Montgomery County, Texas","469208","1356","9979","2346","0","236","0","236","0","236","0","236","906","511","231","237","1214","965","6540","1907","1303","689","3548","1502","7943","2358","5038","1219","4951","1761","6646","2044","85180","5885","20113","3319","33924","3298","55913","4131","41181","4127","119532","5825","49464","3563","8440","1807","7162","1769",
"0500000US48347","Nacogdoches County, Texas","38569","842","927","556","0","236","0","236","0","236","0","236","0","236","67","101","0","236","1004","843","238","395","93","126","1234","809","640","429","856","639","230","221","10003","1925","2312","829","2081","710","5842","1218","1930","725","6428","1199","3149","794","540","385","995","608",
"0500000US48355","Nueces County, Texas","234866","746","5781","1550","93","122","34","57","0","236","116","181","665","371","386","317","789","488","3495","1200","1720","967","1318","509","3894","1215","3921","1089","4302","1375","6309","1759","57114","4597","12544","1968","16551","2468","34416","3527","21283","2656","38078","3592","16419","2142","2968","934","2670","804",
"0500000US48361","Orange County, Texas","56536","1002","702","395","0","236","0","236","0","236","0","236","0","236","101","146","46","3","129","161","249","261","0","236","250","253","832","450","291","225","656","425","19679","2561","4161","1413","4194","1069","9681","1711","5282","905","7139","1533","2269","848","518","585","357","382",
"0500000US48367","Parker County, Texas","117908","776","2501","1339","235","278","0","236","0","236","12","21","0","236","0","236","0","236","1111","788","194","234","926","639","605","331","1051","496","1928","712","2189","934","24650","2713","6148","1934","9851","1592","20415","2631","9969","1930","24799","2802","10092","1943","679","362","553","405",
"0500000US48375","Potter County, Texas","75154","1678","2216","787","0","236","0","236","80","130","28","42","0","236","89","147","418","319","2044","1027","626","281","1317","672","1960","1086","1756","800","1779","760","2276","893","19445","2338","6093","1213","6162","1418","10331","1653","5298","1152","9722","1668","1851","574","1349","762","314","237",
"0500000US48381","Randall County, Texas","96949","800","1535","908","88","150","0","236","0","236","0","236","0","236","0","236","0","236","152","186","0","236","201","184","886","713","1074","513","1023","480","2081","927","18764","2472","4265","1043","8360","2109","13070","2188","12853","1889","21886","2715","8600","1516","1397","567","714","380",
"0500000US48397","Rockwall County, Texas","84746","1162","1383","979","0","236","0","236","0","236","0","236","39","3","289","253","45","3","270","286","309","421","395","380","155","193","156","145","597","413","1375","847","15513","2602","2092","830","6065","1506","9207","1538","8523","1638","25206","2054","10200","1640","1551","840","1376","618",
"0500000US48409","San Patricio County, Texas","48825","1381","1424","693","0","236","0","236","0","236","57","98","41","72","72","94","130","199","297","257","168","199","406","275","886","561","949","643","1577","879","962","496","15462","2391","2591","769","5409","1543","7594","1768","3052","1025","5069","1314","2429","1117","121","132","129","144",
"0500000US48423","Smith County, Texas","162282","1052","3698","1136","0","236","0","236","0","236","0","236","70","126","144","181","237","209","1515","779","127","218","1078","525","1743","976","860","422","4305","1513","4503","1426","32754","3965","6026","1448","11397","1784","26747","3341","18832","2446","30558","2468","12400","2346","3028","915","2260","944",
"0500000US48427","Starr County, Texas","37449","300","1407","686","0","236","40","66","343","289","392","292","701","440","345","297","658","368","4282","1262","1267","760","2222","903","1133","626","539","406","756","463","1138","786","7492","1552","1657","752","2824","998","4015","1391","916","439","3078","1006","1723","835","434","461","87","148",
"0500000US48439","Tarrant County, Texas","1427698","502","38152","4752","623","571","131","170","373","348","2301","910","3495","1165","1394","707","3952","1082","22110","3679","6309","1908","12870","2301","22925","3804","17944","2772","19255","3584","28882","3361","273429","10823","54037","4890","94649","5678","199587","8976","112218","6954","336802","10043","134171","6185","24636","3214","17453","2388",
"0500000US48441","Taylor County, Texas","90960","962","1593","662","241","300","0","236","27","46","101","114","27","48","39","70","0","236","520","373","357","430","512","363","818","407","1575","881","1582","608","1058","484","22740","2464","6016","1214","5141","1114","12884","1726","9128","1557","16996","2414","6902","1892","1452","794","1251","869",
"0500000US48451","Tom Green County, Texas","79474","408","1489","709","0","236","0","236","0","236","165","281","0","236","150","206","281","350","958","513","462","390","777","530","1856","940","2128","1031","481","319","1964","830","17889","2254","3539","1130","6859","1495","11160","2011","9179","1520","14006","1745","4782","1127","625","424","724","396",
"0500000US48453","Travis County, Texas","952169","403","15111","3386","0","236","0","236","952","949","906","877","1343","927","804","670","1754","940","7751","2334","2084","1140","5214","1511","7978","2558","5115","1399","7495","2350","11879","2731","106860","7340","19927","3234","45888","4954","96898","6640","55101","5261","351150","10221","148332","7869","33242","4284","26385","3552",
"0500000US48469","Victoria County, Texas","60170","723","998","786","0","236","0","236","178","264","0","236","71","113","161","145","0","236","526","308","127","138","296","272","1075","591","827","604","1178","658","1482","699","17155","2171","4577","1149","4987","1348","8470","1598","6680","1470","7152","1506","2695","890","1209","871","326","265",
"0500000US48471","Walker County, Texas","52503","1650","313","277","0","236","0","236","0","236","395","495","32","49","0","236","0","236","1017","1142","467","365","675","456","1572","668","1041","478","629","324","1108","943","9552","2082","6328","1353","3196","1000","7983","1930","3972","1461","9358","2137","2886","1140","584","505","1395","1051",
"0500000US48479","Webb County, Texas","155484","890","5627","1540","31","54","50","78","218","184","269","265","827","384","277","287","1248","548","7266","1614","1350","576","5747","1264","7492","1614","2810","1061","4723","1228","5977","1515","29508","3166","4503","1352","9351","2011","22699","2627","9851","1727","23949","2913","8540","1756","1874","1124","1297","723",
"0500000US48485","Wichita County, Texas","84649","589","1206","519","75","128","0","236","393","254","312","222","381","286","594","369","606","298","942","595","222","238","1106","478","1078","569","1192","591","694","403","1154","478","20588","2337","5077","1101","7486","1356","12754","2061","7376","1197","14153","1946","5168","1269","1151","778","941","373",
"0500000US48491","Williamson County, Texas","477751","257","7472","1994","31","53","0","236","273","361","632","643","729","530","109","135","740","705","1273","755","887","640","1837","964","3912","1518","3095","1183","3010","1012","6150","2510","69199","5586","12818","2317","30792","3461","64694","4237","37891","3672","148236","5380","65827","4164","9387","2002","8757","1814",
"0500000US48497","Wise County, Texas","53168","493","1632","918","0","236","0","236","0","236","0","236","57","104","38","66","0","236","623","540","65","115","504","284","970","703","1510","533","1166","517","1308","544","13208","1746","3052","1081","4391","996","7680","1278","4535","1032","8539","1194","3232","1107","241","233","417","315",
"0500000US49005","Cache County, Utah","74636","436","1275","845","0","206","0","206","0","206","0","206","97","119","0","206","0","206","371","369","30","51","37","53","361","388","69","85","853","451","1634","611","11755","1680","2189","795","5733","1163","13209","1646","4956","1020","21496","1850","7824","1310","998","391","1749","529",
"0500000US49011","Davis County, Utah","227570","724","1323","683","149","245","41","68","0","206","0","206","169","188","0","206","0","206","391","380","0","206","345","316","796","583","895","484","1529","720","2902","991","46049","3824","5458","1177","19889","2319","34995","3547","23760","2188","57362","3683","25187","2658","3878","902","2452","709",
"0500000US49035","Salt Lake County, Utah","774308","1349","16255","2834","294","240","183","248","0","206","641","564","896","573","99","131","697","431","8150","2563","2145","1190","2869","1112","6737","2332","6584","1720","7502","1554","14327","2326","144192","6327","27152","3675","53927","4210","102900","5220","66387","4612","189809","6864","85828","4519","21143","2287","15591","2352",
"0500000US49045","Tooele County, Utah","48831","843","360","276","0","206","0","206","0","206","0","206","217","251","34","60","40","69","405","397","139","216","580","480","0","206","709","420","866","462","649","387","11734","1771","1909","633","3614","1006","10186","1416","6362","1424","8044","1375","2557","694","233","257","193","154",
"0500000US49049","Utah County, Utah","375054","726","5020","1811","0","206","59","99","103","172","213","289","0","206","290","287","280","329","1084","546","194","261","148","146","1535","690","1773","668","1370","612","4100","856","52311","4142","9592","1794","26208","2964","61246","3627","36960","2911","118085","4371","41913","3035","6385","1218","6185","978",
"0500000US49053","Washington County, Utah","133975","939","1221","799","0","206","0","206","0","206","0","206","0","206","0","206","87","140","297","497","0","206","243","218","731","538","1048","734","1047","492","2485","988","28530","3243","4699","1169","15102","2345","20054","2647","13305","2192","27043","2703","12681","1906","2831","1217","2571","1136",
"0500000US49057","Weber County, Utah","174083","707","2264","755","0","206","0","206","167","255","72","118","190","229","81","89","630","646","619","543","1204","843","1001","607","972","525","1319","549","2071","965","3306","1030","37375","3001","5807","1418","16422","2002","28160","2854","20758","2404","35435","2272","12545","1979","1693","605","1992","687",
"0500000US50007","Chittenden County, Vermont","116572","758","818","629","0","170","0","170","0","170","0","170","0","170","0","170","0","170","0","170","0","170","521","436","204","228","385","326","672","272","721","399","19870","2420","2753","924","5174","1258","11165","1859","10845","1957","35293","2692","20913","2329","3744","924","3494","744",
"0500000US51003","Albemarle County, Virginia","80889","601","730","536","0","216","0","216","0","216","0","216","0","216","259","381","0","216","377","366","216","225","65","103","824","653","372","380","929","475","1465","832","9815","1435","1895","821","3730","1037","5808","983","4399","1031","23474","2388","17630","1859","4229","1042","4672","1149",
"0500000US51013","Arlington County, Virginia","172764","654","2140","984","401","538","0","216","0","216","0","216","0","216","222","374","207","284","659","705","57","106","738","572","84","154","763","601","314","306","1579","720","11720","1776","1975","811","3897","963","8251","1891","4973","1064","63521","3692","45500","3384","15271","1763","10492","1795",
"0500000US51015","Augusta County, Virginia","58804","428","356","318","0","216","0","216","117","109","204","194","0","216","0","216","358","393","306","284","0","216","605","508","369","292","1285","643","1329","674","235","226","19689","1992","4683","1164","4349","1306","5817","1055","4592","1138","9566","1655","3859","1113","392","326","693","397",
"0500000US51019","Bedford County, Virginia","60181","493","373","355","35","56","0","216","0","216","0","216","0","216","85","125","55","94","0","216","85","152","512","391","261","246","1193","589","1184","505","1381","665","16097","1954","1996","575","5641","1256","6325","1048","5388","946","11794","1522","5434","1408","1415","547","927","505",
"0500000US51041","Chesterfield County, Virginia","259908","655","5276","2002","0","216","0","216","147","243","30","53","40","3","189","305","158","190","1107","747","292","328","801","432","705","369","1961","935","2647","1047","4002","1390","43609","3813","9208","2076","17120","2258","32803","2929","23978","2443","75314","4263","29878","2814","6475","1564","4168","1219",
"0500000US51059","Fairfax County, Virginia","790040","179","16626","2993","366","403","92","156","1106","999","750","688","978","709","551","457","1445","792","7650","2367","811","464","4444","1698","4840","1474","4614","1338","3562","1242","14333","2101","76410","5790","13219","2153","29862","3298","60652","4542","43305","3957","246326","7953","191511","6948","40435","3299","26152","2517",
"0500000US51061","Fauquier County, Virginia","51756","804","165","170","0","216","0","216","0","216","61","106","0","216","99","172","70","130","580","586","190","247","102","118","547","495","553","479","532","314","1160","461","10631","1286","1891","631","3676","822","6744","1391","3343","910","14150","1910","5310","1106","1029","548","923","495",
"0500000US51069","Frederick County, Virginia","67038","706","491","421","38","82","0","216","0","216","113","186","0","216","0","216","30","90","724","777","415","379","725","396","265","189","404","340","1166","656","1856","840","18236","2526","1634","545","6389","2214","7240","1558","4933","1387","13859","2364","6583","1377","1395","754","542","386",
"0500000US51085","Hanover County, Virginia","80342","574","617","445","51","87","0","216","0","216","0","216","0","216","0","216","0","216","0","216","64","78","669","511","576","332","816","547","543","267","1598","716","17737","1950","2052","599","5458","1193","8647","1466","6328","1137","21063","1738","9567","1444","2715","928","1841","715",
"0500000US51087","Henrico County, Virginia","236577","439","5148","1507","40","67","179","202","0","216","297","423","0","216","89","109","572","507","152","179","350","259","2514","1107","1645","774","2427","907","2042","973","2791","873","45098","4139","5899","1222","12433","1628","28386","2687","17730","2059","62690","4081","33115","2877","8251","1620","4729","1043",
"0500000US51095","James City County, Virginia","62781","706","746","558","0","216","0","216","0","216","0","216","105","189","0","216","12","2","200","276","39","66","177","116","331","240","59","6","407","452","340","353","9984","1659","2225","849","3284","910","8397","1809","3941","875","18082","1701","10711","1282","2242","648","1499","665",
"0500000US51107","Loudoun County, Virginia","287280","581","3923","1406","40","67","0","216","0","216","0","216","785","707","44","78","368","399","2269","1261","433","329","1502","751","2076","1227","3319","1680","1464","900","3437","1216","28549","3979","4059","1296","10915","1749","22288","2420","14625","1933","107700","4628","65843","4546","7638","1580","6003","1221",
"0500000US51121","Montgomery County, Virginia","55388","725","184","183","0","216","0","216","0","216","0","216","0","216","0","216","0","216","0","216","47","81","484","498","331","279","649","469","391","297","840","474","10258","1777","2062","794","1914","670","6698","1329","4427","1026","12097","1613","8314","1466","1683","761","5009","1266",
"0500000US51153","Prince William County, Virginia","317779","210","10367","2684","106","133","0","216","0","216","770","700","411","376","356","364","779","665","2022","1327","342","350","984","594","3222","1153","1849","958","3584","1287","8364","2223","57886","5224","7742","1613","18455","2336","32372","3806","23513","3233","87935","5300","44563","3658","6697","1519","5460","1258",
"0500000US51161","Roanoke County, Virginia","71413","594","1564","802","0","216","0","216","105","165","0","216","0","216","0","216","0","216","104","50","122","143","231","193","321","228","267","212","91","122","791","428","17930","2637","3764","1037","4213","1255","9126","1732","7449","1628","16182","2165","5513","950","2029","740","1611","679",
"0500000US51165","Rockingham County, Virginia","59430","571","775","522","0","216","41","87","0","216","103","170","0","216","0","216","0","216","107","143","174","181","1122","635","1085","505","1458","706","1622","669","1718","694","18641","2165","3368","811","3736","1114","5034","1149","5228","1210","8637","1379","4262","918","959","405","1360","548",
"0500000US51177","Spotsylvania County, Virginia","100786","565","2090","750","0","216","0","216","0","216","0","216","168","240","0","216","31","57","218","256","223","184","1266","749","541","518","2062","846","826","517","1275","472","23981","2883","3817","829","5729","1018","13431","2108","8084","1498","21965","2097","11647","2003","1802","657","1630","668",
"0500000US51179","Stafford County, Virginia","107144","1200","1109","595","0","216","94","101","37","3","0","216","134","221","0","216","251","229","493","547","106","130","1069","856","824","838","1392","615","1092","495","1181","512","20397","3086","2861","911","8109","1486","13397","1707","8855","1480","25954","2795","15633","2159","1746","663","2410","1045",
"0500000US51199","York County, Virginia","null","null","null","null","null","null","null","null","null","null","null","null","null","null","null","null","null","null","null","null","null","null","null","null","null","null","null","null","null","null","null","null","null","null","null","null","null","null","null","null","null","null","null","null","null","null","null","null","null","null",
"0500000US51510","Alexandria city, Virginia","117655","502","1825","752","179","284","124","151","124","151","550","582","824","966","407","416","165","350","854","636","165","209","0","216","897","700","656","518","994","798","1303","988","13050","1897","1189","630","2849","1058","8830","1770","4943","1227","36423","2382","30247","2244","7304","1324","3753","930",
"0500000US51550","Chesapeake city, Virginia","172684","277","1660","722","112","178","0","216","227","307","98","175","241","298","0","216","339","480","47","61","23","31","105","84","291","301","1447","691","2474","904","2401","913","37001","3432","7375","1662","13769","2055","24959","2973","16936","2443","39217","2867","18542","2560","2752","869","2668","1334",
"0500000US51650","Hampton city, Virginia","93018","500","1554","812","0","216","0","216","0","216","38","74","0","216","97","124","0","216","76","127","38","66","1071","893","898","426","566","452","2409","1184","916","327","20358","2275","6409","1662","6875","1554","17369","2241","7333","1331","18317","2352","6969","1341","579","384","1146","506",
"0500000US51680","Lynchburg city, Virginia","44115","1103","577","355","0","216","0","216","0","216","0","216","0","216","0","216","0","216","22","41","266","238","343","270","502","254","219","208","513","365","432","307","10348","1565","1922","673","1719","619","5908","1251","2687","810","11193","1514","5174","1336","1213","726","1077","396",
"0500000US51700","Newport News city, Virginia","119123","563","1587","633","0","216","0","216","0","216","249","406","516","623","0","216","0","216","325","334","291","244","261","267","521","574","1649","725","1797","848","2013","881","29020","2594","6870","1702","8021","1912","18534","2840","11133","1837","23139","2804","9756","1625","2135","893","1306","560",
"0500000US51710","Norfolk city, Virginia","150391","747","3603","1139","0","216","35","57","0","216","0","216","0","216","0","216","54","93","334","263","175","101","830","485","2538","884","2218","969","2397","931","4028","1102","29297","2534","9865","1611","12631","1754","21065","2793","11513","1875","29288","3132","12639","1834","5569","1506","2312","778",
"0500000US51740","Portsmouth city, Virginia","65762","647","729","504","0","216","0","216","0","216","0","216","0","216","0","216","54","97","21","35","151","173","394","283","668","318","1666","820","1472","674","1699","1094","16211","2203","4669","1318","4446","1348","9476","1744","5528","1550","11602","1706","4838","1388","1334","720","804","713",
"0500000US51760","Richmond city, Virginia","162645","541","2986","1525","59","101","0","216","171","95","0","216","0","216","0","216","136","219","1259","994","567","682","576","557","2229","1270","1375","529","2442","916","3665","1835","29782","3338","6336","1701","6637","1567","19280","2438","9224","2008","44901","3440","21898","2390","5537","1378","3585","1126",
"0500000US51770","Roanoke city, Virginia","68568","1033","1706","919","49","89","0","216","0","216","0","216","61","4","0","216","121","214","1089","814","54","76","210","159","1428","1006","624","383","1341","939","640","427","18480","2712","3458","1094","3314","808","9540","2342","5963","1896","11946","1684","5296","1521","2303","772","945","563",
"0500000US51800","Suffolk city, Virginia","70100","919","1786","1092","0","216","121","164","0","216","0","216","0","216","255","265","29","49","157","174","29","50","200","182","498","288","1492","654","659","387","823","426","14547","2141","2786","1120","3586","898","10383","1608","7575","1401","13369","1543","8978","1838","1198","529","1629","605",
"0500000US51810","Virginia Beach city, Virginia","317353","187","2280","971","0","216","234","371","0","216","33","58","0","216","0","216","121","142","637","398","519","357","1244","746","1165","522","3643","993","2837","1064","4540","1771","63329","5000","12339","2136","24786","2525","42523","3698","28550","3198","80232","5318","36070","3101","7281","1587","4990","1155",
"0500000US53005","Benton County, Washington","141560","665","4065","1835","0","217","0","217","51","91","752","721","88","151","153","246","304","329","1720","934","740","576","823","455","483","327","2066","993","1701","997","3547","1081","24568","2789","8508","2203","11499","1874","18695","2595","13993","2099","28920","2806","13852","1962","1886","786","3146","782",
"0500000US53007","Chelan County, Washington","56435","594","1107","607","46","79","0","217","104","171","26","43","673","560","82","122","274","331","1155","800","0","217","651","564","399","314","957","573","1224","676","1227","591","10643","1644","1632","556","4557","1327","7819","1368","6324","1434","10202","1480","4848","994","1960","751","525","247",
"0500000US53009","Clallam County, Washington","61520","560","693","531","0","217","0","217","0","217","0","217","0","217","0","217","47","85","7","14","0","217","70","116","392","279","434","229","780","537","1543","720","12846","1509","3242","873","4983","960","10237","1387","8006","1308","10846","1265","5245","968","921","411","1228","517",
"0500000US53011","Clark County, Washington","363723","1222","6568","1683","0","217","52","83","0","217","0","217","172","166","175","218","919","663","935","659","266","248","886","579","2863","1048","2923","920","3791","1174","8675","1801","69091","4704","14279","2428","32346","3537","55923","4565","38688","3486","78821","4769","34170","2930","7503","1641","4677","899",
"0500000US53015","Cowlitz County, Washington","78889","630","988","589","146","230","113","121","0","217","0","217","0","217","0","217","871","1074","351","316","0","217","553","465","791","510","1278","539","1514","615","1823","832","17228","2042","5427","1046","9342","1984","11437","1697","11690","2069","9866","1924","4233","939","746","622","492","270",
"0500000US53021","Franklin County, Washington","58536","501","1867","842","120","190","0","217","0","217","93","160","320","352","313","341","309","208","2790","1062","127","169","242","252","1208","736","1290","628","1525","907","2167","970","11624","1780","3872","970","4351","1240","8473","2041","5588","1148","8117","1180","3772","1320","245","242","123","192",
"0500000US53025","Grant County, Washington","63517","791","905","412","0","217","0","217","114","192","371","567","359","311","0","217","69","91","3480","1240","211","338","236","174","1976","990","302","264","446","286","1958","979","16047","1953","3817","1203","6357","1776","8371","1746","6378","1768","7840","1559","3195","1189","862","550","223","250",
"0500000US53027","Grays Harbor County, Washington","56077","570","1370","820","0","217","0","217","0","217","0","217","174","292","0","217","12","20","623","495","256","366","367","289","772","703","952","485","974","448","1784","705","13203","1693","4297","1037","6310","1246","8969","1657","6452","1135","6373","1475","2581","898","483","420","125","161",
"0500000US53029","Island County, Washington","64690","771","762","432","0","217","0","217","0","217","0","217","0","217","0","217","0","217","85","149","244","283","36","54","357","330","239","246","144","150","666","314","13038","1999","1549","500","6486","1515","10467","1727","6829","1011","13989","1656","6968","1395","1380","550","1451","481",
"0500000US53033","King County, Washington","1653274","*****","26865","3546","496","442","91","106","0","217","554","534","2026","862","2482","1104","3122","1555","6478","1700","1200","655","5029","1410","8031","2324","7862","2010","8765","1917","23961","3876","194083","6747","33221","3433","76461","4940","164453","7473","124360","6026","551672","9253","297546","8582","59719","5038","54797","4087",
"0500000US53035","Kitsap County, Washington","200493","1028","387","308","0","217","0","217","31","57","95","144","111","201","0","217","81","137","989","638","0","217","367","436","1050","550","1275","729","2257","1008","3262","1050","36004","3308","5592","1329","20717","2495","30964","3205","19374","2379","45368","3001","23867","2762","5190","1085","3512","897",
"0500000US53041","Lewis County, Washington","62213","623","1015","540","0","217","0","217","0","217","0","217","0","217","109","177","0","217","255","268","26","49","135","155","724","634","428","356","1623","866","852","440","16038","2127","3964","1043","5860","1278","10523","2202","7893","1839","8512","1545","3348","1049","491","332","417","392",
"0500000US53045","Mason County, Washington","50651","496","1812","1017","0","217","0","217","0","217","0","217","320","351","0","217","5","2","0","217","0","217","83","124","424","326","201","183","576","381","1325","562","11828","1820","2896","828","5487","1087","8180","1559","5731","1302","8538","1435","2688","764","508","286","49","82",
"0500000US53053","Pierce County, Washington","637780","486","8486","1759","0","217","54","90","0","217","309","440","480","457","423","386","915","592","4113","1488","920","645","1680","775","4222","1325","6378","1739","8426","1886","13415","2254","144304","6609","27722","3092","51169","4482","91472","5524","69520","4907","129021","5510","54836","3799","12261","1998","7654","1954",
"0500000US53057","Skagit County, Washington","95334","251","1903","943","0","217","176","219","0","217","191","301","200","237","0","217","0","217","263","224","180","196","654","462","526","405","1251","712","752","380","995","430","18701","2022","3915","738","7745","1486","17973","2002","11005","1443","17223","1540","8395","1188","2137","648","1149","477",
"0500000US53061","Snohomish County, Washington","599577","629","11873","2488","71","119","102","121","88","146","305","342","18","30","90","159","792","741","1180","639","430","252","1435","828","3616","1221","3936","1030","5370","1535","12405","2267","109141","5648","21899","2514","44624","3884","82701","5676","62056","4404","153136","6229","66504","4800","9675","1588","8130","1410",
"0500000US53063","Spokane County, Washington","384222","1035","1846","696","0","217","0","217","0","217","0","217","0","217","23","42","104","129","611","540","507","354","1690","842","1989","781","2514","973","3615","1100","5438","1535","76967","5263","23987","3471","29656","2832","62361","4583","48408","4176","74587","4342","37047","3543","8052","1318","4820","1290",
"0500000US53067","Thurston County, Washington","216268","1016","2471","990","0","217","62","118","0","217","0","217","443","417","0","217","142","151","101","172","245","160","674","584","1282","955","1446","833","1640","1032","3627","1287","39101","4038","8608","2068","15297","2376","31606","3207","20852","2434","53399","4520","26573","2881","5786","1302","2913","845",
"0500000US53073","Whatcom County, Washington","160027","528","1321","516","0","217","0","217","152","254","57","96","0","217","0","217","0","217","1360","979","205","195","787","523","871","614","550","309","1826","803","2186","822","27186","2452","5090","1000","13163","1730","24634","2593","16594","2040","42042","2803","15161","1974","3371","1035","3471","1066",
"0500000US53077","Yakima County, Washington","159107","692","8083","1675","0","217","237","252","0","217","430","376","464","323","321","247","849","437","5270","1337","936","490","1725","590","3645","1189","2760","950","4761","1415","4234","1317","42775","4097","11232","1551","10830","1725","17587","2654","13862","2429","17767","2490","8242","1452","2077","925","1020","573",
"0500000US54003","Berkeley County, West Virginia","91954","1090","2565","1392","95","126","0","204","0","204","0","204","55","92","43","80","151","246","18","32","0","204","397","327","839","439","1388","657","1296","623","2626","991","26831","2856","7927","1849","7744","1749","10256","1945","7909","1367","13125","1685","6979","1393","1052","677","658","338",
"0500000US54011","Cabell County, West Virginia","61087","648","352","238","0","204","0","204","0","204","0","204","0","204","0","204","138","173","112","144","350","235","479","236","968","485","1235","711","1031","427","1170","699","13597","1759","3323","953","2837","827","7649","1402","5176","1155","13741","1878","5196","1020","1234","453","2499","782",
"0500000US54033","Harrison County, West Virginia","46671","300","345","252","43","74","74","126","0","204","0","204","0","204","0","204","0","204","39","47","26","45","274","241","1058","680","1473","799","1019","444","387","221","15434","1744","2872","700","2848","774","5261","1123","3256","918","8256","1284","3222","794","649","338","135","152",
"0500000US54039","Kanawha County, West Virginia","126601","775","1514","635","0","204","0","204","0","204","0","204","40","69","59","98","0","204","19","39","631","593","956","598","2000","862","3120","913","2550","863","1320","536","38004","3163","6048","1291","6218","1622","15804","2411","10335","1504","22890","2478","10153","1739","3371","1035","1569","624",
"0500000US54061","Monongalia County, West Virginia","66000","1187","670","564","0","204","0","204","0","204","0","204","0","204","0","204","0","204","0","204","74","130","190","206","424","315","577","761","441","250","1185","616","14328","1771","3220","1038","2665","804","7131","1427","3560","988","15239","1955","10715","1859","2453","880","3128","1124",
"0500000US54081","Raleigh County, West Virginia","51501","720","762","498","0","204","0","204","0","204","0","204","72","96","279","429","182","250","38","69","679","576","655","489","922","676","450","321","1181","481","1084","565","18202","2192","3694","957","2425","913","5616","1393","3826","1271","6726","1484","3163","1015","798","492","747","456",
"0500000US54107","Wood County, West Virginia","59726","294","240","186","0","204","0","204","0","204","0","204","41","69","0","204","14","3","0","204","679","520","596","394","912","481","1342","570","973","407","1051","575","18383","1589","2915","843","3281","879","8837","1356","5976","1101","9155","1238","3961","908","800","448","570","379",
"0500000US55009","Brown County, Wisconsin","183656","954","2411","852","0","159","0","159","38","64","0","159","0","159","0","159","241","277","614","515","42","69","436","291","682","483","1113","550","1361","712","2538","703","47710","3567","7214","1532","14380","2107","22631","2005","22321","2382","41589","3335","14276","2095","2576","771","1483","465",
"0500000US55017","Chippewa County, Wisconsin","48385","197","439","318","42","73","0","159","0","159","0","159","0","159","0","159","75","128","0","159","85","22","343","170","138","109","199","140","430","269","533","263","14629","1479","1880","493","3604","674","5553","837","8364","1219","8566","1251","2859","598","433","268","213","190",
"0500000US55025","Dane County, Wisconsin","384543","289","4660","1617","0","159","53","78","179","234","16","5","56","94","26","18","358","287","957","519","29","33","434","355","309","280","1809","837","1835","767","3071","970","62391","4050","8435","1516","17370","2112","39568","3264","35878","2749","121354","4908","55325","3087","10854","1262","19576","2205",
"0500000US55027","Dodge County, Wisconsin","64434","429","599","300","0","159","0","159","43","70","0","159","0","159","13","24","145","214","103","162","75","56","259","142","324","165","865","318","918","369","998","357","23530","1678","3125","710","5242","849","7659","1004","7882","1097","9376","1228","2380","578","848","348","50","51",
"0500000US55035","Eau Claire County, Wisconsin","69700","586","632","410","0","159","0","159","0","159","0","159","0","159","0","159","0","159","71","116","6","2","551","437","179","191","576","409","399","207","782","476","16818","2157","2172","789","4003","1038","7860","1203","11489","1550","16991","1763","4759","1176","1075","553","1337","695",
"0500000US55039","Fond du Lac County, Wisconsin","72551","1115","654","402","0","159","0","159","0","159","0","159","0","159","0","159","0","159","70","75","98","132","348","239","292","235","535","345","1430","627","987","398","22205","2025","3520","959","6617","1193","8776","1569","9663","1411","12187","1672","4293","982","547","372","329","277",
"0500000US55055","Jefferson County, Wisconsin","60377","639","277","237","0","159","0","159","0","159","0","159","0","159","0","159","23","40","787","446","48","87","309","233","216","211","442","467","435","247","795","310","18221","1551","1629","548","3643","790","7460","1495","7091","1011","12791","1528","5156","985","364","216","690","405",
"0500000US55059","Kenosha County, Wisconsin","115871","779","1501","810","0","159","0","159","0","159","230","368","43","70","162","253","0","159","312","370","0","159","502","380","640","401","1399","695","1676","598","2858","897","25323","2197","6799","1577","11044","1707","14596","1787","11253","1765","24961","2944","10243","1820","1081","427","1248","601",
"0500000US55063","La Crosse County, Wisconsin","null","null","null","null","null","null","null","null","null","null","null","null","null","null","null","null","null","null","null","null","null","null","null","null","null","null","null","null","null","null","null","null","null","null","null","null","null","null","null","null","null","null","null","null","null","null","null","null","null","null",
"0500000US55071","Manitowoc County, Wisconsin","59899","322","611","322","9","15","0","159","0","159","0","159","0","159","0","159","13","2","428","324","0","159","588","371","173","79","1273","647","737","443","1215","513","21497","1643","1708","544","4358","1027","7666","1331","7792","1101","8659","1347","2506","564","393","198","273","218",
"0500000US55073","Marathon County, Wisconsin","97756","506","1505","818","0","159","0","159","0","159","0","159","0","159","86","127","0","159","214","296","81","79","1439","485","420","326","560","281","719","260","1911","614","28460","2268","3095","767","7632","1400","11592","1453","12738","1336","18357","1560","6118","1106","1832","672","997","553",
"0500000US55079","Milwaukee County, Wisconsin","614512","502","11788","1757","0","159","0","159","348","313","955","487","718","451","491","396","2460","1242","5280","1568","1693","696","3102","703","6640","1404","6134","1468","10429","1885","13599","2130","137964","6103","25808","2777","32145","3344","86464","5610","47639","3758","141802","6498","57827","3578","12790","1651","8436","1501",
"0500000US55087","Outagamie County, Wisconsin","133767","660","1571","593","0","159","43","69","0","159","0","159","239","343","0","159","24","3","552","619","189","293","622","352","240","151","548","309","806","482","994","301","37573","2486","4386","1115","7410","1346","17612","1904","18967","2166","30720","2436","8366","1220","2087","762","818","347",
"0500000US55089","Ozaukee County, Wisconsin","65471","593","473","362","0","159","0","159","0","159","0","159","0","159","0","159","54","90","18","34","0","159","9","18","7","13","242","208","147","98","367","210","10946","1466","1217","452","4965","1314","7015","1210","5727","1286","20987","2142","9662","1306","2214","594","1421","533",
"0500000US55097","Portage County, Wisconsin","46737","384","403","347","0","159","0","159","0","159","0","159","0","159","188","253","9","14","157","148","0","159","505","295","82","155","97","124","155","161","795","354","13229","1342","1435","509","2655","576","4358","772","6452","922","11353","1222","3427","761","764","324","673","310",
"0500000US55101","Racine County, Wisconsin","136329","1257","1178","728","18","35","0","159","0","159","257","302","0","159","280","288","46","62","410","422","0","159","720","472","545","346","1612","617","1812","811","3164","810","37926","3266","6814","1309","10272","1790","19064","2608","15510","1894","24010","2494","10486","1744","1259","515","946","567",
"0500000US55105","Rock County, Wisconsin","115060","813","1367","626","9","16","0","159","0","159","0","159","80","131","0","159","0","159","230","269","43","72","482","436","366","371","1219","689","2656","910","2329","899","33745","3057","4521","1049","9800","1397","14072","1732","13491","1787","21720","2058","7040","1272","1021","505","869","386",
"0500000US55109","St. Croix County, Wisconsin","66932","544","387","557","0","159","0","159","0","159","0","159","0","159","0","159","0","159","0","159","0","159","93","70","327","466","138","83","1083","459","206","178","15197","2136","1962","578","4891","917","6954","1526","8427","1516","17984","2059","6768","1284","1514","783","1001","609",
"0500000US55111","Sauk County, Wisconsin","46784","317","891","562","0","159","0","159","0","159","3","6","0","159","0","159","0","159","12","19","40","74","529","251","23","26","440","297","495","217","684","316","13371","1353","1700","395","3288","589","5769","848","6696","1104","9207","1048","2604","581","665","358","367","204",
"0500000US55117","Sheboygan County, Wisconsin","84017","930","1256","394","0","159","0","159","0","159","0","159","215","251","160","231","117","143","381","439","0","159","411","257","44","37","475","289","1216","664","1376","524","24115","2023","3502","1030","7247","1550","12134","1773","8823","1427","15276","1491","5437","925","1398","576","434","248",
"0500000US55127","Walworth County, Wisconsin","72291","563","471","290","0","159","0","159","0","159","72","135","0","159","33","55","541","509","723","498","172","219","345","216","473","332","430","322","702","366","1141","451","17840","1661","2242","643","5532","1043","10515","1287","6442","1098","15736","1693","6631","1111","1275","476","975","617",
"0500000US55131","Washington County, Wisconsin","99962","612","625","392","0","159","0","159","0","159","0","159","0","159","0","159","0","159","0","159","0","159","394","313","176","203","362","220","511","296","1209","472","26059","2147","2141","739","8082","1350","12494","1865","12033","1942","24630","2198","8678","1268","998","466","1570","687",
"0500000US55133","Waukesha County, Wisconsin","296292","832","1289","535","63","107","0","159","0","159","166","250","12","20","0","159","83","142","142","167","91","153","348","254","219","174","825","483","741","418","2955","1034","57110","3007","5238","1228","17683","2035","35239","2680","29264","2631","94386","4216","35998","2679","8979","1572","5461","1164",
"0500000US55139","Winnebago County, Wisconsin","117801","646","542","286","0","159","0","159","0","159","0","159","82","136","14","26","0","159","0","159","60","99","843","449","211","156","1532","660","1482","697","2442","734","30014","2393","4325","843","8276","1809","13410","1752","12956","1443","29147","2369","9760","1628","1368","479","1337","476",
"0500000US55141","Wood County, Wisconsin","52662","544","380","267","0","159","0","159","10","20","0","159","10","20","0","159","34","59","0","159","2","2","148","149","134","133","268","122","746","443","777","358","18041","1412","2195","562","4508","880","6344","1003","6638","1136","8453","1186","2537","642","781","427","656","474",
"0500000US56021","Laramie County, Wyoming","69819","707","265","208","10","19","61","103","0","208","22","4","0","208","0","208","10","18","89","139","0","208","246","251","51","89","1077","772","919","542","551","404","13806","1590","3730","1031","5684","1196","10586","1820","9419","1621","14282","1928","7368","1326","1146","520","497","335",
"0500000US56025","Natrona County, Wyoming","55239","487","678","505","0","208","0","208","0","208","0","208","0","208","0","208","21","3","0","208","0","208","220","248","246","278","719","381","1003","569","609","421","12051","1450","3910","1362","5976","1378","7364","1353","6304","1360","10293","1593","4290","1009","1021","523","534","464",
"0500000US72013","Arecibo Municipio, Puerto Rico","64883","*****","1327","669","0","251","0","251","96","159","148","197","571","387","1224","610","392","238","1265","608","936","598","1035","557","1936","765","815","465","859","545","630","473","15832","2143","1101","618","1882","963","6781","1751","6977","1772","16505","2125","2988","983","385","356","1198","731",
"0500000US72021","Bayamón Municipio, Puerto Rico","137753","*****","2301","753","90","150","0","251","505","410","480","357","528","301","1434","543","1175","519","1881","625","1614","539","2124","835","2961","800","1187","641","1935","613","851","451","28855","2777","2285","691","3825","1083","18712","2201","16927","2277","37314","2999","7436","1276","1073","485","2260","832",
"0500000US72025","Caguas Municipio, Puerto Rico","94481","*****","2126","776","0","251","0","251","102","159","70","119","348","338","830","520","1074","650","2210","748","573","389","1277","572","3064","1183","906","490","2145","1046","136","134","21094","2684","3674","1207","1258","648","9448","1976","10739","2344","22232","2667","6183","1491","2307","934","2685","1038",
"0500000US72031","Carolina Municipio, Puerto Rico","115011","*****","1360","647","0","251","0","251","0","251","458","414","313","264","1020","516","731","526","942","594","556","427","1464","631","2844","966","1190","651","1658","654","1005","647","24552","2552","4921","1630","3791","1256","9728","1930","16977","2425","30186","3147","8675","1766","1112","546","1528","625",
"0500000US72061","Guaynabo Municipio, Puerto Rico","70029","*****","884","567","0","251","0","251","132","165","278","276","777","563","105","123","508","458","1071","884","1187","773","655","464","661","398","194","201","1412","847","536","330","10400","1859","3106","1179","910","538","5403","1178","5516","1111","18609","2045","11210","1907","4468","1149","2007","645",
"0500000US72097","Mayagüez Municipio, Puerto Rico","48230","*****","624","343","0","251","0","251","127","146","589","464","362","299","296","283","170","150","1617","579","2231","795","1554","568","2007","669","357","279","545","255","252","213","11237","1541","3635","846","308","221","5243","1190","4122","1232","8689","1625","2688","685","1069","648","508","440",
"0500000US72113","Ponce Municipio, Puerto Rico","96698","*****","1578","612","73","120","48","82","435","252","615","392","785","400","1037","438","458","322","1042","570","987","533","1539","518","2308","798","1164","553","1809","625","888","404","26117","2173","1817","567","2031","696","10022","1990","11562","1902","20689","1975","6982","1446","1609","607","1103","600",
"0500000US72127","San Juan Municipio, Puerto Rico","253950","*****","3480","1046","0","251","0","251","145","177","945","751","1933","786","2421","987","1075","527","4085","1146","2505","906","5172","1457","3359","953","2148","742","2056","882","1680","689","47130","4752","3456","1246","5455","1400","24359","3281","34380","4208","65401","4789","24705","2691","10463","2157","7597","1898",
"0500000US72135","Toa Alta Municipio, Puerto Rico","49326","*****","464","449","0","251","0","251","70","116","282","261","409","350","318","397","195","279","993","543","264","270","853","583","1812","848","751","513","1302","764","299","262","11216","1694","340","270","693","380","5786","1759","7750","1768","11869","1939","3095","1235","282","332","283","308",
"0500000US72137","Toa Baja Municipio, Puerto Rico","54219","*****","1075","460","72","86","0","251","221","230","130","129","157","156","496","314","216","194","1572","779","199","214","768","422","1184","527","325","349","934","636","188","186","13409","1787","2562","987","1421","578","5977","1240","7259","1413","11507","1447","3835","1123","298","220","414","436",
"0500000US72139","Trujillo Alto Municipio, Puerto Rico","49793","1111","225","174","0","251","0","251","0","251","72","123","0","251","338","374","209","321","1283","615","360","302","1042","728","386","375","176","290","299","403","359","338","7276","1572","206","183","463","432","7571","2432","7978","1840","15263","2931","4706","1455","736","486","845","615",
