State Weekly Claims for Unemplyment Insurance Data Not Seasonally Adjusted,,,,,,
,,,,,,
,,,,,,
,,,,,,
State,Filed week ended,Initial Claims,Reflecting Week Ended,Continued Claims,Covered Employment,Insured Unemployment Rate
Alabama,01/04/2020,4578,12/28/2019,18523,1923741,0.96
Alabama,01/11/2020,3629,01/04/2020,21143,1923741,1.1
Alabama,01/18/2020,2483,01/11/2020,17402,1923741,0.9
Alabama,01/25/2020,2129,01/18/2020,18390,1923741,0.96
Alabama,02/01/2020,2170,01/25/2020,17284,1923741,0.9
Alabama,02/08/2020,2176,02/01/2020,16745,1923741,0.87
Alabama,02/15/2020,1981,02/08/2020,16571,1923741,0.86
Alabama,02/22/2020,1735,02/15/2020,16059,1923741,0.83
Alabama,02/29/2020,1575,02/22/2020,14721,1923741,0.77
Alabama,03/07/2020,1663,02/29/2020,13657,1923741,0.71
Alabama,03/14/2020,1819,03/07/2020,13070,1923741,0.68
Alabama,03/21/2020,10892,03/14/2020,12487,1923741,0.65
Alabama,03/28/2020,80984,03/21/2020,18083,1923741,0.94
Alabama,04/04/2020,106739,03/28/2020,52176,1923741,2.71
Alabama,04/11/2020,77515,04/04/2020,95325,1929897,4.94
Alabama,04/18/2020,66432,04/11/2020,144327,1929897,7.48
Alabama,04/25/2020,74966,04/18/2020,173855,1929897,9.01
Alabama,05/02/2020,28985,04/25/2020,214684,1929897,11.12
Alabama,05/09/2020,26666,05/02/2020,216856,1929897,11.24
Alabama,05/16/2020,25150,05/09/2020,203677,1929897,10.55
Alabama,05/23/2020,27919,05/16/2020,190205,1929897,9.86
Alabama,05/30/2020,21335,05/23/2020,183565,1929897,9.51
Alabama,06/06/2020,19949,05/30/2020,180245,1929897,9.34
Alabama,06/13/2020,18367,06/06/2020,163982,1929897,8.5
Alabama,06/20/2020,18671,06/13/2020,150002,1929897,7.77
Alabama,06/27/2020,18338,06/20/2020,141450,1929897,7.33
Alabama,07/04/2020,19056,06/27/2020,138272,1929897,7.16
Alabama,07/11/2020,20563,07/04/2020,117388,1935262,6.07
Alabama,07/18/2020,23676,07/11/2020,105644,1935262,5.46
Alabama,07/25/2020,17437,07/18/2020,94069,1935262,4.86
Alabama,08/01/2020,11690,07/25/2020,84070,1935262,4.34
Alabama,08/08/2020,9467,08/01/2020,70412,1935262,3.64
Alabama,08/15/2020,11047,08/08/2020,58275,1935262,3.01
Alabama,08/22/2020,8676,08/15/2020,51991,1935262,2.69
Alabama,08/29/2020,8511,08/22/2020,48797,1935262,2.52
Alabama,09/05/2020,8901,08/29/2020,44546,1935262,2.3
Alabama,09/12/2020,8848,09/05/2020,40198,1935262,2.08
Alabama,09/19/2020,8679,09/12/2020,37431,1935262,1.93
Alabama,09/26/2020,8805,09/19/2020,34997,1935262,1.81
Alabama,10/03/2020,7732,09/26/2020,30716,1935262,1.59
Alabama,10/10/2020,8581,10/03/2020,27063,1939059,1.4
Alabama,10/17/2020,7964,10/10/2020,43493,1939059,2.24
Alabama,10/24/2020,7126,10/17/2020,35544,1939059,1.83
Alabama,10/31/2020,7060,10/24/2020,31693,1939059,1.63
Alabama,11/07/2020,8764,10/31/2020,28422,1939059,1.47
Alabama,11/14/2020,9262,11/07/2020,25256,1939059,1.3
Alabama,11/21/2020,11813,11/14/2020,25647,1939059,1.32
Alabama,11/28/2020,7061,11/21/2020,22949,1939059,1.18
Alabama,12/05/2020,7656,11/28/2020,24658,1939059,1.27
Alabama,12/12/2020,7568,12/05/2020,23443,1939059,1.21
Alabama,12/19/2020,7543,12/12/2020,23327,1939059,1.2
Alabama,12/26/2020,5506,12/19/2020,23053,1939059,1.19
Alabama,01/02/2021,10986,12/26/2020,23641,1939059,1.22
Alabama,01/09/2021,14084,01/02/2021,16681,1895231,0.88
Alabama,01/16/2021,11980,01/09/2021,15769,1895231,0.83
Alabama,01/23/2021,11615,01/16/2021,16558,1895231,0.87
Alabama,01/30/2021,12664,01/23/2021,16619,1895231,0.88
Alabama,02/06/2021,13464,01/30/2021,17537,1895231,0.93
Alabama,02/13/2021,12087,02/06/2021,17313,1895231,0.91
Alabama,02/20/2021,11395,02/13/2021,16624,1895231,0.88
Alabama,02/27/2021,11624,02/20/2021,18937,1895231,1
Alabama,03/06/2021,13592,02/27/2021,16979,1895231,0.9
Alabama,03/13/2021,16506,03/06/2021,16637,1895231,0.88
Alabama,03/20/2021,13994,03/13/2021,15664,1895231,0.83
Alabama,03/27/2021,18710,03/20/2021,15945,1895231,0.84
Alabama,04/03/2021,5392,03/27/2021,16498,1895231,0.87
Alabama,04/10/2021,10909,04/03/2021,19237,1870713,1.03
Alabama,04/17/2021,8983,04/10/2021,19524,1870713,1.04
Alabama,04/24/2021,9816,04/17/2021,18606,1870713,0.99
Alabama,05/01/2021,10325,04/24/2021,18099,1870713,0.97
Alabama,05/08/2021,10841,05/01/2021,17946,1870713,0.96
Alabama,05/15/2021,9377,05/08/2021,17390,1870713,0.93
Alabama,05/22/2021,8698,05/15/2021,15649,1870713,0.84
Alabama,05/29/2021,7247,05/22/2021,13567,1870713,0.73
Alabama,06/05/2021,7260,05/29/2021,13202,1870713,0.71
Alabama,06/12/2021,5554,06/05/2021,12921,1870713,0.69
Alabama,06/19/2021,6101,06/12/2021,12204,1870713,0.65
Alabama,06/26/2021,5816,06/19/2021,13057,1870713,0.7
Alabama,07/03/2021,7295,06/26/2021,15753,1870713,0.84
Alabama,07/10/2021,5435,07/03/2021,12618,1853778,0.68
Alabama,07/17/2021,4254,07/10/2021,11907,1853778,0.64
Alabama,07/24/2021,3977,07/17/2021,9708,1853778,0.52
Alabama,07/31/2021,5203,07/24/2021,17510,1853778,0.94
Alabama,08/07/2021,6196,07/31/2021,16733,1853778,0.9
Alabama,08/14/2021,5469,08/07/2021,15071,1853778,0.81
Alabama,08/21/2021,5407,08/14/2021,10282,1853778,0.55
Alabama,08/28/2021,5431,08/21/2021,11729,1853778,0.63
Alabama,09/04/2021,5095,08/28/2021,9203,1853778,0.5
Alabama,09/11/2021,3716,09/04/2021,10566,1853778,0.57
Alabama,09/18/2021,4234,09/11/2021,7077,1853778,0.38
Alabama,09/25/2021,4000,09/18/2021,6789,1853778,0.37
Alabama,10/02/2021,3967,09/25/2021,6342,1853778,0.34
Alabama,10/09/2021,3666,10/02/2021,5740,1839087,0.31
Alabama,10/16/2021,3495,10/09/2021,5827,1839087,0.32
Alabama,10/23/2021,3327,10/16/2021,5610,1839087,0.31
Alabama,10/30/2021,3749,10/23/2021,5505,1839087,0.3
Alabama,11/06/2021,3451,10/30/2021,7104,1839087,0.39
Alabama,11/13/2021,3225,11/06/2021,6060,1839087,0.33
Alabama,11/20/2021,3904,11/13/2021,5885,1839087,0.32
Alabama,11/27/2021,2184,11/20/2021,5143,1839087,0.28
Alabama,12/04/2021,3698,11/27/2021,6621,1839087,0.36
Alabama,12/11/2021,3077,12/04/2021,6102,1839087,0.33
Alabama,12/18/2021,3809,12/11/2021,5962,1839087,0.32
Alabama,12/25/2021,2516,12/18/2021,5470,1839087,0.3
Alabama,01/01/2022,2831,12/25/2021,6241,1839087,0.34
Alabama,01/08/2022,5395,01/01/2022,7443,1873189,0.4
Alabama,01/15/2022,4674,01/08/2022,5804,1873189,0.31
Alabama,01/22/2022,5302,01/15/2022,5384,1873189,0.29
Alabama,01/29/2022,3959,01/22/2022,5381,1873189,0.29
Alabama,02/05/2022,2495,01/29/2022,5120,1873189,0.27
Alabama,02/12/2022,2222,02/05/2022,4776,1873189,0.25
Alabama,02/19/2022,1869,02/12/2022,4517,1873189,0.24
Alabama,02/26/2022,1812,02/19/2022,4417,1873189,0.24
Alabama,03/05/2022,1703,02/26/2022,4387,1873189,0.23
Alabama,03/12/2022,2004,03/05/2022,3956,1873189,0.21
Alabama,03/19/2022,1830,03/12/2022,3875,1873189,0.21
Alabama,03/26/2022,2077,03/19/2022,3757,1873189,0.2
Alabama,04/02/2022,2240,03/26/2022,4308,1873189,0.23
Alabama,04/09/2022,2142,04/02/2022,3768,1891457,0.2
Alabama,04/16/2022,2085,04/09/2022,3567,1891457,0.19
Alabama,04/23/2022,2022,04/16/2022,3608,1891457,0.19
Alabama,04/30/2022,2011,04/23/2022,3812,1891457,0.2
Alabama,05/07/2022,2021,04/30/2022,3433,1891457,0.18
Alabama,05/14/2022,2343,05/07/2022,3912,1891457,0.21
Alabama,05/21/2022,2258,05/14/2022,4494,1891457,0.24
Alabama,05/28/2022,2606,05/21/2022,3903,1891457,0.21
Alabama,06/04/2022,2571,05/28/2022,4154,1891457,0.22
Alabama,06/11/2022,2590,06/04/2022,5599,1891457,0.3
Alabama,06/18/2022,2978,06/11/2022,4597,1891457,0.24
Alabama,06/25/2022,2703,06/18/2022,5169,1891457,0.27
Alabama,07/02/2022,3099,06/25/2022,5347,1891457,0.28
Alabama,07/09/2022,3938,07/02/2022,5899,1905868,0.31
Alabama,07/16/2022,6048,07/09/2022,7002,1905868,0.37
Alabama,07/23/2022,3923,07/16/2022,6683,1905868,0.35
Alabama,07/30/2022,3156,07/23/2022,6042,1905868,0.32
Alabama,08/06/2022,3151,07/30/2022,6052,1905868,0.32
Alabama,08/13/2022,2812,08/06/2022,5465,1905868,0.29
Alabama,08/20/2022,2529,08/13/2022,5059,1905868,0.27
Alabama,08/27/2022,2608,08/20/2022,4625,1905868,0.24
Alabama,09/03/2022,2294,08/27/2022,4621,1905868,0.24
Alabama,09/10/2022,2002,09/03/2022,4292,1905868,0.23
Alabama,09/17/2022,2138,09/10/2022,5175,1905868,0.27
Alabama,09/24/2022,2130,09/17/2022,4177,1905868,0.22
Alabama,10/01/2022,1971,09/24/2022,4195,1905868,0.22
Alabama,10/08/2022,2439,10/01/2022,3872,1924225,0.2
Alabama,10/15/2022,2394,10/08/2022,3747,1924225,0.19
Alabama,10/22/2022,2376,10/15/2022,3738,1924225,0.19
Alabama,10/29/2022,2165,10/22/2022,3776,1924225,0.2
Alabama,11/05/2022,2407,10/29/2022,4160,1924225,0.22
Alabama,11/12/2022,1770,11/05/2022,3816,1924225,0.2
Alabama,11/19/2022,2849,11/12/2022,4010,1924225,0.21
Alabama,11/26/2022,2032,11/19/2022,3780,1924225,0.2
Alabama,12/03/2022,3268,11/26/2022,4723,1924225,0.25
Alabama,12/10/2022,2608,12/03/2022,4314,1924225,0.22
Alabama,12/17/2022,2706,12/10/2022,4693,1924225,0.24
Alabama,12/24/2022,2778,12/17/2022,4915,1924225,0.26
Alabama,12/31/2022,2626,12/24/2022,6030,1924225,0.31
Alabama,01/07/2023,3351,12/31/2022,7359,1937920,0.38
Alabama,01/14/2023,2823,01/07/2023,7071,1937920,0.36
Alabama,01/21/2023,2356,01/14/2023,6096,1937920,0.31
Alabama,01/28/2023,2396,01/21/2023,5675,1937920,0.29
Alabama,02/04/2023,2488,01/28/2023,6158,1937920,0.32
Alabama,02/11/2023,2230,02/04/2023,6906,1937920,0.36
Alabama,02/18/2023,2033,02/11/2023,5218,1937920,0.27
Alabama,02/25/2023,1631,02/18/2023,5090,1937920,0.26
Alabama,03/04/2023,2207,02/25/2023,9244,1937920,0.48
Alabama,03/11/2023,2238,03/04/2023,9140,1937920,0.47
Alabama,03/18/2023,2135,03/11/2023,9247,1937920,0.48
Alabama,03/25/2023,2362,03/18/2023,9086,1937920,0.47
Alabama,04/01/2023,1931,03/25/2023,9111,1937920,0.47
Alabama,04/08/2023,2223,04/01/2023,7928,1957030,0.41
Alabama,04/15/2023,2121,04/08/2023,8579,1957030,0.44
Alabama,04/22/2023,2295,04/15/2023,8712,1957030,0.45
Alabama,04/29/2023,2145,04/22/2023,8724,1957030,0.45
Alabama,05/06/2023,2295,04/29/2023,8572,1957030,0.44
Alabama,05/13/2023,2545,05/06/2023,8668,1957030,0.44
Alabama,05/20/2023,2589,05/13/2023,9102,1957030,0.47
Alabama,05/27/2023,2697,05/20/2023,9481,1957030,0.48
Alabama,06/03/2023,2447,05/27/2023,9597,1957030,0.49
Alabama,06/10/2023,2646,06/03/2023,9954,1957030,0.51
Alabama,06/17/2023,2395,06/10/2023,10047,1957030,0.51
Alabama,06/24/2023,2281,06/17/2023,9947,1957030,0.51
Alabama,07/01/2023,2790,06/24/2023,10230,1957030,0.52
Alabama,07/08/2023,2911,07/01/2023,10363,1969558,0.53
Alabama,07/15/2023,3617,07/08/2023,11927,1969558,0.61
Alabama,07/22/2023,2645,07/15/2023,11120,1969558,0.56
Alabama,07/29/2023,2702,07/22/2023,10736,1969558,0.55
Alabama,08/05/2023,2976,07/29/2023,10735,1969558,0.55
Alabama,08/12/2023,2763,08/05/2023,10456,1969558,0.53
Alabama,08/19/2023,2392,08/12/2023,10017,1969558,0.51
Alabama,08/26/2023,2580,08/19/2023,9613,1969558,0.49
Alabama,09/02/2023,2170,08/26/2023,9650,1969558,0.49
Alabama,09/09/2023,2118,09/02/2023,9160,1969558,0.47
Alabama,09/16/2023,2010,09/09/2023,9024,1969558,0.46
Alabama,09/23/2023,2880,09/16/2023,8757,1969558,0.44
Alabama,09/30/2023,2086,09/23/2023,8652,1969558,0.44
Alabama,10/07/2023,2361,09/30/2023,8288,1981793,0.42
Alabama,10/14/2023,1944,10/07/2023,8533,1981793,0.43
Alabama,10/21/2023,2192,10/14/2023,8424,1981793,0.43
Alabama,10/28/2023,2035,10/21/2023,8444,1981793,0.43
Alabama,11/04/2023,2226,10/28/2023,8542,1981793,0.43
Alabama,11/11/2023,1963,11/04/2023,8397,1981793,0.42
Alabama,11/18/2023,2485,11/11/2023,8624,1981793,0.44
Alabama,11/25/2023,1480,11/18/2023,8329,1981793,0.42
Alabama,12/02/2023,2965,11/25/2023,9562,1981793,0.48
Alabama,12/09/2023,2450,12/02/2023,9108,1981793,0.46
Alabama,12/16/2023,2274,12/09/2023,9376,1981793,0.47
Alabama,12/23/2023,2423,12/16/2023,9591,1981793,0.48
Alabama,12/30/2023,2226,12/23/2023,10029,1981793,0.51
Alabama,01/06/2024,3043,12/30/2023,11674,1996446,0.58
Alabama,01/13/2024,2887,01/06/2024,10273,1996446,0.51
Alabama,01/20/2024,2828,01/13/2024,10234,1996446,0.51
Alabama,01/27/2024,3537,01/20/2024,11640,1996446,0.58
Alabama,02/03/2024,2417,01/27/2024,10412,1996446,0.52
Alabama,02/10/2024,2104,02/03/2024,9929,1996446,0.5
Alabama,02/17/2024,1782,02/10/2024,9607,1996446,0.48
Alabama,02/24/2024,1786,02/17/2024,9398,1996446,0.47
Alabama,03/02/2024,1951,02/24/2024,9151,1996446,0.46
Alabama,03/09/2024,1981,03/02/2024,8896,1996446,0.45
Alabama,03/16/2024,2125,03/09/2024,8857,1996446,0.44
Alabama,03/23/2024,1963,03/16/2024,8705,1996446,0.44
Alabama,03/30/2024,1907,03/23/2024,8769,1996446,0.44
Alabama,04/06/2024,2007,03/30/2024,8700,2005075,0.43
Alabama,04/13/2024,2264,04/06/2024,8237,2005075,0.41
Alabama,04/20/2024,2410,04/13/2024,8450,2005075,0.42
Alabama,04/27/2024,2259,04/20/2024,8671,2005075,0.43
Alabama,05/04/2024,2386,04/27/2024,8758,2005075,0.44
Alabama,05/11/2024,2598,05/04/2024,8783,2005075,0.44
Alabama,05/18/2024,2385,05/11/2024,9063,2005075,0.45
Alabama,05/25/2024,2349,05/18/2024,9213,2005075,0.46
Alabama,06/01/2024,2586,05/25/2024,9441,2005075,0.47
Alabama,06/08/2024,2501,06/01/2024,9733,2005075,0.49
Alabama,06/15/2024,2325,06/08/2024,9828,2005075,0.49
Alabama,06/22/2024,2294,06/15/2024,9824,2005075,0.49
Alabama,06/29/2024,2689,06/22/2024,10231,2005075,0.51
Alabama,07/06/2024,2667,06/29/2024,10207,2016544,0.51
Alabama,07/13/2024,3950,07/06/2024,12415,2016544,0.62
Alabama,07/20/2024,2442,07/13/2024,10876,2016544,0.54
Alabama,07/27/2024,2138,07/20/2024,10559,2016544,0.52
Alabama,08/03/2024,2126,07/27/2024,10464,2016544,0.52
Alabama,08/10/2024,2112,08/03/2024,10175,2016544,0.5
Alabama,08/17/2024,2132,08/10/2024,9711,2016544,0.48
Alabama,08/24/2024,2132,08/17/2024,10511,2016544,0.52
Alabama,08/31/2024,2016,08/24/2024,9223,2016544,0.46
Alabama,09/07/2024,1805,08/31/2024,8917,2016544,0.44
Alabama,09/14/2024,2042,09/07/2024,9145,2016544,0.45
Alabama,09/21/2024,1950,09/14/2024,8877,2016544,0.44
Alabama,09/28/2024,2009,09/21/2024,8613,2016544,0.43
Alabama,10/05/2024,2240,09/28/2024,8687,2025722,0.43
Alabama,10/12/2024,2289,10/05/2024,8660,2025722,0.43
Alabama,10/19/2024,1903,10/12/2024,8638,2025722,0.43
Alabama,10/26/2024,2002,10/19/2024,8416,2025722,0.42
Alabama,11/02/2024,1936,10/26/2024,8398,2025722,0.41
Alabama,11/09/2024,2204,11/02/2024,8327,2025722,0.41
Alabama,11/16/2024,1950,11/09/2024,8364,2025722,0.41
Alabama,11/23/2024,2158,11/16/2024,8626,2025722,0.43
Alabama,11/30/2024,1466,11/23/2024,8459,2025722,0.42
Alabama,12/07/2024,2457,11/30/2024,9267,2025722,0.46
Alabama,12/14/2024,2187,12/07/2024,8825,2025722,0.44
Alabama,12/21/2024,2441,12/14/2024,8780,2025722,0.43
Alabama,12/28/2024,1832,12/21/2024,9034,2025722,0.45
Alabama,01/04/2025,2656,12/28/2024,11501,2032579,0.57
Alabama,01/11/2025,2976,01/04/2025,10649,2032579,0.52
Alabama,01/18/2025,2506,01/11/2025,9739,2032579,0.48
Alabama,01/25/2025,1764,01/18/2025,9217,2032579,0.45
Alabama,02/01/2025,2312,01/25/2025,9747,2032579,0.48
Alabama,02/08/2025,2182,02/01/2025,9204,2032579,0.45
Alabama,02/15/2025,1900,02/08/2025,9121,2032579,0.45
Alabama,02/22/2025,1835,02/15/2025,9158,2032579,0.45
Alabama,03/01/2025,1824,02/22/2025,9010,2032579,0.44
Alabama,03/08/2025,1873,03/01/2025,8648,2032579,0.43
Alabama,03/15/2025,1808,03/08/2025,8675,2032579,0.43
Alabama,03/22/2025,1751,03/15/2025,8626,2032579,0.42
Alabama,03/29/2025,1658,03/22/2025,8325,2032579,0.41
Alabama,04/05/2025,1953,03/29/2025,8383,2040553,0.41
Alabama,04/12/2025,2109,04/05/2025,8068,2040553,0.4
Alaska,01/04/2020,981,12/28/2019,10177,306493,3.32
Alaska,01/11/2020,1371,01/04/2020,9310,307329,3.03
Alaska,01/18/2020,1181,01/11/2020,9984,307329,3.25
Alaska,01/25/2020,1003,01/18/2020,9496,307329,3.09
Alaska,02/01/2020,1122,01/25/2020,9579,307329,3.12
Alaska,02/08/2020,980,02/01/2020,9161,307329,2.98
Alaska,02/15/2020,915,02/08/2020,9343,307329,3.04
Alaska,02/22/2020,773,02/15/2020,8864,307329,2.88
Alaska,02/29/2020,874,02/22/2020,8938,307329,2.91
Alaska,03/07/2020,815,02/29/2020,8266,307329,2.69
Alaska,03/14/2020,1120,03/07/2020,8522,307329,2.77
Alaska,03/21/2020,7847,03/14/2020,8512,307329,2.77
Alaska,03/28/2020,13774,03/21/2020,11173,307329,3.64
Alaska,04/04/2020,14590,03/28/2020,19845,307329,6.46
Alaska,04/11/2020,12007,04/04/2020,35365,308137,11.48
Alaska,04/18/2020,12201,04/11/2020,48096,308137,15.61
Alaska,04/25/2020,10313,04/18/2020,52022,308137,16.88
Alaska,05/02/2020,8718,04/25/2020,49893,308137,16.19
Alaska,05/09/2020,7807,05/02/2020,50791,308137,16.48
Alaska,05/16/2020,7741,05/09/2020,50049,308137,16.24
Alaska,05/23/2020,8152,05/16/2020,48000,308137,15.58
Alaska,05/30/2020,7452,05/23/2020,47344,308137,15.36
Alaska,06/06/2020,7081,05/30/2020,47123,308137,15.29
Alaska,06/13/2020,6797,06/06/2020,45792,308137,14.86
Alaska,06/20/2020,6757,06/13/2020,44380,308137,14.4
Alaska,06/27/2020,6467,06/20/2020,43208,308137,14.02
Alaska,07/04/2020,6124,06/27/2020,42110,308137,13.67
Alaska,07/11/2020,9572,07/04/2020,43225,308691,14
Alaska,07/18/2020,6606,07/11/2020,41685,308691,13.5
Alaska,07/25/2020,6069,07/18/2020,40596,308691,13.15
Alaska,08/01/2020,5195,07/25/2020,39002,308691,12.63
Alaska,08/08/2020,4619,08/01/2020,34442,308691,11.16
Alaska,08/15/2020,4731,08/08/2020,32899,308691,10.66
Alaska,08/22/2020,4344,08/15/2020,31673,308691,10.26
Alaska,08/29/2020,4057,08/22/2020,29524,308691,9.56
Alaska,09/05/2020,3817,08/29/2020,27536,308691,8.92
Alaska,09/12/2020,3593,09/05/2020,25762,308691,8.35
Alaska,09/19/2020,3631,09/12/2020,24089,308691,7.8
Alaska,09/26/2020,3600,09/19/2020,22532,308691,7.3
Alaska,10/03/2020,3719,09/26/2020,21131,308691,6.85
Alaska,10/10/2020,5708,10/03/2020,20264,308959,6.56
Alaska,10/17/2020,4608,10/10/2020,19754,308959,6.39
Alaska,10/24/2020,4388,10/17/2020,18974,308959,6.14
Alaska,10/31/2020,4451,10/24/2020,18867,308959,6.11
Alaska,11/07/2020,4545,10/31/2020,19083,308959,6.18
Alaska,11/14/2020,4605,11/07/2020,19332,308959,6.26
Alaska,11/21/2020,4531,11/14/2020,19831,308959,6.42
Alaska,11/28/2020,3834,11/21/2020,19466,308959,6.3
Alaska,12/05/2020,4525,11/28/2020,20295,308959,6.57
Alaska,12/12/2020,4507,12/05/2020,20269,308959,6.56
Alaska,12/19/2020,4016,12/12/2020,20235,308959,6.55
Alaska,12/26/2020,3923,12/19/2020,19791,308959,6.41
Alaska,01/02/2021,2947,12/26/2020,20064,308959,6.49
Alaska,01/09/2021,3900,01/02/2021,19702,297690,6.62
Alaska,01/16/2021,4902,01/09/2021,19101,297690,6.42
Alaska,01/23/2021,3975,01/16/2021,18970,297690,6.37
Alaska,01/30/2021,4190,01/23/2021,18936,297690,6.36
Alaska,02/06/2021,3997,01/30/2021,19042,297690,6.4
Alaska,02/13/2021,3468,02/06/2021,17402,297690,5.85
Alaska,02/20/2021,3994,02/13/2021,16978,297690,5.7
Alaska,02/27/2021,3781,02/20/2021,17466,297690,5.87
Alaska,03/06/2021,3340,02/27/2021,16622,297690,5.58
Alaska,03/13/2021,3233,03/06/2021,15751,297690,5.29
Alaska,03/20/2021,2773,03/13/2021,14897,297690,5
Alaska,03/27/2021,3330,03/20/2021,14918,297690,5.01
Alaska,04/03/2021,3707,03/27/2021,14007,297690,4.71
Alaska,04/10/2021,4553,04/03/2021,14508,287216,5.05
Alaska,04/17/2021,3904,04/10/2021,14115,287216,4.91
Alaska,04/24/2021,3398,04/17/2021,13443,287216,4.68
Alaska,05/01/2021,2829,04/24/2021,12949,287216,4.51
Alaska,05/08/2021,3093,05/01/2021,12441,287216,4.33
Alaska,05/15/2021,2755,05/08/2021,12403,287216,4.32
Alaska,05/22/2021,3103,05/15/2021,11930,287216,4.15
Alaska,05/29/2021,2959,05/22/2021,11151,287216,3.88
Alaska,06/05/2021,2166,05/29/2021,11183,287216,3.89
Alaska,06/12/2021,1744,06/05/2021,10583,287216,3.68
Alaska,06/19/2021,1656,06/12/2021,9693,287216,3.37
Alaska,06/26/2021,1591,06/19/2021,9074,287216,3.16
Alaska,07/03/2021,1348,06/26/2021,8163,287216,2.84
Alaska,07/10/2021,1852,07/03/2021,7719,281907,2.74
Alaska,07/17/2021,1631,07/10/2021,7348,281907,2.61
Alaska,07/24/2021,1520,07/17/2021,6982,281907,2.48
Alaska,07/31/2021,1558,07/24/2021,6687,281907,2.37
Alaska,08/07/2021,1322,07/31/2021,6405,281907,2.27
Alaska,08/14/2021,1362,08/07/2021,6145,281907,2.18
Alaska,08/21/2021,1787,08/14/2021,5920,281907,2.1
Alaska,08/28/2021,1117,08/21/2021,5673,281907,2.01
Alaska,09/04/2021,1115,08/28/2021,5337,281907,1.89
Alaska,09/11/2021,1140,09/04/2021,5032,281907,1.78
Alaska,09/18/2021,1237,09/11/2021,8764,281907,3.11
Alaska,09/25/2021,1237,09/18/2021,7645,281907,2.71
Alaska,10/02/2021,1168,09/25/2021,6948,281907,2.46
Alaska,10/09/2021,1423,10/02/2021,6597,277321,2.38
Alaska,10/16/2021,1311,10/09/2021,6504,277321,2.35
Alaska,10/23/2021,1338,10/16/2021,6624,277321,2.39
Alaska,10/30/2021,1379,10/23/2021,6581,277321,2.37
Alaska,11/06/2021,1438,10/30/2021,7050,277321,2.54
Alaska,11/13/2021,1423,11/06/2021,7361,277321,2.65
Alaska,11/20/2021,1451,11/13/2021,7782,277321,2.81
Alaska,11/27/2021,1253,11/20/2021,7942,277321,2.86
Alaska,12/04/2021,1400,11/27/2021,8746,277321,3.15
Alaska,12/11/2021,1258,12/04/2021,8657,277321,3.12
Alaska,12/18/2021,1278,12/11/2021,8694,277321,3.13
Alaska,12/25/2021,1134,12/18/2021,8472,277321,3.05
Alaska,01/01/2022,1055,12/25/2021,8936,277321,3.22
Alaska,01/08/2022,1475,01/01/2022,8899,283097,3.14
Alaska,01/15/2022,1242,01/08/2022,8814,283097,3.11
Alaska,01/22/2022,1168,01/15/2022,8385,283097,2.96
Alaska,01/29/2022,1173,01/22/2022,8097,283097,2.86
Alaska,02/05/2022,1099,01/29/2022,7708,283097,2.72
Alaska,02/12/2022,1120,02/05/2022,7481,283097,2.64
Alaska,02/19/2022,972,02/12/2022,7331,283097,2.59
Alaska,02/26/2022,905,02/19/2022,6790,283097,2.4
Alaska,03/05/2022,969,02/26/2022,6698,283097,2.37
Alaska,03/12/2022,997,03/05/2022,6471,283097,2.29
Alaska,03/19/2022,917,03/12/2022,6415,283097,2.27
Alaska,03/26/2022,856,03/19/2022,6126,283097,2.16
Alaska,04/02/2022,825,03/26/2022,5929,283097,2.09
Alaska,04/09/2022,960,04/02/2022,5644,287841,1.96
Alaska,04/16/2022,853,04/09/2022,5371,287841,1.87
Alaska,04/23/2022,854,04/16/2022,5397,287841,1.87
Alaska,04/30/2022,811,04/23/2022,5384,287841,1.87
Alaska,05/07/2022,799,04/30/2022,5265,287841,1.83
Alaska,05/14/2022,716,05/07/2022,5009,287841,1.74
Alaska,05/21/2022,815,05/14/2022,4751,287841,1.65
Alaska,05/28/2022,946,05/21/2022,4448,287841,1.55
Alaska,06/04/2022,757,05/28/2022,4439,287841,1.54
Alaska,06/11/2022,776,06/04/2022,4335,287841,1.51
Alaska,06/18/2022,731,06/11/2022,4017,287841,1.4
Alaska,06/25/2022,698,06/18/2022,3838,287841,1.33
Alaska,07/02/2022,632,06/25/2022,3666,287841,1.27
Alaska,07/09/2022,710,07/02/2022,3527,289946,1.22
Alaska,07/16/2022,667,07/09/2022,3632,289946,1.25
Alaska,07/23/2022,640,07/16/2022,3547,289946,1.22
Alaska,07/30/2022,644,07/23/2022,3540,289946,1.22
Alaska,08/06/2022,766,07/30/2022,3560,289946,1.23
Alaska,08/13/2022,687,08/06/2022,3517,289946,1.21
Alaska,08/20/2022,680,08/13/2022,3383,289946,1.17
Alaska,08/27/2022,649,08/20/2022,3310,289946,1.14
Alaska,09/03/2022,652,08/27/2022,3307,289946,1.14
Alaska,09/10/2022,583,09/03/2022,3314,289946,1.14
Alaska,09/17/2022,642,09/10/2022,3416,289946,1.18
Alaska,09/24/2022,596,09/17/2022,3442,289946,1.19
Alaska,10/01/2022,651,09/24/2022,3424,289946,1.18
Alaska,10/08/2022,849,10/01/2022,3505,292114,1.2
Alaska,10/15/2022,829,10/08/2022,3846,292114,1.32
Alaska,10/22/2022,961,10/15/2022,4270,292114,1.46
Alaska,10/29/2022,1034,10/22/2022,4623,292114,1.58
Alaska,11/05/2022,1141,10/29/2022,5024,292114,1.72
Alaska,11/12/2022,1020,11/05/2022,5478,292114,1.88
Alaska,11/19/2022,1146,11/12/2022,5867,292114,2.01
Alaska,11/26/2022,795,11/19/2022,5732,292114,1.96
Alaska,12/03/2022,1065,11/26/2022,6474,292114,2.22
Alaska,12/10/2022,964,12/03/2022,6573,292114,2.25
Alaska,12/17/2022,874,12/10/2022,6656,292114,2.28
Alaska,12/24/2022,896,12/17/2022,6632,292114,2.27
Alaska,12/31/2022,718,12/24/2022,6588,292114,2.26
Alaska,01/07/2023,1000,12/31/2022,6880,292114,2.36
Alaska,01/14/2023,1028,01/07/2023,6818,294952,2.31
Alaska,01/21/2023,871,01/14/2023,6662,294952,2.26
Alaska,01/28/2023,852,01/21/2023,6566,294952,2.23
Alaska,02/04/2023,884,01/28/2023,6429,294952,2.18
Alaska,02/11/2023,825,02/04/2023,6228,294952,2.11
Alaska,02/18/2023,778,02/11/2023,6106,294952,2.07
Alaska,02/25/2023,693,02/18/2023,6106,294952,2.07
Alaska,03/04/2023,673,02/25/2023,5986,294952,2.03
Alaska,03/11/2023,725,03/04/2023,5844,294952,1.98
Alaska,03/18/2023,741,03/11/2023,5669,294952,1.92
Alaska,03/25/2023,721,03/18/2023,5615,294952,1.9
Alaska,04/01/2023,688,03/25/2023,5380,294952,1.82
Alaska,04/08/2023,699,04/01/2023,5227,297792,1.76
Alaska,04/15/2023,662,04/08/2023,5084,297792,1.71
Alaska,04/22/2023,602,04/15/2023,5117,297792,1.72
Alaska,04/29/2023,626,04/22/2023,5130,297792,1.72
Alaska,05/06/2023,637,04/29/2023,4945,297792,1.66
Alaska,05/13/2023,624,05/06/2023,4675,297792,1.57
Alaska,05/20/2023,637,05/13/2023,4458,297792,1.5
Alaska,05/27/2023,738,05/20/2023,4220,297792,1.42
Alaska,06/03/2023,679,05/27/2023,4140,297792,1.39
Alaska,06/10/2023,700,06/03/2023,3939,297792,1.32
Alaska,06/17/2023,657,06/10/2023,3724,297792,1.25
Alaska,06/24/2023,596,06/17/2023,3511,297792,1.18
Alaska,07/01/2023,598,06/24/2023,3471,297792,1.17
Alaska,07/08/2023,588,07/01/2023,3369,298762,1.13
Alaska,07/15/2023,590,07/08/2023,3491,298762,1.17
Alaska,07/22/2023,514,07/15/2023,3284,298762,1.1
Alaska,07/29/2023,550,07/22/2023,3355,298762,1.12
Alaska,08/05/2023,579,07/29/2023,3386,298762,1.13
Alaska,08/12/2023,624,08/05/2023,3353,298762,1.12
Alaska,08/19/2023,575,08/12/2023,3293,298762,1.1
Alaska,08/26/2023,545,08/19/2023,3136,298762,1.05
Alaska,09/02/2023,562,08/26/2023,3095,298762,1.04
Alaska,09/09/2023,524,09/02/2023,3136,298762,1.05
Alaska,09/16/2023,590,09/09/2023,3334,298762,1.12
Alaska,09/23/2023,608,09/16/2023,3451,298762,1.16
Alaska,09/30/2023,595,09/23/2023,3595,298762,1.2
Alaska,10/07/2023,789,09/30/2023,3684,298762,1.23
Alaska,10/14/2023,736,10/07/2023,3970,300784,1.32
Alaska,10/21/2023,780,10/14/2023,4320,300784,1.44
Alaska,10/28/2023,882,10/21/2023,4533,300784,1.51
Alaska,11/04/2023,952,10/28/2023,4990,300784,1.66
Alaska,11/11/2023,965,11/04/2023,5475,300784,1.82
Alaska,11/18/2023,942,11/11/2023,5986,300784,1.99
Alaska,11/25/2023,734,11/18/2023,6061,300784,2.02
Alaska,12/02/2023,961,11/25/2023,6468,300784,2.15
Alaska,12/09/2023,928,12/02/2023,6470,300784,2.15
Alaska,12/16/2023,798,12/09/2023,6755,300784,2.25
Alaska,12/23/2023,788,12/16/2023,6678,300784,2.22
Alaska,12/30/2023,767,12/23/2023,6786,300784,2.26
Alaska,01/06/2024,783,12/30/2023,6927,300784,2.3
Alaska,01/13/2024,934,01/06/2024,6999,302826,2.31
Alaska,01/20/2024,789,01/13/2024,6615,302826,2.18
Alaska,01/27/2024,792,01/20/2024,6641,302826,2.19
Alaska,02/03/2024,738,01/27/2024,6302,302826,2.08
Alaska,02/10/2024,759,02/03/2024,6248,302826,2.06
Alaska,02/17/2024,693,02/10/2024,6095,302826,2.01
Alaska,02/24/2024,621,02/17/2024,6045,302826,2
Alaska,03/02/2024,755,02/24/2024,5729,302826,1.89
Alaska,03/09/2024,729,03/02/2024,5696,302826,1.88
Alaska,03/16/2024,727,03/09/2024,5478,302826,1.81
Alaska,03/23/2024,676,03/16/2024,5563,302826,1.84
Alaska,03/30/2024,623,03/23/2024,5342,302826,1.76
Alaska,04/06/2024,622,03/30/2024,5090,302826,1.68
Alaska,04/13/2024,662,04/06/2024,4944,305550,1.62
Alaska,04/20/2024,670,04/13/2024,4824,305550,1.58
Alaska,04/27/2024,642,04/20/2024,4724,305550,1.55
Alaska,05/04/2024,674,04/27/2024,4907,305550,1.61
Alaska,05/11/2024,629,05/04/2024,4721,305550,1.55
Alaska,05/18/2024,612,05/11/2024,4649,305550,1.52
Alaska,05/25/2024,583,05/18/2024,4422,305550,1.45
Alaska,06/01/2024,585,05/25/2024,4361,305550,1.43
Alaska,06/08/2024,564,06/01/2024,4257,305550,1.39
Alaska,06/15/2024,513,06/08/2024,4116,305550,1.35
Alaska,06/22/2024,522,06/15/2024,3877,305550,1.27
Alaska,06/29/2024,528,06/22/2024,3706,305550,1.21
Alaska,07/06/2024,395,06/29/2024,3537,305550,1.16
Alaska,07/13/2024,523,07/06/2024,3599,307469,1.17
Alaska,07/20/2024,477,07/13/2024,3504,307469,1.14
Alaska,07/27/2024,474,07/20/2024,3591,307469,1.17
Alaska,08/03/2024,466,07/27/2024,3546,307469,1.15
Alaska,08/10/2024,485,08/03/2024,3553,307469,1.16
Alaska,08/17/2024,471,08/10/2024,3458,307469,1.12
Alaska,08/24/2024,497,08/17/2024,3403,307469,1.11
Alaska,08/31/2024,482,08/24/2024,3343,307469,1.09
Alaska,09/07/2024,451,08/31/2024,3315,307469,1.08
Alaska,09/14/2024,536,09/07/2024,3353,307469,1.09
Alaska,09/21/2024,578,09/14/2024,3575,307469,1.16
Alaska,09/28/2024,583,09/21/2024,3682,307469,1.2
Alaska,10/05/2024,573,09/28/2024,3835,307469,1.25
Alaska,10/12/2024,627,10/05/2024,3920,309180,1.27
Alaska,10/19/2024,600,10/12/2024,4173,309180,1.35
Alaska,10/26/2024,768,10/19/2024,4361,309180,1.41
Alaska,11/02/2024,775,10/26/2024,4644,309180,1.5
Alaska,11/09/2024,880,11/02/2024,4997,309180,1.62
Alaska,11/16/2024,741,11/09/2024,5549,309180,1.79
Alaska,11/23/2024,772,11/16/2024,5876,309180,1.9
Alaska,11/30/2024,592,11/23/2024,6109,309180,1.98
Alaska,12/07/2024,731,11/30/2024,6340,309180,2.05
Alaska,12/14/2024,644,12/07/2024,6342,309180,2.05
Alaska,12/21/2024,631,12/14/2024,6436,309180,2.08
Alaska,12/28/2024,595,12/21/2024,6298,309180,2.04
Alaska,01/04/2025,547,12/28/2024,6593,309180,2.13
Alaska,01/11/2025,747,01/04/2025,6650,310813,2.14
Alaska,01/18/2025,724,01/11/2025,6314,310813,2.03
Alaska,01/25/2025,548,01/18/2025,6203,310813,2
Alaska,02/01/2025,615,01/25/2025,5904,310813,1.9
Alaska,02/08/2025,619,02/01/2025,5883,310813,1.89
Alaska,02/15/2025,535,02/08/2025,5679,310813,1.83
Alaska,02/22/2025,548,02/15/2025,5653,310813,1.82
Alaska,03/01/2025,455,02/22/2025,5277,310813,1.7
Alaska,03/08/2025,648,03/01/2025,5391,310813,1.73
Alaska,03/15/2025,626,03/08/2025,5153,310813,1.66
Alaska,03/22/2025,549,03/15/2025,5149,310813,1.66
Alaska,03/29/2025,479,03/22/2025,4935,310813,1.59
Alaska,04/05/2025,472,03/29/2025,4754,310813,1.53
Alaska,04/12/2025,555,04/05/2025,4592,312007,1.47
Arkansas,01/04/2020,2576,12/28/2019,15323,1193713,1.28
Arkansas,01/11/2020,2493,01/04/2020,15536,1195622,1.3
Arkansas,01/18/2020,1729,01/11/2020,13229,1195622,1.11
Arkansas,01/25/2020,1683,01/18/2020,12331,1195622,1.03
Arkansas,02/01/2020,1837,01/25/2020,13210,1195622,1.1
Arkansas,02/08/2020,1724,02/01/2020,12964,1195622,1.08
Arkansas,02/15/2020,1602,02/08/2020,12979,1195622,1.09
Arkansas,02/22/2020,1055,02/15/2020,12546,1195622,1.05
Arkansas,02/29/2020,1418,02/22/2020,12244,1195622,1.02
Arkansas,03/07/2020,1843,02/29/2020,11618,1195622,0.97
Arkansas,03/14/2020,1382,03/07/2020,11514,1195622,0.96
Arkansas,03/21/2020,9275,03/14/2020,10988,1195622,0.92
Arkansas,03/28/2020,27756,03/21/2020,16148,1195622,1.35
Arkansas,04/04/2020,62086,03/28/2020,36499,1195622,3.05
Arkansas,04/11/2020,35629,04/04/2020,66511,1196468,5.56
Arkansas,04/18/2020,25404,04/11/2020,91278,1196468,7.63
Arkansas,04/25/2020,17671,04/18/2020,109337,1196468,9.14
Arkansas,05/02/2020,13448,04/25/2020,119332,1196468,9.97
Arkansas,05/09/2020,13152,05/02/2020,122522,1196468,10.24
Arkansas,05/16/2020,11427,05/09/2020,122408,1196468,10.23
Arkansas,05/23/2020,10825,05/16/2020,120043,1196468,10.03
Arkansas,05/30/2020,8481,05/23/2020,115365,1196468,9.64
Arkansas,06/06/2020,9663,05/30/2020,115482,1196468,9.65
Arkansas,06/13/2020,9381,06/06/2020,113623,1196468,9.5
Arkansas,06/20/2020,9669,06/13/2020,112189,1196468,9.38
Arkansas,06/27/2020,10395,06/20/2020,108691,1196468,9.08
Arkansas,07/04/2020,10832,06/27/2020,104692,1196468,8.75
Arkansas,07/11/2020,14155,07/04/2020,99083,1197760,8.27
Arkansas,07/18/2020,15932,07/11/2020,100026,1197760,8.35
Arkansas,07/25/2020,15257,07/18/2020,94113,1197760,7.86
Arkansas,08/01/2020,12750,07/25/2020,79564,1197760,6.64
Arkansas,08/08/2020,5908,08/01/2020,62402,1197760,5.21
Arkansas,08/15/2020,6351,08/08/2020,52946,1197760,4.42
Arkansas,08/22/2020,5660,08/15/2020,48069,1197760,4.01
Arkansas,08/29/2020,5337,08/22/2020,44564,1197760,3.72
Arkansas,09/05/2020,5624,08/29/2020,42795,1197760,3.57
Arkansas,09/12/2020,4585,09/05/2020,38926,1197760,3.25
Arkansas,09/19/2020,5778,09/12/2020,40856,1197760,3.41
Arkansas,09/26/2020,6137,09/19/2020,37975,1197760,3.17
Arkansas,10/03/2020,5484,09/26/2020,36883,1197760,3.08
Arkansas,10/10/2020,5719,10/03/2020,32303,1197760,2.7
Arkansas,10/17/2020,4318,10/10/2020,30873,1199243,2.57
Arkansas,10/24/2020,4019,10/17/2020,26311,1199243,2.19
Arkansas,10/31/2020,4014,10/24/2020,27441,1199243,2.29
Arkansas,11/07/2020,3672,10/31/2020,24049,1199243,2.01
Arkansas,11/14/2020,3484,11/07/2020,21884,1199243,1.82
Arkansas,11/21/2020,4276,11/14/2020,24239,1199243,2.02
Arkansas,11/28/2020,3663,11/21/2020,21220,1199243,1.77
Arkansas,12/05/2020,4649,11/28/2020,24634,1199243,2.05
Arkansas,12/12/2020,4049,12/05/2020,21953,1199243,1.83
Arkansas,12/19/2020,3976,12/12/2020,22463,1199243,1.87
Arkansas,12/26/2020,3663,12/19/2020,19868,1199243,1.66
Arkansas,01/02/2021,4400,12/26/2020,23006,1199243,1.92
Arkansas,01/09/2021,6371,01/02/2021,24752,1176717,2.1
Arkansas,01/16/2021,4774,01/09/2021,22703,1176717,1.93
Arkansas,01/23/2021,3901,01/16/2021,22562,1176717,1.92
Arkansas,01/30/2021,4807,01/23/2021,24543,1176717,2.09
Arkansas,02/06/2021,4331,01/30/2021,24244,1176717,2.06
Arkansas,02/13/2021,3147,02/06/2021,22475,1176717,1.91
Arkansas,02/20/2021,1889,02/13/2021,18978,1176717,1.61
Arkansas,02/27/2021,6064,02/20/2021,27675,1176717,2.35
Arkansas,03/06/2021,3806,02/27/2021,24848,1176717,2.11
Arkansas,03/13/2021,3291,03/06/2021,23969,1176717,2.04
Arkansas,03/20/2021,2325,03/13/2021,22531,1176717,1.91
Arkansas,03/27/2021,2836,03/20/2021,21180,1176717,1.8
Arkansas,04/03/2021,2117,03/27/2021,21676,1176717,1.84
Arkansas,04/10/2021,3374,04/03/2021,19541,1163763,1.68
Arkansas,04/17/2021,3213,04/10/2021,18312,1163763,1.57
Arkansas,04/24/2021,3107,04/17/2021,19986,1163763,1.72
Arkansas,05/01/2021,2654,04/24/2021,20053,1163763,1.72
Arkansas,05/08/2021,2791,05/01/2021,20885,1163763,1.79
Arkansas,05/15/2021,2371,05/08/2021,19553,1163763,1.68
Arkansas,05/22/2021,2415,05/15/2021,20147,1163763,1.73
Arkansas,05/29/2021,2503,05/22/2021,20555,1163763,1.77
Arkansas,06/05/2021,2404,05/29/2021,19345,1163763,1.66
Arkansas,06/12/2021,2290,06/05/2021,19862,1163763,1.71
Arkansas,06/19/2021,1958,06/12/2021,21156,1163763,1.82
Arkansas,06/26/2021,1510,06/19/2021,20567,1163763,1.77
Arkansas,07/03/2021,1549,06/26/2021,20211,1163763,1.74
Arkansas,07/10/2021,2131,07/03/2021,18405,1155336,1.59
Arkansas,07/17/2021,1917,07/10/2021,19551,1155336,1.69
Arkansas,07/24/2021,1658,07/17/2021,19657,1155336,1.7
Arkansas,07/31/2021,1741,07/24/2021,18616,1155336,1.61
Arkansas,08/07/2021,2103,07/31/2021,19148,1155336,1.66
Arkansas,08/14/2021,1737,08/07/2021,19429,1155336,1.68
Arkansas,08/21/2021,1610,08/14/2021,17083,1155336,1.48
Arkansas,08/28/2021,1481,08/21/2021,17039,1155336,1.47
Arkansas,09/04/2021,1682,08/28/2021,16152,1155336,1.4
Arkansas,09/11/2021,1238,09/04/2021,15539,1155336,1.34
Arkansas,09/18/2021,1555,09/11/2021,14586,1155336,1.26
Arkansas,09/25/2021,1465,09/18/2021,13516,1155336,1.17
Arkansas,10/02/2021,1333,09/25/2021,12493,1155336,1.08
Arkansas,10/09/2021,1598,10/02/2021,11811,1147079,1.03
Arkansas,10/16/2021,1493,10/09/2021,11754,1147079,1.02
Arkansas,10/23/2021,1335,10/16/2021,11018,1147079,0.96
Arkansas,10/30/2021,1279,10/23/2021,10917,1147079,0.95
Arkansas,11/06/2021,1450,10/30/2021,13154,1147079,1.15
Arkansas,11/13/2021,1050,11/06/2021,11143,1147079,0.97
Arkansas,11/20/2021,1408,11/13/2021,10885,1147079,0.95
Arkansas,11/27/2021,1611,11/20/2021,9050,1147079,0.79
Arkansas,12/04/2021,1944,11/27/2021,11093,1147079,0.97
Arkansas,12/11/2021,930,12/04/2021,8970,1147079,0.78
Arkansas,12/18/2021,1661,12/11/2021,8656,1147079,0.75
Arkansas,12/25/2021,1771,12/18/2021,8651,1147079,0.75
Arkansas,01/01/2022,1716,12/25/2021,10240,1147079,0.89
Arkansas,01/08/2022,1996,01/01/2022,12235,1163918,1.05
Arkansas,01/15/2022,1673,01/08/2022,10636,1163918,0.91
Arkansas,01/22/2022,1399,01/15/2022,10434,1163918,0.9
Arkansas,01/29/2022,1397,01/22/2022,10480,1163918,0.9
Arkansas,02/05/2022,755,01/29/2022,5749,1163918,0.49
Arkansas,02/12/2022,1221,02/05/2022,10796,1163918,0.93
Arkansas,02/19/2022,980,02/12/2022,9722,1163918,0.84
Arkansas,02/26/2022,690,02/19/2022,7909,1163918,0.68
Arkansas,03/05/2022,1025,02/26/2022,8649,1163918,0.74
Arkansas,03/12/2022,1059,03/05/2022,8185,1163918,0.7
Arkansas,03/19/2022,914,03/12/2022,8213,1163918,0.71
Arkansas,03/26/2022,1434,03/19/2022,7328,1163918,0.63
Arkansas,04/02/2022,988,03/26/2022,7973,1163918,0.69
Arkansas,04/09/2022,1276,04/02/2022,6758,1174566,0.58
Arkansas,04/16/2022,1195,04/09/2022,6846,1174566,0.58
Arkansas,04/23/2022,1387,04/16/2022,6563,1174566,0.56
Arkansas,04/30/2022,1301,04/23/2022,6318,1174566,0.54
Arkansas,05/07/2022,1705,04/30/2022,6529,1174566,0.56
Arkansas,05/14/2022,1572,05/07/2022,6796,1174566,0.58
Arkansas,05/21/2022,1374,05/14/2022,7042,1174566,0.6
Arkansas,05/28/2022,1534,05/21/2022,7064,1174566,0.6
Arkansas,06/04/2022,1827,05/28/2022,7193,1174566,0.61
Arkansas,06/11/2022,1737,06/04/2022,8035,1174566,0.68
Arkansas,06/18/2022,1481,06/11/2022,8747,1174566,0.74
Arkansas,06/25/2022,1426,06/18/2022,8813,1174566,0.75
Arkansas,07/02/2022,1414,06/25/2022,8603,1174566,0.73
Arkansas,07/09/2022,2278,07/02/2022,8748,1182828,0.74
Arkansas,07/16/2022,1821,07/09/2022,9769,1182823,0.83
Arkansas,07/23/2022,1665,07/16/2022,9965,1182823,0.84
Arkansas,07/30/2022,1491,07/23/2022,9451,1182823,0.8
Arkansas,08/06/2022,1543,07/30/2022,9229,1182823,0.78
Arkansas,08/13/2022,1522,08/06/2022,8808,1182823,0.74
Arkansas,08/20/2022,1973,08/13/2022,8513,1182823,0.72
Arkansas,08/27/2022,1450,08/20/2022,8153,1182823,0.69
Arkansas,09/03/2022,1355,08/27/2022,7655,1182823,0.65
Arkansas,09/10/2022,1572,09/03/2022,7055,1182823,0.6
Arkansas,09/17/2022,1186,09/10/2022,7892,1182823,0.67
Arkansas,09/24/2022,1224,09/17/2022,7231,1182823,0.61
Arkansas,10/01/2022,1503,09/24/2022,6846,1182823,0.58
Arkansas,10/08/2022,1365,10/01/2022,6811,1193226,0.57
Arkansas,10/15/2022,1332,10/08/2022,6393,1193528,0.54
Arkansas,10/22/2022,1775,10/15/2022,6740,1193528,0.56
Arkansas,10/29/2022,1258,10/22/2022,7347,1193528,0.62
Arkansas,11/05/2022,1371,10/29/2022,6838,1193528,0.57
Arkansas,11/12/2022,1599,11/05/2022,6779,1193528,0.57
Arkansas,11/19/2022,1468,11/12/2022,7333,1193528,0.61
Arkansas,11/26/2022,1191,11/19/2022,6443,1193528,0.54
Arkansas,12/03/2022,1786,11/26/2022,7424,1193528,0.62
Arkansas,12/10/2022,1807,12/03/2022,7332,1193528,0.61
Arkansas,12/17/2022,1363,12/10/2022,7286,1193528,0.61
Arkansas,12/24/2022,974,12/17/2022,6773,1193528,0.57
Arkansas,12/31/2022,1327,12/24/2022,6840,1193528,0.57
Arkansas,01/07/2023,1344,12/31/2022,7542,1193528,0.63
Arkansas,01/14/2023,1742,01/07/2023,7250,1204730,0.6
Arkansas,01/21/2023,2161,01/14/2023,7050,1204730,0.59
Arkansas,01/28/2023,1593,01/21/2023,7683,1204730,0.64
Arkansas,02/04/2023,961,01/28/2023,7186,1204730,0.6
Arkansas,02/11/2023,1355,02/04/2023,8430,1204730,0.7
Arkansas,02/18/2023,1508,02/11/2023,9143,1204730,0.76
Arkansas,02/25/2023,2127,02/18/2023,7004,1204730,0.58
Arkansas,03/04/2023,1816,02/25/2023,7917,1204730,0.66
Arkansas,03/11/2023,1347,03/04/2023,8031,1204730,0.67
Arkansas,03/18/2023,1325,03/11/2023,7710,1204730,0.64
Arkansas,03/25/2023,1157,03/18/2023,7596,1204730,0.63
Arkansas,04/01/2023,1334,03/25/2023,7366,1204730,0.61
Arkansas,04/08/2023,1177,04/01/2023,7237,1217287,0.59
Arkansas,04/15/2023,1402,04/08/2023,6813,1217287,0.56
Arkansas,04/22/2023,1515,04/15/2023,6757,1217287,0.56
Arkansas,04/29/2023,1220,04/22/2023,6860,1217287,0.56
Arkansas,05/06/2023,1852,04/29/2023,6947,1217287,0.57
Arkansas,05/13/2023,1769,05/06/2023,7052,1217287,0.58
Arkansas,05/20/2023,1941,05/13/2023,7818,1217287,0.64
Arkansas,05/27/2023,1486,05/20/2023,8014,1217287,0.66
Arkansas,06/03/2023,1719,05/27/2023,7704,1217287,0.63
Arkansas,06/10/2023,2068,06/03/2023,8523,1217287,0.7
Arkansas,06/17/2023,2020,06/10/2023,9341,1217287,0.77
Arkansas,06/24/2023,2132,06/17/2023,10447,1217287,0.86
Arkansas,07/01/2023,2624,06/24/2023,10843,1217287,0.89
Arkansas,07/08/2023,2482,07/01/2023,10682,1228838,0.87
Arkansas,07/15/2023,2004,07/08/2023,11691,1228838,0.95
Arkansas,07/22/2023,1391,07/15/2023,12222,1228838,0.99
Arkansas,07/29/2023,1648,07/22/2023,12070,1228838,0.98
Arkansas,08/05/2023,1450,07/29/2023,11488,1228838,0.93
Arkansas,08/12/2023,1838,08/05/2023,11279,1228838,0.92
Arkansas,08/19/2023,1322,08/12/2023,11217,1228838,0.91
Arkansas,08/26/2023,1376,08/19/2023,10103,1228838,0.82
Arkansas,09/02/2023,1304,08/26/2023,9912,1228838,0.81
Arkansas,09/09/2023,1325,09/02/2023,9634,1228838,0.78
Arkansas,09/16/2023,1209,09/09/2023,9372,1228838,0.76
Arkansas,09/23/2023,1130,09/16/2023,9017,1228838,0.73
Arkansas,09/30/2023,1062,09/23/2023,8841,1228838,0.72
Arkansas,10/07/2023,1512,09/30/2023,8208,1228838,0.67
Arkansas,10/14/2023,1528,10/07/2023,8203,1238972,0.66
Arkansas,10/21/2023,1354,10/14/2023,8397,1238972,0.68
Arkansas,10/28/2023,1262,10/21/2023,8949,1238972,0.72
Arkansas,11/04/2023,1462,10/28/2023,8916,1238972,0.72
Arkansas,11/11/2023,1008,11/04/2023,8913,1238972,0.72
Arkansas,11/18/2023,1834,11/11/2023,9437,1238972,0.76
Arkansas,11/25/2023,1582,11/18/2023,8706,1238972,0.7
Arkansas,12/02/2023,2319,11/25/2023,10102,1238972,0.82
Arkansas,12/09/2023,2034,12/02/2023,10293,1238972,0.83
Arkansas,12/16/2023,1493,12/09/2023,10330,1238972,0.83
Arkansas,12/23/2023,2250,12/16/2023,9997,1238972,0.81
Arkansas,12/30/2023,1437,12/23/2023,9712,1238972,0.78
Arkansas,01/06/2024,1585,12/30/2023,11135,1238972,0.9
Arkansas,01/13/2024,1871,01/06/2024,10803,1247031,0.87
Arkansas,01/20/2024,1529,01/13/2024,8954,1247031,0.72
Arkansas,01/27/2024,2074,01/20/2024,10601,1247031,0.85
Arkansas,02/03/2024,2116,01/27/2024,10576,1247031,0.85
Arkansas,02/10/2024,1769,02/03/2024,10677,1247031,0.86
Arkansas,02/17/2024,1807,02/10/2024,10721,1247031,0.86
Arkansas,02/24/2024,1244,02/17/2024,9528,1247031,0.76
Arkansas,03/02/2024,1254,02/24/2024,9739,1247031,0.78
Arkansas,03/09/2024,1034,03/02/2024,9537,1247031,0.76
Arkansas,03/16/2024,1313,03/09/2024,9269,1247031,0.74
Arkansas,03/23/2024,1556,03/16/2024,9012,1247031,0.72
Arkansas,03/30/2024,1097,03/23/2024,9356,1247031,0.75
Arkansas,04/06/2024,1223,03/30/2024,8502,1247031,0.68
Arkansas,04/13/2024,1186,04/06/2024,7970,1252133,0.64
Arkansas,04/20/2024,1295,04/13/2024,8138,1252133,0.65
Arkansas,04/27/2024,1065,04/20/2024,8493,1252133,0.68
Arkansas,05/04/2024,1197,04/27/2024,8601,1252133,0.69
Arkansas,05/11/2024,1270,05/04/2024,7549,1252133,0.6
Arkansas,05/18/2024,1351,05/11/2024,7807,1252133,0.62
Arkansas,05/25/2024,1302,05/18/2024,7721,1252133,0.62
Arkansas,06/01/2024,1401,05/25/2024,7830,1252133,0.63
Arkansas,06/08/2024,1766,06/01/2024,8375,1252133,0.67
Arkansas,06/15/2024,1943,06/08/2024,8637,1252133,0.69
Arkansas,06/22/2024,2117,06/15/2024,8685,1252133,0.69
Arkansas,06/29/2024,1711,06/22/2024,9013,1252133,0.72
Arkansas,07/06/2024,1864,06/29/2024,8668,1252133,0.69
Arkansas,07/13/2024,1803,07/06/2024,9503,1256999,0.76
Arkansas,07/20/2024,1618,07/13/2024,9135,1256999,0.73
Arkansas,07/27/2024,1501,07/20/2024,9326,1256999,0.74
Arkansas,08/03/2024,1297,07/27/2024,9120,1256999,0.73
Arkansas,08/10/2024,1527,08/03/2024,9176,1256999,0.73
Arkansas,08/17/2024,1193,08/10/2024,8430,1256999,0.67
Arkansas,08/24/2024,1306,08/17/2024,8032,1256999,0.64
Arkansas,08/31/2024,1634,08/24/2024,7403,1256999,0.59
Arkansas,09/07/2024,1031,08/31/2024,7400,1256999,0.59
Arkansas,09/14/2024,1171,09/07/2024,7417,1256999,0.59
Arkansas,09/21/2024,1214,09/14/2024,6960,1256999,0.55
Arkansas,09/28/2024,983,09/21/2024,7085,1256999,0.56
Arkansas,10/05/2024,1285,09/28/2024,6771,1256999,0.54
Arkansas,10/12/2024,1601,10/05/2024,6369,1260876,0.51
Arkansas,10/19/2024,1339,10/12/2024,6652,1260876,0.53
Arkansas,10/26/2024,1221,10/19/2024,6819,1260876,0.54
Arkansas,11/02/2024,1179,10/26/2024,6709,1260876,0.53
Arkansas,11/09/2024,1300,11/02/2024,7036,1260876,0.56
Arkansas,11/16/2024,1331,11/09/2024,6754,1260876,0.54
Arkansas,11/23/2024,1840,11/16/2024,7269,1260876,0.58
Arkansas,11/30/2024,1280,11/23/2024,6434,1260876,0.51
Arkansas,12/07/2024,1664,11/30/2024,7818,1260876,0.62
Arkansas,12/14/2024,1460,12/07/2024,7431,1260876,0.59
Arkansas,12/21/2024,1805,12/14/2024,7469,1260876,0.59
Arkansas,12/28/2024,1531,12/21/2024,7035,1260876,0.56
Arkansas,01/04/2025,1251,12/28/2024,8119,1260876,0.64
Arkansas,01/11/2025,1570,01/04/2025,7830,1264328,0.62
Arkansas,01/18/2025,1882,01/11/2025,8202,1157649,0.71
Arkansas,01/25/2025,1125,01/18/2025,7788,1264328,0.62
Arkansas,02/01/2025,1663,01/25/2025,8120,1264328,0.64
Arkansas,02/08/2025,1683,02/01/2025,7836,1264328,0.62
Arkansas,02/15/2025,1252,02/08/2025,7863,1264328,0.62
Arkansas,02/22/2025,870,02/15/2025,7371,1264328,0.58
Arkansas,03/01/2025,1473,02/22/2025,8329,1264328,0.66
Arkansas,03/08/2025,1204,03/01/2025,7526,1264328,0.6
Arkansas,03/15/2025,1188,03/08/2025,7451,1264328,0.59
Arkansas,03/22/2025,1162,03/15/2025,6946,1264328,0.55
Arkansas,03/29/2025,1512,03/22/2025,7016,1264328,0.55
Arkansas,04/05/2025,1378,03/29/2025,7260,1264328,0.57
Arkansas,04/12/2025,1495,04/05/2025,6985,1268846,0.55
Arizona,01/04/2020,3132,12/28/2019,17991,2864180,0.63
Arizona,01/11/2020,4654,01/04/2020,18259,2864180,0.64
Arizona,01/18/2020,4152,01/11/2020,18421,2864180,0.64
Arizona,01/25/2020,3475,01/18/2020,18401,2864180,0.64
Arizona,02/01/2020,3807,01/25/2020,18854,2864180,0.66
Arizona,02/08/2020,3636,02/01/2020,18461,2864180,0.64
Arizona,02/15/2020,3538,02/08/2020,18516,2864180,0.65
Arizona,02/22/2020,3151,02/15/2020,18217,2864180,0.64
Arizona,02/29/2020,3086,02/22/2020,18137,2864180,0.63
Arizona,03/07/2020,3357,02/29/2020,17593,2864180,0.61
Arizona,03/14/2020,3844,03/07/2020,17595,2864180,0.61
Arizona,03/21/2020,29348,03/14/2020,18108,2864180,0.63
Arizona,03/28/2020,88940,03/21/2020,26387,2864180,0.92
Arizona,04/04/2020,132428,03/28/2020,62597,2864180,2.19
Arizona,04/11/2020,98531,04/04/2020,120592,2864180,4.21
Arizona,04/18/2020,72457,04/11/2020,170262,2885408,5.9
Arizona,04/25/2020,52581,04/18/2020,196401,2885408,6.81
Arizona,05/02/2020,43023,04/25/2020,218760,2885408,7.58
Arizona,05/09/2020,31570,05/02/2020,228806,2885408,7.93
Arizona,05/16/2020,31957,05/09/2020,230566,2885408,7.99
Arizona,05/23/2020,26868,05/16/2020,217968,2885408,7.55
Arizona,05/30/2020,22012,05/23/2020,209944,2885408,7.28
Arizona,06/06/2020,24367,05/30/2020,210605,2885408,7.3
Arizona,06/13/2020,22419,06/06/2020,209529,2885408,7.26
Arizona,06/20/2020,25886,06/13/2020,217934,2885408,7.55
Arizona,06/27/2020,26328,06/20/2020,217505,2885408,7.54
Arizona,07/04/2020,25774,06/27/2020,216603,2885408,7.51
Arizona,07/11/2020,28695,07/04/2020,227419,2905807,7.83
Arizona,07/18/2020,21441,07/11/2020,229352,2905807,7.89
Arizona,07/25/2020,19063,07/18/2020,230822,2905807,7.94
Arizona,08/01/2020,15561,07/25/2020,232497,2905807,8
Arizona,08/08/2020,11655,08/01/2020,219459,2905807,7.55
Arizona,08/15/2020,12775,08/08/2020,211212,2905807,7.27
Arizona,08/22/2020,12487,08/15/2020,205978,2905807,7.09
Arizona,08/29/2020,11705,08/22/2020,202716,2905807,6.98
Arizona,09/05/2020,11343,08/29/2020,200184,2905807,6.89
Arizona,09/12/2020,10015,09/05/2020,194479,2905807,6.69
Arizona,09/19/2020,9065,09/12/2020,190507,2905807,6.56
Arizona,09/26/2020,8208,09/19/2020,175837,2905807,6.05
Arizona,10/03/2020,7966,09/26/2020,168948,2905807,5.81
Arizona,10/10/2020,7925,10/03/2020,151436,2927942,5.17
Arizona,10/17/2020,7053,10/10/2020,137816,2927942,4.71
Arizona,10/24/2020,6813,10/17/2020,125852,2927942,4.3
Arizona,10/31/2020,6389,10/24/2020,112425,2927942,3.84
Arizona,11/07/2020,6410,10/31/2020,103243,2927942,3.53
Arizona,11/14/2020,6285,11/07/2020,95164,2927942,3.25
Arizona,11/21/2020,7154,11/14/2020,91485,2927942,3.12
Arizona,11/28/2020,5569,11/21/2020,81219,2927942,2.77
Arizona,12/05/2020,7362,11/28/2020,82614,2927942,2.82
Arizona,12/12/2020,6921,12/05/2020,75979,2927942,2.59
Arizona,12/19/2020,7032,12/12/2020,75045,2927942,2.56
Arizona,12/26/2020,6569,12/19/2020,69775,2927942,2.38
Arizona,01/02/2021,7992,12/26/2020,71901,2927942,2.46
Arizona,01/09/2021,12309,01/02/2021,76818,2880711,2.67
Arizona,01/16/2021,12006,01/09/2021,71369,2880711,2.48
Arizona,01/23/2021,13034,01/16/2021,70808,2880711,2.46
Arizona,01/30/2021,15148,01/23/2021,71444,2880711,2.48
Arizona,02/06/2021,7670,01/30/2021,69884,2880711,2.43
Arizona,02/13/2021,3903,02/06/2021,68986,2880711,2.39
Arizona,02/20/2021,4108,02/13/2021,64813,2880711,2.25
Arizona,02/27/2021,4091,02/20/2021,62964,2880711,2.19
Arizona,03/06/2021,4244,02/27/2021,60271,2880711,2.09
Arizona,03/13/2021,5220,03/06/2021,46404,2880711,1.61
Arizona,03/20/2021,4822,03/13/2021,48150,2880711,1.67
Arizona,03/27/2021,5373,03/20/2021,47675,2880711,1.65
Arizona,04/03/2021,5177,03/27/2021,49810,2880711,1.73
Arizona,04/10/2021,6202,04/03/2021,49853,2846903,1.75
Arizona,04/17/2021,6308,04/10/2021,51376,2846903,1.8
Arizona,04/24/2021,7673,04/17/2021,51837,2846903,1.82
Arizona,05/01/2021,7267,04/24/2021,54641,2846903,1.92
Arizona,05/08/2021,5959,05/01/2021,55156,2846903,1.94
Arizona,05/15/2021,5378,05/08/2021,55921,2846903,1.96
Arizona,05/22/2021,4818,05/15/2021,54556,2846903,1.92
Arizona,05/29/2021,4375,05/22/2021,54743,2846903,1.92
Arizona,06/05/2021,3997,05/29/2021,46538,2846903,1.63
Arizona,06/12/2021,3952,06/05/2021,47132,2846903,1.66
Arizona,06/19/2021,3554,06/12/2021,46159,2846903,1.62
Arizona,06/26/2021,3656,06/19/2021,44689,2846903,1.57
Arizona,07/03/2021,3804,06/26/2021,43825,2846903,1.54
Arizona,07/10/2021,3829,07/03/2021,42425,2846903,1.49
Arizona,07/17/2021,3578,07/10/2021,42197,2846903,1.48
Arizona,07/24/2021,3301,07/17/2021,41428,2846903,1.46
Arizona,07/31/2021,3153,07/24/2021,39919,2846903,1.4
Arizona,08/07/2021,3172,07/31/2021,38434,2846903,1.35
Arizona,08/14/2021,2871,08/07/2021,36247,2846903,1.27
Arizona,08/21/2021,3019,08/14/2021,35753,2846903,1.26
Arizona,08/28/2021,2957,08/21/2021,34255,2846903,1.2
Arizona,09/04/2021,2759,08/28/2021,32902,2846903,1.16
Arizona,09/11/2021,6498,09/04/2021,28519,2846903,1
Arizona,09/18/2021,8280,09/11/2021,28780,2846903,1.01
Arizona,09/25/2021,4039,09/18/2021,26371,2846903,0.93
Arizona,10/02/2021,3276,09/25/2021,24250,2846903,0.85
Arizona,10/09/2021,3799,10/02/2021,22829,2846903,0.8
Arizona,10/16/2021,3005,10/09/2021,20409,2846903,0.72
Arizona,10/23/2021,2845,10/16/2021,19846,2846903,0.7
Arizona,10/30/2021,2714,10/23/2021,18835,2846903,0.66
Arizona,11/06/2021,2748,10/30/2021,18870,2846903,0.66
Arizona,11/13/2021,2588,11/06/2021,16644,2846903,0.58
Arizona,11/20/2021,2757,11/13/2021,16730,2846903,0.59
Arizona,11/27/2021,1956,11/20/2021,14208,2846903,0.5
Arizona,12/04/2021,2697,11/27/2021,15190,2846903,0.53
Arizona,12/11/2021,2493,12/04/2021,13657,2846903,0.48
Arizona,12/18/2021,2506,12/11/2021,14248,2846903,0.5
Arizona,12/25/2021,1850,12/18/2021,12305,2846903,0.43
Arizona,01/01/2022,2141,12/25/2021,13157,2846903,0.46
Arizona,01/08/2022,3317,01/01/2022,13977,2803787,0.5
Arizona,01/15/2022,3068,01/08/2022,13290,2803787,0.47
Arizona,01/22/2022,2672,01/15/2022,13244,2803787,0.47
Arizona,01/29/2022,2765,01/22/2022,13536,2803787,0.48
Arizona,02/05/2022,2889,01/29/2022,13150,2803787,0.47
Arizona,02/12/2022,2498,02/05/2022,12628,2803787,0.45
Arizona,02/19/2022,2521,02/12/2022,12963,2803787,0.46
Arizona,02/26/2022,2214,02/19/2022,13288,2803787,0.47
Arizona,03/05/2022,2508,02/26/2022,13198,2803787,0.47
Arizona,03/12/2022,2658,03/05/2022,13001,2803787,0.46
Arizona,03/19/2022,2358,03/12/2022,13210,2803787,0.47
Arizona,03/26/2022,2671,03/19/2022,12909,2803787,0.46
Arizona,04/02/2022,2786,03/26/2022,13624,2803787,0.49
Arizona,04/09/2022,4193,04/02/2022,13313,2803787,0.47
Arizona,04/16/2022,3888,04/09/2022,14145,2803787,0.5
Arizona,04/23/2022,3728,04/16/2022,15430,2803787,0.55
Arizona,04/30/2022,3494,04/23/2022,16076,2803787,0.57
Arizona,05/07/2022,3391,04/30/2022,17079,2803787,0.61
Arizona,05/14/2022,3113,05/07/2022,17695,2803787,0.63
Arizona,05/21/2022,3201,05/14/2022,18266,2803787,0.65
Arizona,05/28/2022,3266,05/21/2022,18769,2803787,0.67
Arizona,06/04/2022,3396,05/28/2022,19561,2803787,0.7
Arizona,06/11/2022,3455,06/04/2022,19966,2803787,0.71
Arizona,06/18/2022,3354,06/11/2022,20727,2803787,0.74
Arizona,06/25/2022,3071,06/18/2022,20837,2803787,0.74
Arizona,07/02/2022,2570,06/25/2022,21089,2803787,0.75
Arizona,07/09/2022,5017,07/02/2022,21244,2803787,0.76
Arizona,07/16/2022,4218,07/09/2022,22764,2803787,0.81
Arizona,07/23/2022,3548,07/16/2022,23841,2803787,0.85
Arizona,07/30/2022,3180,07/23/2022,24170,2803787,0.86
Arizona,08/06/2022,3266,07/30/2022,24326,2803787,0.87
Arizona,08/13/2022,3094,08/06/2022,23659,2803787,0.84
Arizona,08/20/2022,2907,08/13/2022,23860,2803787,0.85
Arizona,08/27/2022,2835,08/20/2022,23313,2803787,0.83
Arizona,09/03/2022,2905,08/27/2022,23121,2803787,0.82
Arizona,09/10/2022,2532,09/03/2022,22391,2803787,0.8
Arizona,09/17/2022,2638,09/10/2022,22122,2803787,0.79
Arizona,09/24/2022,2673,09/17/2022,21626,2803787,0.77
Arizona,10/01/2022,2711,09/24/2022,20960,2803787,0.75
Arizona,10/08/2022,3243,10/01/2022,20129,2934809,0.69
Arizona,10/15/2022,2823,10/08/2022,20044,2934809,0.68
Arizona,10/22/2022,2899,10/15/2022,19546,2934809,0.67
Arizona,10/29/2022,2816,10/22/2022,19686,2934809,0.67
Arizona,11/05/2022,3082,10/29/2022,19087,2934809,0.65
Arizona,11/12/2022,2390,11/05/2022,17359,2934809,0.59
Arizona,11/19/2022,3383,11/12/2022,19080,2934809,0.65
Arizona,11/26/2022,2136,11/19/2022,16899,2934809,0.58
Arizona,12/03/2022,2941,11/26/2022,17918,2934809,0.61
Arizona,12/10/2022,2968,12/03/2022,17596,2934809,0.6
Arizona,12/17/2022,2786,12/10/2022,17851,2934809,0.61
Arizona,12/24/2022,2424,12/17/2022,17726,2934809,0.6
Arizona,12/31/2022,2142,12/24/2022,17687,2934809,0.6
Arizona,01/07/2023,3371,12/31/2022,17813,2934809,0.61
Arizona,01/14/2023,3432,01/07/2023,18588,2972979,0.63
Arizona,01/21/2023,3126,01/14/2023,18553,2972979,0.62
Arizona,01/28/2023,3096,01/21/2023,19275,2972979,0.65
Arizona,02/04/2023,3352,01/28/2023,19250,2972979,0.65
Arizona,02/11/2023,3357,02/04/2023,19299,2972979,0.65
Arizona,02/18/2023,2990,02/11/2023,19669,2972979,0.66
Arizona,02/25/2023,2790,02/18/2023,19479,2972979,0.66
Arizona,03/04/2023,3121,02/25/2023,19711,2972979,0.66
Arizona,03/11/2023,2942,03/04/2023,19515,2972979,0.66
Arizona,03/18/2023,3007,03/11/2023,19726,2972979,0.66
Arizona,03/25/2023,3062,03/18/2023,19944,2972979,0.67
Arizona,04/01/2023,2975,03/25/2023,20181,2972979,0.68
Arizona,04/08/2023,4342,04/01/2023,20031,3040027,0.66
Arizona,04/15/2023,4201,04/08/2023,20763,3040027,0.68
Arizona,04/22/2023,4684,04/15/2023,21955,3040027,0.72
Arizona,04/29/2023,4716,04/22/2023,23369,3040027,0.77
Arizona,05/06/2023,4640,04/29/2023,24592,3040027,0.81
Arizona,05/13/2023,3982,05/06/2023,25388,3040027,0.84
Arizona,05/20/2023,4005,05/13/2023,26211,3040027,0.86
Arizona,05/27/2023,4076,05/20/2023,26732,3040027,0.88
Arizona,06/03/2023,4002,05/27/2023,27186,3040027,0.89
Arizona,06/10/2023,4281,06/03/2023,28077,3040027,0.92
Arizona,06/17/2023,3972,06/10/2023,28518,3040027,0.94
Arizona,06/24/2023,3645,06/17/2023,28717,3040027,0.94
Arizona,07/01/2023,3665,06/24/2023,28893,3040027,0.95
Arizona,07/08/2023,4783,07/01/2023,28660,3045442,0.94
Arizona,07/15/2023,4801,07/08/2023,30148,3045442,0.99
Arizona,07/22/2023,4306,07/15/2023,31015,3045442,1.02
Arizona,07/29/2023,3933,07/22/2023,31200,3045442,1.02
Arizona,08/05/2023,3863,07/29/2023,31100,3045442,1.02
Arizona,08/12/2023,3691,08/05/2023,30865,3045442,1.01
Arizona,08/19/2023,3627,08/12/2023,30683,3045442,1.01
Arizona,08/26/2023,3504,08/19/2023,30160,3045442,0.99
Arizona,09/02/2023,3377,08/26/2023,29801,3045442,0.98
Arizona,09/09/2023,3034,09/02/2023,28869,3045442,0.95
Arizona,09/16/2023,3255,09/09/2023,28486,3045442,0.94
Arizona,09/23/2023,3221,09/16/2023,27549,3045442,0.9
Arizona,09/30/2023,3168,09/23/2023,27010,3045442,0.89
Arizona,10/07/2023,3679,09/30/2023,26085,3045442,0.86
Arizona,10/14/2023,3254,10/07/2023,25480,3100366,0.82
Arizona,10/21/2023,3366,10/14/2023,25181,3100366,0.81
Arizona,10/28/2023,3283,10/21/2023,24570,3100366,0.79
Arizona,11/04/2023,3449,10/28/2023,24098,3100366,0.78
Arizona,11/11/2023,2990,11/04/2023,21957,3100366,0.71
Arizona,11/18/2023,3898,11/11/2023,24147,3100366,0.78
Arizona,11/25/2023,2464,11/18/2023,21276,3100366,0.69
Arizona,12/02/2023,3287,11/25/2023,22159,3100366,0.71
Arizona,12/09/2023,3546,12/02/2023,21541,3100366,0.69
Arizona,12/16/2023,3264,12/09/2023,21661,3100366,0.7
Arizona,12/23/2023,3025,12/16/2023,21858,3100366,0.71
Arizona,12/30/2023,2298,12/23/2023,21387,3100366,0.69
Arizona,01/06/2024,3248,12/30/2023,21598,3100366,0.7
Arizona,01/13/2024,4089,01/06/2024,21826,3102226,0.7
Arizona,01/20/2024,3476,01/13/2024,21958,3102226,0.71
Arizona,01/27/2024,3779,01/20/2024,22264,3102226,0.72
Arizona,02/03/2024,3726,01/27/2024,22576,3102226,0.73
Arizona,02/10/2024,3479,02/03/2024,22534,3102226,0.73
Arizona,02/17/2024,3263,02/10/2024,22354,3102226,0.72
Arizona,02/24/2024,3071,02/17/2024,22306,3102226,0.72
Arizona,03/02/2024,3259,02/24/2024,22347,3102226,0.72
Arizona,03/09/2024,3386,03/02/2024,22019,3102226,0.71
Arizona,03/16/2024,3330,03/09/2024,22018,3102226,0.71
Arizona,03/23/2024,3361,03/16/2024,22091,3102226,0.71
Arizona,03/30/2024,3471,03/23/2024,22118,3102226,0.71
Arizona,04/06/2024,4273,03/30/2024,22070,3102226,0.71
Arizona,04/13/2024,4717,04/06/2024,22585,3168822,0.71
Arizona,04/20/2024,4826,04/13/2024,23583,3168822,0.74
Arizona,04/27/2024,4656,04/20/2024,24981,3168822,0.79
Arizona,05/04/2024,4679,04/27/2024,26213,3168822,0.83
Arizona,05/11/2024,4288,05/04/2024,27014,3168822,0.85
Arizona,05/18/2024,3918,05/11/2024,27892,3168822,0.88
Arizona,05/25/2024,4219,05/18/2024,28434,3168822,0.9
Arizona,06/01/2024,4127,05/25/2024,29005,3168822,0.92
Arizona,06/08/2024,4604,06/01/2024,29510,3168822,0.93
Arizona,06/15/2024,4167,06/08/2024,30040,3168822,0.95
Arizona,06/22/2024,4055,06/15/2024,30263,3168822,0.96
Arizona,06/29/2024,4341,06/22/2024,31139,3168822,0.98
Arizona,07/06/2024,4423,06/29/2024,30724,3168822,0.97
Arizona,07/13/2024,5198,07/06/2024,32023,3162411,1.01
Arizona,07/20/2024,4384,07/13/2024,32635,3162411,1.03
Arizona,07/27/2024,3889,07/20/2024,32980,3162411,1.04
Arizona,08/03/2024,4014,07/27/2024,33343,3162411,1.05
Arizona,08/10/2024,4212,08/03/2024,33131,3162411,1.05
Arizona,08/17/2024,3947,08/10/2024,32705,3162411,1.03
Arizona,08/24/2024,3846,08/17/2024,32464,3162411,1.03
Arizona,08/31/2024,3767,08/24/2024,32032,3162411,1.01
Arizona,09/07/2024,3445,08/31/2024,31399,3162411,0.99
Arizona,09/14/2024,3682,09/07/2024,30837,3162411,0.98
Arizona,09/21/2024,3629,09/14/2024,29990,3162411,0.95
Arizona,09/28/2024,3675,09/21/2024,29073,3162411,0.92
Arizona,10/05/2024,3752,09/28/2024,28526,3162411,0.9
Arizona,10/12/2024,3465,10/05/2024,27666,3184571,0.87
Arizona,10/19/2024,3058,10/12/2024,26924,3184571,0.85
Arizona,10/26/2024,3004,10/19/2024,26254,3184571,0.82
Arizona,11/02/2024,2820,10/26/2024,25485,3184571,0.8
Arizona,11/09/2024,3158,11/02/2024,24770,3184571,0.78
Arizona,11/16/2024,2820,11/09/2024,24230,3184571,0.76
Arizona,11/23/2024,3075,11/16/2024,23544,3184571,0.74
Arizona,11/30/2024,1983,11/23/2024,22033,3184571,0.69
Arizona,12/07/2024,3095,11/30/2024,22867,3184571,0.72
Arizona,12/14/2024,2840,12/07/2024,21999,3184571,0.69
Arizona,12/21/2024,2646,12/14/2024,22433,3184571,0.7
Arizona,12/28/2024,1770,12/21/2024,21613,3184571,0.68
Arizona,01/04/2025,2398,12/28/2024,22116,3184571,0.69
Arizona,01/11/2025,3584,01/04/2025,21883,3196614,0.68
Arizona,01/18/2025,3219,01/11/2025,22513,3196614,0.7
Arizona,01/25/2025,3057,01/18/2025,22339,3196614,0.7
Arizona,02/01/2025,3245,01/25/2025,22706,3196614,0.71
Arizona,02/08/2025,3073,02/01/2025,22452,3196614,0.7
Arizona,02/15/2025,2884,02/08/2025,22625,3196614,0.71
Arizona,02/22/2025,2803,02/15/2025,22477,3196614,0.7
Arizona,03/01/2025,3137,02/22/2025,22450,3196614,0.7
Arizona,03/08/2025,3594,03/01/2025,22557,3196614,0.71
Arizona,03/15/2025,3737,03/08/2025,21903,3196614,0.69
Arizona,03/22/2025,3777,03/15/2025,23586,3196614,0.74
Arizona,03/29/2025,3258,03/22/2025,24015,3196614,0.75
Arizona,04/05/2025,3801,03/29/2025,23783,3196614,0.74
Arizona,04/12/2025,4439,04/05/2025,24770,3205504,0.77
California,01/04/2020,36720,12/28/2019,359606,17203829,2.09
California,01/11/2020,51993,01/04/2020,356376,17265039,2.06
California,01/18/2020,64858,01/11/2020,376947,17265039,2.18
California,01/25/2020,45596,01/18/2020,336269,17265039,1.95
California,02/01/2020,43458,01/25/2020,388341,17265039,2.25
California,02/08/2020,40392,02/01/2020,359156,17265039,2.08
California,02/15/2020,43445,02/08/2020,375305,17265039,2.17
California,02/22/2020,34979,02/15/2020,349252,17265039,2.02
California,02/29/2020,41678,02/22/2020,369988,17265039,2.14
California,03/07/2020,43385,02/29/2020,378864,17265039,2.19
California,03/14/2020,57606,03/07/2020,351344,17265039,2.04
California,03/21/2020,186333,03/14/2020,421912,17265039,2.44
California,03/28/2020,1058325,03/21/2020,400565,17265039,2.32
California,04/04/2020,918814,03/28/2020,1076761,17265039,6.24
California,04/11/2020,655472,04/04/2020,1429954,17330010,8.25
California,04/18/2020,528360,04/11/2020,2422458,17330010,13.98
California,04/25/2020,325343,04/18/2020,1887575,17330010,10.89
California,05/02/2020,316257,04/25/2020,4808361,17330010,27.75
California,05/09/2020,212667,05/02/2020,2850204,17330010,16.45
California,05/16/2020,244431,05/09/2020,3565153,17330010,20.57
California,05/23/2020,203262,05/16/2020,2155310,17330010,12.44
California,05/30/2020,228634,05/23/2020,2752401,17330010,15.88
California,06/06/2020,255836,05/30/2020,2812484,17330010,16.23
California,06/13/2020,241424,06/06/2020,3001413,17330010,17.32
California,06/20/2020,284494,06/13/2020,2779425,17330010,16.04
California,06/27/2020,277362,06/20/2020,2901601,17330010,16.74
California,07/04/2020,264791,06/27/2020,2758474,17330010,15.92
California,07/11/2020,284914,07/04/2020,2946807,17396834,16.94
California,07/18/2020,289594,07/11/2020,2704904,17396834,15.55
California,07/25/2020,244653,07/18/2020,3140619,17396834,18.05
California,08/01/2020,222043,07/25/2020,2789482,17396834,16.03
California,08/08/2020,202509,08/01/2020,2961188,17396834,17.02
California,08/15/2020,190354,08/08/2020,2806840,17396834,16.13
California,08/22/2020,196916,08/15/2020,2837991,17396834,16.31
California,08/29/2020,219563,08/22/2020,2570005,17396834,14.77
California,09/05/2020,243404,08/29/2020,3012587,17396834,17.32
California,09/12/2020,226004,09/05/2020,2724331,17396834,15.66
California,09/19/2020,226179,09/12/2020,2802145,17396834,16.11
California,09/26/2020,171220,09/19/2020,2274592,17396834,13.07
California,10/03/2020,148213,09/26/2020,2212779,17396834,12.72
California,10/10/2020,176083,10/03/2020,2011273,17473068,11.51
California,10/17/2020,159876,10/10/2020,1836240,17473068,10.51
California,10/24/2020,152176,10/17/2020,1653245,17473068,9.46
California,10/31/2020,152480,10/24/2020,1561263,17473068,8.94
California,11/07/2020,157773,10/31/2020,1446336,17473068,8.28
California,11/14/2020,158825,11/07/2020,1388837,17473068,7.95
California,11/21/2020,168186,11/14/2020,1277409,17473068,7.31
California,11/28/2020,130383,11/21/2020,1103423,17473068,6.31
California,12/05/2020,178724,11/28/2020,1224826,17473068,7.01
California,12/12/2020,204388,12/05/2020,1159688,17473068,6.64
California,12/19/2020,158661,12/12/2020,1006699,17473068,5.76
California,12/26/2020,168732,12/19/2020,1048514,17473068,6
California,01/02/2021,160989,12/26/2020,876615,17473068,5.02
California,01/09/2021,182625,01/02/2021,973908,16937325,5.75
California,01/16/2021,117242,01/09/2021,894354,16937325,5.28
California,01/23/2021,58226,01/16/2021,816618,16937325,4.82
California,01/30/2021,109251,01/23/2021,778456,16937325,4.6
California,02/06/2021,137939,01/30/2021,771537,16937325,4.56
California,02/13/2021,139603,02/06/2021,728794,16937325,4.3
California,02/20/2021,90465,02/13/2021,792120,16937325,4.68
California,02/27/2021,88978,02/20/2021,765925,16937325,4.52
California,03/06/2021,106771,02/27/2021,705063,16937325,4.16
California,03/13/2021,109327,03/06/2021,679163,16937325,4.01
California,03/20/2021,95996,03/13/2021,679785,16937325,4.01
California,03/27/2021,106404,03/20/2021,633592,16937325,3.74
California,04/03/2021,81373,03/27/2021,630126,16937325,3.72
California,04/10/2021,69458,04/03/2021,603980,16483973,3.66
California,04/17/2021,72875,04/10/2021,573254,16483973,3.48
California,04/24/2021,78606,04/17/2021,581508,16483973,3.53
California,05/01/2021,70760,04/24/2021,583538,16483973,3.54
California,05/08/2021,69927,05/01/2021,590542,16483973,3.58
California,05/15/2021,70282,05/08/2021,635780,16483973,3.86
California,05/22/2021,71055,05/15/2021,572296,16483973,3.47
California,05/29/2021,72003,05/22/2021,667181,16483973,4.05
California,06/05/2021,52883,05/29/2021,597076,16483973,3.62
California,06/12/2021,68014,06/05/2021,647739,16483973,3.93
California,06/19/2021,63902,06/12/2021,595705,16483973,3.61
California,06/26/2021,56259,06/19/2021,653867,16483973,3.97
California,07/03/2021,58847,06/26/2021,594334,16483973,3.61
California,07/10/2021,56925,07/03/2021,617944,16127362,3.83
California,07/17/2021,56481,07/10/2021,716486,16127362,4.44
California,07/24/2021,64491,07/17/2021,833426,16127362,5.17
California,07/31/2021,62209,07/24/2021,565253,16127362,3.5
California,08/07/2021,65476,07/31/2021,609094,16127362,3.78
California,08/14/2021,64714,08/07/2021,555967,16127362,3.45
California,08/21/2021,63346,08/14/2021,637805,16127362,3.95
California,08/28/2021,56337,08/21/2021,546610,16127362,3.39
California,09/04/2021,57546,08/28/2021,590228,16127362,3.66
California,09/11/2021,51596,09/04/2021,492694,16127362,3.06
California,09/18/2021,68814,09/11/2021,541670,16127362,3.36
California,09/25/2021,78721,09/18/2021,492804,16127362,3.06
California,10/02/2021,63988,09/25/2021,535080,16127362,3.32
California,10/09/2021,63137,10/02/2021,514464,15800899,3.26
California,10/16/2021,72885,10/09/2021,504437,15800899,3.19
California,10/23/2021,59747,10/16/2021,461609,15800899,2.92
California,10/30/2021,59255,10/23/2021,450232,15800899,2.85
California,11/06/2021,55033,10/30/2021,481520,15800899,3.05
California,11/13/2021,59723,11/06/2021,404021,15800899,2.56
California,11/20/2021,52490,11/13/2021,433140,15800899,2.74
California,11/27/2021,46877,11/20/2021,336256,15800899,2.13
California,12/04/2021,55364,11/27/2021,463462,15800899,2.93
California,12/11/2021,55938,12/04/2021,386859,15800899,2.45
California,12/18/2021,56171,12/11/2021,421772,15800899,2.67
California,12/25/2021,48851,12/18/2021,353715,15800899,2.24
California,01/01/2022,50174,12/25/2021,392792,15800899,2.49
California,01/08/2022,61469,01/01/2022,395492,16156906,2.45
California,01/15/2022,62274,01/08/2022,415459,16156906,2.57
California,01/22/2022,54196,01/15/2022,410294,16156906,2.54
California,01/29/2022,51601,01/22/2022,442175,16156906,2.74
California,02/05/2022,47354,01/29/2022,434688,16156906,2.69
California,02/12/2022,45736,02/05/2022,438176,16156906,2.71
California,02/19/2022,43554,02/12/2022,422711,16156906,2.62
California,02/26/2022,38142,02/19/2022,394567,16156906,2.44
California,03/05/2022,43612,02/26/2022,413899,16156906,2.56
California,03/12/2022,44886,03/05/2022,408725,16156906,2.53
California,03/19/2022,39055,03/12/2022,396077,16156906,2.45
California,03/26/2022,42311,03/19/2022,387804,16156906,2.4
California,04/02/2022,43393,03/26/2022,388338,16156906,2.4
California,04/09/2022,46608,04/02/2022,366445,16477342,2.22
California,04/16/2022,46300,04/09/2022,363461,16477342,2.21
California,04/23/2022,43440,04/16/2022,343777,16477342,2.09
California,04/30/2022,40624,04/23/2022,343877,16477342,2.09
California,05/07/2022,43670,04/30/2022,341049,16477342,2.07
California,05/14/2022,45638,05/07/2022,322281,16477342,1.96
California,05/21/2022,39519,05/14/2022,328856,16477342,2
California,05/28/2022,41430,05/21/2022,306840,16477342,1.86
California,06/04/2022,41233,05/28/2022,292892,16477342,1.78
California,06/11/2022,45184,06/04/2022,291316,16477342,1.77
California,06/18/2022,43995,06/11/2022,293679,16477342,1.78
California,06/25/2022,41491,06/18/2022,295392,16477342,1.79
California,07/02/2022,44314,06/25/2022,306591,16477342,1.86
California,07/09/2022,40513,07/02/2022,279874,16770352,1.67
California,07/16/2022,43194,07/09/2022,320429,16770352,1.91
California,07/23/2022,40072,07/16/2022,315075,16770352,1.88
California,07/30/2022,39677,07/23/2022,313985,16770352,1.87
California,08/06/2022,42436,07/30/2022,320549,16770352,1.91
California,08/13/2022,39251,08/06/2022,311496,16770352,1.86
California,08/20/2022,37121,08/13/2022,309220,16770352,1.84
California,08/27/2022,36319,08/20/2022,312836,16770352,1.87
California,09/03/2022,36558,08/27/2022,306151,16770352,1.83
California,09/10/2022,33494,09/03/2022,282594,16770352,1.69
California,09/17/2022,34624,09/10/2022,306065,16770352,1.83
California,09/24/2022,34359,09/17/2022,292978,16770352,1.75
California,10/01/2022,35612,09/24/2022,298635,16770352,1.78
California,10/08/2022,40608,10/01/2022,290110,17089689,1.7
California,10/15/2022,37791,10/08/2022,284522,17089689,1.66
California,10/22/2022,38081,10/15/2022,288572,17089689,1.69
California,10/29/2022,40070,10/22/2022,300261,17089689,1.76
California,11/05/2022,43483,10/29/2022,299947,17089689,1.76
California,11/12/2022,43267,11/05/2022,278914,17089689,1.63
California,11/19/2022,47690,11/12/2022,305717,17089689,1.79
California,11/26/2022,36495,11/19/2022,265891,17089689,1.56
California,12/03/2022,51801,11/26/2022,350923,17089689,2.05
California,12/10/2022,46971,12/03/2022,335260,17089689,1.96
California,12/17/2022,44703,12/10/2022,351982,17089689,2.06
California,12/24/2022,41460,12/17/2022,325302,17089689,1.9
California,12/31/2022,42383,12/24/2022,335862,17089689,1.97
California,01/07/2023,59830,12/31/2022,349788,17089689,2.05
California,01/14/2023,63697,01/07/2023,387322,17339304,2.23
California,01/21/2023,48115,01/14/2023,367929,17339304,2.12
California,01/28/2023,45564,01/21/2023,399099,17339304,2.3
California,02/04/2023,52384,01/28/2023,395952,17339304,2.28
California,02/11/2023,48087,02/04/2023,403719,17339304,2.33
California,02/18/2023,43381,02/11/2023,394717,17339304,2.28
California,02/25/2023,40537,02/18/2023,379846,17339304,2.19
California,03/04/2023,50455,02/25/2023,408613,17339304,2.36
California,03/11/2023,47643,03/04/2023,405909,17339304,2.34
California,03/18/2023,44830,03/11/2023,403898,17339304,2.33
California,03/25/2023,46783,03/18/2023,413320,17339304,2.38
California,04/01/2023,39950,03/25/2023,405074,17339304,2.34
California,04/08/2023,50590,04/01/2023,417610,17544884,2.38
California,04/15/2023,46134,04/08/2023,426513,17544884,2.43
California,04/22/2023,42380,04/15/2023,427236,17544884,2.44
California,04/29/2023,43095,04/22/2023,421360,17544884,2.4
California,05/06/2023,45092,04/29/2023,416922,17544884,2.38
California,05/13/2023,44823,05/06/2023,394846,17544884,2.25
California,05/20/2023,44348,05/13/2023,390586,17544884,2.23
California,05/27/2023,43577,05/20/2023,390133,17544884,2.22
California,06/03/2023,47680,05/27/2023,383527,17544884,2.19
California,06/10/2023,48068,06/03/2023,401810,17544884,2.29
California,06/17/2023,54347,06/10/2023,398378,17544884,2.27
California,06/24/2023,43391,06/17/2023,384630,17544884,2.19
California,07/01/2023,44719,06/24/2023,384132,17544884,2.19
California,07/08/2023,45162,07/01/2023,374522,17678916,2.12
California,07/15/2023,49037,07/08/2023,421920,17678916,2.39
California,07/22/2023,43727,07/15/2023,401510,17678916,2.27
California,07/29/2023,40619,07/22/2023,403956,17678916,2.28
California,08/05/2023,42982,07/29/2023,395757,17678916,2.24
California,08/12/2023,39023,08/05/2023,395743,17678916,2.24
California,08/19/2023,37940,08/12/2023,394630,17678916,2.23
California,08/26/2023,37862,08/19/2023,389707,17678916,2.2
California,09/02/2023,38418,08/26/2023,383328,17678916,2.17
California,09/09/2023,36538,09/02/2023,360407,17678916,2.04
California,09/16/2023,35040,09/09/2023,379543,17678916,2.15
California,09/23/2023,37752,09/16/2023,368361,17678916,2.08
California,09/30/2023,38954,09/23/2023,367250,17678916,2.08
California,10/07/2023,42803,09/30/2023,353469,17678916,2
California,10/14/2023,40753,10/07/2023,353299,17722524,1.99
California,10/21/2023,40579,10/14/2023,356484,17722524,2.01
California,10/28/2023,41421,10/21/2023,360585,17722524,2.03
California,11/04/2023,44331,10/28/2023,363044,17722524,2.05
California,11/11/2023,44350,11/04/2023,348581,17722524,1.97
California,11/18/2023,51701,11/11/2023,368005,17722524,2.08
California,11/25/2023,37478,11/18/2023,323487,17722524,1.83
California,12/02/2023,50956,11/25/2023,409733,17722524,2.31
California,12/09/2023,47338,12/02/2023,383897,17722524,2.17
California,12/16/2023,43504,12/09/2023,386931,17722524,2.18
California,12/23/2023,48415,12/16/2023,375953,17722524,2.12
California,12/30/2023,40353,12/23/2023,377924,17722524,2.13
California,01/06/2024,49807,12/30/2023,400819,17722524,2.26
California,01/13/2024,51756,01/06/2024,424504,17751277,2.39
California,01/20/2024,47124,01/13/2024,391330,17751277,2.2
California,01/27/2024,52139,01/20/2024,436098,17751277,2.46
California,02/03/2024,47827,01/27/2024,410758,17751277,2.31
California,02/10/2024,49880,02/03/2024,436201,17751277,2.46
California,02/17/2024,40900,02/10/2024,412409,17751277,2.32
California,02/24/2024,41211,02/17/2024,424830,17751277,2.39
California,03/02/2024,46760,02/24/2024,428402,17751277,2.41
California,03/09/2024,47222,03/02/2024,447661,17751277,2.52
California,03/16/2024,41428,03/09/2024,420029,17751277,2.37
California,03/23/2024,40890,03/16/2024,445103,17751277,2.51
California,03/30/2024,43037,03/23/2024,417403,17751277,2.35
California,04/06/2024,42406,03/30/2024,418913,17751277,2.36
California,04/13/2024,44811,04/06/2024,400016,17756991,2.25
California,04/20/2024,45027,04/13/2024,410557,17756991,2.31
California,04/27/2024,39944,04/20/2024,404739,17756991,2.28
California,05/04/2024,43539,04/27/2024,402324,17756991,2.27
California,05/11/2024,42350,05/04/2024,388073,17756991,2.19
California,05/18/2024,39890,05/11/2024,387946,17756991,2.18
California,05/25/2024,38825,05/18/2024,379154,17756991,2.14
California,06/01/2024,40799,05/25/2024,375274,17756991,2.11
California,06/08/2024,50592,06/01/2024,386318,17756991,2.18
California,06/15/2024,46294,06/08/2024,379499,17756991,2.14
California,06/22/2024,45068,06/15/2024,380139,17756991,2.14
California,06/29/2024,46546,06/22/2024,387023,17756991,2.18
California,07/06/2024,40874,06/29/2024,378987,17756991,2.13
California,07/13/2024,47158,07/06/2024,407760,17758793,2.3
California,07/20/2024,41832,07/13/2024,399243,17758793,2.25
California,07/27/2024,40787,07/20/2024,401720,17758793,2.26
California,08/03/2024,41481,07/27/2024,402464,17758793,2.27
California,08/10/2024,38896,08/03/2024,391733,17758793,2.21
California,08/17/2024,39875,08/10/2024,386327,17758793,2.18
California,08/24/2024,38910,08/17/2024,381647,17758793,2.15
California,08/31/2024,38077,08/24/2024,375514,17758793,2.11
California,09/07/2024,36707,08/31/2024,350057,17758793,1.97
California,09/14/2024,37815,09/07/2024,359022,17758793,2.02
California,09/21/2024,37950,09/14/2024,358479,17758793,2.02
California,09/28/2024,38588,09/21/2024,361035,17758793,2.03
California,10/05/2024,42656,09/28/2024,356807,17758793,2.01
California,10/12/2024,42742,10/05/2024,341603,17824341,1.92
California,10/19/2024,40730,10/12/2024,342707,17824341,1.92
California,10/26/2024,38854,10/19/2024,342468,17824341,1.92
California,11/02/2024,42679,10/26/2024,351549,17824341,1.97
California,11/09/2024,48585,11/02/2024,352534,17824341,1.98
California,11/16/2024,43497,11/09/2024,343460,17824341,1.93
California,11/23/2024,48070,11/16/2024,363372,17824341,2.04
California,11/30/2024,37957,11/23/2024,327988,17824341,1.84
California,12/07/2024,52368,11/30/2024,409278,17824341,2.3
California,12/14/2024,47089,12/07/2024,384387,17824341,2.16
California,12/21/2024,48883,12/14/2024,397421,17824341,2.23
California,12/28/2024,39620,12/21/2024,352924,17824341,1.98
California,01/04/2025,41513,12/28/2024,395573,17824341,2.22
California,01/11/2025,54244,01/04/2025,413299,17851353,2.32
California,01/18/2025,59969,01/11/2025,441557,17851353,2.47
California,01/25/2025,45966,01/18/2025,393039,17851353,2.2
California,02/01/2025,49384,01/25/2025,436020,17851353,2.44
California,02/08/2025,50545,02/01/2025,423526,17851353,2.37
California,02/15/2025,45015,02/08/2025,430402,17851353,2.41
California,02/22/2025,42358,02/15/2025,406590,17851353,2.28
California,03/01/2025,42062,02/22/2025,431112,17851353,2.42
California,03/08/2025,46342,03/01/2025,426192,17851353,2.39
California,03/15/2025,42717,03/08/2025,421710,17851353,2.36
California,03/22/2025,40891,03/15/2025,422728,17851353,2.37
California,03/29/2025,41226,03/22/2025,430176,17851353,2.41
California,04/05/2025,46636,03/29/2025,410328,17851353,2.3
California,04/12/2025,43340,04/05/2025,409131,17904251,2.29
Colorado,01/04/2020,2431,12/28/2019,21391,2635231,0.81
Colorado,01/11/2020,3001,01/04/2020,21492,2650335,0.81
Colorado,01/18/2020,2522,01/11/2020,21104,2650335,0.8
Colorado,01/25/2020,2164,01/18/2020,22738,2650335,0.86
Colorado,02/01/2020,2049,01/25/2020,21560,2650335,0.81
Colorado,02/08/2020,2482,02/01/2020,22881,2650335,0.86
Colorado,02/15/2020,2209,02/08/2020,22076,2650335,0.83
Colorado,02/22/2020,1862,02/15/2020,23694,2650335,0.89
Colorado,02/29/2020,1681,02/22/2020,22409,2650335,0.85
Colorado,03/07/2020,1865,02/29/2020,22908,2650335,0.86
Colorado,03/14/2020,2321,03/07/2020,21260,2650335,0.8
Colorado,03/21/2020,19774,03/14/2020,21309,2650335,0.8
Colorado,03/28/2020,61838,03/21/2020,21956,2650335,0.83
Colorado,04/04/2020,46326,03/28/2020,73584,2650335,2.78
Colorado,04/11/2020,104572,04/04/2020,166593,2666358,6.25
Colorado,04/18/2020,67639,04/11/2020,171434,2666358,6.43
Colorado,04/25/2020,38662,04/18/2020,228713,2666358,8.58
Colorado,05/02/2020,28360,04/25/2020,228683,2666358,8.58
Colorado,05/09/2020,22732,05/02/2020,261951,2666358,9.82
Colorado,05/16/2020,18054,05/09/2020,246507,2666358,9.25
Colorado,05/23/2020,15719,05/16/2020,265499,2666358,9.96
Colorado,05/30/2020,12519,05/23/2020,244600,2666358,9.17
Colorado,06/06/2020,13098,05/30/2020,263810,2666358,9.89
Colorado,06/13/2020,10382,06/06/2020,242785,2666358,9.11
Colorado,06/20/2020,10013,06/13/2020,259341,2666358,9.73
Colorado,06/27/2020,8646,06/20/2020,237236,2666358,8.9
Colorado,07/04/2020,7928,06/27/2020,246108,2666358,9.23
Colorado,07/11/2020,10554,07/04/2020,228224,2681376,8.51
Colorado,07/18/2020,8531,07/11/2020,239098,2681376,8.92
Colorado,07/25/2020,8037,07/18/2020,224204,2681376,8.36
Colorado,08/01/2020,7167,07/25/2020,224130,2681376,8.36
Colorado,08/08/2020,6231,08/01/2020,198702,2681376,7.41
Colorado,08/15/2020,6971,08/08/2020,197296,2681376,7.36
Colorado,08/22/2020,6483,08/15/2020,180390,2681376,6.73
Colorado,08/29/2020,5863,08/22/2020,177822,2681376,6.63
Colorado,09/05/2020,6031,08/29/2020,162261,2681376,6.05
Colorado,09/12/2020,5171,09/05/2020,157091,2681376,5.86
Colorado,09/19/2020,5115,09/12/2020,151250,2681376,5.64
Colorado,09/26/2020,4862,09/19/2020,143856,2681376,5.37
Colorado,10/03/2020,5919,09/26/2020,127012,2681376,4.74
Colorado,10/10/2020,6406,10/03/2020,124333,2692685,4.62
Colorado,10/17/2020,5759,10/10/2020,111822,2692685,4.15
Colorado,10/24/2020,6071,10/17/2020,105759,2692685,3.93
Colorado,10/31/2020,7138,10/24/2020,96782,2692685,3.59
Colorado,11/07/2020,7516,10/31/2020,92367,2692685,3.43
Colorado,11/14/2020,9205,11/07/2020,86785,2692685,3.22
Colorado,11/21/2020,15266,11/14/2020,86082,2692685,3.2
Colorado,11/28/2020,17171,11/21/2020,79697,2692685,2.96
Colorado,12/05/2020,19087,11/28/2020,91648,2692685,3.4
Colorado,12/12/2020,19897,12/05/2020,97572,2692685,3.62
Colorado,12/19/2020,18165,12/12/2020,98885,2692685,3.67
Colorado,12/26/2020,16702,12/19/2020,103251,2692685,3.83
Colorado,01/02/2021,25234,12/26/2020,110035,2692685,4.09
Colorado,01/09/2021,14238,01/02/2021,147288,2624788,5.61
Colorado,01/16/2021,5794,01/09/2021,89537,2624788,3.41
Colorado,01/23/2021,4475,01/16/2021,56543,2624788,2.15
Colorado,01/30/2021,5098,01/23/2021,48749,2624788,1.86
Colorado,02/06/2021,6247,01/30/2021,50366,2624788,1.92
Colorado,02/13/2021,4950,02/06/2021,47827,2624788,1.82
Colorado,02/20/2021,5711,02/13/2021,47863,2624788,1.82
Colorado,02/27/2021,5694,02/20/2021,47285,2624788,1.8
Colorado,03/06/2021,4447,02/27/2021,49419,2624788,1.88
Colorado,03/13/2021,6263,03/06/2021,48006,2624788,1.83
Colorado,03/20/2021,4636,03/13/2021,46601,2624788,1.78
Colorado,03/27/2021,5210,03/20/2021,47573,2624788,1.81
Colorado,04/03/2021,4584,03/27/2021,50973,2624788,1.94
Colorado,04/10/2021,6737,04/03/2021,46853,2581209,1.82
Colorado,04/17/2021,5302,04/10/2021,44047,2581209,1.71
Colorado,04/24/2021,5019,04/17/2021,43351,2581209,1.68
Colorado,05/01/2021,3984,04/24/2021,42812,2581209,1.66
Colorado,05/08/2021,4174,05/01/2021,41712,2581209,1.62
Colorado,05/15/2021,4144,05/08/2021,41377,2581209,1.6
Colorado,05/22/2021,4132,05/15/2021,40925,2581209,1.59
Colorado,05/29/2021,3926,05/22/2021,40286,2581209,1.56
Colorado,06/05/2021,3815,05/29/2021,38991,2581209,1.51
Colorado,06/12/2021,3817,06/05/2021,38518,2581209,1.49
Colorado,06/19/2021,3512,06/12/2021,39925,2581209,1.55
Colorado,06/26/2021,3765,06/19/2021,39271,2581209,1.52
Colorado,07/03/2021,4554,06/26/2021,39269,2581209,1.52
Colorado,07/10/2021,5033,07/03/2021,36345,2545720,1.43
Colorado,07/17/2021,4456,07/10/2021,36692,2545720,1.44
Colorado,07/24/2021,3322,07/17/2021,36449,2545720,1.43
Colorado,07/31/2021,3785,07/24/2021,35293,2545720,1.39
Colorado,08/07/2021,3875,07/31/2021,34449,2545720,1.35
Colorado,08/14/2021,3259,08/07/2021,33246,2545720,1.31
Colorado,08/21/2021,3368,08/14/2021,32553,2545720,1.28
Colorado,08/28/2021,3233,08/21/2021,30152,2545720,1.18
Colorado,09/04/2021,2717,08/28/2021,29908,2545720,1.17
Colorado,09/11/2021,1813,09/04/2021,26346,2545720,1.03
Colorado,09/18/2021,2728,09/11/2021,31773,2545720,1.25
Colorado,09/25/2021,1967,09/18/2021,31177,2545720,1.22
Colorado,10/02/2021,2016,09/25/2021,28661,2545720,1.13
Colorado,10/09/2021,2423,10/02/2021,25813,2516921,1.03
Colorado,10/16/2021,2179,10/09/2021,24901,2516921,0.99
Colorado,10/23/2021,2032,10/16/2021,22956,2516921,0.91
Colorado,10/30/2021,1955,10/23/2021,22971,2516921,0.91
Colorado,11/06/2021,2056,10/30/2021,22365,2516921,0.89
Colorado,11/13/2021,2175,11/06/2021,22503,2516921,0.89
Colorado,11/20/2021,2083,11/13/2021,20365,2516921,0.81
Colorado,11/27/2021,1612,11/20/2021,18864,2516921,0.75
Colorado,12/04/2021,2282,11/27/2021,20688,2516921,0.82
Colorado,12/11/2021,2562,12/04/2021,21109,2516921,0.84
Colorado,12/18/2021,2163,12/11/2021,20060,2516921,0.8
Colorado,12/25/2021,1683,12/18/2021,17686,2516921,0.7
Colorado,01/01/2022,2208,12/25/2021,19240,2516921,0.76
Colorado,01/08/2022,4460,01/01/2022,29038,2572536,1.13
Colorado,01/15/2022,3701,01/08/2022,28361,2572536,1.1
Colorado,01/22/2022,3260,01/15/2022,28309,2572536,1.1
Colorado,01/29/2022,3396,01/22/2022,29852,2572536,1.16
Colorado,02/05/2022,3153,01/29/2022,27466,2572536,1.07
Colorado,02/12/2022,2901,02/05/2022,27915,2572536,1.09
Colorado,02/19/2022,2570,02/12/2022,26168,2572536,1.02
Colorado,02/26/2022,2469,02/19/2022,25812,2572536,1
Colorado,03/05/2022,2227,02/26/2022,25351,2572536,0.99
Colorado,03/12/2022,2073,03/05/2022,24361,2572536,0.95
Colorado,03/19/2022,1968,03/12/2022,22434,2572536,0.87
Colorado,03/26/2022,2096,03/19/2022,21384,2572536,0.83
Colorado,04/02/2022,2101,03/26/2022,20590,2572536,0.8
Colorado,04/09/2022,2604,04/02/2022,18559,2609538,0.71
Colorado,04/16/2022,2490,04/09/2022,19053,2609538,0.73
Colorado,04/23/2022,2458,04/16/2022,18290,2609538,0.7
Colorado,04/30/2022,2280,04/23/2022,17495,2609538,0.67
Colorado,05/07/2022,2419,04/30/2022,17113,2609538,0.66
Colorado,05/14/2022,2118,05/07/2022,16566,2609538,0.63
Colorado,05/21/2022,2257,05/14/2022,16535,2609538,0.63
Colorado,05/28/2022,2362,05/21/2022,15995,2609538,0.61
Colorado,06/04/2022,2339,05/28/2022,15708,2609538,0.6
Colorado,06/11/2022,2377,06/04/2022,17682,2609538,0.68
Colorado,06/18/2022,2105,06/11/2022,16768,2609538,0.64
Colorado,06/25/2022,2074,06/18/2022,16277,2609538,0.62
Colorado,07/02/2022,2289,06/25/2022,16566,2609538,0.63
Colorado,07/09/2022,2457,07/02/2022,15895,2645122,0.6
Colorado,07/16/2022,2505,07/09/2022,16472,2645122,0.62
Colorado,07/23/2022,2272,07/16/2022,17487,2645122,0.66
Colorado,07/30/2022,2261,07/23/2022,17218,2645122,0.65
Colorado,08/06/2022,2403,07/30/2022,17457,2645122,0.66
Colorado,08/13/2022,2110,08/06/2022,17055,2645122,0.64
Colorado,08/20/2022,2114,08/13/2022,17383,2645122,0.66
Colorado,08/27/2022,2056,08/20/2022,16684,2645122,0.63
Colorado,09/03/2022,2047,08/27/2022,16327,2645122,0.62
Colorado,09/10/2022,1900,09/03/2022,15927,2645122,0.6
Colorado,09/17/2022,2031,09/10/2022,16527,2645122,0.62
Colorado,09/24/2022,1929,09/17/2022,16357,2645122,0.62
Colorado,10/01/2022,2169,09/24/2022,16233,2645122,0.61
Colorado,10/08/2022,2516,10/01/2022,15901,2679998,0.59
Colorado,10/15/2022,2374,10/08/2022,16660,2679998,0.62
Colorado,10/22/2022,2685,10/15/2022,16865,2679998,0.63
Colorado,10/29/2022,2473,10/22/2022,17538,2679998,0.65
Colorado,11/05/2022,2748,10/29/2022,17817,2679998,0.66
Colorado,11/12/2022,2719,11/05/2022,18085,2679998,0.67
Colorado,11/19/2022,3404,11/12/2022,18781,2679998,0.7
Colorado,11/26/2022,2202,11/19/2022,18128,2679998,0.68
Colorado,12/03/2022,3391,11/26/2022,20786,2679998,0.78
Colorado,12/10/2022,3027,12/03/2022,20311,2679998,0.76
Colorado,12/17/2022,3096,12/10/2022,21482,2679998,0.8
Colorado,12/24/2022,2643,12/17/2022,21211,2679998,0.79
Colorado,12/31/2022,2555,12/24/2022,21898,2679998,0.82
Colorado,01/07/2023,3990,12/31/2022,22958,2679998,0.86
Colorado,01/14/2023,3709,01/07/2023,23777,2714646,0.88
Colorado,01/21/2023,3203,01/14/2023,24356,2714646,0.9
Colorado,01/28/2023,3419,01/21/2023,25479,2714646,0.94
Colorado,02/04/2023,3114,01/28/2023,25902,2714646,0.95
Colorado,02/11/2023,2701,02/04/2023,26236,2714646,0.97
Colorado,02/18/2023,2525,02/11/2023,26681,2714646,0.98
Colorado,02/25/2023,2502,02/18/2023,26486,2714646,0.98
Colorado,03/04/2023,2677,02/25/2023,27914,2714646,1.03
Colorado,03/11/2023,2507,03/04/2023,25710,2714646,0.95
Colorado,03/18/2023,2395,03/11/2023,24671,2714646,0.91
Colorado,03/25/2023,2424,03/18/2023,24272,2714646,0.89
Colorado,04/01/2023,1945,03/25/2023,21415,2714646,0.79
Colorado,04/08/2023,2490,04/01/2023,20670,2714646,0.76
Colorado,04/15/2023,1866,04/08/2023,21102,2739470,0.77
Colorado,04/22/2023,1971,04/15/2023,20497,2739470,0.75
Colorado,04/29/2023,1608,04/22/2023,20221,2739470,0.74
Colorado,05/06/2023,1397,04/29/2023,19952,2739470,0.73
Colorado,05/13/2023,1976,05/06/2023,19398,2739470,0.71
Colorado,05/20/2023,2219,05/13/2023,18767,2739470,0.69
Colorado,05/27/2023,2315,05/20/2023,18946,2739470,0.69
Colorado,06/03/2023,2401,05/27/2023,18945,2739470,0.69
Colorado,06/10/2023,2500,06/03/2023,18876,2739470,0.69
Colorado,06/17/2023,1877,06/10/2023,19825,2739470,0.72
Colorado,06/24/2023,2235,06/17/2023,21606,2739470,0.79
Colorado,07/01/2023,1726,06/24/2023,19934,2739470,0.73
Colorado,07/08/2023,2244,07/01/2023,18807,2739470,0.69
Colorado,07/15/2023,2396,07/08/2023,19337,2759899,0.7
Colorado,07/22/2023,2291,07/15/2023,20997,2759899,0.76
Colorado,07/29/2023,2222,07/22/2023,20534,2759899,0.74
Colorado,08/05/2023,2699,07/29/2023,21472,2759899,0.78
Colorado,08/12/2023,2428,08/05/2023,21581,2759899,0.78
Colorado,08/19/2023,2349,08/12/2023,21826,2759899,0.79
Colorado,08/26/2023,2243,08/19/2023,21755,2759899,0.79
Colorado,09/02/2023,2385,08/26/2023,21551,2759899,0.78
Colorado,09/09/2023,2276,09/02/2023,21504,2759899,0.78
Colorado,09/16/2023,2422,09/09/2023,22491,2759899,0.81
Colorado,09/23/2023,2359,09/16/2023,23040,2759899,0.83
Colorado,09/30/2023,1903,09/23/2023,22600,2759899,0.82
Colorado,10/07/2023,3245,09/30/2023,22588,2759899,0.82
Colorado,10/14/2023,2605,10/07/2023,23375,2778375,0.84
Colorado,10/21/2023,2734,10/14/2023,23911,2778375,0.86
Colorado,10/28/2023,2596,10/21/2023,24358,2778375,0.88
Colorado,11/04/2023,2849,10/28/2023,24944,2778375,0.9
Colorado,11/11/2023,2727,11/04/2023,25328,2778375,0.91
Colorado,11/18/2023,3109,11/11/2023,25093,2778375,0.9
Colorado,11/25/2023,2111,11/18/2023,24565,2778375,0.88
Colorado,12/02/2023,2700,11/25/2023,24998,2778375,0.9
Colorado,12/09/2023,2601,12/02/2023,26999,2778375,0.97
Colorado,12/16/2023,2118,12/09/2023,29396,2778375,1.06
Colorado,12/23/2023,1783,12/16/2023,29472,2778375,1.06
Colorado,12/30/2023,1408,12/23/2023,29997,2778375,1.08
Colorado,01/06/2024,2648,12/30/2023,32332,2778375,1.16
Colorado,01/13/2024,2715,01/06/2024,32405,2793494,1.16
Colorado,01/20/2024,2312,01/13/2024,33253,2793494,1.19
Colorado,01/27/2024,2334,01/20/2024,34535,2793494,1.24
Colorado,02/03/2024,3117,01/27/2024,34857,2793494,1.25
Colorado,02/10/2024,3166,02/03/2024,32236,2793494,1.15
Colorado,02/17/2024,2671,02/10/2024,32713,2793494,1.17
Colorado,02/24/2024,2522,02/17/2024,32208,2793494,1.15
Colorado,03/02/2024,2732,02/24/2024,32218,2793494,1.15
Colorado,03/09/2024,2608,03/02/2024,31882,2793494,1.14
Colorado,03/16/2024,2474,03/09/2024,28649,2793494,1.03
Colorado,03/23/2024,2578,03/16/2024,28534,2793494,1.02
Colorado,03/30/2024,2458,03/23/2024,28434,2793494,1.02
Colorado,04/06/2024,2977,03/30/2024,28295,2793494,1.01
Colorado,04/13/2024,2803,04/06/2024,26818,2809989,0.95
Colorado,04/20/2024,3246,04/13/2024,29785,2809989,1.06
Colorado,04/27/2024,3006,04/20/2024,27427,2809989,0.98
Colorado,05/04/2024,2988,04/27/2024,27561,2809989,0.98
Colorado,05/11/2024,2843,05/04/2024,27081,2809989,0.96
Colorado,05/18/2024,2689,05/11/2024,27319,2809989,0.97
Colorado,05/25/2024,2860,05/18/2024,27256,2809989,0.97
Colorado,06/01/2024,2718,05/25/2024,26727,2809989,0.95
Colorado,06/08/2024,3023,06/01/2024,27038,2809989,0.96
Colorado,06/15/2024,2660,06/08/2024,27567,2809989,0.98
Colorado,06/22/2024,2527,06/15/2024,27246,2809989,0.97
Colorado,06/29/2024,2582,06/22/2024,27364,2809989,0.97
Colorado,07/06/2024,2156,06/29/2024,26866,2809989,0.96
Colorado,07/13/2024,2921,07/06/2024,27084,2827374,0.96
Colorado,07/20/2024,2319,07/13/2024,26339,2827374,0.93
Colorado,07/27/2024,2725,07/20/2024,27157,2827374,0.96
Colorado,08/03/2024,2745,07/27/2024,27607,2827374,0.98
Colorado,08/10/2024,2860,08/03/2024,27528,2827374,0.97
Colorado,08/17/2024,2666,08/10/2024,27257,2827374,0.96
Colorado,08/24/2024,2531,08/17/2024,26648,2827374,0.94
Colorado,08/31/2024,2586,08/24/2024,26373,2827374,0.93
Colorado,09/07/2024,2566,08/31/2024,26016,2827374,0.92
Colorado,09/14/2024,2624,09/07/2024,26263,2827374,0.93
Colorado,09/21/2024,2553,09/14/2024,25985,2827374,0.92
Colorado,09/28/2024,2605,09/21/2024,26310,2827374,0.93
Colorado,10/05/2024,2986,09/28/2024,25954,2827374,0.92
Colorado,10/12/2024,2948,10/05/2024,25987,2832595,0.92
Colorado,10/19/2024,2912,10/12/2024,25993,2832595,0.92
Colorado,10/26/2024,3025,10/19/2024,26442,2832595,0.93
Colorado,11/02/2024,3027,10/26/2024,26746,2832595,0.94
Colorado,11/09/2024,3773,11/02/2024,27018,2832595,0.95
Colorado,11/16/2024,3396,11/09/2024,27883,2832595,0.98
Colorado,11/23/2024,3658,11/16/2024,28530,2832595,1.01
Colorado,11/30/2024,2467,11/23/2024,28322,2832595,1
Colorado,12/07/2024,3471,11/30/2024,28785,2832595,1.02
Colorado,12/14/2024,3640,12/07/2024,29562,2832595,1.04
Colorado,12/21/2024,3386,12/14/2024,30353,2832595,1.07
Colorado,12/28/2024,2241,12/21/2024,29926,2832595,1.06
Colorado,01/04/2025,3139,12/28/2024,30127,2832595,1.06
Colorado,01/11/2025,4255,01/04/2025,30966,2837366,1.09
Colorado,01/18/2025,3693,01/11/2025,32210,2837366,1.14
Colorado,01/25/2025,3405,01/18/2025,32789,2837366,1.16
Colorado,02/01/2025,3382,01/25/2025,33101,2837366,1.17
Colorado,02/08/2025,3387,02/01/2025,33743,2837366,1.19
Colorado,02/15/2025,3189,02/08/2025,33717,2837366,1.19
Colorado,02/22/2025,3228,02/15/2025,33785,2837366,1.19
Colorado,03/01/2025,3003,02/22/2025,33771,2837366,1.19
Colorado,03/08/2025,3162,03/01/2025,33837,2837366,1.19
Colorado,03/15/2025,2885,03/08/2025,33228,2837366,1.17
Colorado,03/22/2025,2772,03/15/2025,32421,2837366,1.14
Colorado,03/29/2025,2544,03/22/2025,31977,2837366,1.13
Colorado,04/05/2025,3356,03/29/2025,31640,2837366,1.12
Colorado,04/12/2025,3316,04/05/2025,30937,2840976,1.09
Connecticut,01/04/2020,7852,12/28/2019,46562,1655540,2.81
Connecticut,01/11/2020,5986,01/04/2020,47540,1654391,2.87
Connecticut,01/18/2020,3776,01/11/2020,42483,1654391,2.57
Connecticut,01/25/2020,2949,01/18/2020,41760,1654391,2.52
Connecticut,02/01/2020,2994,01/25/2020,41725,1654391,2.52
Connecticut,02/08/2020,2944,02/01/2020,41633,1654391,2.52
Connecticut,02/15/2020,2520,02/08/2020,39384,1654391,2.38
Connecticut,02/22/2020,2435,02/15/2020,41691,1654391,2.52
Connecticut,02/29/2020,2843,02/22/2020,42168,1654391,2.55
Connecticut,03/07/2020,2527,02/29/2020,40638,1654391,2.46
Connecticut,03/14/2020,3440,03/07/2020,39786,1654391,2.4
Connecticut,03/21/2020,25100,03/14/2020,44194,1654391,2.67
Connecticut,03/28/2020,33227,03/21/2020,80861,1654391,4.89
Connecticut,04/04/2020,33464,03/28/2020,147939,1654391,8.94
Connecticut,04/11/2020,34050,04/04/2020,189196,1653302,11.44
Connecticut,04/18/2020,102808,04/11/2020,306047,1653302,18.51
Connecticut,04/25/2020,33041,04/18/2020,309111,1653302,18.7
Connecticut,05/02/2020,36138,04/25/2020,297549,1653302,18
Connecticut,05/09/2020,30046,05/02/2020,319529,1653302,19.33
Connecticut,05/16/2020,25960,05/09/2020,297088,1653302,17.97
Connecticut,05/23/2020,16603,05/16/2020,272695,1653302,16.49
Connecticut,05/30/2020,14208,05/23/2020,248663,1653302,15.04
Connecticut,06/06/2020,15366,05/30/2020,269117,1653302,16.28
Connecticut,06/13/2020,11852,06/06/2020,260518,1653302,15.76
Connecticut,06/20/2020,10411,06/13/2020,250774,1653302,15.17
Connecticut,06/27/2020,10133,06/20/2020,247195,1653302,14.95
Connecticut,07/04/2020,12267,06/27/2020,251926,1653302,15.24
Connecticut,07/11/2020,9955,07/04/2020,254461,1652033,15.4
Connecticut,07/18/2020,11667,07/11/2020,249732,1652033,15.12
Connecticut,07/25/2020,11181,07/18/2020,251760,1652033,15.24
Connecticut,08/01/2020,10537,07/25/2020,252297,1652033,15.27
Connecticut,08/08/2020,7431,08/01/2020,231207,1652033,14
Connecticut,08/15/2020,9432,08/08/2020,224521,1652033,13.59
Connecticut,08/22/2020,6269,08/15/2020,230642,1652033,13.96
Connecticut,08/29/2020,5404,08/22/2020,242193,1652033,14.66
Connecticut,09/05/2020,4741,08/29/2020,196677,1652033,11.91
Connecticut,09/12/2020,5175,09/05/2020,167339,1652033,10.13
Connecticut,09/19/2020,5141,09/12/2020,175902,1652033,10.65
Connecticut,09/26/2020,5015,09/19/2020,161782,1652033,9.79
Connecticut,10/03/2020,4617,09/26/2020,137325,1652033,8.31
Connecticut,10/10/2020,4734,10/03/2020,121369,1651883,7.35
Connecticut,10/17/2020,4395,10/10/2020,96689,1651883,5.85
Connecticut,10/24/2020,6016,10/17/2020,101110,1651883,6.12
Connecticut,10/31/2020,4878,10/24/2020,96577,1651883,5.85
Connecticut,11/07/2020,5126,10/31/2020,90341,1651883,5.47
Connecticut,11/14/2020,5584,11/07/2020,83277,1651883,5.04
Connecticut,11/21/2020,6641,11/14/2020,78742,1651883,4.77
Connecticut,11/28/2020,5949,11/21/2020,74606,1651883,4.52
Connecticut,12/05/2020,7796,11/28/2020,75578,1651883,4.58
Connecticut,12/12/2020,8383,12/05/2020,74718,1651883,4.52
Connecticut,12/19/2020,7588,12/12/2020,73906,1651883,4.47
Connecticut,12/26/2020,8748,12/19/2020,73730,1651883,4.46
Connecticut,01/02/2021,9310,12/26/2020,78573,1651883,4.76
Connecticut,01/09/2021,10286,01/02/2021,84875,1589505,5.34
Connecticut,01/16/2021,10563,01/09/2021,85625,1589505,5.39
Connecticut,01/23/2021,10525,01/16/2021,85480,1589505,5.38
Connecticut,01/30/2021,10044,01/23/2021,86359,1589505,5.43
Connecticut,02/06/2021,7243,01/30/2021,84529,1589505,5.32
Connecticut,02/13/2021,6167,02/06/2021,83429,1589505,5.25
Connecticut,02/20/2021,6752,02/13/2021,77719,1589505,4.89
Connecticut,02/27/2021,5780,02/20/2021,85369,1589505,5.37
Connecticut,03/06/2021,4927,02/27/2021,79639,1589505,5.01
Connecticut,03/13/2021,4638,03/06/2021,76829,1589505,4.83
Connecticut,03/20/2021,4572,03/13/2021,73919,1589505,4.65
Connecticut,03/27/2021,5311,03/20/2021,77640,1589505,4.88
Connecticut,04/03/2021,5635,03/27/2021,80098,1589505,5.04
Connecticut,04/10/2021,6029,04/03/2021,80048,1553577,5.15
Connecticut,04/17/2021,7223,04/10/2021,82460,1553577,5.31
Connecticut,04/24/2021,5902,04/17/2021,81472,1553577,5.24
Connecticut,05/01/2021,4918,04/24/2021,76013,1553577,4.89
Connecticut,05/08/2021,4947,05/01/2021,72142,1553577,4.64
Connecticut,05/15/2021,4675,05/08/2021,69894,1553577,4.5
Connecticut,05/22/2021,4747,05/15/2021,67009,1553577,4.31
Connecticut,05/29/2021,4346,05/22/2021,64790,1553577,4.17
Connecticut,06/05/2021,3692,05/29/2021,55501,1553577,3.57
Connecticut,06/12/2021,4044,06/05/2021,60687,1553577,3.91
Connecticut,06/19/2021,5037,06/12/2021,59026,1553577,3.8
Connecticut,06/26/2021,6553,06/19/2021,59763,1553577,3.85
Connecticut,07/03/2021,4990,06/26/2021,61372,1553577,3.95
Connecticut,07/10/2021,4408,07/03/2021,53063,1526451,3.48
Connecticut,07/17/2021,3717,07/10/2021,52611,1526451,3.45
Connecticut,07/24/2021,3294,07/17/2021,49823,1526451,3.26
Connecticut,07/31/2021,3394,07/24/2021,48325,1526451,3.17
Connecticut,08/07/2021,3541,07/31/2021,46765,1526451,3.06
Connecticut,08/14/2021,3695,08/07/2021,47177,1526451,3.09
Connecticut,08/21/2021,3329,08/14/2021,46118,1526451,3.02
Connecticut,08/28/2021,3069,08/21/2021,44843,1526451,2.94
Connecticut,09/04/2021,3054,08/28/2021,42556,1526451,2.79
Connecticut,09/11/2021,2592,09/04/2021,32874,1526451,2.15
Connecticut,09/18/2021,2459,09/11/2021,34877,1526451,2.28
Connecticut,09/25/2021,2303,09/18/2021,32076,1526451,2.1
Connecticut,10/02/2021,2327,09/25/2021,29564,1526451,1.94
Connecticut,10/09/2021,2452,10/02/2021,27642,1500679,1.84
Connecticut,10/16/2021,2253,10/09/2021,23327,1500679,1.55
Connecticut,10/23/2021,2354,10/16/2021,25081,1500679,1.67
Connecticut,10/30/2021,2429,10/23/2021,23410,1500679,1.56
Connecticut,11/06/2021,2642,10/30/2021,23788,1500679,1.59
Connecticut,11/13/2021,2567,11/06/2021,22492,1500679,1.5
Connecticut,11/20/2021,2706,11/13/2021,22469,1500679,1.5
Connecticut,11/27/2021,2957,11/20/2021,21766,1500679,1.45
Connecticut,12/04/2021,3426,11/27/2021,23487,1500679,1.57
Connecticut,12/11/2021,3504,12/04/2021,22944,1500679,1.53
Connecticut,12/18/2021,4181,12/11/2021,23404,1500679,1.56
Connecticut,12/25/2021,3302,12/18/2021,24552,1500679,1.64
Connecticut,01/01/2022,9322,12/25/2021,30396,1500679,2.03
Connecticut,01/08/2022,7885,01/01/2022,37235,1540274,2.42
Connecticut,01/15/2022,5373,01/08/2022,31913,1540274,2.07
Connecticut,01/22/2022,3805,01/15/2022,28509,1540274,1.85
Connecticut,01/29/2022,3296,01/22/2022,29982,1540274,1.95
Connecticut,02/05/2022,2988,01/29/2022,31059,1540274,2.02
Connecticut,02/12/2022,2241,02/05/2022,29772,1540274,1.93
Connecticut,02/19/2022,2590,02/12/2022,31031,1540274,2.01
Connecticut,02/26/2022,2582,02/19/2022,26950,1540274,1.75
Connecticut,03/05/2022,2564,02/26/2022,30321,1540274,1.97
Connecticut,03/12/2022,2188,03/05/2022,28950,1540274,1.88
Connecticut,03/19/2022,2349,03/12/2022,26919,1540274,1.75
Connecticut,03/26/2022,2211,03/19/2022,25297,1540274,1.64
Connecticut,04/02/2022,2097,03/26/2022,23214,1540274,1.51
Connecticut,04/09/2022,2352,04/02/2022,21466,1558819,1.38
Connecticut,04/16/2022,3743,04/09/2022,19331,1558819,1.24
Connecticut,04/23/2022,4788,04/16/2022,21768,1558819,1.4
Connecticut,04/30/2022,2469,04/23/2022,20093,1558819,1.29
Connecticut,05/07/2022,2031,04/30/2022,16970,1558819,1.09
Connecticut,05/14/2022,2291,05/07/2022,16544,1558819,1.06
Connecticut,05/21/2022,2545,05/14/2022,16731,1558819,1.07
Connecticut,05/28/2022,2380,05/21/2022,17567,1558819,1.13
Connecticut,06/04/2022,1968,05/28/2022,15432,1558819,0.99
Connecticut,06/11/2022,2232,06/04/2022,17749,1558819,1.14
Connecticut,06/18/2022,3095,06/11/2022,17669,1558819,1.13
Connecticut,06/25/2022,3500,06/18/2022,18659,1558819,1.2
Connecticut,07/02/2022,4008,06/25/2022,19172,1558819,1.23
Connecticut,07/09/2022,4699,07/02/2022,20705,1591321,1.3
Connecticut,07/16/2022,10699,07/09/2022,24179,1591321,1.52
Connecticut,07/23/2022,8993,07/16/2022,30301,1591321,1.9
Connecticut,07/30/2022,13783,07/23/2022,36271,1591321,2.28
Connecticut,08/06/2022,6442,07/30/2022,37632,1591321,2.36
Connecticut,08/13/2022,6608,08/06/2022,29439,1591321,1.85
Connecticut,08/20/2022,6998,08/13/2022,29915,1591321,1.88
Connecticut,08/27/2022,4363,08/20/2022,26558,1591321,1.67
Connecticut,09/03/2022,3078,08/27/2022,26183,1591321,1.65
Connecticut,09/10/2022,2599,09/03/2022,18739,1591321,1.18
Connecticut,09/17/2022,2450,09/10/2022,16281,1591321,1.02
Connecticut,09/24/2022,2204,09/17/2022,16816,1591321,1.06
Connecticut,10/01/2022,3047,09/24/2022,17097,1591321,1.07
Connecticut,10/08/2022,2150,10/01/2022,15727,1607655,0.98
Connecticut,10/15/2022,1943,10/08/2022,15729,1607655,0.98
Connecticut,10/22/2022,2125,10/15/2022,15620,1607655,0.97
Connecticut,10/29/2022,2120,10/22/2022,15960,1607655,0.99
Connecticut,11/05/2022,2123,10/29/2022,16646,1607655,1.04
Connecticut,11/12/2022,1956,11/05/2022,15329,1607655,0.95
Connecticut,11/19/2022,2827,11/12/2022,17116,1607655,1.06
Connecticut,11/26/2022,3644,11/19/2022,16651,1607655,1.04
Connecticut,12/03/2022,3505,11/26/2022,20303,1607655,1.26
Connecticut,12/10/2022,3976,12/03/2022,19043,1607655,1.18
Connecticut,12/17/2022,4293,12/10/2022,20447,1607655,1.27
Connecticut,12/24/2022,5927,12/17/2022,21313,1607655,1.33
Connecticut,12/31/2022,7908,12/24/2022,23103,1607655,1.44
Connecticut,01/07/2023,5706,12/31/2022,27978,1623371,1.72
Connecticut,01/14/2023,4455,01/07/2023,28418,1623371,1.75
Connecticut,01/21/2023,3053,01/14/2023,27668,1623371,1.7
Connecticut,01/28/2023,2811,01/21/2023,28663,1623371,1.77
Connecticut,02/04/2023,3005,01/28/2023,30187,1623371,1.86
Connecticut,02/11/2023,3458,02/04/2023,29137,1623371,1.79
Connecticut,02/18/2023,3156,02/11/2023,31185,1623371,1.92
Connecticut,02/25/2023,3018,02/18/2023,28463,1623371,1.75
Connecticut,03/04/2023,3778,02/25/2023,32264,1623371,1.99
Connecticut,03/11/2023,3286,03/04/2023,29587,1623371,1.82
Connecticut,03/18/2023,3321,03/11/2023,28863,1623371,1.78
Connecticut,03/25/2023,2424,03/18/2023,28132,1623371,1.73
Connecticut,04/01/2023,2180,03/25/2023,27829,1623371,1.71
Connecticut,04/08/2023,3799,04/01/2023,23376,1635782,1.43
Connecticut,04/15/2023,5022,04/08/2023,21950,1635782,1.34
Connecticut,04/22/2023,2946,04/15/2023,25039,1635782,1.53
Connecticut,04/29/2023,2525,04/22/2023,22662,1635782,1.39
Connecticut,05/06/2023,2469,04/29/2023,19865,1635782,1.21
Connecticut,05/13/2023,3444,05/06/2023,19344,1635782,1.18
Connecticut,05/20/2023,5535,05/13/2023,19959,1635782,1.22
Connecticut,05/27/2023,5918,05/20/2023,21400,1635782,1.31
Connecticut,06/03/2023,3374,05/27/2023,21393,1635782,1.31
Connecticut,06/10/2023,4381,06/03/2023,20802,1635782,1.27
Connecticut,06/17/2023,6269,06/10/2023,21032,1635782,1.29
Connecticut,06/24/2023,8365,06/17/2023,22312,1635782,1.36
Connecticut,07/01/2023,7919,06/24/2023,29435,1635782,1.8
Connecticut,07/08/2023,4381,07/01/2023,32994,1642644,2.01
Connecticut,07/15/2023,3724,07/08/2023,43103,1642644,2.62
Connecticut,07/22/2023,2715,07/15/2023,34465,1642644,2.1
Connecticut,07/29/2023,2511,07/22/2023,30840,1642644,1.88
Connecticut,08/05/2023,3799,07/29/2023,30918,1642644,1.88
Connecticut,08/12/2023,3467,08/05/2023,29248,1642644,1.78
Connecticut,08/19/2023,3298,08/12/2023,29511,1642644,1.8
Connecticut,08/26/2023,2834,08/19/2023,29930,1642644,1.82
Connecticut,09/02/2023,3299,08/26/2023,30783,1642644,1.87
Connecticut,09/09/2023,2789,09/02/2023,22788,1642644,1.39
Connecticut,09/16/2023,2546,09/09/2023,21129,1642644,1.29
Connecticut,09/23/2023,2506,09/16/2023,20946,1642644,1.28
Connecticut,09/30/2023,2155,09/23/2023,22458,1642644,1.37
Connecticut,10/07/2023,2391,09/30/2023,20050,1650629,1.21
Connecticut,10/14/2023,2284,10/07/2023,19668,1650629,1.19
Connecticut,10/21/2023,2336,10/14/2023,20318,1650629,1.23
Connecticut,10/28/2023,2405,10/21/2023,19885,1650629,1.2
Connecticut,11/04/2023,2566,10/28/2023,22134,1650629,1.34
Connecticut,11/11/2023,2646,11/04/2023,20104,1650629,1.22
Connecticut,11/18/2023,3427,11/11/2023,21105,1650629,1.28
Connecticut,11/25/2023,3213,11/18/2023,20709,1650629,1.25
Connecticut,12/02/2023,3496,11/25/2023,25059,1650629,1.52
Connecticut,12/09/2023,3387,12/02/2023,22832,1650629,1.38
Connecticut,12/16/2023,3859,12/09/2023,23529,1650629,1.43
Connecticut,12/23/2023,5952,12/16/2023,24578,1650629,1.49
Connecticut,12/30/2023,7972,12/23/2023,27657,1650629,1.68
Connecticut,01/06/2024,5076,12/30/2023,32774,1656980,1.98
Connecticut,01/13/2024,5519,01/06/2024,31320,1656980,1.89
Connecticut,01/20/2024,4134,01/13/2024,30452,1656980,1.84
Connecticut,01/27/2024,3879,01/20/2024,32039,1656980,1.93
Connecticut,02/03/2024,3371,01/27/2024,34568,1656980,2.09
Connecticut,02/10/2024,3125,02/03/2024,32412,1656980,1.96
Connecticut,02/17/2024,2821,02/10/2024,31725,1656980,1.91
Connecticut,02/24/2024,3250,02/17/2024,31691,1656980,1.91
Connecticut,03/02/2024,2962,02/24/2024,34807,1656980,2.1
Connecticut,03/09/2024,3001,03/02/2024,31862,1656980,1.92
Connecticut,03/16/2024,2906,03/09/2024,30859,1656980,1.86
Connecticut,03/23/2024,2466,03/16/2024,29946,1656980,1.81
Connecticut,03/30/2024,2139,03/23/2024,29933,1656980,1.81
Connecticut,04/06/2024,2937,03/30/2024,26784,1662166,1.61
Connecticut,04/13/2024,4550,04/06/2024,24311,1662166,1.46
Connecticut,04/20/2024,4239,04/13/2024,25657,1662166,1.54
Connecticut,04/27/2024,2830,04/20/2024,24814,1662166,1.49
Connecticut,05/04/2024,2496,04/27/2024,24597,1662166,1.48
Connecticut,05/11/2024,2640,05/04/2024,21596,1662166,1.3
Connecticut,05/18/2024,2813,05/11/2024,21434,1662166,1.29
Connecticut,05/25/2024,2590,05/18/2024,21865,1662166,1.32
Connecticut,06/01/2024,2240,05/25/2024,23364,1662166,1.41
Connecticut,06/08/2024,2615,06/01/2024,22404,1662166,1.35
Connecticut,06/15/2024,4783,06/08/2024,22291,1662166,1.34
Connecticut,06/22/2024,6026,06/15/2024,22925,1662166,1.38
Connecticut,06/29/2024,4195,06/22/2024,29393,1662166,1.77
Connecticut,07/06/2024,3403,06/29/2024,28711,1668184,1.72
Connecticut,07/13/2024,3874,07/06/2024,30692,1668184,1.84
Connecticut,07/20/2024,3132,07/13/2024,29587,1668184,1.77
Connecticut,07/27/2024,3045,07/20/2024,29503,1668184,1.77
Connecticut,08/03/2024,3322,07/27/2024,31619,1668184,1.9
Connecticut,08/10/2024,3419,08/03/2024,30324,1668184,1.82
Connecticut,08/17/2024,2925,08/10/2024,30849,1668184,1.85
Connecticut,08/24/2024,2753,08/17/2024,30819,1668184,1.85
Connecticut,08/31/2024,3079,08/24/2024,31333,1668184,1.88
Connecticut,09/07/2024,2837,08/31/2024,24272,1668184,1.45
Connecticut,09/14/2024,2268,09/07/2024,21782,1668184,1.31
Connecticut,09/21/2024,2249,09/14/2024,21220,1668184,1.27
Connecticut,09/28/2024,2090,09/21/2024,21045,1668184,1.26
Connecticut,10/05/2024,2348,09/28/2024,22125,1672816,1.32
Connecticut,10/12/2024,2365,10/05/2024,20734,1672816,1.24
Connecticut,10/19/2024,2103,10/12/2024,20385,1672816,1.22
Connecticut,10/26/2024,2260,10/19/2024,20742,1672816,1.24
Connecticut,11/02/2024,2482,10/26/2024,22285,1672816,1.33
Connecticut,11/09/2024,2918,11/02/2024,20861,1672816,1.25
Connecticut,11/16/2024,2750,11/09/2024,21148,1672816,1.26
Connecticut,11/23/2024,3020,11/16/2024,22070,1672816,1.32
Connecticut,11/30/2024,3013,11/23/2024,22974,1672816,1.37
Connecticut,12/07/2024,3789,11/30/2024,23948,1672816,1.43
Connecticut,12/14/2024,3699,12/07/2024,24261,1672816,1.45
Connecticut,12/21/2024,5787,12/14/2024,25202,1672816,1.51
Connecticut,12/28/2024,9135,12/21/2024,25539,1672816,1.53
Connecticut,01/04/2025,5386,12/28/2024,36250,1676587,2.16
Connecticut,01/11/2025,6777,01/04/2025,36505,1676587,2.18
Connecticut,01/18/2025,4209,01/11/2025,32381,1676587,1.93
Connecticut,01/25/2025,3484,01/18/2025,31495,1676587,1.88
Connecticut,02/01/2025,3501,01/25/2025,34342,1676587,2.05
Connecticut,02/08/2025,3191,02/01/2025,31965,1676587,1.91
Connecticut,02/15/2025,2975,02/08/2025,31611,1676587,1.89
Connecticut,02/22/2025,3000,02/15/2025,31968,1676587,1.91
Connecticut,03/01/2025,2936,02/22/2025,35270,1676587,2.1
Connecticut,03/08/2025,2925,03/01/2025,32447,1676587,1.94
Connecticut,03/15/2025,2926,03/08/2025,31525,1676587,1.88
Connecticut,03/22/2025,2729,03/15/2025,30660,1676587,1.83
Connecticut,03/29/2025,2298,03/22/2025,29115,1676587,1.74
Connecticut,04/05/2025,2413,03/29/2025,29344,1679774,1.75
Connecticut,04/12/2025,3368,04/05/2025,25177,1679774,1.5
Delaware,01/04/2020,875,12/28/2019,6881,441663,1.56
Delaware,01/11/2020,1107,01/04/2020,7083,443288,1.6
Delaware,01/18/2020,830,01/11/2020,5967,443288,1.35
Delaware,01/25/2020,674,01/18/2020,5703,443288,1.29
Delaware,02/01/2020,622,01/25/2020,6830,443288,1.54
Delaware,02/08/2020,608,02/01/2020,5888,443288,1.33
Delaware,02/15/2020,610,02/08/2020,5917,443288,1.33
Delaware,02/22/2020,632,02/15/2020,5921,443288,1.34
Delaware,02/29/2020,524,02/22/2020,6742,443288,1.52
Delaware,03/07/2020,518,02/29/2020,5480,443288,1.24
Delaware,03/14/2020,472,03/07/2020,5310,443288,1.2
Delaware,03/21/2020,10776,03/14/2020,5297,443288,1.19
Delaware,03/28/2020,19137,03/21/2020,11506,443288,2.6
Delaware,04/04/2020,18851,03/28/2020,19442,443288,4.39
Delaware,04/11/2020,13258,04/04/2020,29577,445741,6.64
Delaware,04/18/2020,9446,04/11/2020,38451,445741,8.63
Delaware,04/25/2020,7947,04/18/2020,44977,445741,10.09
Delaware,05/02/2020,6297,04/25/2020,52501,445741,11.78
Delaware,05/09/2020,5197,05/02/2020,50205,445741,11.26
Delaware,05/16/2020,5554,05/09/2020,51010,445741,11.44
Delaware,05/23/2020,4651,05/16/2020,50780,445741,11.39
Delaware,05/30/2020,3052,05/23/2020,55172,445741,12.38
Delaware,06/06/2020,3037,05/30/2020,49659,445741,11.14
Delaware,06/13/2020,2516,06/06/2020,47115,445741,10.57
Delaware,06/20/2020,2797,06/13/2020,45112,445741,10.12
Delaware,06/27/2020,2771,06/20/2020,44034,445741,9.88
Delaware,07/04/2020,2791,06/27/2020,45598,445741,10.23
Delaware,07/11/2020,3167,07/04/2020,42194,446976,9.44
Delaware,07/18/2020,2720,07/11/2020,41572,446976,9.3
Delaware,07/25/2020,2563,07/18/2020,40923,446976,9.16
Delaware,08/01/2020,2133,07/25/2020,42352,446976,9.48
Delaware,08/08/2020,1760,08/01/2020,36026,446976,8.06
Delaware,08/15/2020,1927,08/08/2020,35186,446976,7.87
Delaware,08/22/2020,1678,08/15/2020,33171,446976,7.42
Delaware,08/29/2020,1577,08/22/2020,31974,446976,7.15
Delaware,09/05/2020,1629,08/29/2020,32327,446976,7.23
Delaware,09/12/2020,1598,09/05/2020,29534,446976,6.61
Delaware,09/19/2020,1775,09/12/2020,28983,446976,6.48
Delaware,09/26/2020,1815,09/19/2020,26824,446976,6
Delaware,10/03/2020,1776,09/26/2020,24183,446976,5.41
Delaware,10/10/2020,2010,10/03/2020,21355,451429,4.73
Delaware,10/17/2020,1715,10/10/2020,19228,451429,4.26
Delaware,10/24/2020,1657,10/17/2020,17349,451429,3.84
Delaware,10/31/2020,1578,10/24/2020,16181,451429,3.58
Delaware,11/07/2020,1522,10/31/2020,14391,451429,3.19
Delaware,11/14/2020,1508,11/07/2020,13404,451429,2.97
Delaware,11/21/2020,1869,11/14/2020,12992,451429,2.88
Delaware,11/28/2020,1533,11/21/2020,12103,451429,2.68
Delaware,12/05/2020,2037,11/28/2020,13535,451429,3
Delaware,12/12/2020,4392,12/05/2020,12554,451429,2.78
Delaware,12/19/2020,1512,12/12/2020,12202,451429,2.7
Delaware,12/26/2020,2386,12/19/2020,12324,451429,2.73
Delaware,01/02/2021,2678,12/26/2020,13562,451429,3
Delaware,01/09/2021,3682,01/02/2021,15782,453911,3.48
Delaware,01/16/2021,3000,01/09/2021,14105,453911,3.11
Delaware,01/23/2021,2572,01/16/2021,13877,453911,3.06
Delaware,01/30/2021,2584,01/23/2021,14699,453911,3.24
Delaware,02/06/2021,2342,01/30/2021,13786,453911,3.04
Delaware,02/13/2021,2066,02/06/2021,13834,453911,3.05
Delaware,02/20/2021,1733,02/13/2021,13329,453911,2.94
Delaware,02/27/2021,1806,02/20/2021,13969,453911,3.08
Delaware,03/06/2021,1727,02/27/2021,12593,453911,2.77
Delaware,03/13/2021,1914,03/06/2021,12363,453911,2.72
Delaware,03/20/2021,1482,03/13/2021,11454,453911,2.52
Delaware,03/27/2021,1539,03/20/2021,11016,453911,2.43
Delaware,04/03/2021,2397,03/27/2021,10683,453911,2.35
Delaware,04/10/2021,3802,04/03/2021,10149,439771,2.31
Delaware,04/17/2021,3842,04/10/2021,10563,439771,2.4
Delaware,04/24/2021,4172,04/17/2021,10691,439771,2.43
Delaware,05/01/2021,5466,04/24/2021,11312,439771,2.57
Delaware,05/08/2021,4237,05/01/2021,11309,439771,2.57
Delaware,05/15/2021,4242,05/08/2021,10861,439771,2.47
Delaware,05/22/2021,6429,05/15/2021,12185,439771,2.77
Delaware,05/29/2021,5732,05/22/2021,12287,439771,2.79
Delaware,06/05/2021,7452,05/29/2021,11611,439771,2.64
Delaware,06/12/2021,4936,06/05/2021,12900,439771,2.93
Delaware,06/19/2021,3519,06/12/2021,12849,439771,2.92
Delaware,06/26/2021,2183,06/19/2021,13088,439771,2.98
Delaware,07/03/2021,1238,06/26/2021,11982,439771,2.72
Delaware,07/10/2021,1475,07/03/2021,9907,432602,2.29
Delaware,07/17/2021,866,07/10/2021,11217,432602,2.59
Delaware,07/24/2021,616,07/17/2021,10385,432602,2.4
Delaware,07/31/2021,534,07/24/2021,8973,432602,2.07
Delaware,08/07/2021,659,07/31/2021,7736,432602,1.79
Delaware,08/14/2021,343,08/07/2021,7565,432602,1.75
Delaware,08/21/2021,563,08/14/2021,7260,432602,1.68
Delaware,08/28/2021,527,08/21/2021,6830,432602,1.58
Delaware,09/04/2021,430,08/28/2021,6755,432602,1.56
Delaware,09/11/2021,1047,09/04/2021,5742,432602,1.33
Delaware,09/18/2021,716,09/11/2021,5217,432602,1.21
Delaware,09/25/2021,880,09/18/2021,4991,432602,1.15
Delaware,10/02/2021,705,09/25/2021,4831,432602,1.12
Delaware,10/09/2021,694,10/02/2021,4511,425411,1.06
Delaware,10/16/2021,387,10/09/2021,4286,425411,1.01
Delaware,10/23/2021,303,10/16/2021,4229,425411,0.99
Delaware,10/30/2021,342,10/23/2021,4096,425411,0.96
Delaware,11/06/2021,388,10/30/2021,4112,425411,0.97
Delaware,11/13/2021,397,11/06/2021,3912,425411,0.92
Delaware,11/20/2021,357,11/13/2021,4084,425411,0.96
Delaware,11/27/2021,467,11/20/2021,3546,425411,0.83
Delaware,12/04/2021,636,11/27/2021,4427,425411,1.04
Delaware,12/11/2021,405,12/04/2021,3882,425411,0.91
Delaware,12/18/2021,387,12/11/2021,4118,425411,0.97
Delaware,12/25/2021,484,12/18/2021,4021,425411,0.95
Delaware,01/01/2022,725,12/25/2021,4139,425411,0.97
Delaware,01/08/2022,790,01/01/2022,4998,418803,1.19
Delaware,01/15/2022,695,01/08/2022,5150,418803,1.23
Delaware,01/22/2022,467,01/15/2022,4913,418803,1.17
Delaware,01/29/2022,415,01/22/2022,4906,418803,1.17
Delaware,02/05/2022,650,01/29/2022,4769,418803,1.14
Delaware,02/12/2022,604,02/05/2022,5023,418803,1.2
Delaware,02/19/2022,504,02/12/2022,4532,418803,1.08
Delaware,02/26/2022,484,02/19/2022,4426,418803,1.06
Delaware,03/05/2022,468,02/26/2022,4203,418803,1
Delaware,03/12/2022,309,03/05/2022,3929,418803,0.94
Delaware,03/19/2022,409,03/12/2022,3940,418803,0.94
Delaware,03/26/2022,420,03/19/2022,3607,418803,0.86
Delaware,04/02/2022,298,03/26/2022,3266,418803,0.78
Delaware,04/09/2022,299,04/02/2022,3307,429178,0.77
Delaware,04/16/2022,212,04/09/2022,3053,429178,0.71
Delaware,04/23/2022,671,04/16/2022,3136,429178,0.73
Delaware,04/30/2022,371,04/23/2022,3539,429178,0.82
Delaware,05/07/2022,290,04/30/2022,2836,429178,0.66
Delaware,05/14/2022,305,05/07/2022,2739,429178,0.64
Delaware,05/21/2022,318,05/14/2022,2582,429178,0.6
Delaware,05/28/2022,292,05/21/2022,2691,429178,0.63
Delaware,06/04/2022,300,05/28/2022,2585,429178,0.6
Delaware,06/11/2022,385,06/04/2022,2760,429178,0.64
Delaware,06/18/2022,865,06/11/2022,2797,429178,0.65
Delaware,06/25/2022,494,06/18/2022,3276,429178,0.76
Delaware,07/02/2022,402,06/25/2022,3700,429178,0.86
Delaware,07/09/2022,371,07/02/2022,3501,433581,0.81
Delaware,07/16/2022,387,07/09/2022,3774,433581,0.87
Delaware,07/23/2022,316,07/16/2022,3803,433581,0.88
Delaware,07/30/2022,303,07/23/2022,3725,433581,0.86
Delaware,08/06/2022,602,07/30/2022,3728,433581,0.86
Delaware,08/13/2022,325,08/06/2022,3957,433581,0.91
Delaware,08/20/2022,267,08/13/2022,3895,433581,0.9
Delaware,08/27/2022,251,08/20/2022,3748,433581,0.86
Delaware,09/03/2022,232,08/27/2022,3595,433581,0.83
Delaware,09/10/2022,194,09/03/2022,3009,433581,0.69
Delaware,09/17/2022,266,09/10/2022,2856,433581,0.66
Delaware,09/24/2022,293,09/17/2022,2779,433581,0.64
Delaware,10/01/2022,240,09/24/2022,2778,433581,0.64
Delaware,10/08/2022,346,10/01/2022,2819,438115,0.64
Delaware,10/15/2022,281,10/08/2022,2852,438115,0.65
Delaware,10/22/2022,304,10/15/2022,2882,438115,0.66
Delaware,10/29/2022,266,10/22/2022,2875,438115,0.66
Delaware,11/05/2022,379,10/29/2022,3046,438115,0.7
Delaware,11/12/2022,304,11/05/2022,2873,438115,0.66
Delaware,11/19/2022,464,11/12/2022,3305,438115,0.75
Delaware,11/26/2022,465,11/19/2022,3000,438115,0.68
Delaware,12/03/2022,612,11/26/2022,4050,438115,0.92
Delaware,12/10/2022,345,12/03/2022,3672,438115,0.84
Delaware,12/17/2022,330,12/10/2022,3895,438115,0.89
Delaware,12/24/2022,529,12/17/2022,3967,438115,0.91
Delaware,12/31/2022,706,12/24/2022,3925,438115,0.9
Delaware,01/07/2023,520,12/31/2022,4580,442767,1.03
Delaware,01/14/2023,551,01/07/2023,4699,442767,1.06
Delaware,01/21/2023,347,01/14/2023,4579,442767,1.03
Delaware,01/28/2023,348,01/21/2023,4908,442767,1.11
Delaware,02/04/2023,379,01/28/2023,4938,442767,1.12
Delaware,02/11/2023,323,02/04/2023,4884,442767,1.1
Delaware,02/18/2023,310,02/11/2023,4729,442767,1.07
Delaware,02/25/2023,248,02/18/2023,4897,442767,1.11
Delaware,03/04/2023,536,02/25/2023,4644,442767,1.05
Delaware,03/11/2023,292,03/04/2023,4707,442767,1.06
Delaware,03/18/2023,256,03/11/2023,4192,442767,0.95
Delaware,03/25/2023,221,03/18/2023,4336,442767,0.98
Delaware,04/01/2023,207,03/25/2023,4532,442767,1.02
Delaware,04/08/2023,378,04/01/2023,3958,446939,0.89
Delaware,04/15/2023,717,04/08/2023,3947,446939,0.88
Delaware,04/22/2023,328,04/15/2023,4234,446939,0.95
Delaware,04/29/2023,230,04/22/2023,3607,446939,0.81
Delaware,05/06/2023,306,04/29/2023,3488,446939,0.78
Delaware,05/13/2023,237,05/06/2023,3540,446939,0.79
Delaware,05/20/2023,274,05/13/2023,3509,446939,0.79
Delaware,05/27/2023,320,05/20/2023,3490,446939,0.78
Delaware,06/03/2023,364,05/27/2023,3472,446939,0.78
Delaware,06/10/2023,435,06/03/2023,3711,446939,0.83
Delaware,06/17/2023,823,06/10/2023,3951,446939,0.88
Delaware,06/24/2023,576,06/17/2023,4016,446939,0.9
Delaware,07/01/2023,369,06/24/2023,5342,446939,1.2
Delaware,07/08/2023,383,07/01/2023,4727,450157,1.05
Delaware,07/15/2023,347,07/08/2023,5041,450157,1.12
Delaware,07/22/2023,313,07/15/2023,5040,450157,1.12
Delaware,07/29/2023,294,07/22/2023,5033,450157,1.12
Delaware,08/05/2023,317,07/29/2023,5060,450157,1.12
Delaware,08/12/2023,304,08/05/2023,4911,450157,1.09
Delaware,08/19/2023,332,08/12/2023,5086,450157,1.13
Delaware,08/26/2023,239,08/19/2023,4942,450157,1.1
Delaware,09/02/2023,273,08/26/2023,5003,450157,1.11
Delaware,09/09/2023,237,09/02/2023,4423,450157,0.98
Delaware,09/16/2023,278,09/09/2023,4062,450157,0.9
Delaware,09/23/2023,299,09/16/2023,4010,450157,0.89
Delaware,09/30/2023,320,09/23/2023,3947,450157,0.88
Delaware,10/07/2023,367,09/30/2023,3879,453845,0.85
Delaware,10/14/2023,352,10/07/2023,4129,453845,0.91
Delaware,10/21/2023,309,10/14/2023,4037,453845,0.89
Delaware,10/28/2023,406,10/21/2023,4290,453845,0.95
Delaware,11/04/2023,473,10/28/2023,4491,453845,0.99
Delaware,11/11/2023,307,11/04/2023,4159,453845,0.92
Delaware,11/18/2023,517,11/11/2023,4548,453845,1
Delaware,11/25/2023,650,11/18/2023,4341,453845,0.96
Delaware,12/02/2023,636,11/25/2023,5452,453845,1.2
Delaware,12/09/2023,512,12/02/2023,4794,453845,1.06
Delaware,12/16/2023,420,12/09/2023,4939,453845,1.09
Delaware,12/23/2023,586,12/16/2023,5043,453845,1.11
Delaware,12/30/2023,917,12/23/2023,5327,453845,1.17
Delaware,01/06/2024,595,12/30/2023,6096,457377,1.33
Delaware,01/13/2024,574,01/06/2024,6483,457377,1.42
Delaware,01/20/2024,361,01/13/2024,6016,457377,1.32
Delaware,01/27/2024,337,01/20/2024,6189,457377,1.35
Delaware,02/03/2024,242,01/27/2024,6593,457377,1.44
Delaware,02/10/2024,173,02/03/2024,6082,457377,1.33
Delaware,02/17/2024,186,02/10/2024,5921,457377,1.29
Delaware,02/24/2024,121,02/17/2024,5905,457377,1.29
Delaware,03/02/2024,215,02/24/2024,6120,457377,1.34
Delaware,03/09/2024,216,03/02/2024,5709,457377,1.25
Delaware,03/16/2024,216,03/09/2024,5539,457377,1.21
Delaware,03/23/2024,164,03/16/2024,5404,457377,1.18
Delaware,03/30/2024,169,03/23/2024,5533,457377,1.21
Delaware,04/06/2024,608,03/30/2024,5440,460133,1.18
Delaware,04/13/2024,225,04/06/2024,5463,460133,1.19
Delaware,04/20/2024,221,04/13/2024,4840,460133,1.05
Delaware,04/27/2024,195,04/20/2024,4637,460133,1.01
Delaware,05/04/2024,245,04/27/2024,4922,460133,1.07
Delaware,05/11/2024,269,05/04/2024,4535,460133,0.99
Delaware,05/18/2024,163,05/11/2024,3393,460133,0.74
Delaware,05/25/2024,236,05/18/2024,4699,460133,1.02
Delaware,06/01/2024,270,05/25/2024,4953,460133,1.08
Delaware,06/08/2024,298,06/01/2024,4777,460133,1.04
Delaware,06/15/2024,698,06/08/2024,5107,460133,1.11
Delaware,06/22/2024,436,06/15/2024,5303,460133,1.15
Delaware,06/29/2024,306,06/22/2024,6117,460133,1.33
Delaware,07/06/2024,278,06/29/2024,5629,462222,1.22
Delaware,07/13/2024,194,07/06/2024,5736,462222,1.24
Delaware,07/20/2024,453,07/13/2024,5689,462222,1.23
Delaware,07/27/2024,527,07/20/2024,5582,462222,1.21
Delaware,08/03/2024,188,07/27/2024,6013,462222,1.3
Delaware,08/10/2024,248,08/03/2024,5680,462222,1.23
Delaware,08/17/2024,235,08/10/2024,5586,462222,1.21
Delaware,08/24/2024,191,08/17/2024,5662,462222,1.22
Delaware,08/31/2024,187,08/24/2024,5874,462222,1.27
Delaware,09/07/2024,171,08/31/2024,4882,462222,1.06
Delaware,09/14/2024,185,09/07/2024,4491,462222,0.97
Delaware,09/21/2024,192,09/14/2024,4421,462222,0.96
Delaware,09/28/2024,166,09/21/2024,4395,462222,0.95
Delaware,10/05/2024,194,09/28/2024,4762,462222,1.03
Delaware,10/12/2024,229,10/05/2024,4512,463723,0.97
Delaware,10/19/2024,203,10/12/2024,5107,463723,1.1
Delaware,10/26/2024,220,10/19/2024,4882,463723,1.05
Delaware,11/02/2024,224,10/26/2024,4948,463723,1.07
Delaware,11/09/2024,242,11/02/2024,4503,463723,0.97
Delaware,11/16/2024,333,11/09/2024,4571,463723,0.99
Delaware,11/23/2024,239,11/16/2024,4829,463723,1.04
Delaware,11/30/2024,463,11/23/2024,4733,463723,1.02
Delaware,12/07/2024,300,11/30/2024,5417,463723,1.17
Delaware,12/14/2024,398,12/07/2024,4798,463723,1.03
Delaware,12/21/2024,326,12/14/2024,4983,463723,1.07
Delaware,12/28/2024,723,12/21/2024,4910,463723,1.06
Delaware,01/04/2025,412,12/28/2024,6390,463723,1.38
Delaware,01/11/2025,499,01/04/2025,6810,465038,1.46
Delaware,01/18/2025,399,01/11/2025,6945,465038,1.49
Delaware,01/25/2025,271,01/18/2025,6417,465038,1.38
Delaware,02/01/2025,208,01/25/2025,7098,465038,1.53
Delaware,02/08/2025,266,02/01/2025,6741,465038,1.45
Delaware,02/15/2025,200,02/08/2025,6139,465038,1.32
Delaware,02/22/2025,257,02/15/2025,6253,465038,1.34
Delaware,03/01/2025,195,02/22/2025,6636,465038,1.43
Delaware,03/08/2025,197,03/01/2025,6040,465038,1.3
Delaware,03/15/2025,221,03/08/2025,5630,465038,1.21
Delaware,03/22/2025,196,03/15/2025,5412,465038,1.16
Delaware,03/29/2025,220,03/22/2025,5249,465038,1.13
Delaware,04/05/2025,226,03/29/2025,5445,465038,1.17
Delaware,04/12/2025,282,04/05/2025,4805,466478,1.03
District of Columbia,01/04/2020,481,12/28/2019,7198,576878,1.25
District of Columbia,01/11/2020,706,01/04/2020,7102,578035,1.23
District of Columbia,01/18/2020,594,01/11/2020,7271,578035,1.26
District of Columbia,01/25/2020,534,01/18/2020,7149,578035,1.24
District of Columbia,02/01/2020,539,01/25/2020,7139,578035,1.24
District of Columbia,02/08/2020,508,02/01/2020,7156,578035,1.24
District of Columbia,02/15/2020,473,02/08/2020,7079,578035,1.22
District of Columbia,02/22/2020,422,02/15/2020,7003,578035,1.21
District of Columbia,02/29/2020,452,02/22/2020,7020,578035,1.21
District of Columbia,03/07/2020,471,02/29/2020,6792,578035,1.18
District of Columbia,03/14/2020,1213,03/07/2020,6746,578035,1.17
District of Columbia,03/21/2020,14462,03/14/2020,7378,578035,1.28
District of Columbia,03/28/2020,15869,03/21/2020,17661,578035,3.06
District of Columbia,04/04/2020,15329,03/28/2020,31385,578035,5.43
District of Columbia,04/11/2020,9974,04/04/2020,42224,579419,7.29
District of Columbia,04/18/2020,8639,04/11/2020,47465,579419,8.19
District of Columbia,04/25/2020,8708,04/18/2020,52534,579419,9.07
District of Columbia,05/02/2020,8113,04/25/2020,58634,579419,10.12
District of Columbia,05/09/2020,5782,05/02/2020,65298,579419,11.27
District of Columbia,05/16/2020,5196,05/09/2020,68844,579419,11.88
District of Columbia,05/23/2020,5135,05/16/2020,70103,579419,12.1
District of Columbia,05/30/2020,3559,05/23/2020,70671,579419,12.2
District of Columbia,06/06/2020,3385,05/30/2020,72023,579419,12.43
District of Columbia,06/13/2020,3065,06/06/2020,72934,579419,12.59
District of Columbia,06/20/2020,3073,06/13/2020,72927,579419,12.59
District of Columbia,06/27/2020,3132,06/20/2020,72807,579419,12.57
District of Columbia,07/04/2020,2858,06/27/2020,72802,579419,12.56
District of Columbia,07/11/2020,3300,07/04/2020,72525,580956,12.48
District of Columbia,07/18/2020,3053,07/11/2020,73115,580956,12.59
District of Columbia,07/25/2020,2712,07/18/2020,72710,580956,12.52
District of Columbia,08/01/2020,2250,07/25/2020,72931,580956,12.55
District of Columbia,08/08/2020,1797,08/01/2020,70887,580956,12.2
District of Columbia,08/15/2020,1979,08/08/2020,69640,580956,11.99
District of Columbia,08/22/2020,1645,08/15/2020,68248,580956,11.75
District of Columbia,08/29/2020,1468,08/22/2020,66870,580956,11.51
District of Columbia,09/05/2020,1493,08/29/2020,65456,580956,11.27
District of Columbia,09/12/2020,1460,09/05/2020,65671,580956,11.3
District of Columbia,09/19/2020,1549,09/12/2020,64903,580956,11.17
District of Columbia,09/26/2020,1889,09/19/2020,60168,580956,10.36
District of Columbia,10/03/2020,1649,09/26/2020,53110,580956,9.14
District of Columbia,10/10/2020,1912,10/03/2020,49067,583160,8.41
District of Columbia,10/17/2020,1559,10/10/2020,45879,583160,7.87
District of Columbia,10/24/2020,1473,10/17/2020,41417,583160,7.1
District of Columbia,10/31/2020,1347,10/24/2020,37760,583160,6.48
District of Columbia,11/07/2020,1341,10/31/2020,34991,583160,6
District of Columbia,11/14/2020,1380,11/07/2020,32874,583160,5.64
District of Columbia,11/21/2020,1125,11/14/2020,32201,583160,5.52
District of Columbia,11/28/2020,1110,11/21/2020,29275,583160,5.02
District of Columbia,12/05/2020,1679,11/28/2020,29411,583160,5.04
District of Columbia,12/12/2020,1810,12/05/2020,28191,583160,4.83
District of Columbia,12/19/2020,1870,12/12/2020,27772,583160,4.76
District of Columbia,12/26/2020,1655,12/19/2020,26580,583160,4.56
District of Columbia,01/02/2021,1650,12/26/2020,26750,583160,4.59
District of Columbia,01/09/2021,1876,01/02/2021,26146,564209,4.63
District of Columbia,01/16/2021,1574,01/09/2021,25612,564209,4.54
District of Columbia,01/23/2021,1292,01/16/2021,24339,564209,4.31
District of Columbia,01/30/2021,1499,01/23/2021,24345,564209,4.31
District of Columbia,02/06/2021,1480,01/30/2021,22777,564209,4.04
District of Columbia,02/13/2021,1259,02/06/2021,22239,564209,3.94
District of Columbia,02/20/2021,971,02/13/2021,20659,564209,3.66
District of Columbia,02/27/2021,1036,02/20/2021,20609,564209,3.65
District of Columbia,03/06/2021,1193,02/27/2021,19499,564209,3.46
District of Columbia,03/13/2021,1289,03/06/2021,19164,564209,3.4
District of Columbia,03/20/2021,1983,03/13/2021,18372,564209,3.26
District of Columbia,03/27/2021,2377,03/20/2021,20118,564209,3.57
District of Columbia,04/03/2021,2829,03/27/2021,22253,564209,3.94
District of Columbia,04/10/2021,3627,04/03/2021,22453,547240,4.1
District of Columbia,04/17/2021,3268,04/10/2021,20511,547240,3.75
District of Columbia,04/24/2021,2788,04/17/2021,19976,547240,3.65
District of Columbia,05/01/2021,1551,04/24/2021,19891,547240,3.63
District of Columbia,05/08/2021,1870,05/01/2021,19578,547240,3.58
District of Columbia,05/15/2021,1383,05/08/2021,19378,547240,3.54
District of Columbia,05/22/2021,1307,05/15/2021,19051,547240,3.48
District of Columbia,05/29/2021,1161,05/22/2021,18289,547240,3.34
District of Columbia,06/05/2021,1289,05/29/2021,17943,547240,3.28
District of Columbia,06/12/2021,3187,06/05/2021,17324,547240,3.17
District of Columbia,06/19/2021,1767,06/12/2021,17562,547240,3.21
District of Columbia,06/26/2021,1643,06/19/2021,17750,547240,3.24
District of Columbia,07/03/2021,1816,06/26/2021,17562,547240,3.21
District of Columbia,07/10/2021,2341,07/03/2021,16530,529396,3.12
District of Columbia,07/17/2021,2730,07/10/2021,16967,529396,3.2
District of Columbia,07/24/2021,2282,07/17/2021,16429,529396,3.1
District of Columbia,07/31/2021,2336,07/24/2021,16438,529396,3.11
District of Columbia,08/07/2021,1382,07/31/2021,17190,529396,3.25
District of Columbia,08/14/2021,2139,08/07/2021,17164,529396,3.24
District of Columbia,08/21/2021,2568,08/14/2021,19293,529396,3.64
District of Columbia,08/28/2021,1917,08/21/2021,21325,529396,4.03
District of Columbia,09/04/2021,941,08/28/2021,17386,529396,3.28
District of Columbia,09/11/2021,4724,09/04/2021,22191,529396,4.19
District of Columbia,09/18/2021,5638,09/11/2021,17066,529396,3.22
District of Columbia,09/25/2021,7861,09/18/2021,11933,529396,2.25
District of Columbia,10/02/2021,3956,09/25/2021,13810,529396,2.61
District of Columbia,10/09/2021,4731,10/02/2021,15364,509743,3.01
District of Columbia,10/16/2021,2568,10/09/2021,37826,509743,7.42
District of Columbia,10/23/2021,6443,10/16/2021,11789,509743,2.31
District of Columbia,10/30/2021,5657,10/23/2021,12718,509743,2.49
District of Columbia,11/06/2021,3863,10/30/2021,17963,509743,3.52
District of Columbia,11/13/2021,3079,11/06/2021,13680,509743,2.68
District of Columbia,11/20/2021,1400,11/13/2021,17966,509743,3.52
District of Columbia,11/27/2021,664,11/20/2021,14284,509743,2.8
District of Columbia,12/04/2021,651,11/27/2021,13080,509743,2.57
District of Columbia,12/11/2021,758,12/04/2021,11150,509743,2.19
District of Columbia,12/18/2021,1059,12/11/2021,6473,509743,1.27
District of Columbia,12/25/2021,1583,12/18/2021,5791,509743,1.14
District of Columbia,01/01/2022,1510,12/25/2021,5945,509743,1.17
District of Columbia,01/08/2022,2976,01/01/2022,6288,513094,1.23
District of Columbia,01/15/2022,2105,01/08/2022,6758,513094,1.32
District of Columbia,01/22/2022,1208,01/15/2022,5865,513094,1.14
District of Columbia,01/29/2022,1108,01/22/2022,5520,513094,1.08
District of Columbia,02/05/2022,597,01/29/2022,4830,513094,0.94
District of Columbia,02/12/2022,721,02/05/2022,5253,513094,1.02
District of Columbia,02/19/2022,960,02/12/2022,4146,513094,0.81
District of Columbia,02/26/2022,1955,02/19/2022,4127,513094,0.8
District of Columbia,03/05/2022,2422,02/26/2022,5058,513094,0.99
District of Columbia,03/12/2022,1477,03/05/2022,5681,513094,1.11
District of Columbia,03/19/2022,1481,03/12/2022,6249,513094,1.22
District of Columbia,03/26/2022,1464,03/19/2022,5247,513094,1.02
District of Columbia,04/02/2022,950,03/26/2022,4635,513094,0.9
District of Columbia,04/09/2022,769,04/02/2022,4226,518132,0.82
District of Columbia,04/16/2022,636,04/09/2022,4040,518132,0.78
District of Columbia,04/23/2022,618,04/16/2022,4169,518132,0.8
District of Columbia,04/30/2022,751,04/23/2022,4359,518132,0.84
District of Columbia,05/07/2022,809,04/30/2022,4106,518132,0.79
District of Columbia,05/14/2022,558,05/07/2022,3548,518132,0.68
District of Columbia,05/21/2022,419,05/14/2022,3280,518132,0.63
District of Columbia,05/28/2022,201,05/21/2022,3314,518132,0.64
District of Columbia,06/04/2022,233,05/28/2022,2679,518132,0.52
District of Columbia,06/11/2022,292,06/04/2022,2820,518132,0.54
District of Columbia,06/18/2022,186,06/11/2022,2865,518132,0.55
District of Columbia,06/25/2022,183,06/18/2022,2749,518132,0.53
District of Columbia,07/02/2022,330,06/25/2022,2815,518132,0.54
District of Columbia,07/09/2022,324,07/02/2022,2413,526333,0.46
District of Columbia,07/16/2022,580,07/09/2022,2942,526333,0.56
District of Columbia,07/23/2022,392,07/16/2022,3273,526333,0.62
District of Columbia,07/30/2022,448,07/23/2022,3309,526333,0.63
District of Columbia,08/06/2022,502,07/30/2022,3422,526333,0.65
District of Columbia,08/13/2022,282,08/06/2022,3397,526333,0.65
District of Columbia,08/20/2022,305,08/13/2022,3321,526333,0.63
District of Columbia,08/27/2022,301,08/20/2022,3797,526333,0.72
District of Columbia,09/03/2022,312,08/27/2022,3091,526333,0.59
District of Columbia,09/10/2022,243,09/03/2022,3608,526333,0.69
District of Columbia,09/17/2022,266,09/10/2022,3257,526333,0.62
District of Columbia,09/24/2022,74,09/17/2022,3036,526333,0.58
District of Columbia,10/01/2022,62,09/24/2022,2895,526333,0.55
District of Columbia,10/08/2022,152,10/01/2022,3178,536145,0.59
District of Columbia,10/15/2022,255,10/08/2022,2817,536145,0.53
District of Columbia,10/22/2022,133,10/15/2022,3240,536145,0.6
District of Columbia,10/29/2022,250,10/22/2022,2620,536145,0.49
District of Columbia,11/05/2022,400,10/29/2022,2854,536145,0.53
District of Columbia,11/12/2022,144,11/05/2022,2501,536145,0.47
District of Columbia,11/19/2022,292,11/12/2022,2773,536145,0.52
District of Columbia,11/26/2022,228,11/19/2022,2578,536145,0.48
District of Columbia,12/03/2022,303,11/26/2022,2928,536145,0.55
District of Columbia,12/10/2022,540,12/03/2022,2920,536145,0.54
District of Columbia,12/17/2022,575,12/10/2022,3150,536145,0.59
District of Columbia,12/24/2022,591,12/17/2022,3416,536145,0.64
District of Columbia,12/31/2022,483,12/24/2022,3159,536145,0.59
District of Columbia,01/07/2023,716,12/31/2022,3361,536145,0.63
District of Columbia,01/14/2023,633,01/07/2023,4098,544409,0.75
District of Columbia,01/21/2023,426,01/14/2023,3747,544409,0.69
District of Columbia,01/28/2023,470,01/21/2023,4317,544409,0.79
District of Columbia,02/04/2023,598,01/28/2023,3779,544409,0.69
District of Columbia,02/11/2023,708,02/04/2023,4645,544409,0.85
District of Columbia,02/18/2023,1086,02/11/2023,4507,544409,0.83
District of Columbia,02/25/2023,1580,02/18/2023,4832,544409,0.89
District of Columbia,03/04/2023,643,02/25/2023,5775,544409,1.06
District of Columbia,03/11/2023,971,03/04/2023,4760,544409,0.87
District of Columbia,03/18/2023,1578,03/11/2023,4993,544409,0.92
District of Columbia,03/25/2023,2092,03/18/2023,5694,544409,1.05
District of Columbia,04/01/2023,508,03/25/2023,6334,544409,1.16
District of Columbia,04/08/2023,420,04/01/2023,5194,551417,0.94
District of Columbia,04/15/2023,353,04/08/2023,5605,551417,1.02
District of Columbia,04/22/2023,302,04/15/2023,5323,551417,0.97
District of Columbia,04/29/2023,410,04/22/2023,5051,551417,0.92
District of Columbia,05/06/2023,472,04/29/2023,4564,551417,0.83
District of Columbia,05/13/2023,491,05/06/2023,4428,551417,0.8
District of Columbia,05/20/2023,513,05/13/2023,4745,551417,0.86
District of Columbia,05/27/2023,471,05/20/2023,4833,551417,0.88
District of Columbia,06/03/2023,371,05/27/2023,4378,551417,0.79
District of Columbia,06/10/2023,378,06/03/2023,4559,551417,0.83
District of Columbia,06/17/2023,399,06/10/2023,4962,551417,0.9
District of Columbia,06/24/2023,402,06/17/2023,4698,551417,0.85
District of Columbia,07/01/2023,616,06/24/2023,4992,551417,0.91
District of Columbia,07/08/2023,578,07/01/2023,5140,555205,0.93
District of Columbia,07/15/2023,512,07/08/2023,5395,555205,0.97
District of Columbia,07/22/2023,472,07/15/2023,5173,555205,0.93
District of Columbia,07/29/2023,437,07/22/2023,5771,555205,1.04
District of Columbia,08/05/2023,479,07/29/2023,5767,555205,1.04
District of Columbia,08/12/2023,502,08/05/2023,5960,555205,1.07
District of Columbia,08/19/2023,450,08/12/2023,5843,555205,1.05
District of Columbia,08/26/2023,412,08/19/2023,5881,555205,1.06
District of Columbia,09/02/2023,401,08/26/2023,6160,555205,1.11
District of Columbia,09/09/2023,373,09/02/2023,5548,555205,1
District of Columbia,09/16/2023,398,09/09/2023,5229,555205,0.94
District of Columbia,09/23/2023,360,09/16/2023,5390,555205,0.97
District of Columbia,09/30/2023,386,09/23/2023,5435,555205,0.98
District of Columbia,10/07/2023,513,09/30/2023,5532,555205,1
District of Columbia,10/14/2023,400,10/07/2023,5462,559678,0.98
District of Columbia,10/21/2023,443,10/14/2023,5677,559678,1.01
District of Columbia,10/28/2023,432,10/21/2023,5999,559678,1.07
District of Columbia,11/04/2023,426,10/28/2023,5905,559678,1.06
District of Columbia,11/11/2023,406,11/04/2023,5841,559678,1.04
District of Columbia,11/18/2023,470,11/11/2023,5863,559678,1.05
District of Columbia,11/25/2023,309,11/18/2023,5400,559678,0.96
District of Columbia,12/02/2023,498,11/25/2023,6005,559678,1.07
District of Columbia,12/09/2023,467,12/02/2023,6009,559678,1.07
District of Columbia,12/16/2023,458,12/09/2023,6050,559678,1.08
District of Columbia,12/23/2023,419,12/16/2023,5976,559678,1.07
District of Columbia,12/30/2023,352,12/23/2023,5745,559678,1.03
District of Columbia,01/06/2024,490,12/30/2023,6148,559678,1.1
District of Columbia,01/13/2024,509,01/06/2024,6341,563876,1.12
District of Columbia,01/20/2024,354,01/13/2024,5953,563876,1.06
District of Columbia,01/27/2024,531,01/20/2024,6341,563876,1.12
District of Columbia,02/03/2024,443,01/27/2024,4462,563876,0.79
District of Columbia,02/10/2024,421,02/03/2024,5808,563876,1.03
District of Columbia,02/17/2024,619,02/10/2024,5709,563876,1.01
District of Columbia,02/24/2024,499,02/17/2024,5693,563876,1.01
District of Columbia,03/02/2024,552,02/24/2024,5617,563876,1
District of Columbia,03/09/2024,564,03/02/2024,5659,563876,1
District of Columbia,03/16/2024,509,03/09/2024,5572,563876,0.99
District of Columbia,03/23/2024,498,03/16/2024,5894,563876,1.05
District of Columbia,03/30/2024,457,03/23/2024,5779,563876,1.02
District of Columbia,04/06/2024,494,03/30/2024,5490,563876,0.97
District of Columbia,04/13/2024,448,04/06/2024,5358,565812,0.95
District of Columbia,04/20/2024,477,04/13/2024,5209,565812,0.92
District of Columbia,04/27/2024,506,04/20/2024,5318,565812,0.94
District of Columbia,05/04/2024,560,04/27/2024,5323,565812,0.94
District of Columbia,05/11/2024,512,05/04/2024,5399,565812,0.95
District of Columbia,05/18/2024,606,05/11/2024,5502,565812,0.97
District of Columbia,05/25/2024,558,05/18/2024,5586,565812,0.99
District of Columbia,06/01/2024,521,05/25/2024,5579,565812,0.99
District of Columbia,06/08/2024,546,06/01/2024,5892,565812,1.04
District of Columbia,06/15/2024,513,06/08/2024,5857,565812,1.04
District of Columbia,06/22/2024,700,06/15/2024,5648,565812,1
District of Columbia,06/29/2024,685,06/22/2024,6122,565812,1.08
District of Columbia,07/06/2024,657,06/29/2024,6103,565812,1.08
District of Columbia,07/13/2024,757,07/06/2024,6588,567371,1.16
District of Columbia,07/20/2024,655,07/13/2024,6593,567371,1.16
District of Columbia,07/27/2024,542,07/20/2024,6558,567371,1.16
District of Columbia,08/03/2024,641,07/27/2024,6565,567371,1.16
District of Columbia,08/10/2024,551,08/03/2024,6673,567371,1.18
District of Columbia,08/17/2024,614,08/10/2024,6857,567371,1.21
District of Columbia,08/24/2024,568,08/17/2024,6890,567371,1.21
District of Columbia,08/31/2024,583,08/24/2024,6789,567371,1.2
District of Columbia,09/07/2024,481,08/31/2024,6412,567371,1.13
District of Columbia,09/14/2024,488,09/07/2024,6519,567371,1.15
District of Columbia,09/21/2024,498,09/14/2024,6330,567371,1.12
District of Columbia,09/28/2024,535,09/21/2024,6206,567371,1.09
District of Columbia,10/05/2024,774,09/28/2024,6339,567371,1.12
District of Columbia,10/12/2024,570,10/05/2024,6407,567371,1.13
District of Columbia,10/19/2024,564,10/12/2024,6571,567845,1.16
District of Columbia,10/26/2024,544,10/19/2024,6574,567845,1.16
District of Columbia,11/02/2024,555,10/26/2024,6716,567845,1.18
District of Columbia,11/09/2024,620,11/02/2024,6670,567845,1.17
District of Columbia,11/16/2024,578,11/09/2024,6761,567845,1.19
District of Columbia,11/23/2024,711,11/16/2024,6815,567845,1.2
District of Columbia,11/30/2024,413,11/23/2024,6635,567845,1.17
District of Columbia,12/07/2024,676,11/30/2024,7071,567845,1.25
District of Columbia,12/14/2024,588,12/07/2024,7066,567845,1.24
District of Columbia,12/21/2024,857,12/14/2024,7122,567845,1.25
District of Columbia,12/28/2024,560,12/21/2024,7085,567845,1.25
District of Columbia,01/04/2025,803,12/28/2024,7548,567845,1.33
District of Columbia,01/11/2025,1033,01/04/2025,7295,567429,1.29
District of Columbia,01/18/2025,1228,01/11/2025,7816,567429,1.38
District of Columbia,01/25/2025,768,01/18/2025,7655,567429,1.35
District of Columbia,02/01/2025,1310,01/25/2025,7804,567429,1.38
District of Columbia,02/08/2025,1682,02/01/2025,8234,567429,1.45
District of Columbia,02/15/2025,1626,02/08/2025,8766,567429,1.54
District of Columbia,02/22/2025,1893,02/15/2025,9170,567429,1.62
District of Columbia,03/01/2025,1405,02/22/2025,10264,567429,1.81
District of Columbia,03/08/2025,1536,03/01/2025,10662,567429,1.88
District of Columbia,03/15/2025,1207,03/08/2025,11147,567429,1.96
District of Columbia,03/22/2025,1087,03/15/2025,11113,567429,1.96
District of Columbia,03/29/2025,843,03/22/2025,10928,567429,1.93
District of Columbia,04/05/2025,960,03/29/2025,10733,567429,1.89
District of Columbia,04/12/2025,865,04/05/2025,10718,567220,1.89
Florida,01/04/2020,4618,12/28/2019,36189,8608066,0.42
Florida,01/11/2020,6862,01/04/2020,35024,8604277,0.41
Florida,01/18/2020,6088,01/11/2020,34718,8604277,0.4
Florida,01/25/2020,5206,01/18/2020,33347,8604277,0.39
Florida,02/01/2020,5457,01/25/2020,35871,8604277,0.42
Florida,02/08/2020,5605,02/01/2020,33176,8604277,0.39
Florida,02/15/2020,5229,02/08/2020,34449,8604277,0.4
Florida,02/22/2020,4861,02/15/2020,33570,8604277,0.39
Florida,02/29/2020,4853,02/22/2020,33421,8604277,0.39
Florida,03/07/2020,5325,02/29/2020,32262,8604277,0.37
Florida,03/14/2020,6463,03/07/2020,32244,8604277,0.37
Florida,03/21/2020,74313,03/14/2020,33728,8604277,0.39
Florida,03/28/2020,228484,03/21/2020,35076,8604277,0.41
Florida,04/04/2020,169885,03/28/2020,98921,8604277,1.15
Florida,04/11/2020,180419,04/04/2020,339448,8590846,3.95
Florida,04/18/2020,506670,04/11/2020,177021,8590846,2.06
Florida,04/25/2020,433103,04/18/2020,540554,8590846,6.29
Florida,05/02/2020,174860,04/25/2020,444561,8590846,5.17
Florida,05/09/2020,223082,05/02/2020,1035207,8590846,12.05
Florida,05/16/2020,225404,05/09/2020,2151108,8590846,25.04
Florida,05/23/2020,175411,05/16/2020,529384,8590846,6.16
Florida,05/30/2020,207707,05/23/2020,630640,8590846,7.34
Florida,06/06/2020,112161,05/30/2020,966625,8590846,11.25
Florida,06/13/2020,88148,06/06/2020,920202,8590846,10.71
Florida,06/20/2020,95683,06/13/2020,995792,8590846,11.59
Florida,06/27/2020,84370,06/20/2020,741344,8590846,8.63
Florida,07/04/2020,66941,06/27/2020,581952,8590846,6.77
Florida,07/11/2020,132831,07/04/2020,914801,8732627,10.48
Florida,07/18/2020,108976,07/11/2020,748004,8732627,8.57
Florida,07/25/2020,91462,07/18/2020,691070,8732627,7.91
Florida,08/01/2020,78286,07/25/2020,631163,8732627,7.23
Florida,08/08/2020,61584,08/01/2020,567987,8732627,6.5
Florida,08/15/2020,72774,08/08/2020,512527,8732627,5.87
Florida,08/22/2020,51647,08/15/2020,458954,8732627,5.26
Florida,08/29/2020,45590,08/22/2020,455587,8732627,5.22
Florida,09/05/2020,40256,08/29/2020,410406,8732627,4.7
Florida,09/12/2020,37265,09/05/2020,414174,8732627,4.74
Florida,09/19/2020,39028,09/12/2020,374181,8732627,4.28
Florida,09/26/2020,32373,09/19/2020,373194,8732627,4.27
Florida,10/03/2020,42306,09/26/2020,337344,8769716,3.85
Florida,10/10/2020,47904,10/03/2020,300115,8769716,3.42
Florida,10/17/2020,40070,10/10/2020,287537,8769716,3.28
Florida,10/24/2020,33542,10/17/2020,282261,8769716,3.22
Florida,10/31/2020,31625,10/24/2020,213454,8769716,2.43
Florida,11/07/2020,31403,10/31/2020,205800,8769716,2.35
Florida,11/14/2020,24358,11/07/2020,186514,8769716,2.13
Florida,11/21/2020,26931,11/14/2020,186291,8769716,2.12
Florida,11/28/2020,23063,11/21/2020,142253,8769716,1.62
Florida,12/05/2020,29142,11/28/2020,186749,8769716,2.13
Florida,12/12/2020,26018,12/05/2020,154462,8769716,1.76
Florida,12/19/2020,28609,12/12/2020,161250,8769716,1.84
Florida,12/26/2020,26533,12/19/2020,140565,8769716,1.6
Florida,01/02/2021,24697,12/26/2020,129575,8769716,1.48
Florida,01/09/2021,30583,01/02/2021,174544,8510391,2.05
Florida,01/16/2021,39226,01/09/2021,157201,8510391,1.85
Florida,01/23/2021,62818,01/16/2021,155833,8510391,1.83
Florida,01/30/2021,69140,01/23/2021,173919,8510391,2.04
Florida,02/06/2021,21710,01/30/2021,187474,8510391,2.2
Florida,02/13/2021,21564,02/06/2021,228808,8510391,2.69
Florida,02/20/2021,18630,02/13/2021,161881,8510391,1.9
Florida,02/27/2021,19020,02/20/2021,156495,8510391,1.84
Florida,03/06/2021,19281,02/27/2021,141484,8510391,1.66
Florida,03/13/2021,20340,03/06/2021,135291,8510391,1.59
Florida,03/20/2021,17349,03/13/2021,123921,8510391,1.46
Florida,03/27/2021,15716,03/20/2021,116512,8510391,1.37
Florida,04/03/2021,15025,03/27/2021,134896,8510391,1.59
Florida,04/10/2021,24402,04/03/2021,129186,8356053,1.55
Florida,04/17/2021,18838,04/10/2021,123557,8356053,1.48
Florida,04/24/2021,28017,04/17/2021,129628,8356053,1.55
Florida,05/01/2021,19765,04/24/2021,126561,8356053,1.51
Florida,05/08/2021,17555,05/01/2021,130069,8356053,1.56
Florida,05/15/2021,14561,05/08/2021,128834,8356053,1.54
Florida,05/22/2021,9882,05/15/2021,133003,8356053,1.59
Florida,05/29/2021,8257,05/22/2021,112861,8356053,1.35
Florida,06/05/2021,6552,05/29/2021,101851,8356053,1.22
Florida,06/12/2021,9896,06/05/2021,109193,8356053,1.31
Florida,06/19/2021,7667,06/12/2021,89048,8356053,1.07
Florida,06/26/2021,6917,06/19/2021,97633,8356053,1.17
Florida,07/03/2021,6739,06/26/2021,54642,8356053,0.65
Florida,07/10/2021,7457,07/03/2021,100168,8302424,1.21
Florida,07/17/2021,9970,07/10/2021,95430,8302424,1.15
Florida,07/24/2021,10110,07/17/2021,80694,8302424,0.97
Florida,07/31/2021,7718,07/24/2021,79205,8302424,0.95
Florida,08/07/2021,5905,07/31/2021,59879,8302424,0.72
Florida,08/14/2021,5432,08/07/2021,65976,8302424,0.79
Florida,08/21/2021,7977,08/14/2021,78144,8302424,0.94
Florida,08/28/2021,9700,08/21/2021,70760,8302424,0.85
Florida,09/04/2021,7218,08/28/2021,59572,8302424,0.72
Florida,09/11/2021,7761,09/04/2021,48583,8302424,0.59
Florida,09/18/2021,9316,09/11/2021,50438,8302424,0.61
Florida,09/25/2021,7713,09/18/2021,58928,8302424,0.71
Florida,10/02/2021,7054,09/25/2021,58211,8302424,0.7
Florida,10/09/2021,6215,10/02/2021,55108,8206675,0.67
Florida,10/16/2021,7481,10/09/2021,58495,8206675,0.71
Florida,10/23/2021,8788,10/16/2021,54019,8206675,0.66
Florida,10/30/2021,6502,10/23/2021,56076,8206675,0.68
Florida,11/06/2021,6217,10/30/2021,52770,8206675,0.64
Florida,11/13/2021,6116,11/06/2021,55053,8206675,0.67
Florida,11/20/2021,5831,11/13/2021,50579,8206675,0.62
Florida,11/27/2021,4136,11/20/2021,41670,8206675,0.51
Florida,12/04/2021,6212,11/27/2021,52913,8206675,0.64
Florida,12/11/2021,6033,12/04/2021,48006,8206675,0.58
Florida,12/18/2021,5160,12/11/2021,45926,8206675,0.56
Florida,12/25/2021,4244,12/18/2021,41196,8206675,0.5
Florida,01/01/2022,4299,12/25/2021,43165,8206675,0.53
Florida,01/08/2022,10103,01/01/2022,48587,8401988,0.58
Florida,01/15/2022,8593,01/08/2022,45452,8401988,0.54
Florida,01/22/2022,7346,01/15/2022,47128,8401988,0.56
Florida,01/29/2022,6680,01/22/2022,44097,8401988,0.52
Florida,02/05/2022,5925,01/29/2022,43603,8401988,0.52
Florida,02/12/2022,6044,02/05/2022,40819,8401988,0.49
Florida,02/19/2022,5510,02/12/2022,40109,8401988,0.48
Florida,02/26/2022,3328,02/19/2022,36084,8401988,0.43
Florida,03/05/2022,3830,02/26/2022,37393,8401988,0.45
Florida,03/12/2022,3910,03/05/2022,35566,8401988,0.42
Florida,03/19/2022,4866,03/12/2022,33200,8401988,0.4
Florida,03/26/2022,4701,03/19/2022,32512,8401988,0.39
Florida,04/02/2022,5167,03/26/2022,34535,8401988,0.41
Florida,04/09/2022,6619,04/02/2022,32493,8553650,0.38
Florida,04/16/2022,5668,04/09/2022,32914,8553650,0.38
Florida,04/23/2022,5240,04/16/2022,32995,8553650,0.39
Florida,04/30/2022,5221,04/23/2022,32449,8553650,0.38
Florida,05/07/2022,4475,04/30/2022,31786,8553650,0.37
Florida,05/14/2022,5104,05/07/2022,31843,8553650,0.37
Florida,05/21/2022,5218,05/14/2022,32388,8553650,0.38
Florida,05/28/2022,3698,05/21/2022,31828,8553650,0.37
Florida,06/04/2022,5796,05/28/2022,31432,8553650,0.37
Florida,06/11/2022,7035,06/04/2022,33423,8553650,0.39
Florida,06/18/2022,6500,06/11/2022,34560,8553650,0.4
Florida,06/25/2022,6318,06/18/2022,36984,8553650,0.43
Florida,07/02/2022,6155,06/25/2022,37378,8553650,0.44
Florida,07/09/2022,7267,07/02/2022,35440,8700987,0.41
Florida,07/16/2022,7858,07/09/2022,38818,8700987,0.45
Florida,07/23/2022,6901,07/16/2022,40240,8700987,0.46
Florida,07/30/2022,6140,07/23/2022,40838,8700987,0.47
Florida,08/06/2022,5998,07/30/2022,41390,8700987,0.48
Florida,08/13/2022,6074,08/06/2022,41567,8700987,0.48
Florida,08/20/2022,5809,08/13/2022,40529,8700987,0.47
Florida,08/27/2022,5366,08/20/2022,39835,8700987,0.46
Florida,09/03/2022,5472,08/27/2022,39598,8700987,0.46
Florida,09/10/2022,5215,09/03/2022,37220,8700987,0.43
Florida,09/17/2022,5833,09/10/2022,38790,8700987,0.45
Florida,09/24/2022,5472,09/17/2022,37645,8700987,0.43
Florida,10/01/2022,4269,09/24/2022,33883,8700987,0.39
Florida,10/08/2022,14934,10/01/2022,38849,8846872,0.44
Florida,10/15/2022,11341,10/08/2022,39781,8846872,0.45
Florida,10/22/2022,9337,10/15/2022,41293,8846872,0.47
Florida,10/29/2022,7803,10/22/2022,41718,8846872,0.47
Florida,11/05/2022,7412,10/29/2022,40891,8846872,0.46
Florida,11/12/2022,6110,11/05/2022,38524,8846872,0.44
Florida,11/19/2022,6534,11/12/2022,41789,8846872,0.47
Florida,11/26/2022,4109,11/19/2022,33041,8846872,0.37
Florida,12/03/2022,6393,11/26/2022,44840,8846872,0.51
Florida,12/10/2022,6035,12/03/2022,38506,8846872,0.44
Florida,12/17/2022,5669,12/10/2022,41901,8846872,0.47
Florida,12/24/2022,4579,12/17/2022,36676,8846872,0.41
Florida,12/31/2022,4238,12/24/2022,39559,8846872,0.45
Florida,01/07/2023,7447,12/31/2022,38228,8846872,0.43
Florida,01/14/2023,7121,01/07/2023,39689,8975293,0.44
Florida,01/21/2023,5557,01/14/2023,37733,8975293,0.42
Florida,01/28/2023,5866,01/21/2023,38332,8975293,0.43
Florida,02/04/2023,6434,01/28/2023,37920,8975293,0.42
Florida,02/11/2023,5887,02/04/2023,36762,8975293,0.41
Florida,02/18/2023,5353,02/11/2023,36634,8975293,0.41
Florida,02/25/2023,5293,02/18/2023,36249,8975293,0.4
Florida,03/04/2023,4865,02/25/2023,35110,8975293,0.39
Florida,03/11/2023,5461,03/04/2023,36406,8975293,0.41
Florida,03/18/2023,5078,03/11/2023,36229,8975293,0.4
Florida,03/25/2023,5129,03/18/2023,36860,8975293,0.41
Florida,04/01/2023,5096,03/25/2023,36618,8975293,0.41
Florida,04/08/2023,6278,04/01/2023,35346,9102413,0.39
Florida,04/15/2023,5535,04/08/2023,36060,9102413,0.4
Florida,04/22/2023,5093,04/15/2023,37279,9102413,0.41
Florida,04/29/2023,5610,04/22/2023,36514,9102413,0.4
Florida,05/06/2023,5897,04/29/2023,36744,9102413,0.4
Florida,05/13/2023,5869,05/06/2023,37080,9102413,0.41
Florida,05/20/2023,5879,05/13/2023,38088,9102413,0.42
Florida,05/27/2023,5765,05/20/2023,38143,9102413,0.42
Florida,06/03/2023,5376,05/27/2023,37314,9102413,0.41
Florida,06/10/2023,6921,06/03/2023,39373,9102413,0.43
Florida,06/17/2023,6463,06/10/2023,39460,9102413,0.43
Florida,06/24/2023,6109,06/17/2023,40524,9102413,0.45
Florida,07/01/2023,5930,06/24/2023,40882,9102413,0.45
Florida,07/08/2023,5431,07/01/2023,38593,9199284,0.42
Florida,07/15/2023,6474,07/08/2023,42857,9199284,0.47
Florida,07/22/2023,6126,07/15/2023,45128,9199284,0.49
Florida,07/29/2023,6659,07/22/2023,44372,9199284,0.48
Florida,08/05/2023,6249,07/29/2023,44119,9199284,0.48
Florida,08/12/2023,5754,08/05/2023,43162,9199284,0.47
Florida,08/19/2023,5711,08/12/2023,44008,9199284,0.48
Florida,08/26/2023,5393,08/19/2023,42605,9199284,0.46
Florida,09/02/2023,4812,08/26/2023,40716,9199284,0.44
Florida,09/09/2023,5595,09/02/2023,41470,9199284,0.45
Florida,09/16/2023,5898,09/09/2023,40946,9199284,0.45
Florida,09/23/2023,5413,09/16/2023,41652,9199284,0.45
Florida,09/30/2023,5418,09/23/2023,40594,9199284,0.44
Florida,10/07/2023,6790,09/30/2023,40633,9199284,0.44
Florida,10/14/2023,6021,10/07/2023,36327,9293426,0.39
Florida,10/21/2023,6052,10/14/2023,35466,9293426,0.38
Florida,10/28/2023,5750,10/21/2023,34808,9293426,0.37
Florida,11/04/2023,5659,10/28/2023,36370,9293426,0.39
Florida,11/11/2023,5979,11/04/2023,34871,9293426,0.38
Florida,11/18/2023,6268,11/11/2023,37338,9293426,0.4
Florida,11/25/2023,4034,11/18/2023,30372,9293426,0.33
Florida,12/02/2023,6183,11/25/2023,40180,9293426,0.43
Florida,12/09/2023,6170,12/02/2023,32433,9293426,0.35
Florida,12/16/2023,5713,12/09/2023,38412,9293426,0.41
Florida,12/23/2023,5489,12/16/2023,34588,9293426,0.37
Florida,12/30/2023,4081,12/23/2023,36719,9293426,0.4
Florida,01/06/2024,6078,12/30/2023,35022,9293426,0.38
Florida,01/13/2024,7103,01/06/2024,36609,9387542,0.39
Florida,01/20/2024,5803,01/13/2024,35668,9387542,0.38
Florida,01/27/2024,5887,01/20/2024,37060,9387542,0.39
Florida,02/03/2024,6286,01/27/2024,36312,9387542,0.39
Florida,02/10/2024,6292,02/03/2024,37142,9387542,0.4
Florida,02/17/2024,5768,02/10/2024,36436,9387542,0.39
Florida,02/24/2024,5016,02/17/2024,37107,9387542,0.4
Florida,03/02/2024,5799,02/24/2024,36279,9387542,0.39
Florida,03/09/2024,5944,03/02/2024,35517,9387542,0.38
Florida,03/16/2024,5351,03/09/2024,36060,9387542,0.38
Florida,03/23/2024,5254,03/16/2024,35286,9387542,0.38
Florida,03/30/2024,5408,03/23/2024,35920,9387542,0.38
Florida,04/06/2024,6385,03/30/2024,34755,9387542,0.37
Florida,04/13/2024,6215,04/06/2024,34971,9451269,0.37
Florida,04/20/2024,6351,04/13/2024,34818,9451269,0.37
Florida,04/27/2024,5989,04/20/2024,34894,9451269,0.37
Florida,05/04/2024,5893,04/27/2024,34968,9451269,0.37
Florida,05/11/2024,7224,05/04/2024,34567,9451269,0.37
Florida,05/18/2024,6612,05/11/2024,35007,9451269,0.37
Florida,05/25/2024,6276,05/18/2024,34896,9451269,0.37
Florida,06/01/2024,7060,05/25/2024,35324,9451269,0.37
Florida,06/08/2024,8900,06/01/2024,36277,9451269,0.38
Florida,06/15/2024,7766,06/08/2024,37400,9451269,0.4
Florida,06/22/2024,7307,06/15/2024,40769,9451269,0.43
Florida,06/29/2024,6901,06/22/2024,41305,9451269,0.44
Florida,07/06/2024,6552,06/29/2024,37518,9451269,0.4
Florida,07/13/2024,7955,07/06/2024,44723,9517627,0.47
Florida,07/20/2024,7059,07/13/2024,41119,9517627,0.43
Florida,07/27/2024,5472,07/20/2024,43290,9517627,0.45
Florida,08/03/2024,5338,07/27/2024,42552,9517627,0.45
Florida,08/10/2024,5562,08/03/2024,41271,9517627,0.43
Florida,08/17/2024,7715,08/10/2024,40068,9517627,0.42
Florida,08/24/2024,6402,08/17/2024,39072,9517627,0.41
Florida,08/31/2024,6081,08/24/2024,40284,9517627,0.42
Florida,09/07/2024,6005,08/31/2024,37480,9517627,0.39
Florida,09/14/2024,6696,09/07/2024,38230,9517627,0.4
Florida,09/21/2024,6454,09/14/2024,37679,9517627,0.4
Florida,09/28/2024,5535,09/21/2024,36383,9517627,0.38
Florida,10/05/2024,9556,09/28/2024,37606,9517627,0.4
Florida,10/12/2024,6299,10/05/2024,32447,9575149,0.34
Florida,10/19/2024,10800,10/12/2024,41453,9575149,0.43
Florida,10/26/2024,8371,10/19/2024,34585,9575149,0.36
Florida,11/02/2024,6841,10/26/2024,39012,9575149,0.41
Florida,11/09/2024,6660,11/02/2024,35382,9575149,0.37
Florida,11/16/2024,6280,11/09/2024,35924,9575149,0.38
Florida,11/23/2024,6360,11/16/2024,34823,9575149,0.36
Florida,11/30/2024,3987,11/23/2024,29914,9575149,0.31
Florida,12/07/2024,6299,11/30/2024,37097,9575149,0.39
Florida,12/14/2024,6049,12/07/2024,31729,9575149,0.33
Florida,12/21/2024,5166,12/14/2024,33717,9575149,0.35
Florida,12/28/2024,3475,12/21/2024,28015,9575149,0.29
Florida,01/04/2025,5018,12/28/2024,32276,9575149,0.34
Florida,01/11/2025,7525,01/04/2025,30802,9386481,0.33
Florida,01/18/2025,6778,01/11/2025,32174,9386481,0.34
Florida,01/25/2025,5747,01/18/2025,31632,9386481,0.34
Florida,02/01/2025,5962,01/25/2025,34072,9386481,0.36
Florida,02/08/2025,6778,02/01/2025,31918,9386481,0.34
Florida,02/15/2025,5797,02/08/2025,33156,9386481,0.35
Florida,02/22/2025,5913,02/15/2025,33383,9386481,0.36
Florida,03/01/2025,5566,02/22/2025,33348,9386481,0.36
Florida,03/08/2025,5922,03/01/2025,32810,9386481,0.35
Florida,03/15/2025,5684,03/08/2025,32348,9386481,0.34
Florida,03/22/2025,5614,03/15/2025,32000,9386481,0.34
Florida,03/29/2025,5587,03/22/2025,32388,9386481,0.35
Florida,04/05/2025,6692,03/29/2025,31703,9386481,0.34
Florida,04/12/2025,6831,04/05/2025,32460,9424521,0.34
Georgia,01/04/2020,17060,12/28/2019,38704,4353840,0.89
Georgia,01/11/2020,17962,01/04/2020,47482,4373059,1.09
Georgia,01/18/2020,8161,01/11/2020,32079,4373059,0.73
Georgia,01/25/2020,5257,01/18/2020,28998,4373059,0.66
Georgia,02/01/2020,5199,01/25/2020,28332,4373059,0.65
Georgia,02/08/2020,5577,02/01/2020,26984,4373059,0.62
Georgia,02/15/2020,6277,02/08/2020,27317,4373059,0.62
Georgia,02/22/2020,5030,02/15/2020,26963,4373059,0.62
Georgia,02/29/2020,5538,02/22/2020,26958,4373059,0.62
Georgia,03/07/2020,4569,02/29/2020,25079,4373059,0.57
Georgia,03/14/2020,5445,03/07/2020,25352,4373059,0.58
Georgia,03/21/2020,12140,03/14/2020,27507,4373059,0.63
Georgia,03/28/2020,133820,03/21/2020,107877,4373059,2.47
Georgia,04/04/2020,390132,03/28/2020,360077,4373059,8.23
Georgia,04/11/2020,319581,04/04/2020,595418,4388404,13.57
Georgia,04/18/2020,247003,04/11/2020,611889,4388404,13.94
Georgia,04/25/2020,266565,04/18/2020,758856,4388404,17.29
Georgia,05/02/2020,228352,04/25/2020,885764,4388404,20.18
Georgia,05/09/2020,242772,05/02/2020,812913,4388404,18.52
Georgia,05/16/2020,177731,05/09/2020,790178,4388404,18.01
Georgia,05/23/2020,165499,05/16/2020,731762,4388404,16.67
Georgia,05/30/2020,149163,05/23/2020,754833,4388404,17.2
Georgia,06/06/2020,135254,05/30/2020,698154,4388404,15.91
Georgia,06/13/2020,131997,06/06/2020,682501,4388404,15.55
Georgia,06/20/2020,125725,06/13/2020,669735,4388404,15.26
Georgia,06/27/2020,117485,06/20/2020,661233,4388404,15.07
Georgia,07/04/2020,105160,06/27/2020,619947,4388404,14.13
Georgia,07/11/2020,138452,07/04/2020,792717,4406223,17.99
Georgia,07/18/2020,122313,07/11/2020,703153,4406223,15.96
Georgia,07/25/2020,84984,07/18/2020,636912,4406223,14.45
Georgia,08/01/2020,73931,07/25/2020,633988,4406223,14.39
Georgia,08/08/2020,62335,08/01/2020,572455,4406223,12.99
Georgia,08/15/2020,58099,08/08/2020,555479,4406223,12.61
Georgia,08/22/2020,56768,08/15/2020,553713,4406223,12.57
Georgia,08/29/2020,51283,08/22/2020,535406,4406223,12.15
Georgia,09/05/2020,50320,08/29/2020,523143,4406223,11.87
Georgia,09/12/2020,42085,09/05/2020,498813,4406223,11.32
Georgia,09/19/2020,49421,09/12/2020,536886,4406223,12.18
Georgia,09/26/2020,43526,09/19/2020,478732,4406223,10.86
Georgia,10/03/2020,44874,09/26/2020,445039,4406223,10.1
Georgia,10/10/2020,54166,10/03/2020,409602,4419929,9.27
Georgia,10/17/2020,44892,10/10/2020,367949,4419929,8.32
Georgia,10/24/2020,43695,10/17/2020,336738,4419929,7.62
Georgia,10/31/2020,37253,10/24/2020,302039,4419929,6.83
Georgia,11/07/2020,23827,10/31/2020,285798,4419929,6.47
Georgia,11/14/2020,19626,11/07/2020,255237,4419929,5.77
Georgia,11/21/2020,29088,11/14/2020,253347,4419929,5.73
Georgia,11/28/2020,19183,11/21/2020,202361,4419929,4.58
Georgia,12/05/2020,33003,11/28/2020,234262,4419929,5.3
Georgia,12/12/2020,23702,12/05/2020,158047,4419929,3.58
Georgia,12/19/2020,26673,12/12/2020,164960,4419929,3.73
Georgia,12/26/2020,18960,12/19/2020,137240,4419929,3.11
Georgia,01/02/2021,31458,12/26/2020,172014,4419929,3.89
Georgia,01/09/2021,37039,01/02/2021,185587,4316067,4.3
Georgia,01/16/2021,35912,01/09/2021,172339,4316067,3.99
Georgia,01/23/2021,28016,01/16/2021,151571,4316067,3.51
Georgia,01/30/2021,27215,01/23/2021,148245,4316067,3.43
Georgia,02/06/2021,32386,01/30/2021,157518,4316067,3.65
Georgia,02/13/2021,26532,02/06/2021,139232,4316067,3.23
Georgia,02/20/2021,25447,02/13/2021,136063,4316067,3.15
Georgia,02/27/2021,28387,02/20/2021,146180,4316067,3.39
Georgia,03/06/2021,24974,02/27/2021,140918,4316067,3.26
Georgia,03/13/2021,24700,03/06/2021,140830,4316067,3.26
Georgia,03/20/2021,24789,03/13/2021,135962,4316067,3.15
Georgia,03/27/2021,39282,03/20/2021,132821,4316067,3.08
Georgia,04/03/2021,33623,03/27/2021,137678,4316067,3.19
Georgia,04/10/2021,38382,04/03/2021,139056,4251386,3.27
Georgia,04/17/2021,32381,04/10/2021,143898,4251386,3.38
Georgia,04/24/2021,28764,04/17/2021,129967,4251386,3.06
Georgia,05/01/2021,25429,04/24/2021,139595,4251386,3.28
Georgia,05/08/2021,32833,05/01/2021,121397,4251386,2.86
Georgia,05/15/2021,25441,05/08/2021,120243,4251386,2.83
Georgia,05/22/2021,24553,05/15/2021,125218,4251386,2.95
Georgia,05/29/2021,24622,05/22/2021,119950,4251386,2.82
Georgia,06/05/2021,22240,05/29/2021,128322,4251386,3.02
Georgia,06/12/2021,22524,06/05/2021,132754,4251386,3.12
Georgia,06/19/2021,20698,06/12/2021,136799,4251386,3.22
Georgia,06/26/2021,20749,06/19/2021,144750,4251386,3.4
Georgia,07/03/2021,19761,06/26/2021,178850,4251386,4.21
Georgia,07/10/2021,14475,07/03/2021,108266,4205460,2.57
Georgia,07/17/2021,12605,07/10/2021,100259,4205460,2.38
Georgia,07/24/2021,11985,07/17/2021,97900,4205460,2.33
Georgia,07/31/2021,13406,07/24/2021,90728,4205460,2.16
Georgia,08/07/2021,10783,07/31/2021,90890,4205460,2.16
Georgia,08/14/2021,11157,08/07/2021,86248,4205460,2.05
Georgia,08/21/2021,9750,08/14/2021,79177,4205460,1.88
Georgia,08/28/2021,9849,08/21/2021,90721,4205460,2.16
Georgia,09/04/2021,8035,08/28/2021,117579,4205460,2.8
Georgia,09/11/2021,6851,09/04/2021,72519,4205460,1.72
Georgia,09/18/2021,6564,09/11/2021,66524,4205460,1.58
Georgia,09/25/2021,6106,09/18/2021,57647,4205460,1.37
Georgia,10/02/2021,6319,09/25/2021,70152,4205460,1.67
Georgia,10/09/2021,7490,10/02/2021,72286,4166739,1.73
Georgia,10/16/2021,8578,10/09/2021,111767,4166739,2.68
Georgia,10/23/2021,4471,10/16/2021,40289,4166739,0.97
Georgia,10/30/2021,4302,10/23/2021,37955,4166739,0.91
Georgia,11/06/2021,4341,10/30/2021,39798,4166739,0.96
Georgia,11/13/2021,4203,11/06/2021,34758,4166739,0.83
Georgia,11/20/2021,4249,11/13/2021,33596,4166739,0.81
Georgia,11/27/2021,2535,11/20/2021,25972,4166739,0.62
Georgia,12/04/2021,4118,11/27/2021,85983,4166739,2.06
Georgia,12/11/2021,4132,12/04/2021,30253,4166739,0.73
Georgia,12/18/2021,2433,12/11/2021,31787,4166739,0.76
Georgia,12/25/2021,2705,12/18/2021,25151,4166739,0.6
Georgia,01/01/2022,5727,12/25/2021,35034,4166739,0.84
Georgia,01/08/2022,7586,01/01/2022,36050,4252034,0.85
Georgia,01/15/2022,7320,01/08/2022,39846,4252034,0.94
Georgia,01/22/2022,5068,01/15/2022,35109,4252034,0.83
Georgia,01/29/2022,6619,01/22/2022,38271,4252034,0.9
Georgia,02/05/2022,5968,01/29/2022,54914,4252034,1.29
Georgia,02/12/2022,5909,02/05/2022,37520,4252034,0.88
Georgia,02/19/2022,5309,02/12/2022,33433,4252034,0.79
Georgia,02/26/2022,5196,02/19/2022,32961,4252034,0.78
Georgia,03/05/2022,4627,02/26/2022,82217,4252034,1.93
Georgia,03/12/2022,3987,03/05/2022,30903,4252034,0.73
Georgia,03/19/2022,4105,03/12/2022,31712,4252034,0.75
Georgia,03/26/2022,4026,03/19/2022,29444,4252034,0.69
Georgia,04/02/2022,4034,03/26/2022,74171,4252034,1.74
Georgia,04/09/2022,4153,04/02/2022,55615,4314454,1.29
Georgia,04/16/2022,3629,04/09/2022,25540,4314454,0.59
Georgia,04/23/2022,4561,04/16/2022,27611,4314454,0.64
Georgia,04/30/2022,4439,04/23/2022,27330,4314454,0.63
Georgia,05/07/2022,4296,04/30/2022,25105,4314454,0.58
Georgia,05/14/2022,3971,05/07/2022,25834,4314454,0.6
Georgia,05/21/2022,4577,05/14/2022,26237,4314454,0.61
Georgia,05/28/2022,2815,05/21/2022,24364,4314454,0.56
Georgia,06/04/2022,4875,05/28/2022,48712,4314454,1.13
Georgia,06/11/2022,6251,06/04/2022,28851,4314454,0.67
Georgia,06/18/2022,5630,06/11/2022,29552,4314454,0.68
Georgia,06/25/2022,4024,06/18/2022,28611,4314454,0.66
Georgia,07/02/2022,6959,06/25/2022,57141,4314454,1.32
Georgia,07/09/2022,5100,07/02/2022,29812,4370550,0.68
Georgia,07/16/2022,8266,07/09/2022,33013,4370550,0.76
Georgia,07/23/2022,7182,07/16/2022,31017,4370550,0.71
Georgia,07/30/2022,7297,07/23/2022,32513,4370550,0.74
Georgia,08/06/2022,6775,07/30/2022,32311,4370550,0.74
Georgia,08/13/2022,5829,08/06/2022,30966,4370550,0.71
Georgia,08/20/2022,5933,08/13/2022,33395,4370550,0.76
Georgia,08/27/2022,5080,08/20/2022,32868,4370550,0.75
Georgia,09/03/2022,5403,08/27/2022,31722,4370550,0.73
Georgia,09/10/2022,4066,09/03/2022,30906,4370550,0.71
Georgia,09/17/2022,5903,09/10/2022,29796,4370550,0.68
Georgia,09/24/2022,5104,09/17/2022,28575,4370550,0.65
Georgia,10/01/2022,4420,09/24/2022,28188,4370550,0.64
Georgia,10/08/2022,4401,10/01/2022,26037,4425570,0.59
Georgia,10/15/2022,3952,10/08/2022,24958,4425570,0.56
Georgia,10/22/2022,5253,10/15/2022,26242,4425570,0.59
Georgia,10/29/2022,5302,10/22/2022,26269,4425570,0.59
Georgia,11/05/2022,5720,10/29/2022,32086,4425570,0.73
Georgia,11/12/2022,3994,11/05/2022,23525,4425570,0.53
Georgia,11/19/2022,7711,11/12/2022,26356,4425570,0.6
Georgia,11/26/2022,3079,11/19/2022,22258,4425570,0.5
Georgia,12/03/2022,10885,11/26/2022,32440,4425570,0.73
Georgia,12/10/2022,6612,12/03/2022,27305,4425570,0.62
Georgia,12/17/2022,5852,12/10/2022,27331,4425570,0.62
Georgia,12/24/2022,4284,12/17/2022,24308,4425570,0.55
Georgia,12/31/2022,6218,12/24/2022,27741,4425570,0.63
Georgia,01/07/2023,14712,12/31/2022,36275,4425570,0.82
Georgia,01/14/2023,9889,01/07/2023,30337,4487423,0.68
Georgia,01/21/2023,5968,01/14/2023,30393,4487423,0.68
Georgia,01/28/2023,8038,01/21/2023,29262,4487423,0.65
Georgia,02/04/2023,6575,01/28/2023,29100,4487423,0.65
Georgia,02/11/2023,6510,02/04/2023,29393,4487423,0.66
Georgia,02/18/2023,5290,02/11/2023,28339,4487423,0.63
Georgia,02/25/2023,5072,02/18/2023,28232,4487423,0.63
Georgia,03/04/2023,5372,02/25/2023,29024,4487423,0.65
Georgia,03/11/2023,4410,03/04/2023,30396,4487423,0.68
Georgia,03/18/2023,5037,03/11/2023,30083,4487423,0.67
Georgia,03/25/2023,4954,03/18/2023,27794,4487423,0.62
Georgia,04/01/2023,4666,03/25/2023,27621,4487423,0.62
Georgia,04/08/2023,4198,04/01/2023,26215,4487423,0.58
Georgia,04/15/2023,7443,04/08/2023,32897,4552956,0.72
Georgia,04/22/2023,7499,04/15/2023,31862,4552956,0.7
Georgia,04/29/2023,6221,04/22/2023,31250,4552956,0.69
Georgia,05/06/2023,5305,04/29/2023,32876,4552956,0.72
Georgia,05/13/2023,5282,05/06/2023,34435,4552956,0.76
Georgia,05/20/2023,5502,05/13/2023,38415,4552956,0.84
Georgia,05/27/2023,5345,05/20/2023,40788,4552956,0.9
Georgia,06/03/2023,5025,05/27/2023,34870,4552956,0.77
Georgia,06/10/2023,6943,06/03/2023,35245,4552956,0.77
Georgia,06/17/2023,4781,06/10/2023,29783,4552956,0.65
Georgia,06/24/2023,4078,06/17/2023,29459,4552956,0.65
Georgia,07/01/2023,5326,06/24/2023,29941,4552956,0.66
Georgia,07/08/2023,5611,07/01/2023,29535,4600312,0.64
Georgia,07/15/2023,10490,07/08/2023,33481,4600312,0.73
Georgia,07/22/2023,7637,07/15/2023,39618,4600312,0.86
Georgia,07/29/2023,6264,07/22/2023,34388,4600312,0.75
Georgia,08/05/2023,6530,07/29/2023,34431,4600312,0.75
Georgia,08/12/2023,6069,08/05/2023,34864,4600312,0.76
Georgia,08/19/2023,5324,08/12/2023,33935,4600312,0.74
Georgia,08/26/2023,4999,08/19/2023,34027,4600312,0.74
Georgia,09/02/2023,4841,08/26/2023,32799,4600312,0.71
Georgia,09/09/2023,4756,09/02/2023,32937,4600312,0.72
Georgia,09/16/2023,6295,09/09/2023,33437,4600312,0.73
Georgia,09/23/2023,4442,09/16/2023,32136,4600312,0.7
Georgia,09/30/2023,4665,09/23/2023,31765,4600312,0.69
Georgia,10/07/2023,5137,09/30/2023,31567,4600312,0.69
Georgia,10/14/2023,4114,10/07/2023,30747,4643549,0.66
Georgia,10/21/2023,5366,10/14/2023,30757,4643549,0.66
Georgia,10/28/2023,5018,10/21/2023,30637,4643549,0.66
Georgia,11/04/2023,5003,10/28/2023,30055,4643549,0.65
Georgia,11/11/2023,3985,11/04/2023,28563,4643549,0.62
Georgia,11/18/2023,4834,11/11/2023,29747,4643549,0.64
Georgia,11/25/2023,2883,11/18/2023,23011,4643549,0.5
Georgia,12/02/2023,9611,11/25/2023,34858,4643549,0.75
Georgia,12/09/2023,6925,12/02/2023,30332,4643549,0.65
Georgia,12/16/2023,5241,12/09/2023,30375,4643549,0.65
Georgia,12/23/2023,5642,12/16/2023,30377,4643549,0.65
Georgia,12/30/2023,5331,12/23/2023,30965,4643549,0.67
Georgia,01/06/2024,11592,12/30/2023,37746,4643549,0.81
Georgia,01/13/2024,9042,01/06/2024,34089,4674531,0.73
Georgia,01/20/2024,5565,01/13/2024,31127,4674531,0.67
Georgia,01/27/2024,6597,01/20/2024,31533,4674531,0.67
Georgia,02/03/2024,6244,01/27/2024,31667,4674531,0.68
Georgia,02/10/2024,5596,02/03/2024,31342,4674531,0.67
Georgia,02/17/2024,5511,02/10/2024,30599,4674531,0.65
Georgia,02/24/2024,5591,02/17/2024,30857,4674531,0.66
Georgia,03/02/2024,4709,02/24/2024,30466,4674531,0.65
Georgia,03/09/2024,4779,03/02/2024,30194,4674531,0.65
Georgia,03/16/2024,4386,03/09/2024,30127,4674531,0.64
Georgia,03/23/2024,4447,03/16/2024,29860,4674531,0.64
Georgia,03/30/2024,3512,03/23/2024,28175,4674531,0.6
Georgia,04/06/2024,4448,03/30/2024,29536,4674531,0.63
Georgia,04/13/2024,5867,04/06/2024,29961,4683523,0.64
Georgia,04/20/2024,4763,04/13/2024,29220,4683523,0.62
Georgia,04/27/2024,4576,04/20/2024,28651,4683523,0.61
Georgia,05/04/2024,4997,04/27/2024,29104,4683523,0.62
Georgia,05/11/2024,4947,05/04/2024,28785,4683523,0.61
Georgia,05/18/2024,4431,05/11/2024,29096,4683523,0.62
Georgia,05/25/2024,4238,05/18/2024,28663,4683523,0.61
Georgia,06/01/2024,3429,05/25/2024,27975,4683523,0.6
Georgia,06/08/2024,5108,06/01/2024,29198,4683523,0.62
Georgia,06/15/2024,4995,06/08/2024,29712,4683523,0.63
Georgia,06/22/2024,5004,06/15/2024,29854,4683523,0.64
Georgia,06/29/2024,6853,06/22/2024,31165,4683523,0.67
Georgia,07/06/2024,4953,06/29/2024,30443,4683523,0.65
Georgia,07/13/2024,8054,07/06/2024,34980,4697489,0.74
Georgia,07/20/2024,5975,07/13/2024,31399,4697489,0.67
Georgia,07/27/2024,5419,07/20/2024,31260,4697489,0.67
Georgia,08/03/2024,4926,07/27/2024,30400,4697489,0.65
Georgia,08/10/2024,5619,08/03/2024,29874,4697489,0.64
Georgia,08/17/2024,4640,08/10/2024,30135,4697489,0.64
Georgia,08/24/2024,5806,08/17/2024,30166,4697489,0.64
Georgia,08/31/2024,5184,08/24/2024,30302,4697489,0.65
Georgia,09/07/2024,4293,08/31/2024,28819,4697489,0.61
Georgia,09/14/2024,5307,09/07/2024,30437,4697489,0.65
Georgia,09/21/2024,5219,09/14/2024,29436,4697489,0.63
Georgia,09/28/2024,3982,09/21/2024,27974,4697489,0.6
Georgia,10/05/2024,4873,09/28/2024,28383,4697489,0.6
Georgia,10/12/2024,8166,10/05/2024,31086,4709102,0.66
Georgia,10/19/2024,6314,10/12/2024,29401,4709102,0.62
Georgia,10/26/2024,6119,10/19/2024,29240,4709102,0.62
Georgia,11/02/2024,4816,10/26/2024,28525,4709102,0.61
Georgia,11/09/2024,5637,11/02/2024,28634,4709102,0.61
Georgia,11/16/2024,3685,11/09/2024,14647,4709102,0.31
Georgia,11/23/2024,5837,11/16/2024,29369,4709102,0.62
Georgia,11/30/2024,3598,11/23/2024,24333,4709102,0.52
Georgia,12/07/2024,9717,11/30/2024,34676,4709102,0.74
Georgia,12/14/2024,5055,12/07/2024,28744,4709102,0.61
Georgia,12/21/2024,5191,12/14/2024,29745,4709102,0.63
Georgia,12/28/2024,4372,12/21/2024,27204,4709102,0.58
Georgia,01/04/2025,12008,12/28/2024,36091,4709102,0.77
Georgia,01/11/2025,11484,01/04/2025,39398,4725914,0.83
Georgia,01/18/2025,6792,01/11/2025,32419,4725914,0.69
Georgia,01/25/2025,4679,01/18/2025,29616,4725914,0.63
Georgia,02/01/2025,5728,01/25/2025,32006,4725914,0.68
Georgia,02/08/2025,5444,02/01/2025,30395,4725914,0.64
Georgia,02/15/2025,5011,02/08/2025,30288,4725914,0.64
Georgia,02/22/2025,5107,02/15/2025,30303,4725914,0.64
Georgia,03/01/2025,4775,02/22/2025,30159,4725914,0.64
Georgia,03/08/2025,4915,03/01/2025,29656,4725914,0.63
Georgia,03/15/2025,4358,03/08/2025,29212,4725914,0.62
Georgia,03/22/2025,4285,03/15/2025,28853,4725914,0.61
Georgia,03/29/2025,4426,03/22/2025,30006,4725914,0.63
Georgia,04/05/2025,5070,03/29/2025,28659,4725914,0.61
Georgia,04/12/2025,4889,04/05/2025,29208,4746054,0.62
Hawaii,01/04/2020,1825,12/28/2019,6813,623074,1.09
Hawaii,01/11/2020,1826,01/04/2020,7849,621949,1.26
Hawaii,01/18/2020,1234,01/11/2020,6623,621949,1.06
Hawaii,01/25/2020,1014,01/18/2020,6407,621949,1.03
Hawaii,02/01/2020,1135,01/25/2020,6070,621949,0.98
Hawaii,02/08/2020,1137,02/01/2020,6205,621949,1
Hawaii,02/15/2020,1199,02/08/2020,6121,621949,0.98
Hawaii,02/22/2020,1020,02/15/2020,6223,621949,1
Hawaii,02/29/2020,1049,02/22/2020,5951,621949,0.96
Hawaii,03/07/2020,1275,02/29/2020,6047,621949,0.97
Hawaii,03/14/2020,1589,03/07/2020,6204,621949,1
Hawaii,03/21/2020,8817,03/14/2020,6477,621949,1.04
Hawaii,03/28/2020,48596,03/21/2020,10997,621949,1.77
Hawaii,04/04/2020,53102,03/28/2020,32226,621949,5.18
Hawaii,04/11/2020,34717,04/04/2020,48305,621474,7.77
Hawaii,04/18/2020,26591,04/11/2020,72261,621474,11.63
Hawaii,04/25/2020,22496,04/18/2020,68637,621474,11.04
Hawaii,05/02/2020,15177,04/25/2020,88110,621474,14.18
Hawaii,05/09/2020,12329,05/02/2020,110922,621474,17.85
Hawaii,05/16/2020,10964,05/09/2020,145711,621474,23.45
Hawaii,05/23/2020,9140,05/16/2020,128086,621474,20.61
Hawaii,05/30/2020,7702,05/23/2020,124939,621474,20.1
Hawaii,06/06/2020,7338,05/30/2020,125568,621474,20.2
Hawaii,06/13/2020,7248,06/06/2020,114119,621474,18.36
Hawaii,06/20/2020,7178,06/13/2020,132466,621474,21.31
Hawaii,06/27/2020,8193,06/20/2020,128990,621474,20.76
Hawaii,07/04/2020,7648,06/27/2020,123633,621474,19.89
Hawaii,07/11/2020,7668,07/04/2020,128650,620739,20.73
Hawaii,07/18/2020,7581,07/11/2020,130769,620739,21.07
Hawaii,07/25/2020,5885,07/18/2020,130209,620739,20.98
Hawaii,08/01/2020,5049,07/25/2020,131338,620739,21.16
Hawaii,08/08/2020,5296,08/01/2020,123924,620739,19.96
Hawaii,08/15/2020,5493,08/08/2020,123282,620739,19.86
Hawaii,08/22/2020,5775,08/15/2020,115430,620739,18.6
Hawaii,08/29/2020,6748,08/22/2020,126112,620739,20.32
Hawaii,09/05/2020,7464,08/29/2020,126406,620739,20.36
Hawaii,09/12/2020,7307,09/05/2020,123117,620739,19.83
Hawaii,09/19/2020,6757,09/12/2020,132614,620739,21.36
Hawaii,09/26/2020,5682,09/19/2020,124618,620739,20.08
Hawaii,10/03/2020,5083,09/26/2020,111316,620739,17.93
Hawaii,10/10/2020,4873,10/03/2020,92670,621065,14.92
Hawaii,10/17/2020,5104,10/10/2020,78241,621065,12.6
Hawaii,10/24/2020,4906,10/17/2020,70501,621065,11.35
Hawaii,10/31/2020,4689,10/24/2020,61296,621065,9.87
Hawaii,11/07/2020,4245,10/31/2020,51384,621065,8.27
Hawaii,11/14/2020,4328,11/07/2020,43905,621065,7.07
Hawaii,11/21/2020,4229,11/14/2020,43998,621065,7.08
Hawaii,11/28/2020,3543,11/21/2020,34962,621065,5.63
Hawaii,12/05/2020,4272,11/28/2020,40308,621065,6.49
Hawaii,12/12/2020,4628,12/05/2020,34758,621065,5.6
Hawaii,12/19/2020,3974,12/12/2020,32169,621065,5.18
Hawaii,12/26/2020,3464,12/19/2020,28831,621065,4.64
Hawaii,01/02/2021,3984,12/26/2020,29272,621065,4.71
Hawaii,01/09/2021,5058,01/02/2021,28678,586666,4.89
Hawaii,01/16/2021,4502,01/09/2021,28192,586666,4.81
Hawaii,01/23/2021,3898,01/16/2021,24872,586666,4.24
Hawaii,01/30/2021,3809,01/23/2021,24747,586666,4.22
Hawaii,02/06/2021,3624,01/30/2021,23814,586666,4.06
Hawaii,02/13/2021,3875,02/06/2021,22201,586666,3.78
Hawaii,02/20/2021,2846,02/13/2021,20593,586666,3.51
Hawaii,02/27/2021,2669,02/20/2021,21179,586666,3.61
Hawaii,03/06/2021,2471,02/27/2021,18579,586666,3.17
Hawaii,03/13/2021,2663,03/06/2021,19034,586666,3.24
Hawaii,03/20/2021,3287,03/13/2021,18620,586666,3.17
Hawaii,03/27/2021,5598,03/20/2021,15844,586666,2.7
Hawaii,04/03/2021,4587,03/27/2021,16831,586666,2.87
Hawaii,04/10/2021,3939,04/03/2021,17980,553315,3.25
Hawaii,04/17/2021,3598,04/10/2021,17611,553315,3.18
Hawaii,04/24/2021,3205,04/17/2021,17837,553315,3.22
Hawaii,05/01/2021,2794,04/24/2021,17442,553315,3.15
Hawaii,05/08/2021,2777,05/01/2021,17168,553315,3.1
Hawaii,05/15/2021,2543,05/08/2021,16805,553315,3.04
Hawaii,05/22/2021,2391,05/15/2021,16956,553315,3.06
Hawaii,05/29/2021,2175,05/22/2021,15900,553315,2.87
Hawaii,06/05/2021,2020,05/29/2021,15580,553315,2.82
Hawaii,06/12/2021,2043,06/05/2021,14513,553315,2.62
Hawaii,06/19/2021,2215,06/12/2021,15553,553315,2.81
Hawaii,06/26/2021,1846,06/19/2021,14034,553315,2.54
Hawaii,07/03/2021,2318,06/26/2021,14493,553315,2.62
Hawaii,07/10/2021,2966,07/03/2021,13176,524437,2.51
Hawaii,07/17/2021,2738,07/10/2021,13945,524437,2.66
Hawaii,07/24/2021,2639,07/17/2021,14399,524437,2.75
Hawaii,07/31/2021,1945,07/24/2021,13578,524437,2.59
Hawaii,08/07/2021,2150,07/31/2021,13511,524437,2.58
Hawaii,08/14/2021,2093,08/07/2021,13147,524437,2.51
Hawaii,08/21/2021,2018,08/14/2021,12728,524437,2.43
Hawaii,08/28/2021,2206,08/21/2021,13645,524437,2.6
Hawaii,09/04/2021,2390,08/28/2021,13736,524437,2.62
Hawaii,09/11/2021,2051,09/04/2021,12994,524437,2.48
Hawaii,09/18/2021,3526,09/11/2021,14276,524437,2.72
Hawaii,09/25/2021,3986,09/18/2021,15642,524437,2.98
Hawaii,10/02/2021,2383,09/25/2021,14995,524437,2.86
Hawaii,10/09/2021,2261,10/02/2021,15021,499376,3.01
Hawaii,10/16/2021,1814,10/09/2021,12896,499376,2.58
Hawaii,10/23/2021,1863,10/16/2021,13990,499376,2.8
Hawaii,10/30/2021,1701,10/23/2021,11802,499376,2.36
Hawaii,11/06/2021,1654,10/30/2021,12552,499376,2.51
Hawaii,11/13/2021,1549,11/06/2021,10334,499376,2.07
Hawaii,11/20/2021,1544,11/13/2021,11251,499376,2.25
Hawaii,11/27/2021,1204,11/20/2021,9002,499376,1.8
Hawaii,12/04/2021,1851,11/27/2021,11277,499376,2.26
Hawaii,12/11/2021,1615,12/04/2021,9677,499376,1.94
Hawaii,12/18/2021,1858,12/11/2021,10014,499376,2.01
Hawaii,12/25/2021,1394,12/18/2021,8300,499376,1.66
Hawaii,01/01/2022,1769,12/25/2021,9020,499376,1.81
Hawaii,01/08/2022,2836,01/01/2022,10560,516404,2.04
Hawaii,01/15/2022,2223,01/08/2022,9931,516404,1.92
Hawaii,01/22/2022,1677,01/15/2022,8885,516404,1.72
Hawaii,01/29/2022,1541,01/22/2022,9163,516404,1.77
Hawaii,02/05/2022,1479,01/29/2022,8677,516404,1.68
Hawaii,02/12/2022,1474,02/05/2022,8558,516404,1.66
Hawaii,02/19/2022,1403,02/12/2022,7768,516404,1.5
Hawaii,02/26/2022,1060,02/19/2022,8005,516404,1.55
Hawaii,03/05/2022,1312,02/26/2022,7611,516404,1.47
Hawaii,03/12/2022,1203,03/05/2022,7748,516404,1.5
Hawaii,03/19/2022,1267,03/12/2022,6966,516404,1.35
Hawaii,03/26/2022,1154,03/19/2022,6474,516404,1.25
Hawaii,04/02/2022,1605,03/26/2022,7057,516404,1.37
Hawaii,04/09/2022,1385,04/02/2022,6388,535819,1.19
Hawaii,04/16/2022,1028,04/09/2022,5981,535819,1.12
Hawaii,04/23/2022,1143,04/16/2022,6222,535819,1.16
Hawaii,04/30/2022,1104,04/23/2022,6124,535819,1.14
Hawaii,05/07/2022,1262,04/30/2022,6011,535819,1.12
Hawaii,05/14/2022,1243,05/07/2022,5914,535819,1.1
Hawaii,05/21/2022,1164,05/14/2022,6010,535819,1.12
Hawaii,05/28/2022,1220,05/21/2022,6104,535819,1.14
Hawaii,06/04/2022,1285,05/28/2022,5809,535819,1.08
Hawaii,06/11/2022,1332,06/04/2022,6267,535819,1.17
Hawaii,06/18/2022,1336,06/11/2022,6494,535819,1.21
Hawaii,06/25/2022,1086,06/18/2022,6294,535819,1.17
Hawaii,07/02/2022,1200,06/25/2022,6300,535819,1.18
Hawaii,07/09/2022,1075,07/02/2022,6240,551304,1.13
Hawaii,07/16/2022,1240,07/09/2022,6242,551304,1.13
Hawaii,07/23/2022,1127,07/16/2022,6292,551304,1.14
Hawaii,07/30/2022,1271,07/23/2022,6270,551304,1.14
Hawaii,08/06/2022,1184,07/30/2022,6248,551304,1.13
Hawaii,08/13/2022,1041,08/06/2022,5962,551304,1.08
Hawaii,08/20/2022,931,08/13/2022,5730,551304,1.04
Hawaii,08/27/2022,1194,08/20/2022,5909,551304,1.07
Hawaii,09/03/2022,1097,08/27/2022,5735,551304,1.04
Hawaii,09/10/2022,1034,09/03/2022,5662,551304,1.03
Hawaii,09/17/2022,1055,09/10/2022,5774,551304,1.05
Hawaii,09/24/2022,948,09/17/2022,5395,551304,0.98
Hawaii,10/01/2022,937,09/24/2022,5289,551304,0.96
Hawaii,10/08/2022,1071,10/01/2022,5387,563791,0.96
Hawaii,10/15/2022,1263,10/08/2022,5619,563791,1
Hawaii,10/22/2022,1223,10/15/2022,5500,563791,0.98
Hawaii,10/29/2022,1041,10/22/2022,5659,563791,1
Hawaii,11/05/2022,1093,10/29/2022,5498,563791,0.98
Hawaii,11/12/2022,961,11/05/2022,5366,563791,0.95
Hawaii,11/19/2022,1154,11/12/2022,5639,563791,1
Hawaii,11/26/2022,794,11/19/2022,5173,563791,0.92
Hawaii,12/03/2022,1320,11/26/2022,5872,563791,1.04
Hawaii,12/10/2022,1090,12/03/2022,5453,563791,0.97
Hawaii,12/17/2022,985,12/10/2022,5308,563791,0.94
Hawaii,12/24/2022,1176,12/17/2022,5200,563791,0.92
Hawaii,12/31/2022,1400,12/24/2022,5644,563791,1
Hawaii,01/07/2023,1652,12/31/2022,6487,563791,1.15
Hawaii,01/14/2023,1285,01/07/2023,6072,571442,1.06
Hawaii,01/21/2023,889,01/14/2023,5719,571442,1
Hawaii,01/28/2023,1015,01/21/2023,5652,571442,0.99
Hawaii,02/04/2023,1074,01/28/2023,5550,571442,0.97
Hawaii,02/11/2023,1091,02/04/2023,5868,571442,1.03
Hawaii,02/18/2023,1023,02/11/2023,5503,571442,0.96
Hawaii,02/25/2023,1132,02/18/2023,5669,571442,0.99
Hawaii,03/04/2023,1427,02/25/2023,6104,571442,1.07
Hawaii,03/11/2023,1137,03/04/2023,5939,571442,1.04
Hawaii,03/18/2023,1031,03/11/2023,5599,571442,0.98
Hawaii,03/25/2023,1137,03/18/2023,5770,571442,1.01
Hawaii,04/01/2023,1097,03/25/2023,5569,571442,0.97
Hawaii,04/08/2023,1067,04/01/2023,5700,571442,1
Hawaii,04/15/2023,1159,04/08/2023,5915,577968,1.02
Hawaii,04/22/2023,1066,04/15/2023,5755,577968,1
Hawaii,04/29/2023,1093,04/22/2023,5694,577968,0.99
Hawaii,05/06/2023,1073,04/29/2023,5558,577968,0.96
Hawaii,05/13/2023,962,05/06/2023,5611,577968,0.97
Hawaii,05/20/2023,1074,05/13/2023,5617,577968,0.97
Hawaii,05/27/2023,1082,05/20/2023,5540,577968,0.96
Hawaii,06/03/2023,1113,05/27/2023,5617,577968,0.97
Hawaii,06/10/2023,1424,06/03/2023,6051,577968,1.05
Hawaii,06/17/2023,1075,06/10/2023,6009,577968,1.04
Hawaii,06/24/2023,1035,06/17/2023,6171,577968,1.07
Hawaii,07/01/2023,1049,06/24/2023,5985,577968,1.04
Hawaii,07/08/2023,1023,07/01/2023,5969,577968,1.03
Hawaii,07/15/2023,1192,07/08/2023,6348,584333,1.09
Hawaii,07/22/2023,1081,07/15/2023,6124,584333,1.05
Hawaii,07/29/2023,1062,07/22/2023,6277,584333,1.07
Hawaii,08/05/2023,1084,07/29/2023,6245,584333,1.07
Hawaii,08/12/2023,1748,08/05/2023,6171,584333,1.06
Hawaii,08/19/2023,5301,08/12/2023,7176,584333,1.23
Hawaii,08/26/2023,3888,08/19/2023,11713,584333,2
Hawaii,09/02/2023,3516,08/26/2023,13404,584333,2.29
Hawaii,09/09/2023,2422,09/02/2023,13612,584333,2.33
Hawaii,09/16/2023,2147,09/09/2023,14373,584333,2.46
Hawaii,09/23/2023,1850,09/16/2023,14308,584333,2.45
Hawaii,09/30/2023,1618,09/23/2023,14072,584333,2.41
Hawaii,10/07/2023,1553,09/30/2023,13537,590309,2.29
Hawaii,10/14/2023,1400,10/07/2023,13011,590309,2.2
Hawaii,10/21/2023,1561,10/14/2023,12622,590309,2.14
Hawaii,10/28/2023,1351,10/21/2023,12020,590309,2.04
Hawaii,11/04/2023,1271,10/28/2023,11540,590309,1.95
Hawaii,11/11/2023,1185,11/04/2023,10823,590309,1.83
Hawaii,11/18/2023,1317,11/11/2023,11192,590309,1.9
Hawaii,11/25/2023,934,11/18/2023,9962,590309,1.69
Hawaii,12/02/2023,1576,11/25/2023,10873,590309,1.84
Hawaii,12/09/2023,1476,12/02/2023,10498,590309,1.78
Hawaii,12/16/2023,1138,12/09/2023,9587,590309,1.62
Hawaii,12/23/2023,1181,12/16/2023,9288,590309,1.57
Hawaii,12/30/2023,1411,12/23/2023,8453,590309,1.43
Hawaii,01/06/2024,1729,12/30/2023,9940,590309,1.68
Hawaii,01/13/2024,1450,01/06/2024,9502,595465,1.6
Hawaii,01/20/2024,1305,01/13/2024,8951,595465,1.5
Hawaii,01/27/2024,1281,01/20/2024,8530,595465,1.43
Hawaii,02/03/2024,1286,01/27/2024,8482,595465,1.42
Hawaii,02/10/2024,1332,02/03/2024,8450,595465,1.42
Hawaii,02/17/2024,1029,02/10/2024,8034,595465,1.35
Hawaii,02/24/2024,1068,02/17/2024,7677,595465,1.29
Hawaii,03/02/2024,1073,02/24/2024,7180,595465,1.21
Hawaii,03/09/2024,1051,03/02/2024,6865,595465,1.15
Hawaii,03/16/2024,1074,03/09/2024,6627,595465,1.11
Hawaii,03/23/2024,994,03/16/2024,6248,595465,1.05
Hawaii,03/30/2024,1065,03/23/2024,6142,595465,1.03
Hawaii,04/06/2024,1220,03/30/2024,6481,595465,1.09
Hawaii,04/13/2024,1079,04/06/2024,6059,597809,1.01
Hawaii,04/20/2024,1034,04/13/2024,6128,597809,1.03
Hawaii,04/27/2024,981,04/20/2024,5991,597809,1
Hawaii,05/04/2024,1058,04/27/2024,6104,597809,1.02
Hawaii,05/11/2024,1003,05/04/2024,6048,597809,1.01
Hawaii,05/18/2024,1049,05/11/2024,6183,597809,1.03
Hawaii,05/25/2024,1414,05/18/2024,6446,597809,1.08
Hawaii,06/01/2024,957,05/25/2024,5878,597809,0.98
Hawaii,06/08/2024,1215,06/01/2024,5411,597809,0.91
Hawaii,06/15/2024,1163,06/08/2024,5997,597809,1
Hawaii,06/22/2024,1092,06/15/2024,5817,597809,0.97
Hawaii,06/29/2024,971,06/22/2024,5934,597809,0.99
Hawaii,07/06/2024,940,06/29/2024,5747,597809,0.96
Hawaii,07/13/2024,1141,07/06/2024,6179,598636,1.03
Hawaii,07/20/2024,932,07/13/2024,5970,598636,1
Hawaii,07/27/2024,903,07/20/2024,5916,598636,0.99
Hawaii,08/03/2024,958,07/27/2024,5973,598636,1
Hawaii,08/10/2024,1067,08/03/2024,5982,598636,1
Hawaii,08/17/2024,866,08/10/2024,5397,598636,0.9
Hawaii,08/24/2024,975,08/17/2024,5811,598636,0.97
Hawaii,08/31/2024,932,08/24/2024,5826,598636,0.97
Hawaii,09/07/2024,1022,08/31/2024,5872,598636,0.98
Hawaii,09/14/2024,1077,09/07/2024,5706,598636,0.95
Hawaii,09/21/2024,1176,09/14/2024,5731,598636,0.96
Hawaii,09/28/2024,1235,09/21/2024,5808,598636,0.97
Hawaii,10/05/2024,1331,09/28/2024,6270,598636,1.05
Hawaii,10/12/2024,1037,10/05/2024,6321,599609,1.05
Hawaii,10/19/2024,1141,10/12/2024,6602,599609,1.1
Hawaii,10/26/2024,1057,10/19/2024,6174,599609,1.03
Hawaii,11/02/2024,886,10/26/2024,6342,599609,1.06
Hawaii,11/09/2024,1006,11/02/2024,6155,599609,1.03
Hawaii,11/16/2024,974,11/09/2024,6004,599609,1
Hawaii,11/23/2024,917,11/16/2024,5601,599609,0.93
Hawaii,11/30/2024,684,11/23/2024,4891,599609,0.82
Hawaii,12/07/2024,1282,11/30/2024,6350,599609,1.06
Hawaii,12/14/2024,913,12/07/2024,5433,599609,0.91
Hawaii,12/21/2024,920,12/14/2024,5413,599609,0.9
Hawaii,12/28/2024,870,12/21/2024,5136,599609,0.86
Hawaii,01/04/2025,1718,12/28/2024,6127,599609,1.02
Hawaii,01/11/2025,1552,01/04/2025,6817,600513,1.14
Hawaii,01/18/2025,1074,01/11/2025,5783,600513,0.96
Hawaii,01/25/2025,888,01/18/2025,5395,600513,0.9
Hawaii,02/01/2025,1009,01/25/2025,5524,600513,0.92
Hawaii,02/08/2025,1127,02/01/2025,5786,600513,0.96
Hawaii,02/15/2025,916,02/08/2025,5475,600513,0.91
Hawaii,02/22/2025,885,02/15/2025,5424,600513,0.9
Hawaii,03/01/2025,872,02/22/2025,5423,600513,0.9
Hawaii,03/08/2025,937,03/01/2025,5340,600513,0.89
Hawaii,03/15/2025,892,03/08/2025,5308,600513,0.88
Hawaii,03/22/2025,984,03/15/2025,5296,600513,0.88
Hawaii,03/29/2025,1047,03/22/2025,5449,600513,0.91
Hawaii,04/05/2025,1016,03/29/2025,5396,600513,0.9
Hawaii,04/12/2025,978,04/05/2025,5215,601961,0.87
Idaho,01/04/2020,2957,12/28/2019,8854,722812,1.22
Idaho,01/11/2020,2131,01/04/2020,11483,727996,1.58
Idaho,01/18/2020,2172,01/11/2020,11931,727996,1.64
Idaho,01/25/2020,1821,01/18/2020,11833,727996,1.63
Idaho,02/01/2020,1446,01/25/2020,11337,727996,1.56
Idaho,02/08/2020,1443,02/01/2020,11389,727996,1.56
Idaho,02/15/2020,1356,02/08/2020,11334,727996,1.56
Idaho,02/22/2020,1114,02/15/2020,11275,727996,1.55
Idaho,02/29/2020,998,02/22/2020,10587,727996,1.45
Idaho,03/07/2020,938,02/29/2020,10167,727996,1.4
Idaho,03/14/2020,1031,03/07/2020,9336,727996,1.28
Idaho,03/21/2020,13586,03/14/2020,7869,727996,1.08
Idaho,03/28/2020,32941,03/21/2020,15523,727996,2.13
Idaho,04/04/2020,30904,03/28/2020,35915,727996,4.93
Idaho,04/11/2020,18531,04/04/2020,59139,733499,8.06
Idaho,04/18/2020,13023,04/11/2020,67722,733499,9.23
Idaho,04/25/2020,8827,04/18/2020,71416,733499,9.74
Idaho,05/02/2020,7495,04/25/2020,71794,733499,9.79
Idaho,05/09/2020,5795,05/02/2020,65478,733499,8.93
Idaho,05/16/2020,5800,05/09/2020,60121,733499,8.2
Idaho,05/23/2020,4727,05/16/2020,56692,733499,7.73
Idaho,05/30/2020,3646,05/23/2020,51035,733499,6.96
Idaho,06/06/2020,3953,05/30/2020,47779,733499,6.51
Idaho,06/13/2020,3631,06/06/2020,36764,733499,5.01
Idaho,06/20/2020,4285,06/13/2020,33060,733499,4.51
Idaho,06/27/2020,5417,06/20/2020,30886,733499,4.21
Idaho,07/04/2020,4924,06/27/2020,29090,733499,3.97
Idaho,07/11/2020,5458,07/04/2020,28766,739094,3.89
Idaho,07/18/2020,5687,07/11/2020,27622,739094,3.74
Idaho,07/25/2020,4703,07/18/2020,26445,739094,3.58
Idaho,08/01/2020,3607,07/25/2020,25369,739094,3.43
Idaho,08/08/2020,3250,08/01/2020,20263,739094,2.74
Idaho,08/15/2020,3644,08/08/2020,18772,739094,2.54
Idaho,08/22/2020,3794,08/15/2020,16414,739094,2.22
Idaho,08/29/2020,3686,08/22/2020,14423,739094,1.95
Idaho,09/05/2020,3804,08/29/2020,13021,739094,1.76
Idaho,09/12/2020,3672,09/05/2020,11510,739094,1.56
Idaho,09/19/2020,3437,09/12/2020,10708,739094,1.45
Idaho,09/26/2020,2995,09/19/2020,9895,739094,1.34
Idaho,10/03/2020,2955,09/26/2020,9144,739094,1.24
Idaho,10/10/2020,3519,10/03/2020,8386,744780,1.13
Idaho,10/17/2020,3293,10/10/2020,8215,744780,1.1
Idaho,10/24/2020,3863,10/17/2020,8024,744780,1.08
Idaho,10/31/2020,3919,10/24/2020,8124,744780,1.09
Idaho,11/07/2020,5030,10/31/2020,7960,744780,1.07
Idaho,11/14/2020,5060,11/07/2020,8310,744780,1.12
Idaho,11/21/2020,4732,11/14/2020,8793,744780,1.18
Idaho,11/28/2020,3991,11/21/2020,9245,744780,1.24
Idaho,12/05/2020,5075,11/28/2020,10549,744780,1.42
Idaho,12/12/2020,4083,12/05/2020,10630,744780,1.43
Idaho,12/19/2020,3956,12/12/2020,11225,744780,1.51
Idaho,12/26/2020,4226,12/19/2020,11706,744780,1.57
Idaho,01/02/2021,4612,12/26/2020,13338,744780,1.79
Idaho,01/09/2021,4685,01/02/2021,14390,735456,1.96
Idaho,01/16/2021,3714,01/09/2021,13864,735456,1.89
Idaho,01/23/2021,4289,01/16/2021,14228,735456,1.93
Idaho,01/30/2021,4859,01/23/2021,14627,735456,1.99
Idaho,02/06/2021,6457,01/30/2021,14846,735456,2.02
Idaho,02/13/2021,11221,02/06/2021,15074,735456,2.05
Idaho,02/20/2021,6110,02/13/2021,15363,735456,2.09
Idaho,02/27/2021,5013,02/20/2021,15307,735456,2.08
Idaho,03/06/2021,4198,02/27/2021,13968,735456,1.9
Idaho,03/13/2021,3683,03/06/2021,12838,735456,1.75
Idaho,03/20/2021,4047,03/13/2021,11407,735456,1.55
Idaho,03/27/2021,5983,03/20/2021,10784,735456,1.47
Idaho,04/03/2021,5223,03/27/2021,11497,735456,1.56
Idaho,04/10/2021,6229,04/03/2021,10612,733801,1.45
Idaho,04/17/2021,4484,04/10/2021,10141,733801,1.38
Idaho,04/24/2021,3393,04/17/2021,9411,733801,1.28
Idaho,05/01/2021,3392,04/24/2021,9680,733801,1.32
Idaho,05/08/2021,2330,05/01/2021,8113,733801,1.11
Idaho,05/15/2021,2024,05/08/2021,7429,733801,1.01
Idaho,05/22/2021,1888,05/15/2021,7021,733801,0.96
Idaho,05/29/2021,1655,05/22/2021,6704,733801,0.91
Idaho,06/05/2021,1339,05/29/2021,6458,733801,0.88
Idaho,06/12/2021,1369,06/05/2021,6294,733801,0.86
Idaho,06/19/2021,1265,06/12/2021,6125,733801,0.83
Idaho,06/26/2021,1203,06/19/2021,5825,733801,0.79
Idaho,07/03/2021,1431,06/26/2021,5848,733801,0.8
Idaho,07/10/2021,1504,07/03/2021,5507,734905,0.75
Idaho,07/17/2021,1163,07/10/2021,5210,734905,0.71
Idaho,07/24/2021,1057,07/17/2021,4950,734905,0.67
Idaho,07/31/2021,936,07/24/2021,4781,734905,0.65
Idaho,08/07/2021,1039,07/31/2021,4453,734905,0.61
Idaho,08/14/2021,1033,08/07/2021,4304,734905,0.59
Idaho,08/21/2021,980,08/14/2021,4246,734905,0.58
Idaho,08/28/2021,866,08/21/2021,3901,734905,0.53
Idaho,09/04/2021,867,08/28/2021,3647,734905,0.5
Idaho,09/11/2021,805,09/04/2021,3328,734905,0.45
Idaho,09/18/2021,854,09/11/2021,3142,734905,0.43
Idaho,09/25/2021,818,09/18/2021,2969,734905,0.4
Idaho,10/02/2021,831,09/25/2021,2963,734905,0.4
Idaho,10/09/2021,949,10/02/2021,2805,737447,0.38
Idaho,10/16/2021,819,10/09/2021,2863,737447,0.39
Idaho,10/23/2021,922,10/16/2021,2837,737447,0.38
Idaho,10/30/2021,1036,10/23/2021,3028,737447,0.41
Idaho,11/06/2021,1120,10/30/2021,3217,737447,0.44
Idaho,11/13/2021,1179,11/06/2021,3342,737447,0.45
Idaho,11/20/2021,1329,11/13/2021,3701,737447,0.5
Idaho,11/27/2021,1578,11/20/2021,3873,737447,0.53
Idaho,12/04/2021,1663,11/27/2021,4889,737447,0.66
Idaho,12/11/2021,1613,12/04/2021,4975,737447,0.67
Idaho,12/18/2021,1858,12/11/2021,5550,737447,0.75
Idaho,12/25/2021,1982,12/18/2021,6049,737447,0.82
Idaho,01/01/2022,2434,12/25/2021,7341,737447,1
Idaho,01/08/2022,2493,01/01/2022,8860,755765,1.17
Idaho,01/15/2022,1615,01/08/2022,9099,755765,1.2
Idaho,01/22/2022,1334,01/15/2022,8771,755765,1.16
Idaho,01/29/2022,1325,01/22/2022,8885,755765,1.18
Idaho,02/05/2022,1222,01/29/2022,8953,755765,1.18
Idaho,02/12/2022,1048,02/05/2022,8708,755765,1.15
Idaho,02/19/2022,955,02/12/2022,8354,755765,1.11
Idaho,02/26/2022,925,02/19/2022,8026,755765,1.06
Idaho,03/05/2022,977,02/26/2022,8026,755765,1.06
Idaho,03/12/2022,864,03/05/2022,6909,755765,0.91
Idaho,03/19/2022,893,03/12/2022,6343,755765,0.84
Idaho,03/26/2022,1117,03/19/2022,5691,755765,0.75
Idaho,04/02/2022,857,03/26/2022,5356,755765,0.71
Idaho,04/09/2022,782,04/02/2022,4498,767301,0.59
Idaho,04/16/2022,819,04/09/2022,4055,767301,0.53
Idaho,04/23/2022,758,04/16/2022,4008,767301,0.52
Idaho,04/30/2022,637,04/23/2022,3808,767301,0.5
Idaho,05/07/2022,641,04/30/2022,3486,767301,0.45
Idaho,05/14/2022,659,05/07/2022,3310,767301,0.43
Idaho,05/21/2022,672,05/14/2022,3187,767301,0.42
Idaho,05/28/2022,734,05/21/2022,3103,767301,0.4
Idaho,06/04/2022,934,05/28/2022,3121,767301,0.41
Idaho,06/11/2022,904,06/04/2022,3288,767301,0.43
Idaho,06/18/2022,822,06/11/2022,3514,767301,0.46
Idaho,06/25/2022,831,06/18/2022,3559,767301,0.46
Idaho,07/02/2022,855,06/25/2022,3781,767301,0.49
Idaho,07/09/2022,912,07/02/2022,3842,776997,0.49
Idaho,07/16/2022,772,07/09/2022,4049,776997,0.52
Idaho,07/23/2022,765,07/16/2022,3809,776997,0.49
Idaho,07/30/2022,924,07/23/2022,3975,776997,0.51
Idaho,08/06/2022,905,07/30/2022,4032,776997,0.52
Idaho,08/13/2022,723,08/06/2022,4139,776997,0.53
Idaho,08/20/2022,711,08/13/2022,3791,776997,0.49
Idaho,08/27/2022,666,08/20/2022,3410,776997,0.44
Idaho,09/03/2022,739,08/27/2022,3108,776997,0.4
Idaho,09/10/2022,631,09/03/2022,3055,776997,0.39
Idaho,09/17/2022,631,09/10/2022,3011,776997,0.39
Idaho,09/24/2022,635,09/17/2022,2848,776997,0.37
Idaho,10/01/2022,676,09/24/2022,2885,776997,0.37
Idaho,10/08/2022,780,10/01/2022,2935,786316,0.37
Idaho,10/15/2022,723,10/08/2022,2962,786316,0.38
Idaho,10/22/2022,814,10/15/2022,3048,786316,0.39
Idaho,10/29/2022,972,10/22/2022,3129,786316,0.4
Idaho,11/05/2022,1268,10/29/2022,3403,786316,0.43
Idaho,11/12/2022,1654,11/05/2022,3712,786316,0.47
Idaho,11/19/2022,1769,11/12/2022,4534,786316,0.58
Idaho,11/26/2022,1862,11/19/2022,4891,786316,0.62
Idaho,12/03/2022,2424,11/26/2022,6314,786316,0.8
Idaho,12/10/2022,2096,12/03/2022,6829,786316,0.87
Idaho,12/17/2022,2091,12/10/2022,7506,786316,0.95
Idaho,12/24/2022,2316,12/17/2022,8280,786316,1.05
Idaho,12/31/2022,2260,12/24/2022,9707,786316,1.23
Idaho,01/07/2023,1769,12/31/2022,10847,786316,1.38
Idaho,01/14/2023,2064,01/07/2023,10516,793383,1.33
Idaho,01/21/2023,1560,01/14/2023,10308,793383,1.3
Idaho,01/28/2023,1467,01/21/2023,10582,793383,1.33
Idaho,02/04/2023,1461,01/28/2023,10806,793383,1.36
Idaho,02/11/2023,1365,02/04/2023,10980,793383,1.38
Idaho,02/18/2023,1148,02/11/2023,10386,793383,1.31
Idaho,02/25/2023,1118,02/18/2023,10279,793383,1.3
Idaho,03/04/2023,1121,02/25/2023,10210,793383,1.29
Idaho,03/11/2023,1135,03/04/2023,9750,793383,1.23
Idaho,03/18/2023,1162,03/11/2023,9156,793383,1.15
Idaho,03/25/2023,1293,03/18/2023,8617,793383,1.09
Idaho,04/01/2023,1208,03/25/2023,8398,793383,1.06
Idaho,04/08/2023,1154,04/01/2023,7648,801446,0.95
Idaho,04/15/2023,1045,04/08/2023,7189,801446,0.9
Idaho,04/22/2023,940,04/15/2023,6541,801446,0.82
Idaho,04/29/2023,885,04/22/2023,6231,801446,0.78
Idaho,05/06/2023,884,04/29/2023,5783,801446,0.72
Idaho,05/13/2023,866,05/06/2023,5342,801446,0.67
Idaho,05/20/2023,853,05/13/2023,5223,801446,0.65
Idaho,05/27/2023,1276,05/20/2023,4989,801446,0.62
Idaho,06/03/2023,1389,05/27/2023,5271,801446,0.66
Idaho,06/10/2023,1076,06/03/2023,5619,801446,0.7
Idaho,06/17/2023,854,06/10/2023,5302,801446,0.66
Idaho,06/24/2023,760,06/17/2023,5230,801446,0.65
Idaho,07/01/2023,1259,06/24/2023,5205,801446,0.65
Idaho,07/08/2023,1168,07/01/2023,5455,807935,0.68
Idaho,07/15/2023,842,07/08/2023,5971,807935,0.74
Idaho,07/22/2023,744,07/15/2023,5537,807935,0.69
Idaho,07/29/2023,778,07/22/2023,5046,807935,0.62
Idaho,08/05/2023,879,07/29/2023,5020,807935,0.62
Idaho,08/12/2023,725,08/05/2023,4888,807935,0.6
Idaho,08/19/2023,776,08/12/2023,4700,807935,0.58
Idaho,08/26/2023,802,08/19/2023,4266,807935,0.53
Idaho,09/02/2023,747,08/26/2023,4156,807935,0.51
Idaho,09/09/2023,835,09/02/2023,4051,807935,0.5
Idaho,09/16/2023,733,09/09/2023,4045,807935,0.5
Idaho,09/23/2023,740,09/16/2023,3854,807935,0.48
Idaho,09/30/2023,822,09/23/2023,3876,807935,0.48
Idaho,10/07/2023,933,09/30/2023,3830,807935,0.47
Idaho,10/14/2023,814,10/07/2023,3906,812080,0.48
Idaho,10/21/2023,887,10/14/2023,3984,812080,0.49
Idaho,10/28/2023,1041,10/21/2023,4137,812080,0.51
Idaho,11/04/2023,1280,10/28/2023,4331,812080,0.53
Idaho,11/11/2023,1327,11/04/2023,4698,812080,0.58
Idaho,11/18/2023,1420,11/11/2023,5077,812080,0.63
Idaho,11/25/2023,1945,11/18/2023,5324,812080,0.66
Idaho,12/02/2023,2247,11/25/2023,6584,812080,0.81
Idaho,12/09/2023,2140,12/02/2023,6928,812080,0.85
Idaho,12/16/2023,2108,12/09/2023,7734,812080,0.95
Idaho,12/23/2023,2190,12/16/2023,8312,812080,1.02
Idaho,12/30/2023,2364,12/23/2023,9263,812080,1.14
Idaho,01/06/2024,1938,12/30/2023,10898,812080,1.34
Idaho,01/13/2024,2438,01/06/2024,11048,818139,1.35
Idaho,01/20/2024,2019,01/13/2024,11120,818139,1.36
Idaho,01/27/2024,1731,01/20/2024,11916,818139,1.46
Idaho,02/03/2024,1522,01/27/2024,11788,818139,1.44
Idaho,02/10/2024,1493,02/03/2024,11618,818139,1.42
Idaho,02/17/2024,1140,02/10/2024,11543,818139,1.41
Idaho,02/24/2024,1105,02/17/2024,11294,818139,1.38
Idaho,03/02/2024,1128,02/24/2024,10857,818139,1.33
Idaho,03/09/2024,1177,03/02/2024,10438,818139,1.28
Idaho,03/16/2024,1032,03/09/2024,10095,818139,1.23
Idaho,03/23/2024,1285,03/16/2024,8989,818139,1.1
Idaho,03/30/2024,1150,03/23/2024,8377,818139,1.02
Idaho,04/06/2024,1054,03/30/2024,7895,818139,0.96
Idaho,04/13/2024,915,04/06/2024,7169,822782,0.87
Idaho,04/20/2024,977,04/13/2024,6545,822782,0.8
Idaho,04/27/2024,885,04/20/2024,6092,822782,0.74
Idaho,05/04/2024,939,04/27/2024,5744,822782,0.7
Idaho,05/11/2024,859,05/04/2024,5636,822782,0.68
Idaho,05/18/2024,782,05/11/2024,5428,822782,0.66
Idaho,05/25/2024,1042,05/18/2024,5381,822782,0.65
Idaho,06/01/2024,1199,05/25/2024,5391,822782,0.66
Idaho,06/08/2024,1024,06/01/2024,5736,822782,0.7
Idaho,06/15/2024,842,06/08/2024,5522,822782,0.67
Idaho,06/22/2024,858,06/15/2024,5438,822782,0.66
Idaho,06/29/2024,912,06/22/2024,5383,822782,0.65
Idaho,07/06/2024,1070,06/29/2024,5413,822782,0.66
Idaho,07/13/2024,868,07/06/2024,5628,828346,0.68
Idaho,07/20/2024,759,07/13/2024,5168,828346,0.62
Idaho,07/27/2024,714,07/20/2024,4948,828346,0.6
Idaho,08/03/2024,818,07/27/2024,4782,828346,0.58
Idaho,08/10/2024,792,08/03/2024,4717,828346,0.57
Idaho,08/17/2024,818,08/10/2024,4583,828346,0.55
Idaho,08/24/2024,749,08/17/2024,4360,828346,0.53
Idaho,08/31/2024,738,08/24/2024,4143,828346,0.5
Idaho,09/07/2024,761,08/31/2024,4028,828346,0.49
Idaho,09/14/2024,786,09/07/2024,3942,828346,0.48
Idaho,09/21/2024,755,09/14/2024,3919,828346,0.47
Idaho,09/28/2024,843,09/21/2024,3904,828346,0.47
Idaho,10/05/2024,822,09/28/2024,3873,828346,0.47
Idaho,10/12/2024,886,10/05/2024,3962,831813,0.48
Idaho,10/19/2024,987,10/12/2024,3986,831813,0.48
Idaho,10/26/2024,1006,10/19/2024,4175,831813,0.5
Idaho,11/02/2024,1195,10/26/2024,4321,831813,0.52
Idaho,11/09/2024,1331,11/02/2024,4543,831813,0.55
Idaho,11/16/2024,1531,11/09/2024,4935,831813,0.59
Idaho,11/23/2024,1901,11/16/2024,5370,831813,0.65
Idaho,11/30/2024,2050,11/23/2024,6097,831813,0.73
Idaho,12/07/2024,2161,11/30/2024,7324,831813,0.88
Idaho,12/14/2024,2064,12/07/2024,7489,831813,0.9
Idaho,12/21/2024,2332,12/14/2024,8272,831813,0.99
Idaho,12/28/2024,2553,12/21/2024,9206,831813,1.11
Idaho,01/04/2025,1948,12/28/2024,11504,831813,1.38
Idaho,01/11/2025,2254,01/04/2025,11909,835178,1.43
Idaho,01/18/2025,1767,01/11/2025,11123,835178,1.33
Idaho,01/25/2025,1577,01/18/2025,11310,835178,1.35
Idaho,02/01/2025,1349,01/25/2025,11670,835178,1.4
Idaho,02/08/2025,1574,02/01/2025,11537,835178,1.38
Idaho,02/15/2025,1432,02/08/2025,11821,835178,1.42
Idaho,02/22/2025,1385,02/15/2025,12091,835178,1.45
Idaho,03/01/2025,1269,02/22/2025,11914,835178,1.43
Idaho,03/08/2025,1194,03/01/2025,11177,835178,1.34
Idaho,03/15/2025,1150,03/08/2025,10340,835178,1.24
Idaho,03/22/2025,1319,03/15/2025,9428,835178,1.13
Idaho,03/29/2025,1011,03/22/2025,8944,835178,1.07
Idaho,04/05/2025,1037,03/29/2025,8014,835178,0.96
Idaho,04/12/2025,1072,04/05/2025,7307,843086,0.87
Illinois,01/04/2020,11779,12/28/2019,125348,5902475,2.12
Illinois,01/11/2020,12703,01/04/2020,136523,5910898,2.31
Illinois,01/18/2020,14807,01/11/2020,133967,5910898,2.27
Illinois,01/25/2020,9762,01/18/2020,131469,5910898,2.22
Illinois,02/01/2020,9343,01/25/2020,143239,5910898,2.42
Illinois,02/08/2020,9794,02/01/2020,130900,5910898,2.21
Illinois,02/15/2020,8045,02/08/2020,133765,5910898,2.26
Illinois,02/22/2020,11812,02/15/2020,131171,5910898,2.22
Illinois,02/29/2020,8980,02/22/2020,132123,5910898,2.24
Illinois,03/07/2020,8727,02/29/2020,136396,5910898,2.31
Illinois,03/14/2020,11305,03/07/2020,130293,5910898,2.2
Illinois,03/21/2020,126716,03/14/2020,125422,5910898,2.12
Illinois,03/28/2020,185575,03/21/2020,132058,5910898,2.23
Illinois,04/04/2020,202157,03/28/2020,263018,5910898,4.45
Illinois,04/11/2020,140787,04/04/2020,452826,5914575,7.66
Illinois,04/18/2020,118996,04/11/2020,569200,5914575,9.62
Illinois,04/25/2020,101322,04/18/2020,681002,5914575,11.51
Illinois,05/02/2020,74476,04/25/2020,695971,5914575,11.77
Illinois,05/09/2020,72671,05/02/2020,755912,5914575,12.78
Illinois,05/16/2020,72780,05/09/2020,733542,5914575,12.4
Illinois,05/23/2020,58263,05/16/2020,762367,5914575,12.89
Illinois,05/30/2020,46385,05/23/2020,719779,5914575,12.17
Illinois,06/06/2020,44606,05/30/2020,741738,5914575,12.54
Illinois,06/13/2020,44694,06/06/2020,710279,5914575,12.01
Illinois,06/20/2020,46276,06/13/2020,705839,5914575,11.93
Illinois,06/27/2020,45752,06/20/2020,676722,5914575,11.44
Illinois,07/04/2020,39015,06/27/2020,667460,5914575,11.29
Illinois,07/11/2020,38261,07/04/2020,664763,5917347,11.23
Illinois,07/18/2020,36435,07/11/2020,655951,5917347,11.09
Illinois,07/25/2020,33230,07/18/2020,648727,5917347,10.96
Illinois,08/01/2020,25274,07/25/2020,631032,5917347,10.66
Illinois,08/08/2020,22934,08/01/2020,617131,5917347,10.43
Illinois,08/15/2020,22406,08/08/2020,604288,5917347,10.21
Illinois,08/22/2020,26262,08/15/2020,593305,5917347,10.03
Illinois,08/29/2020,26194,08/22/2020,558651,5917347,9.44
Illinois,09/05/2020,25478,08/29/2020,552436,5917347,9.34
Illinois,09/12/2020,27384,09/05/2020,507880,5917347,8.58
Illinois,09/19/2020,25976,09/12/2020,536818,5917347,9.07
Illinois,09/26/2020,29390,09/19/2020,502314,5917347,8.49
Illinois,10/03/2020,36267,09/26/2020,483981,5917347,8.18
Illinois,10/10/2020,47528,10/03/2020,447060,5919664,7.55
Illinois,10/17/2020,46948,10/10/2020,402230,5919664,6.79
Illinois,10/24/2020,53138,10/17/2020,379952,5919664,6.42
Illinois,10/31/2020,73515,10/24/2020,342745,5919664,5.79
Illinois,11/07/2020,67381,10/31/2020,334962,5919644,5.66
Illinois,11/14/2020,46800,11/07/2020,346574,5919644,5.85
Illinois,11/21/2020,65596,11/14/2020,333669,5919644,5.64
Illinois,11/28/2020,74131,11/21/2020,298570,5919644,5.04
Illinois,12/05/2020,107616,11/28/2020,334287,5919644,5.65
Illinois,12/12/2020,138359,12/05/2020,330384,5919644,5.58
Illinois,12/19/2020,145054,12/12/2020,338024,5919644,5.71
Illinois,12/26/2020,110486,12/19/2020,327644,5919644,5.53
Illinois,01/02/2021,45387,12/26/2020,330503,5919644,5.58
Illinois,01/09/2021,94944,01/02/2021,349645,5729741,6.1
Illinois,01/16/2021,95472,01/09/2021,315325,5729741,5.5
Illinois,01/23/2021,95481,01/16/2021,328857,5729741,5.74
Illinois,01/30/2021,40008,01/23/2021,313539,5729741,5.47
Illinois,02/06/2021,34259,01/30/2021,292788,5729741,5.11
Illinois,02/13/2021,62369,02/06/2021,274676,5729741,4.79
Illinois,02/20/2021,68383,02/13/2021,268922,5729741,4.69
Illinois,02/27/2021,68111,02/20/2021,260091,5729741,4.54
Illinois,03/06/2021,57483,02/27/2021,249256,5729741,4.35
Illinois,03/13/2021,71175,03/06/2021,243921,5729741,4.26
Illinois,03/20/2021,15595,03/13/2021,224298,5729741,3.91
Illinois,03/27/2021,14189,03/20/2021,215164,5729741,3.76
Illinois,04/03/2021,16182,03/27/2021,246449,5729741,4.3
Illinois,04/10/2021,18986,04/03/2021,236986,5601548,4.23
Illinois,04/17/2021,15248,04/10/2021,239827,5601548,4.28
Illinois,04/24/2021,17141,04/17/2021,230735,5601548,4.12
Illinois,05/01/2021,15134,04/24/2021,227832,5601548,4.07
Illinois,05/08/2021,18355,05/01/2021,216176,5601548,3.86
Illinois,05/15/2021,17530,05/08/2021,208885,5601548,3.73
Illinois,05/22/2021,19218,05/15/2021,200064,5601548,3.57
Illinois,05/29/2021,23516,05/22/2021,202005,5601548,3.61
Illinois,06/05/2021,29231,05/29/2021,194632,5601548,3.47
Illinois,06/12/2021,28079,06/05/2021,202222,5601548,3.61
Illinois,06/19/2021,23317,06/12/2021,198886,5601548,3.55
Illinois,06/26/2021,20460,06/19/2021,203686,5601548,3.64
Illinois,07/03/2021,20464,06/26/2021,194937,5601548,3.48
Illinois,07/10/2021,22004,07/03/2021,203297,5490277,3.7
Illinois,07/17/2021,25919,07/10/2021,204032,5490277,3.72
Illinois,07/24/2021,18859,07/17/2021,201993,5490277,3.68
Illinois,07/31/2021,20019,07/24/2021,209578,5490277,3.82
Illinois,08/07/2021,21449,07/31/2021,196250,5490277,3.57
Illinois,08/14/2021,18426,08/07/2021,204418,5490277,3.72
Illinois,08/21/2021,22258,08/14/2021,187107,5490277,3.41
Illinois,08/28/2021,15546,08/21/2021,179071,5490277,3.26
Illinois,09/04/2021,15570,08/28/2021,172292,5490277,3.14
Illinois,09/11/2021,8089,09/04/2021,151876,5490277,2.77
Illinois,09/18/2021,9366,09/11/2021,147341,5490277,2.68
Illinois,09/25/2021,8292,09/18/2021,228889,5490277,4.17
Illinois,10/02/2021,6927,09/25/2021,240584,5490277,4.38
Illinois,10/09/2021,6902,10/02/2021,189085,5391602,3.51
Illinois,10/16/2021,7414,10/09/2021,146419,5391602,2.72
Illinois,10/23/2021,7719,10/16/2021,150920,5391602,2.8
Illinois,10/30/2021,8472,10/23/2021,121182,5391602,2.25
Illinois,11/06/2021,10365,10/30/2021,132796,5391602,2.46
Illinois,11/13/2021,9181,11/06/2021,105013,5391602,1.95
Illinois,11/20/2021,10606,11/13/2021,122461,5391602,2.27
Illinois,11/27/2021,10011,11/20/2021,89588,5391602,1.66
Illinois,12/04/2021,13401,11/27/2021,121270,5391602,2.25
Illinois,12/11/2021,14572,12/04/2021,95708,5391602,1.78
Illinois,12/18/2021,13251,12/11/2021,123356,5391602,2.29
Illinois,12/25/2021,13938,12/18/2021,101021,5391602,1.87
Illinois,01/01/2022,14209,12/25/2021,124546,5391602,2.31
Illinois,01/08/2022,16782,01/01/2022,113614,5494514,2.07
Illinois,01/15/2022,15150,01/08/2022,138923,5494514,2.53
Illinois,01/22/2022,11817,01/15/2022,123648,5494514,2.25
Illinois,01/29/2022,10734,01/22/2022,138302,5494514,2.52
Illinois,02/05/2022,8431,01/29/2022,119355,5494514,2.17
Illinois,02/12/2022,9919,02/05/2022,134888,5494514,2.45
Illinois,02/19/2022,10007,02/12/2022,117255,5494514,2.13
Illinois,02/26/2022,8230,02/19/2022,134430,5494514,2.45
Illinois,03/05/2022,8491,02/26/2022,115988,5494514,2.11
Illinois,03/12/2022,9156,03/05/2022,124158,5494514,2.26
Illinois,03/19/2022,6843,03/12/2022,104431,5494514,1.9
Illinois,03/26/2022,7526,03/19/2022,114576,5494514,2.09
Illinois,04/02/2022,8015,03/26/2022,94157,5494514,1.71
Illinois,04/09/2022,9263,04/02/2022,92836,5550514,1.67
Illinois,04/16/2022,7569,04/09/2022,83224,5550514,1.5
Illinois,04/23/2022,7615,04/16/2022,81873,5550514,1.48
Illinois,04/30/2022,9868,04/23/2022,71483,5550514,1.29
Illinois,05/07/2022,11093,04/30/2022,68964,5550514,1.24
Illinois,05/14/2022,12510,05/07/2022,65022,5550514,1.17
Illinois,05/21/2022,8753,05/14/2022,65697,5550514,1.18
Illinois,05/28/2022,8593,05/21/2022,67548,5550514,1.22
Illinois,06/04/2022,9420,05/28/2022,60999,5550514,1.1
Illinois,06/11/2022,11323,06/04/2022,61193,5550514,1.1
Illinois,06/18/2022,8728,06/11/2022,64421,5550514,1.16
Illinois,06/25/2022,7624,06/18/2022,69125,5550514,1.25
Illinois,07/02/2022,6116,06/25/2022,67068,5550514,1.21
Illinois,07/09/2022,6932,07/02/2022,65497,5614635,1.17
Illinois,07/16/2022,7567,07/09/2022,66359,5614635,1.18
Illinois,07/23/2022,7397,07/16/2022,67179,5614635,1.2
Illinois,07/30/2022,6364,07/23/2022,66352,5614635,1.18
Illinois,08/06/2022,6938,07/30/2022,66159,5614635,1.18
Illinois,08/13/2022,6456,08/06/2022,64822,5614635,1.15
Illinois,08/20/2022,6884,08/13/2022,65024,5614635,1.16
Illinois,08/27/2022,6395,08/20/2022,62612,5614635,1.12
Illinois,09/03/2022,6680,08/27/2022,59603,5614635,1.06
Illinois,09/10/2022,6302,09/03/2022,56355,5614635,1
Illinois,09/17/2022,6998,09/10/2022,56137,5614635,1
Illinois,09/24/2022,6219,09/17/2022,56182,5614635,1
Illinois,10/01/2022,6711,09/24/2022,56858,5614635,1.01
Illinois,10/08/2022,7516,10/01/2022,54872,5679938,0.97
Illinois,10/15/2022,7300,10/08/2022,55661,5679938,0.98
Illinois,10/22/2022,8316,10/15/2022,57225,5679938,1.01
Illinois,10/29/2022,8773,10/22/2022,57296,5679938,1.01
Illinois,11/05/2022,9818,10/29/2022,59407,5679938,1.05
Illinois,11/12/2022,9584,11/05/2022,58592,5679938,1.03
Illinois,11/19/2022,16170,11/12/2022,64675,5679938,1.14
Illinois,11/26/2022,11202,11/19/2022,61074,5679938,1.08
Illinois,12/03/2022,16285,11/26/2022,78613,5679938,1.38
Illinois,12/10/2022,16423,12/03/2022,74447,5679938,1.31
Illinois,12/17/2022,15797,12/10/2022,87585,5679938,1.54
Illinois,12/24/2022,16686,12/17/2022,86980,5679938,1.53
Illinois,12/31/2022,13247,12/24/2022,98076,5679938,1.73
Illinois,01/07/2023,13370,12/31/2022,104649,5679938,1.84
Illinois,01/14/2023,12133,01/07/2023,112708,5737957,1.96
Illinois,01/21/2023,9473,01/14/2023,114455,5737957,1.99
Illinois,01/28/2023,9771,01/21/2023,110131,5737957,1.92
Illinois,02/04/2023,11304,01/28/2023,116798,5737957,2.04
Illinois,02/11/2023,9348,02/04/2023,112042,5737957,1.95
Illinois,02/18/2023,9049,02/11/2023,120796,5737957,2.11
Illinois,02/25/2023,9376,02/18/2023,114012,5737957,1.99
Illinois,03/04/2023,8623,02/25/2023,117503,5737957,2.05
Illinois,03/11/2023,9236,03/04/2023,111796,5737957,1.95
Illinois,03/18/2023,8151,03/11/2023,113997,5737957,1.99
Illinois,03/25/2023,7976,03/18/2023,109666,5737957,1.91
Illinois,04/01/2023,9909,03/25/2023,109700,5737957,1.91
Illinois,04/08/2023,9500,04/01/2023,102512,5797348,1.77
Illinois,04/15/2023,8926,04/08/2023,104266,5797348,1.8
Illinois,04/22/2023,11408,04/15/2023,95198,5797348,1.64
Illinois,04/29/2023,8715,04/22/2023,88895,5797348,1.53
Illinois,05/06/2023,8402,04/29/2023,90909,5797348,1.57
Illinois,05/13/2023,9270,05/06/2023,83363,5797348,1.44
Illinois,05/20/2023,8270,05/13/2023,81968,5797348,1.41
Illinois,05/27/2023,9387,05/20/2023,82704,5797348,1.43
Illinois,06/03/2023,9707,05/27/2023,80017,5797348,1.38
Illinois,06/10/2023,10801,06/03/2023,80313,5797348,1.39
Illinois,06/17/2023,9924,06/10/2023,85699,5797348,1.48
Illinois,06/24/2023,8658,06/17/2023,86307,5797348,1.49
Illinois,07/01/2023,9351,06/24/2023,89634,5797348,1.55
Illinois,07/08/2023,9180,07/01/2023,87152,5836524,1.49
Illinois,07/15/2023,8135,07/08/2023,92463,5836524,1.58
Illinois,07/22/2023,7561,07/15/2023,91653,5836524,1.57
Illinois,07/29/2023,8284,07/22/2023,91287,5836524,1.56
Illinois,08/05/2023,8292,07/29/2023,86629,5836524,1.48
Illinois,08/12/2023,9061,08/05/2023,91102,5836524,1.56
Illinois,08/19/2023,7795,08/12/2023,89027,5836524,1.53
Illinois,08/26/2023,7462,08/19/2023,91764,5836524,1.57
Illinois,09/02/2023,7521,08/26/2023,85116,5836524,1.46
Illinois,09/09/2023,7653,09/02/2023,81341,5836524,1.39
Illinois,09/16/2023,8063,09/09/2023,79704,5836524,1.37
Illinois,09/23/2023,7862,09/16/2023,79717,5836524,1.37
Illinois,09/30/2023,7370,09/23/2023,78889,5836524,1.35
Illinois,10/07/2023,9214,09/30/2023,78474,5836524,1.34
Illinois,10/14/2023,8246,10/07/2023,76865,5876170,1.31
Illinois,10/21/2023,8624,10/14/2023,81141,5876170,1.38
Illinois,10/28/2023,9045,10/21/2023,78437,5876170,1.33
Illinois,11/04/2023,10140,10/28/2023,81302,5876170,1.38
Illinois,11/11/2023,9455,11/04/2023,78799,5876170,1.34
Illinois,11/18/2023,10814,11/11/2023,85101,5876170,1.45
Illinois,11/25/2023,10751,11/18/2023,79354,5876170,1.35
Illinois,12/02/2023,15106,11/25/2023,91758,5876170,1.56
Illinois,12/09/2023,13856,12/02/2023,93379,5876170,1.59
Illinois,12/16/2023,13518,12/09/2023,103045,5876170,1.75
Illinois,12/23/2023,14542,12/16/2023,104024,5876170,1.77
Illinois,12/30/2023,13937,12/23/2023,111456,5876170,1.9
Illinois,01/06/2024,12890,12/30/2023,116297,5876170,1.98
Illinois,01/13/2024,12668,01/06/2024,131949,5901410,2.24
Illinois,01/20/2024,12261,01/13/2024,127138,5901410,2.15
Illinois,01/27/2024,9983,01/20/2024,133201,5901410,2.26
Illinois,02/03/2024,10595,01/27/2024,135884,5901410,2.3
Illinois,02/10/2024,9382,02/03/2024,131722,5901410,2.23
Illinois,02/17/2024,7951,02/10/2024,133160,5901410,2.26
Illinois,02/24/2024,8046,02/17/2024,130441,5901410,2.21
Illinois,03/02/2024,8123,02/24/2024,129804,5901410,2.2
Illinois,03/09/2024,8106,03/02/2024,127192,5901410,2.16
Illinois,03/16/2024,7480,03/09/2024,124840,5901410,2.12
Illinois,03/23/2024,8268,03/16/2024,121513,5901410,2.06
Illinois,03/30/2024,9463,03/23/2024,116778,5901410,1.98
Illinois,04/06/2024,9491,03/30/2024,114835,5901410,1.95
Illinois,04/13/2024,7918,04/06/2024,113703,5918407,1.92
Illinois,04/20/2024,7444,04/13/2024,109632,5918407,1.85
Illinois,04/27/2024,8671,04/20/2024,97726,5918407,1.65
Illinois,05/04/2024,10507,04/27/2024,97996,5918407,1.66
Illinois,05/11/2024,7940,05/04/2024,91589,5918407,1.55
Illinois,05/18/2024,8173,05/11/2024,97194,5918407,1.64
Illinois,05/25/2024,8923,05/18/2024,90925,5918407,1.54
Illinois,06/01/2024,9141,05/25/2024,90886,5918407,1.54
Illinois,06/08/2024,11406,06/01/2024,88220,5918407,1.49
Illinois,06/15/2024,9940,06/08/2024,93676,5918407,1.58
Illinois,06/22/2024,7823,06/15/2024,93531,5918407,1.58
Illinois,06/29/2024,8906,06/22/2024,97870,5918407,1.65
Illinois,07/06/2024,9470,06/29/2024,92485,5918407,1.56
Illinois,07/13/2024,9574,07/06/2024,98760,5927176,1.67
Illinois,07/20/2024,8409,07/13/2024,100392,5927176,1.69
Illinois,07/27/2024,7817,07/20/2024,99391,5927176,1.68
Illinois,08/03/2024,8396,07/27/2024,97860,5927176,1.65
Illinois,08/10/2024,8593,08/03/2024,96117,5927176,1.62
Illinois,08/17/2024,8199,08/10/2024,96691,5927176,1.63
Illinois,08/24/2024,7970,08/17/2024,96825,5927176,1.63
Illinois,08/31/2024,8092,08/24/2024,92104,5927176,1.55
Illinois,09/07/2024,7342,08/31/2024,88247,5927176,1.49
Illinois,09/14/2024,7498,09/07/2024,86818,5927176,1.46
Illinois,09/21/2024,7545,09/14/2024,86370,5927176,1.46
Illinois,09/28/2024,7818,09/21/2024,84561,5927176,1.43
Illinois,10/05/2024,8780,09/28/2024,83921,5927176,1.42
Illinois,10/12/2024,8102,10/05/2024,83046,5934836,1.4
Illinois,10/19/2024,7669,10/12/2024,84573,5934836,1.43
Illinois,10/26/2024,8735,10/19/2024,84142,5934836,1.42
Illinois,11/02/2024,8948,10/26/2024,85060,5934836,1.43
Illinois,11/09/2024,10071,11/02/2024,85735,5934836,1.44
Illinois,11/16/2024,10231,11/09/2024,87070,5934836,1.47
Illinois,11/23/2024,13045,11/16/2024,91185,5934836,1.54
Illinois,11/30/2024,11351,11/23/2024,87134,5934836,1.47
Illinois,12/07/2024,18777,11/30/2024,103389,5934836,1.74
Illinois,12/14/2024,15258,12/07/2024,101902,5934836,1.72
Illinois,12/21/2024,16599,12/14/2024,119875,5934836,2.02
Illinois,12/28/2024,16722,12/21/2024,109665,5934836,1.85
Illinois,01/04/2025,13297,12/28/2024,130837,5934836,2.2
Illinois,01/11/2025,18931,01/04/2025,140112,5939195,2.36
Illinois,01/18/2025,13627,01/11/2025,141139,5939195,2.38
Illinois,01/25/2025,10407,01/18/2025,144522,5939195,2.43
Illinois,02/01/2025,10535,01/25/2025,143143,5939195,2.41
Illinois,02/08/2025,9560,02/01/2025,137997,5939195,2.32
Illinois,02/15/2025,9527,02/08/2025,139751,5939195,2.35
Illinois,02/22/2025,11066,02/15/2025,135561,5939195,2.28
Illinois,03/01/2025,10015,02/22/2025,139781,5939195,2.35
Illinois,03/08/2025,10013,03/01/2025,137117,5939195,2.31
Illinois,03/15/2025,8648,03/08/2025,133758,5939195,2.25
Illinois,03/22/2025,8954,03/15/2025,127849,5939195,2.15
Illinois,03/29/2025,10240,03/22/2025,122313,5939195,2.06
Illinois,04/05/2025,10615,03/29/2025,117754,5939195,1.98
Illinois,04/12/2025,9295,04/05/2025,116562,5945417,1.96
Indiana,01/04/2020,4434,12/28/2019,20062,3034091,0.66
Indiana,01/11/2020,4890,01/04/2020,21524,3039304,0.71
Indiana,01/18/2020,3741,01/11/2020,21626,3039304,0.71
Indiana,01/25/2020,2956,01/18/2020,21366,3039304,0.7
Indiana,02/01/2020,3016,01/25/2020,22017,3039304,0.72
Indiana,02/08/2020,2725,02/01/2020,22212,3039304,0.73
Indiana,02/15/2020,2556,02/08/2020,22352,3039304,0.74
Indiana,02/22/2020,2979,02/15/2020,22913,3039304,0.75
Indiana,02/29/2020,2276,02/22/2020,22994,3039304,0.76
Indiana,03/07/2020,2223,02/29/2020,22586,3039304,0.74
Indiana,03/14/2020,2596,03/07/2020,21473,3039304,0.71
Indiana,03/21/2020,59755,03/14/2020,20778,3039304,0.68
Indiana,03/28/2020,139174,03/21/2020,28987,3039304,0.95
Indiana,04/04/2020,127010,03/28/2020,71737,3039304,2.36
Indiana,04/11/2020,113755,04/04/2020,147583,3041986,4.85
Indiana,04/18/2020,72756,04/11/2020,206386,3041986,6.78
Indiana,04/25/2020,55774,04/18/2020,253929,3041986,8.35
Indiana,05/02/2020,42290,04/25/2020,271248,3041986,8.92
Indiana,05/09/2020,29668,05/02/2020,285460,3041986,9.38
Indiana,05/16/2020,29436,05/09/2020,270385,3041986,8.89
Indiana,05/23/2020,25523,05/16/2020,253536,3041986,8.33
Indiana,05/30/2020,22914,05/23/2020,233869,3041986,7.69
Indiana,06/06/2020,22931,05/30/2020,221056,3041986,7.27
Indiana,06/13/2020,24017,06/06/2020,211255,3041986,6.94
Indiana,06/20/2020,29331,06/13/2020,201242,3041986,6.62
Indiana,06/27/2020,44827,06/20/2020,191288,3041986,6.29
Indiana,07/04/2020,22102,06/27/2020,183968,3041986,6.05
Indiana,07/11/2020,28360,07/04/2020,190169,3046268,6.24
Indiana,07/18/2020,17911,07/11/2020,190854,3046268,6.27
Indiana,07/25/2020,20129,07/18/2020,228226,3046268,7.49
Indiana,08/01/2020,12551,07/25/2020,223895,3046268,7.35
Indiana,08/08/2020,10624,08/01/2020,199336,3046268,6.54
Indiana,08/15/2020,11569,08/08/2020,183083,3046268,6.01
Indiana,08/22/2020,10597,08/15/2020,170341,3046268,5.59
Indiana,08/29/2020,10779,08/22/2020,164569,3046268,5.4
Indiana,09/05/2020,11255,08/29/2020,158742,3046268,5.21
Indiana,09/12/2020,13245,09/05/2020,164615,3046268,5.4
Indiana,09/19/2020,11702,09/12/2020,161143,3046268,5.29
Indiana,09/26/2020,10209,09/19/2020,150463,3046268,4.94
Indiana,10/03/2020,10076,09/26/2020,129538,3046268,4.25
Indiana,10/10/2020,17916,10/03/2020,118930,3034402,3.92
Indiana,10/17/2020,15421,10/10/2020,113496,3034402,3.74
Indiana,10/24/2020,13407,10/17/2020,103977,3034402,3.43
Indiana,10/31/2020,13413,10/24/2020,96385,3034402,3.18
Indiana,11/07/2020,14111,10/31/2020,87474,3034402,2.88
Indiana,11/14/2020,15422,11/07/2020,81938,3034402,2.7
Indiana,11/21/2020,18829,11/14/2020,84966,3034402,2.8
Indiana,11/28/2020,20575,11/21/2020,78674,3034402,2.59
Indiana,12/05/2020,23622,11/28/2020,84790,3034402,2.79
Indiana,12/12/2020,15702,12/05/2020,78703,3034402,2.59
Indiana,12/19/2020,12234,12/12/2020,73506,3034402,2.42
Indiana,12/26/2020,12013,12/19/2020,73868,3034402,2.43
Indiana,01/02/2021,14796,12/26/2020,80503,3034402,2.65
Indiana,01/09/2021,17724,01/02/2021,93981,2948676,3.19
Indiana,01/16/2021,14255,01/09/2021,91907,2948676,3.12
Indiana,01/23/2021,13354,01/16/2021,95058,2948676,3.22
Indiana,01/30/2021,12539,01/23/2021,81870,2948676,2.78
Indiana,02/06/2021,13508,01/30/2021,79295,2948676,2.69
Indiana,02/13/2021,12287,02/06/2021,77782,2948676,2.64
Indiana,02/20/2021,9735,02/13/2021,73668,2948676,2.5
Indiana,02/27/2021,10081,02/20/2021,72770,2948676,2.47
Indiana,03/06/2021,9237,02/27/2021,69343,2948676,2.35
Indiana,03/13/2021,13965,03/06/2021,65352,2948676,2.22
Indiana,03/20/2021,13045,03/13/2021,59186,2948676,2.01
Indiana,03/27/2021,9260,03/20/2021,58181,2948676,1.97
Indiana,04/03/2021,8071,03/27/2021,55558,2948676,1.88
Indiana,04/10/2021,9542,04/03/2021,57103,2909474,1.96
Indiana,04/17/2021,14026,04/10/2021,58333,2909474,2
Indiana,04/24/2021,14507,04/17/2021,59616,2909474,2.05
Indiana,05/01/2021,8581,04/24/2021,64342,2909474,2.21
Indiana,05/08/2021,7786,05/01/2021,64930,2909474,2.23
Indiana,05/15/2021,6957,05/08/2021,57689,2909474,1.98
Indiana,05/22/2021,6152,05/15/2021,55907,2909474,1.92
Indiana,05/29/2021,5940,05/22/2021,54919,2909474,1.89
Indiana,06/05/2021,5106,05/29/2021,53378,2909474,1.83
Indiana,06/12/2021,4594,06/05/2021,53670,2909474,1.84
Indiana,06/19/2021,5030,06/12/2021,50535,2909474,1.74
Indiana,06/26/2021,6371,06/19/2021,47470,2909474,1.63
Indiana,07/03/2021,5465,06/26/2021,58694,2909474,2.02
Indiana,07/10/2021,6608,07/03/2021,51877,2879383,1.8
Indiana,07/17/2021,6370,07/10/2021,54149,2879383,1.88
Indiana,07/24/2021,6106,07/17/2021,45203,2879383,1.57
Indiana,07/31/2021,9678,07/24/2021,42979,2879383,1.49
Indiana,08/07/2021,7101,07/31/2021,46158,2879383,1.6
Indiana,08/14/2021,6531,08/07/2021,42628,2879383,1.48
Indiana,08/21/2021,6254,08/14/2021,43282,2879383,1.5
Indiana,08/28/2021,5574,08/21/2021,38129,2879383,1.32
Indiana,09/04/2021,5889,08/28/2021,38652,2879383,1.34
Indiana,09/11/2021,3957,09/04/2021,33707,2879383,1.17
Indiana,09/18/2021,3867,09/11/2021,42790,2879383,1.49
Indiana,09/25/2021,3433,09/18/2021,40054,2879383,1.39
Indiana,10/02/2021,3432,09/25/2021,37195,2879383,1.29
Indiana,10/09/2021,3741,10/02/2021,35447,2853808,1.24
Indiana,10/16/2021,3322,10/09/2021,30717,2853808,1.08
Indiana,10/23/2021,3137,10/16/2021,28577,2853808,1
Indiana,10/30/2021,3230,10/23/2021,27945,2853808,0.98
Indiana,11/06/2021,3574,10/30/2021,28785,2853808,1.01
Indiana,11/13/2021,3798,11/06/2021,28405,2853808,1
Indiana,11/20/2021,3566,11/13/2021,26895,2853808,0.94
Indiana,11/27/2021,3203,11/20/2021,22940,2853808,0.8
Indiana,12/04/2021,5763,11/27/2021,29179,2853808,1.02
Indiana,12/11/2021,4481,12/04/2021,26230,2853808,0.92
Indiana,12/18/2021,4834,12/11/2021,26398,2853808,0.93
Indiana,12/25/2021,6199,12/18/2021,26086,2853808,0.91
Indiana,01/01/2022,6452,12/25/2021,29757,2853808,1.04
Indiana,01/08/2022,11926,01/01/2022,32722,2670872,1.23
Indiana,01/15/2022,9023,01/08/2022,32439,2670872,1.21
Indiana,01/22/2022,6793,01/15/2022,31318,2670872,1.17
Indiana,01/29/2022,7732,01/22/2022,33180,2670872,1.24
Indiana,02/05/2022,5972,01/29/2022,32063,2670872,1.2
Indiana,02/12/2022,5403,02/05/2022,31880,2670872,1.19
Indiana,02/19/2022,4363,02/12/2022,29085,2670872,1.09
Indiana,02/26/2022,3689,02/19/2022,28123,2670872,1.05
Indiana,03/05/2022,3295,02/26/2022,26578,2670872,1
Indiana,03/12/2022,3508,03/05/2022,25490,2670872,0.95
Indiana,03/19/2022,3274,03/12/2022,23394,2670872,0.88
Indiana,03/26/2022,3226,03/19/2022,21993,2670872,0.82
Indiana,04/02/2022,3383,03/26/2022,21312,2670872,0.8
Indiana,04/09/2022,6576,04/02/2022,21762,2697283,0.81
Indiana,04/16/2022,5758,04/09/2022,23849,2697283,0.88
Indiana,04/23/2022,6399,04/16/2022,23327,2697283,0.86
Indiana,04/30/2022,5779,04/23/2022,20459,2697283,0.76
Indiana,05/07/2022,4438,04/30/2022,18646,2697283,0.69
Indiana,05/14/2022,4257,05/07/2022,17707,2697283,0.66
Indiana,05/21/2022,3865,05/14/2022,17994,2697283,0.67
Indiana,05/28/2022,3439,05/21/2022,17341,2697283,0.64
Indiana,06/04/2022,3315,05/28/2022,17109,2697283,0.63
Indiana,06/11/2022,3626,06/04/2022,17104,2697283,0.63
Indiana,06/18/2022,4314,06/11/2022,16103,2697283,0.6
Indiana,06/25/2022,3839,06/18/2022,17881,2697283,0.66
Indiana,07/02/2022,4914,06/25/2022,17273,2697283,0.64
Indiana,07/09/2022,7148,07/02/2022,20501,2721936,0.75
Indiana,07/16/2022,5283,07/09/2022,19411,2721936,0.71
Indiana,07/23/2022,4013,07/16/2022,18113,2721936,0.67
Indiana,07/30/2022,4036,07/23/2022,19488,2721936,0.72
Indiana,08/06/2022,4618,07/30/2022,17703,2721936,0.65
Indiana,08/13/2022,5309,08/06/2022,20661,2721936,0.76
Indiana,08/20/2022,4046,08/13/2022,18694,2721936,0.69
Indiana,08/27/2022,3323,08/20/2022,18767,2721936,0.69
Indiana,09/03/2022,3933,08/27/2022,24433,2721936,0.9
Indiana,09/10/2022,4671,09/03/2022,23117,2721936,0.85
Indiana,09/17/2022,3568,09/10/2022,18866,2721936,0.69
Indiana,09/24/2022,3110,09/17/2022,17447,2721936,0.64
Indiana,10/01/2022,2978,09/24/2022,19724,2721936,0.72
Indiana,10/08/2022,4649,10/01/2022,18296,2748578,0.67
Indiana,10/15/2022,3490,10/08/2022,18040,2748578,0.66
Indiana,10/22/2022,3454,10/15/2022,17360,2748578,0.63
Indiana,10/29/2022,3757,10/22/2022,17485,2748578,0.64
Indiana,11/05/2022,4985,10/29/2022,20478,2748578,0.75
Indiana,11/12/2022,3849,11/05/2022,18002,2748578,0.65
Indiana,11/19/2022,4234,11/12/2022,17814,2748578,0.65
Indiana,11/26/2022,3702,11/19/2022,18650,2748578,0.68
Indiana,12/03/2022,6168,11/26/2022,26097,2748578,0.95
Indiana,12/10/2022,4633,12/03/2022,23693,2748578,0.86
Indiana,12/17/2022,4545,12/10/2022,21595,2748578,0.79
Indiana,12/24/2022,5591,12/17/2022,23043,2748578,0.84
Indiana,12/31/2022,6682,12/24/2022,29901,2748578,1.09
Indiana,01/07/2023,6934,12/31/2022,30735,3023012,1.02
Indiana,01/14/2023,5469,01/07/2023,34266,3023012,1.13
Indiana,01/21/2023,4216,01/14/2023,31699,3023012,1.05
Indiana,01/28/2023,4225,01/21/2023,32137,3023012,1.06
Indiana,02/04/2023,4500,01/28/2023,32407,3023012,1.07
Indiana,02/11/2023,4149,02/04/2023,33029,3023012,1.09
Indiana,02/18/2023,3329,02/11/2023,28235,3023012,0.93
Indiana,02/25/2023,3231,02/18/2023,26674,3023012,0.88
Indiana,03/04/2023,3572,02/25/2023,26026,3023012,0.86
Indiana,03/11/2023,4272,03/04/2023,26905,3023012,0.89
Indiana,03/18/2023,3838,03/11/2023,25625,3023012,0.85
Indiana,03/25/2023,1279,03/18/2023,24737,3023012,0.82
Indiana,04/01/2023,5736,03/25/2023,23368,3023012,0.77
Indiana,04/08/2023,4810,04/01/2023,26612,3051438,0.87
Indiana,04/15/2023,3294,04/08/2023,25247,3051438,0.83
Indiana,04/22/2023,2989,04/15/2023,20721,3051438,0.68
Indiana,04/29/2023,3053,04/22/2023,20774,3051438,0.68
Indiana,05/06/2023,3568,04/29/2023,21072,3051438,0.69
Indiana,05/13/2023,2915,05/06/2023,19757,3051438,0.65
Indiana,05/20/2023,2837,05/13/2023,19441,3051438,0.64
Indiana,05/27/2023,2940,05/20/2023,19842,3051438,0.65
Indiana,06/03/2023,3199,05/27/2023,19628,3051438,0.64
Indiana,06/10/2023,4790,06/03/2023,22868,3051438,0.75
Indiana,06/17/2023,2807,06/10/2023,20118,3051438,0.66
Indiana,06/24/2023,2955,06/17/2023,19733,3051438,0.65
Indiana,07/01/2023,4504,06/24/2023,22260,3051438,0.73
Indiana,07/08/2023,5033,07/01/2023,24820,3051438,0.81
Indiana,07/15/2023,3673,07/08/2023,22615,3051438,0.74
Indiana,07/22/2023,3081,07/15/2023,21191,3051438,0.69
Indiana,07/29/2023,2720,07/22/2023,19558,3072649,0.64
Indiana,08/05/2023,3478,07/29/2023,19459,3072649,0.63
Indiana,08/12/2023,3216,08/05/2023,20709,3072649,0.67
Indiana,08/19/2023,2731,08/12/2023,20384,3072649,0.66
Indiana,08/26/2023,2603,08/19/2023,20398,3072649,0.66
Indiana,09/02/2023,3296,08/26/2023,19395,3072649,0.63
Indiana,09/09/2023,5923,09/02/2023,23196,3072649,0.75
Indiana,09/16/2023,3162,09/09/2023,23558,3072649,0.77
Indiana,09/23/2023,2457,09/16/2023,18914,3072649,0.62
Indiana,09/30/2023,2763,09/23/2023,19101,3090258,0.62
Indiana,10/07/2023,3284,09/30/2023,19531,3090258,0.63
Indiana,10/14/2023,3023,10/07/2023,19871,3090258,0.64
Indiana,10/21/2023,3065,10/14/2023,19825,3090258,0.64
Indiana,10/28/2023,2818,10/21/2023,19593,3090258,0.63
Indiana,11/04/2023,3233,10/28/2023,20800,3090258,0.67
Indiana,11/11/2023,3806,11/04/2023,21493,3090258,0.7
Indiana,11/18/2023,3359,11/11/2023,20417,3090258,0.66
Indiana,11/25/2023,2885,11/18/2023,20413,3090258,0.66
Indiana,12/02/2023,5123,11/25/2023,25288,3090258,0.82
Indiana,12/09/2023,3765,12/02/2023,22432,3090258,0.73
Indiana,12/16/2023,3766,12/09/2023,22482,3090258,0.73
Indiana,12/23/2023,4411,12/16/2023,23473,3090258,0.76
Indiana,12/30/2023,4956,12/23/2023,27136,3106228,0.87
Indiana,01/06/2024,4925,12/30/2023,27770,3106228,0.89
Indiana,01/13/2024,5237,01/06/2024,29271,3106228,0.94
Indiana,01/20/2024,3996,01/13/2024,27005,3106228,0.87
Indiana,01/27/2024,4078,01/20/2024,28011,3106228,0.9
Indiana,02/03/2024,3503,01/27/2024,28447,3106228,0.92
Indiana,02/10/2024,3221,02/03/2024,27757,3106228,0.89
Indiana,02/17/2024,2861,02/10/2024,27131,3106228,0.87
Indiana,02/24/2024,2594,02/17/2024,26379,3106228,0.85
Indiana,03/02/2024,2451,02/24/2024,25154,3106228,0.81
Indiana,03/09/2024,2878,03/02/2024,26237,3106228,0.84
Indiana,03/16/2024,2450,03/09/2024,24399,3106228,0.79
Indiana,03/23/2024,3137,03/16/2024,23862,3106228,0.77
Indiana,03/30/2024,2791,03/23/2024,23988,3112941,0.77
Indiana,04/06/2024,2643,03/30/2024,23975,3112941,0.77
Indiana,04/13/2024,3083,04/06/2024,23195,3112941,0.75
Indiana,04/20/2024,2453,04/13/2024,21745,3112941,0.7
Indiana,04/27/2024,2344,04/20/2024,20331,3112941,0.65
Indiana,05/04/2024,4711,04/27/2024,19795,3112941,0.64
Indiana,05/11/2024,3632,05/04/2024,22119,3112941,0.71
Indiana,05/18/2024,2527,05/11/2024,20140,3112941,0.65
Indiana,05/25/2024,2595,05/18/2024,19458,3112941,0.63
Indiana,06/01/2024,2339,05/25/2024,19395,3112941,0.62
Indiana,06/08/2024,3442,06/01/2024,20168,3112941,0.65
Indiana,06/15/2024,3087,06/08/2024,19509,3112941,0.63
Indiana,06/22/2024,2967,06/15/2024,19369,3112941,0.62
Indiana,06/29/2024,2894,06/22/2024,19084,3118345,0.61
Indiana,07/06/2024,5729,06/29/2024,22754,3118345,0.73
Indiana,07/13/2024,4322,07/06/2024,22019,3118345,0.71
Indiana,07/20/2024,3045,07/13/2024,23222,3118345,0.74
Indiana,07/27/2024,2733,07/20/2024,20275,3118345,0.65
Indiana,08/03/2024,2751,07/27/2024,19820,3118345,0.64
Indiana,08/10/2024,2831,08/03/2024,20129,3118345,0.65
Indiana,08/17/2024,3685,08/10/2024,20394,3118345,0.65
Indiana,08/24/2024,3880,08/17/2024,21156,3118345,0.68
Indiana,08/31/2024,3084,08/24/2024,21828,3118345,0.7
Indiana,09/07/2024,3195,08/31/2024,21967,3118345,0.7
Indiana,09/14/2024,3045,09/07/2024,21060,3118345,0.68
Indiana,09/21/2024,2640,09/14/2024,20311,3118345,0.65
Indiana,09/28/2024,3297,09/21/2024,20383,3123996,0.65
Indiana,10/05/2024,5910,09/28/2024,23703,3123996,0.76
Indiana,10/12/2024,3737,10/05/2024,20932,3123996,0.67
Indiana,10/19/2024,3082,10/12/2024,20745,3123996,0.66
Indiana,10/26/2024,3152,10/19/2024,21386,3123996,0.68
Indiana,11/02/2024,2979,10/26/2024,20802,3123996,0.67
Indiana,11/09/2024,4047,11/02/2024,22404,3123996,0.72
Indiana,11/16/2024,2926,11/09/2024,21358,3123996,0.68
Indiana,11/23/2024,3235,11/16/2024,20923,3123996,0.67
Indiana,11/30/2024,2883,11/23/2024,20931,3123996,0.67
Indiana,12/07/2024,5319,11/30/2024,24224,3123996,0.78
Indiana,12/14/2024,3846,12/07/2024,23610,3123996,0.76
Indiana,12/21/2024,3726,12/14/2024,24094,3123996,0.77
Indiana,12/28/2024,3675,12/21/2024,24631,3123996,0.79
Indiana,01/04/2025,5294,12/28/2024,28033,3123996,0.9
Indiana,01/11/2025,5904,01/04/2025,30829,3129126,0.99
Indiana,01/18/2025,4591,01/11/2025,29825,3129126,0.95
Indiana,01/25/2025,3617,01/18/2025,29956,3129126,0.96
Indiana,02/01/2025,3489,01/25/2025,30247,3129126,0.97
Indiana,02/08/2025,3107,02/01/2025,28861,3129126,0.92
Indiana,02/15/2025,3087,02/08/2025,30846,3129126,0.99
Indiana,02/22/2025,3062,02/15/2025,28908,3129126,0.92
Indiana,03/01/2025,2963,02/22/2025,26542,3129126,0.85
Indiana,03/08/2025,2778,03/01/2025,27737,3129126,0.89
Indiana,03/15/2025,2366,03/08/2025,26606,3129126,0.85
Indiana,03/22/2025,2550,03/15/2025,25133,3129126,0.8
Indiana,03/29/2025,2485,03/22/2025,24235,3129126,0.77
Indiana,04/05/2025,2496,03/29/2025,23445,3129126,0.75
Indiana,04/12/2025,3104,04/05/2025,22840,3134343,0.73
Iowa,01/04/2020,4586,12/28/2019,34549,1529213,2.26
Iowa,01/11/2020,4836,01/04/2020,34540,1530920,2.26
Iowa,01/18/2020,3615,01/11/2020,29625,1530920,1.94
Iowa,01/25/2020,3115,01/18/2020,30369,1530920,1.98
Iowa,02/01/2020,3066,01/25/2020,30890,1530920,2.02
Iowa,02/08/2020,2379,02/01/2020,30789,1530920,2.01
Iowa,02/15/2020,2239,02/08/2020,30799,1530920,2.01
Iowa,02/22/2020,2631,02/15/2020,30741,1530920,2.01
Iowa,02/29/2020,2240,02/22/2020,30516,1530920,1.99
Iowa,03/07/2020,2221,02/29/2020,29424,1530920,1.92
Iowa,03/14/2020,2229,03/07/2020,27816,1530920,1.82
Iowa,03/21/2020,40952,03/14/2020,26496,1530920,1.73
Iowa,03/28/2020,55966,03/21/2020,53650,1530920,3.5
Iowa,04/04/2020,64194,03/28/2020,91631,1530920,5.99
Iowa,04/11/2020,43889,04/04/2020,127332,1531621,8.31
Iowa,04/18/2020,26901,04/11/2020,150445,1531621,9.82
Iowa,04/25/2020,27220,04/18/2020,168971,1531621,11.03
Iowa,05/02/2020,23241,04/25/2020,179610,1531621,11.73
Iowa,05/09/2020,15820,05/02/2020,189643,1531621,12.38
Iowa,05/16/2020,12056,05/09/2020,184641,1531621,12.06
Iowa,05/23/2020,13723,05/16/2020,178559,1531621,11.66
Iowa,05/30/2020,6449,05/23/2020,162562,1531621,10.61
Iowa,06/06/2020,9488,05/30/2020,158268,1531621,10.33
Iowa,06/13/2020,9069,06/06/2020,152739,1531621,9.97
Iowa,06/20/2020,8208,06/13/2020,152781,1531621,9.98
Iowa,06/27/2020,7732,06/20/2020,141748,1531621,9.25
Iowa,07/04/2020,9957,06/27/2020,134215,1531621,8.76
Iowa,07/11/2020,10653,07/04/2020,134284,1532562,8.76
Iowa,07/18/2020,8807,07/11/2020,115930,1532562,7.56
Iowa,07/25/2020,6970,07/18/2020,110042,1532562,7.18
Iowa,08/01/2020,6314,07/25/2020,104316,1532562,6.81
Iowa,08/08/2020,4888,08/01/2020,92100,1532562,6.01
Iowa,08/15/2020,5997,08/08/2020,82442,1532562,5.38
Iowa,08/22/2020,6384,08/15/2020,83312,1532562,5.44
Iowa,08/29/2020,5914,08/22/2020,75877,1532562,4.95
Iowa,09/05/2020,5252,08/29/2020,70953,1532562,4.63
Iowa,09/12/2020,4652,09/05/2020,65422,1532562,4.27
Iowa,09/19/2020,6117,09/12/2020,62938,1532562,4.11
Iowa,09/26/2020,4616,09/19/2020,58419,1532562,3.81
Iowa,10/03/2020,4288,09/26/2020,51560,1532562,3.36
Iowa,10/10/2020,4192,10/03/2020,46409,1535919,3.02
Iowa,10/17/2020,4215,10/10/2020,42103,1535919,2.74
Iowa,10/24/2020,4351,10/17/2020,39825,1535919,2.59
Iowa,10/31/2020,4609,10/24/2020,36982,1535919,2.41
Iowa,11/07/2020,5217,10/31/2020,35213,1535919,2.29
Iowa,11/14/2020,5992,11/07/2020,34802,1535919,2.27
Iowa,11/21/2020,8930,11/14/2020,36802,1535919,2.4
Iowa,11/28/2020,5357,11/21/2020,33712,1535919,2.19
Iowa,12/05/2020,10112,11/28/2020,42382,1535919,2.76
Iowa,12/12/2020,6526,12/05/2020,38118,1535919,2.48
Iowa,12/19/2020,7271,12/12/2020,37492,1535919,2.44
Iowa,12/26/2020,7141,12/19/2020,38023,1535919,2.48
Iowa,01/02/2021,7855,12/26/2020,43165,1535919,2.81
Iowa,01/09/2021,7366,01/02/2021,48553,1498396,3.24
Iowa,01/16/2021,6380,01/09/2021,46014,1498396,3.07
Iowa,01/23/2021,5251,01/16/2021,46303,1498396,3.09
Iowa,01/30/2021,5778,01/23/2021,45803,1498396,3.06
Iowa,02/06/2021,6120,01/30/2021,48028,1498396,3.21
Iowa,02/13/2021,5988,02/06/2021,46963,1498396,3.13
Iowa,02/20/2021,5192,02/13/2021,48758,1498396,3.25
Iowa,02/27/2021,4216,02/20/2021,48389,1498396,3.23
Iowa,03/06/2021,5182,02/27/2021,44013,1498396,2.94
Iowa,03/13/2021,5750,03/06/2021,40145,1498396,2.68
Iowa,03/20/2021,5129,03/13/2021,37540,1498396,2.51
Iowa,03/27/2021,4602,03/20/2021,39657,1498396,2.65
Iowa,04/03/2021,6125,03/27/2021,37872,1498396,2.53
Iowa,04/10/2021,5005,04/03/2021,33500,1475537,2.27
Iowa,04/17/2021,6981,04/10/2021,32950,1475537,2.23
Iowa,04/24/2021,3955,04/17/2021,30532,1475537,2.07
Iowa,05/01/2021,3145,04/24/2021,27764,1475537,1.88
Iowa,05/08/2021,3290,05/01/2021,25714,1475537,1.74
Iowa,05/15/2021,3582,05/08/2021,26173,1475537,1.77
Iowa,05/22/2021,3861,05/15/2021,25255,1475537,1.71
Iowa,05/29/2021,3380,05/22/2021,25588,1475537,1.73
Iowa,06/05/2021,2364,05/29/2021,24464,1475537,1.66
Iowa,06/12/2021,2613,06/05/2021,23744,1475537,1.61
Iowa,06/19/2021,1830,06/12/2021,22883,1475537,1.55
Iowa,06/26/2021,1864,06/19/2021,20119,1475537,1.36
Iowa,07/03/2021,1942,06/26/2021,19275,1475537,1.31
Iowa,07/10/2021,2042,07/03/2021,18621,1457880,1.28
Iowa,07/17/2021,1671,07/10/2021,18751,1457880,1.29
Iowa,07/24/2021,1543,07/17/2021,17639,1457880,1.21
Iowa,07/31/2021,1884,07/24/2021,16787,1457880,1.15
Iowa,08/07/2021,2149,07/31/2021,16433,1457880,1.13
Iowa,08/14/2021,1614,08/07/2021,16230,1457880,1.11
Iowa,08/21/2021,1677,08/14/2021,14928,1457880,1.02
Iowa,08/28/2021,1678,08/21/2021,13519,1457880,0.93
Iowa,09/04/2021,1833,08/28/2021,11746,1457880,0.81
Iowa,09/11/2021,1430,09/04/2021,10831,1457880,0.74
Iowa,09/18/2021,1744,09/11/2021,10448,1457880,0.72
Iowa,09/25/2021,1655,09/18/2021,10074,1457880,0.69
Iowa,10/02/2021,1696,09/25/2021,9544,1457880,0.65
Iowa,10/09/2021,1665,10/02/2021,9038,1457880,0.62
Iowa,10/16/2021,1796,10/09/2021,8638,1443412,0.6
Iowa,10/23/2021,2030,10/16/2021,8935,1443412,0.62
Iowa,10/30/2021,2074,10/23/2021,8854,1443412,0.61
Iowa,11/06/2021,2162,10/30/2021,9826,1443412,0.68
Iowa,11/13/2021,1811,11/06/2021,9197,1443412,0.64
Iowa,11/20/2021,2853,11/13/2021,9513,1443412,0.66
Iowa,11/27/2021,1797,11/20/2021,9077,1443412,0.63
Iowa,12/04/2021,3671,11/27/2021,11913,1443412,0.83
Iowa,12/11/2021,3703,12/04/2021,12407,1443412,0.86
Iowa,12/18/2021,3342,12/11/2021,14141,1443412,0.98
Iowa,12/25/2021,3583,12/18/2021,15253,1443412,1.06
Iowa,01/01/2022,4773,12/25/2021,19181,1443412,1.33
Iowa,01/08/2022,4985,01/01/2022,24541,1467133,1.67
Iowa,01/15/2022,3006,01/08/2022,24492,1467133,1.67
Iowa,01/22/2022,2370,01/15/2022,22478,1467133,1.53
Iowa,01/29/2022,2557,01/22/2022,23740,1467133,1.62
Iowa,02/05/2022,2018,01/29/2022,23749,1467133,1.62
Iowa,02/12/2022,1684,02/05/2022,23310,1467133,1.59
Iowa,02/19/2022,1610,02/12/2022,22381,1467133,1.53
Iowa,02/26/2022,1464,02/19/2022,22196,1467133,1.51
Iowa,03/05/2022,1376,02/26/2022,21905,1467133,1.49
Iowa,03/12/2022,1475,03/05/2022,19950,1467133,1.36
Iowa,03/19/2022,1586,03/12/2022,19397,1467133,1.32
Iowa,03/26/2022,1547,03/19/2022,17498,1467133,1.19
Iowa,04/02/2022,1371,03/26/2022,16293,1467133,1.11
Iowa,04/09/2022,1271,04/02/2022,13893,1479236,0.94
Iowa,04/16/2022,1153,04/09/2022,11669,1479236,0.79
Iowa,04/23/2022,1171,04/16/2022,9538,1479236,0.64
Iowa,04/30/2022,1203,04/23/2022,8430,1479236,0.57
Iowa,05/07/2022,1540,04/30/2022,7315,1479236,0.49
Iowa,05/14/2022,1304,05/07/2022,7017,1479236,0.47
Iowa,05/21/2022,1244,05/14/2022,6235,1479236,0.42
Iowa,05/28/2022,1438,05/21/2022,5974,1479236,0.4
Iowa,06/04/2022,1558,05/28/2022,6064,1479236,0.41
Iowa,06/11/2022,1567,06/04/2022,6560,1479236,0.44
Iowa,06/18/2022,1262,06/11/2022,6928,1479236,0.47
Iowa,06/25/2022,1196,06/18/2022,6981,1479236,0.47
Iowa,07/02/2022,1428,06/25/2022,6988,1479236,0.47
Iowa,07/09/2022,1735,07/02/2022,7265,1487947,0.49
Iowa,07/16/2022,1438,07/09/2022,8149,1487947,0.55
Iowa,07/23/2022,1297,07/16/2022,7592,1487947,0.51
Iowa,07/30/2022,1465,07/23/2022,7415,1487947,0.5
Iowa,08/06/2022,1592,07/30/2022,7503,1487947,0.5
Iowa,08/13/2022,1181,08/06/2022,7754,1487947,0.52
Iowa,08/20/2022,1269,08/13/2022,7099,1487947,0.48
Iowa,08/27/2022,1102,08/20/2022,6793,1487947,0.46
Iowa,09/03/2022,1057,08/27/2022,5788,1487947,0.39
Iowa,09/10/2022,1206,09/03/2022,5510,1487947,0.37
Iowa,09/17/2022,1272,09/10/2022,5585,1487947,0.38
Iowa,09/24/2022,1154,09/17/2022,5669,1487947,0.38
Iowa,10/01/2022,1200,09/24/2022,5355,1487947,0.36
Iowa,10/08/2022,1367,10/01/2022,5526,1487947,0.37
Iowa,10/15/2022,1498,10/08/2022,5596,1497605,0.37
Iowa,10/22/2022,1350,10/15/2022,5821,1497605,0.39
Iowa,10/29/2022,1477,10/22/2022,5657,1497605,0.38
Iowa,11/05/2022,1496,10/29/2022,5814,1497605,0.39
Iowa,11/12/2022,1422,11/05/2022,5786,1497605,0.39
Iowa,11/19/2022,3971,11/12/2022,6522,1497605,0.44
Iowa,11/26/2022,2073,11/19/2022,7976,1497605,0.53
Iowa,12/03/2022,3630,11/26/2022,9705,1497605,0.65
Iowa,12/10/2022,3576,12/03/2022,10786,1497605,0.72
Iowa,12/17/2022,3946,12/10/2022,12682,1497605,0.85
Iowa,12/24/2022,5452,12/17/2022,14988,1497605,1
Iowa,12/31/2022,5044,12/24/2022,18732,1497605,1.25
Iowa,01/07/2023,3153,12/31/2022,22473,1497605,1.5
Iowa,01/14/2023,2522,01/07/2023,21340,1506604,1.42
Iowa,01/21/2023,1829,01/14/2023,20889,1506604,1.39
Iowa,01/28/2023,1981,01/21/2023,21682,1506604,1.44
Iowa,02/04/2023,2515,01/28/2023,21486,1506604,1.43
Iowa,02/11/2023,1792,02/04/2023,22736,1506604,1.51
Iowa,02/18/2023,1626,02/11/2023,21527,1506604,1.43
Iowa,02/25/2023,1720,02/18/2023,21478,1506604,1.43
Iowa,03/04/2023,1680,02/25/2023,21096,1506604,1.4
Iowa,03/11/2023,1671,03/04/2023,19975,1506604,1.33
Iowa,03/18/2023,2061,03/11/2023,18836,1506604,1.25
Iowa,03/25/2023,1446,03/18/2023,18587,1506604,1.23
Iowa,04/01/2023,1326,03/25/2023,15090,1506604,1
Iowa,04/08/2023,1268,04/01/2023,12227,1513756,0.81
Iowa,04/15/2023,1208,04/08/2023,9591,1513756,0.63
Iowa,04/22/2023,1538,04/15/2023,7731,1513756,0.51
Iowa,04/29/2023,1779,04/22/2023,7221,1513756,0.48
Iowa,05/06/2023,1578,04/29/2023,6904,1513756,0.46
Iowa,05/13/2023,1466,05/06/2023,6758,1513756,0.45
Iowa,05/20/2023,2087,05/13/2023,6715,1513756,0.44
Iowa,05/27/2023,1668,05/20/2023,6452,1513756,0.43
Iowa,06/03/2023,1846,05/27/2023,6512,1513756,0.43
Iowa,06/10/2023,1646,06/03/2023,7206,1513756,0.48
Iowa,06/17/2023,1794,06/10/2023,7290,1513756,0.48
Iowa,06/24/2023,1475,06/17/2023,7636,1513756,0.5
Iowa,07/01/2023,1937,06/24/2023,7710,1513756,0.51
Iowa,07/08/2023,3305,07/01/2023,8166,1519777,0.54
Iowa,07/15/2023,2167,07/08/2023,10114,1519777,0.67
Iowa,07/22/2023,1696,07/15/2023,8006,1519777,0.53
Iowa,07/29/2023,1946,07/22/2023,7788,1519777,0.51
Iowa,08/05/2023,1611,07/29/2023,8374,1519777,0.55
Iowa,08/12/2023,2471,08/05/2023,7792,1519777,0.51
Iowa,08/19/2023,1671,08/12/2023,8682,1519777,0.57
Iowa,08/26/2023,1621,08/19/2023,7590,1519777,0.5
Iowa,09/02/2023,1846,08/26/2023,6961,1519777,0.46
Iowa,09/09/2023,2008,09/02/2023,6917,1519777,0.46
Iowa,09/16/2023,1450,09/09/2023,7665,1519777,0.5
Iowa,09/23/2023,1658,09/16/2023,6329,1519777,0.42
Iowa,09/30/2023,1424,09/23/2023,6511,1519777,0.43
Iowa,10/07/2023,1796,09/30/2023,6490,1519777,0.43
Iowa,10/14/2023,1572,10/07/2023,6229,1524832,0.41
Iowa,10/21/2023,1631,10/14/2023,6438,1524832,0.42
Iowa,10/28/2023,2244,10/21/2023,6610,1524832,0.43
Iowa,11/04/2023,2455,10/28/2023,7138,1524832,0.47
Iowa,11/11/2023,1958,11/04/2023,6813,1524832,0.45
Iowa,11/18/2023,3140,11/11/2023,7229,1524832,0.47
Iowa,11/25/2023,2834,11/18/2023,7362,1524832,0.48
Iowa,12/02/2023,4935,11/25/2023,9392,1524832,0.62
Iowa,12/09/2023,4606,12/02/2023,10105,1524832,0.66
Iowa,12/16/2023,4552,12/09/2023,11546,1524832,0.76
Iowa,12/23/2023,5816,12/16/2023,13460,1524832,0.88
Iowa,12/30/2023,5787,12/23/2023,16517,1524832,1.08
Iowa,01/06/2024,3933,12/30/2023,20472,1524832,1.34
Iowa,01/13/2024,4885,01/06/2024,19761,1529616,1.29
Iowa,01/20/2024,4359,01/13/2024,20069,1529616,1.31
Iowa,01/27/2024,3917,01/20/2024,22906,1529616,1.5
Iowa,02/03/2024,2573,01/27/2024,22514,1529616,1.47
Iowa,02/10/2024,1884,02/03/2024,21805,1529616,1.43
Iowa,02/17/2024,2271,02/10/2024,21135,1529616,1.38
Iowa,02/24/2024,1625,02/17/2024,21124,1529616,1.38
Iowa,03/02/2024,1599,02/24/2024,19452,1529616,1.27
Iowa,03/09/2024,1857,03/02/2024,18311,1529616,1.2
Iowa,03/16/2024,1950,03/09/2024,16845,1529616,1.1
Iowa,03/23/2024,1527,03/16/2024,15620,1529616,1.02
Iowa,03/30/2024,2910,03/23/2024,13581,1529616,0.89
Iowa,04/06/2024,1492,03/30/2024,13591,1529616,0.89
Iowa,04/13/2024,1408,04/06/2024,10091,1534029,0.66
Iowa,04/20/2024,1549,04/13/2024,8311,1534029,0.54
Iowa,04/27/2024,3001,04/20/2024,8152,1534029,0.53
Iowa,05/04/2024,1824,04/27/2024,9293,1534029,0.61
Iowa,05/11/2024,1525,05/04/2024,7733,1534029,0.5
Iowa,05/18/2024,1746,05/11/2024,7327,1534029,0.48
Iowa,05/25/2024,1779,05/18/2024,7446,1534029,0.49
Iowa,06/01/2024,2159,05/25/2024,7468,1534029,0.49
Iowa,06/08/2024,2318,06/01/2024,8104,1534029,0.53
Iowa,06/15/2024,2109,06/08/2024,8608,1534029,0.56
Iowa,06/22/2024,1807,06/15/2024,9194,1534029,0.6
Iowa,06/29/2024,3077,06/22/2024,9446,1534029,0.62
Iowa,07/06/2024,3219,06/29/2024,10573,1534029,0.69
Iowa,07/13/2024,2366,07/06/2024,10954,1538312,0.71
Iowa,07/20/2024,2169,07/13/2024,10172,1538312,0.66
Iowa,07/27/2024,2271,07/20/2024,10233,1538312,0.67
Iowa,08/03/2024,2338,07/27/2024,10675,1538312,0.69
Iowa,08/10/2024,1830,08/03/2024,10963,1538312,0.71
Iowa,08/17/2024,2136,08/10/2024,9526,1538312,0.62
Iowa,08/24/2024,1931,08/17/2024,10033,1538312,0.65
Iowa,08/31/2024,1684,08/24/2024,9528,1538312,0.62
Iowa,09/07/2024,2087,08/31/2024,8540,1538312,0.56
Iowa,09/14/2024,2114,09/07/2024,8990,1538312,0.58
Iowa,09/21/2024,1658,09/14/2024,9255,1538312,0.6
Iowa,09/28/2024,2226,09/21/2024,9069,1538312,0.59
Iowa,10/05/2024,2367,09/28/2024,9484,1538312,0.62
Iowa,10/12/2024,2143,10/05/2024,9955,1541459,0.65
Iowa,10/19/2024,2051,10/12/2024,9642,1541018,0.63
Iowa,10/26/2024,2217,10/19/2024,9494,1541018,0.62
Iowa,11/02/2024,2178,10/26/2024,10048,1541018,0.65
Iowa,11/09/2024,2390,11/02/2024,10208,1541018,0.66
Iowa,11/16/2024,2226,11/09/2024,9997,1541018,0.65
Iowa,11/23/2024,3136,11/16/2024,9600,1541018,0.62
Iowa,11/30/2024,3388,11/23/2024,10183,1541018,0.66
Iowa,12/07/2024,5650,11/30/2024,13378,1541018,0.87
Iowa,12/14/2024,3915,12/07/2024,14253,1541018,0.92
Iowa,12/21/2024,5394,12/14/2024,15584,1541018,1.01
Iowa,12/28/2024,8137,12/21/2024,17930,1541018,1.16
Iowa,01/04/2025,4582,12/28/2024,24920,1541018,1.62
Iowa,01/11/2025,5074,01/04/2025,25917,1543920,1.68
Iowa,01/18/2025,2545,01/11/2025,22400,1543920,1.45
Iowa,01/25/2025,2862,01/18/2025,23372,1543920,1.51
Iowa,02/01/2025,2610,01/25/2025,23632,1543920,1.53
Iowa,02/08/2025,2182,02/01/2025,23827,1543920,1.54
Iowa,02/15/2025,2213,02/08/2025,23167,1543920,1.5
Iowa,02/22/2025,2891,02/15/2025,23401,1543920,1.52
Iowa,03/01/2025,1909,02/22/2025,24701,1543920,1.6
Iowa,03/08/2025,1556,03/01/2025,22853,1543920,1.48
Iowa,03/15/2025,1731,03/08/2025,21874,1543920,1.42
Iowa,03/22/2025,2112,03/15/2025,18895,1543920,1.22
Iowa,03/29/2025,3049,03/22/2025,17496,1543920,1.13
Iowa,04/05/2025,1795,03/29/2025,15818,1543920,1.02
Iowa,04/12/2025,1634,04/05/2025,12737,1544695,0.82
Kansas,01/04/2020,2019,12/28/2019,11175,1359781,0.82
Kansas,01/11/2020,2140,01/04/2020,11431,1363114,0.84
Kansas,01/18/2020,2402,01/11/2020,10638,1363114,0.78
Kansas,01/25/2020,2557,01/18/2020,11182,1363114,0.82
Kansas,02/01/2020,2000,01/25/2020,12301,1363114,0.9
Kansas,02/08/2020,2107,02/01/2020,11809,1363114,0.87
Kansas,02/15/2020,2076,02/08/2020,11666,1363114,0.86
Kansas,02/22/2020,1494,02/15/2020,12003,1363114,0.88
Kansas,02/29/2020,1517,02/22/2020,11505,1363114,0.84
Kansas,03/07/2020,1365,02/29/2020,11003,1363115,0.81
Kansas,03/14/2020,1755,03/07/2020,9771,1363114,0.72
Kansas,03/21/2020,19356,03/14/2020,7541,1363114,0.55
Kansas,03/28/2020,43703,03/21/2020,13489,1363114,0.99
Kansas,04/04/2020,36497,03/28/2020,41290,1363114,3.03
Kansas,04/11/2020,24871,04/04/2020,62281,1364944,4.56
Kansas,04/18/2020,24330,04/11/2020,77400,1364944,5.67
Kansas,04/25/2020,22726,04/18/2020,94197,1364944,6.9
Kansas,05/02/2020,11916,04/25/2020,102329,1364944,7.5
Kansas,05/09/2020,10259,05/02/2020,98714,1364944,7.23
Kansas,05/16/2020,8246,05/09/2020,91635,1364944,6.71
Kansas,05/23/2020,9480,05/16/2020,92794,1364944,6.8
Kansas,05/30/2020,7966,05/23/2020,90165,1364944,6.61
Kansas,06/06/2020,6898,05/30/2020,86537,1364944,6.34
Kansas,06/13/2020,7039,06/06/2020,78912,1364944,5.78
Kansas,06/20/2020,8174,06/13/2020,75709,1364944,5.55
Kansas,06/27/2020,10411,06/20/2020,76479,1364944,5.6
Kansas,07/04/2020,7883,06/27/2020,79513,1364944,5.83
Kansas,07/11/2020,13384,07/04/2020,78783,1367656,5.76
Kansas,07/18/2020,6285,07/11/2020,77528,1367656,5.67
Kansas,07/25/2020,6313,07/18/2020,72188,1367656,5.28
Kansas,08/01/2020,4933,07/25/2020,78354,1367656,5.73
Kansas,08/08/2020,4756,08/01/2020,66631,1367656,4.87
Kansas,08/15/2020,5022,08/08/2020,60748,1367656,4.44
Kansas,08/22/2020,4886,08/15/2020,56479,1367656,4.13
Kansas,08/29/2020,5734,08/22/2020,52943,1367656,3.87
Kansas,09/05/2020,5445,08/29/2020,52804,1367656,3.86
Kansas,09/12/2020,5248,09/05/2020,50497,1367656,3.69
Kansas,09/19/2020,6494,09/12/2020,45110,1367656,3.3
Kansas,09/26/2020,6651,09/19/2020,39518,1367656,2.89
Kansas,10/03/2020,7140,09/26/2020,36516,1367656,2.67
Kansas,10/10/2020,7926,10/03/2020,32292,1369508,2.36
Kansas,10/17/2020,10500,10/10/2020,33227,1369508,2.43
Kansas,10/24/2020,10069,10/17/2020,33300,1369508,2.43
Kansas,10/31/2020,12407,10/24/2020,33375,1369508,2.44
Kansas,11/07/2020,10587,10/31/2020,33131,1369508,2.42
Kansas,11/14/2020,11751,11/07/2020,30425,1369508,2.22
Kansas,11/21/2020,15864,11/14/2020,37274,1369508,2.72
Kansas,11/28/2020,15411,11/21/2020,35940,1369508,2.62
Kansas,12/05/2020,21346,11/28/2020,46705,1369508,3.41
Kansas,12/12/2020,23519,12/05/2020,56369,1369508,4.12
Kansas,12/19/2020,20337,12/12/2020,65207,1369508,4.76
Kansas,12/26/2020,16607,12/19/2020,69353,1369508,5.06
Kansas,01/02/2021,22990,12/26/2020,78727,1369508,5.75
Kansas,01/09/2021,35921,01/02/2021,88391,1337523,6.61
Kansas,01/16/2021,34918,01/09/2021,98889,1337523,7.39
Kansas,01/23/2021,26426,01/16/2021,72296,1337523,5.41
Kansas,01/30/2021,17967,01/23/2021,81292,1337523,6.08
Kansas,02/06/2021,5591,01/30/2021,23841,1337523,1.78
Kansas,02/13/2021,7335,02/06/2021,24094,1337523,1.8
Kansas,02/20/2021,4412,02/13/2021,29688,1337523,2.22
Kansas,02/27/2021,3560,02/20/2021,15520,1337523,1.16
Kansas,03/06/2021,2564,02/27/2021,22233,1337523,1.66
Kansas,03/13/2021,1682,03/06/2021,18812,1337523,1.41
Kansas,03/20/2021,2628,03/13/2021,11045,1337523,0.83
Kansas,03/27/2021,2552,03/20/2021,10174,1337523,0.76
Kansas,04/03/2021,1450,03/27/2021,8286,1337523,0.62
Kansas,04/10/2021,2138,04/03/2021,9235,1319483,0.7
Kansas,04/17/2021,1989,04/10/2021,8797,1319483,0.67
Kansas,04/24/2021,2154,04/17/2021,8311,1319483,0.63
Kansas,05/01/2021,2390,04/24/2021,8551,1319483,0.65
Kansas,05/08/2021,1838,05/01/2021,9810,1319483,0.74
Kansas,05/15/2021,1873,05/08/2021,9094,1319483,0.69
Kansas,05/22/2021,2115,05/15/2021,9922,1319483,0.75
Kansas,05/29/2021,1810,05/22/2021,9787,1319483,0.74
Kansas,06/05/2021,1578,05/29/2021,9008,1319483,0.68
Kansas,06/12/2021,1582,06/05/2021,9436,1319483,0.72
Kansas,06/19/2021,1541,06/12/2021,12470,1319483,0.95
Kansas,06/26/2021,1180,06/19/2021,10146,1319483,0.77
Kansas,07/03/2021,1558,06/26/2021,10104,1319483,0.77
Kansas,07/10/2021,1778,07/03/2021,9148,1320864,0.69
Kansas,07/17/2021,1563,07/10/2021,9051,1320864,0.69
Kansas,07/24/2021,1487,07/17/2021,9338,1320864,0.71
Kansas,07/31/2021,1378,07/24/2021,8117,1320864,0.61
Kansas,08/07/2021,1289,07/31/2021,10119,1320864,0.77
Kansas,08/14/2021,1315,08/07/2021,9020,1320864,0.68
Kansas,08/21/2021,1508,08/14/2021,8668,1320864,0.66
Kansas,08/28/2021,1268,08/21/2021,8480,1320864,0.64
Kansas,09/04/2021,1796,08/28/2021,8997,1320864,0.68
Kansas,09/11/2021,1077,09/04/2021,7797,1320864,0.59
Kansas,09/18/2021,1205,09/11/2021,6989,1320864,0.53
Kansas,09/25/2021,1318,09/18/2021,6438,1320864,0.49
Kansas,10/02/2021,998,09/25/2021,6107,1320864,0.46
Kansas,10/09/2021,1078,10/02/2021,6508,1288451,0.51
Kansas,10/16/2021,1139,10/09/2021,5628,1288451,0.44
Kansas,10/23/2021,856,10/16/2021,5583,1288451,0.43
Kansas,10/30/2021,1051,10/23/2021,4976,1288451,0.39
Kansas,11/06/2021,1053,10/30/2021,5696,1288451,0.44
Kansas,11/13/2021,1014,11/06/2021,5301,1288451,0.41
Kansas,11/20/2021,970,11/13/2021,5183,1288451,0.4
Kansas,11/27/2021,793,11/20/2021,4460,1288451,0.35
Kansas,12/04/2021,1326,11/27/2021,5841,1288451,0.45
Kansas,12/11/2021,1284,12/04/2021,5415,1288451,0.42
Kansas,12/18/2021,1277,12/11/2021,5451,1288451,0.42
Kansas,12/25/2021,1368,12/18/2021,5113,1288451,0.4
Kansas,01/01/2022,1450,12/25/2021,5771,1288451,0.45
Kansas,01/08/2022,3114,01/01/2022,6515,1288451,0.51
Kansas,01/15/2022,3089,01/08/2022,6889,1307880,0.53
Kansas,01/22/2022,2503,01/15/2022,6935,1307880,0.53
Kansas,01/29/2022,1520,01/22/2022,8161,1307880,0.62
Kansas,02/05/2022,1829,01/29/2022,7319,1307880,0.56
Kansas,02/12/2022,1998,02/05/2022,8012,1307880,0.61
Kansas,02/19/2022,2722,02/12/2022,6600,1307880,0.5
Kansas,02/26/2022,3309,02/19/2022,6468,1307880,0.49
Kansas,03/05/2022,3140,02/26/2022,7088,1307880,0.54
Kansas,03/12/2022,3039,03/05/2022,6245,1307880,0.48
Kansas,03/19/2022,969,03/12/2022,6711,1307880,0.51
Kansas,03/26/2022,1118,03/19/2022,5239,1307880,0.4
Kansas,04/02/2022,1000,03/26/2022,4766,1307880,0.36
Kansas,04/09/2022,1111,04/02/2022,4190,1317551,0.32
Kansas,04/16/2022,890,04/09/2022,3890,1317551,0.3
Kansas,04/23/2022,879,04/16/2022,3868,1317551,0.29
Kansas,04/30/2022,895,04/23/2022,3886,1317551,0.29
Kansas,05/07/2022,1119,04/30/2022,3639,1317551,0.28
Kansas,05/14/2022,986,05/07/2022,3728,1317551,0.28
Kansas,05/21/2022,1129,05/14/2022,3623,1317551,0.27
Kansas,05/28/2022,1246,05/21/2022,3932,1317551,0.3
Kansas,06/04/2022,920,05/28/2022,3855,1317551,0.29
Kansas,06/11/2022,924,06/04/2022,4284,1317551,0.33
Kansas,06/18/2022,917,06/11/2022,4022,1317551,0.31
Kansas,06/25/2022,887,06/18/2022,3823,1317551,0.29
Kansas,07/02/2022,1054,06/25/2022,3850,1317551,0.29
Kansas,07/09/2022,1159,07/02/2022,3925,1326685,0.3
Kansas,07/16/2022,1566,07/09/2022,4143,1326685,0.31
Kansas,07/23/2022,1470,07/16/2022,4100,1326685,0.31
Kansas,07/30/2022,990,07/23/2022,4219,1326685,0.32
Kansas,08/06/2022,987,07/30/2022,4444,1326685,0.33
Kansas,08/13/2022,1221,08/06/2022,4087,1326685,0.31
Kansas,08/20/2022,1163,08/13/2022,4055,1326685,0.31
Kansas,08/27/2022,1145,08/20/2022,3862,1326685,0.29
Kansas,09/03/2022,1182,08/27/2022,3847,1326685,0.29
Kansas,09/10/2022,1008,09/03/2022,3763,1326685,0.28
Kansas,09/17/2022,878,09/10/2022,3720,1326685,0.28
Kansas,09/24/2022,784,09/17/2022,3691,1326685,0.28
Kansas,10/01/2022,1036,09/24/2022,3385,1326685,0.26
Kansas,10/08/2022,1124,10/01/2022,3320,1336088,0.25
Kansas,10/15/2022,1028,10/08/2022,3183,1336088,0.24
Kansas,10/22/2022,1487,10/15/2022,3464,1336088,0.26
Kansas,10/29/2022,1278,10/22/2022,3544,1336088,0.27
Kansas,11/05/2022,1406,10/29/2022,3662,1336088,0.27
Kansas,11/12/2022,1204,11/05/2022,3602,1336088,0.27
Kansas,11/19/2022,1597,11/12/2022,3892,1336088,0.29
Kansas,11/26/2022,979,11/19/2022,3651,1336088,0.27
Kansas,12/03/2022,1570,11/26/2022,4145,1336088,0.31
Kansas,12/10/2022,1037,12/03/2022,3875,1336088,0.29
Kansas,12/17/2022,1458,12/10/2022,4065,1336088,0.3
Kansas,12/24/2022,2099,12/17/2022,4114,1336088,0.31
Kansas,12/31/2022,1433,12/24/2022,5075,1336088,0.38
Kansas,01/07/2023,1321,12/31/2022,5397,1336088,0.4
Kansas,01/14/2023,1268,01/07/2023,5113,1345013,0.38
Kansas,01/21/2023,1071,01/14/2023,5046,1345013,0.38
Kansas,01/28/2023,1447,01/21/2023,4995,1345013,0.37
Kansas,02/04/2023,2058,01/28/2023,5526,1345013,0.41
Kansas,02/11/2023,1073,02/04/2023,5792,1345013,0.43
Kansas,02/18/2023,1618,02/11/2023,5353,1345013,0.4
Kansas,02/25/2023,1179,02/18/2023,5635,1345013,0.42
Kansas,03/04/2023,964,02/25/2023,5396,1345013,0.4
Kansas,03/11/2023,1000,03/04/2023,5365,1345013,0.4
Kansas,03/18/2023,1113,03/11/2023,5120,1345013,0.38
Kansas,03/25/2023,1084,03/18/2023,5000,1345013,0.37
Kansas,04/01/2023,887,03/25/2023,5087,1345013,0.38
Kansas,04/08/2023,937,04/01/2023,4785,1355789,0.35
Kansas,04/15/2023,1251,04/08/2023,4448,1355789,0.33
Kansas,04/22/2023,1396,04/15/2023,4261,1355789,0.31
Kansas,04/29/2023,1241,04/22/2023,4769,1355789,0.35
Kansas,05/06/2023,944,04/29/2023,4924,1355789,0.36
Kansas,05/13/2023,1000,05/06/2023,5139,1355789,0.38
Kansas,05/20/2023,1250,05/13/2023,4619,1355789,0.34
Kansas,05/27/2023,1080,05/20/2023,4680,1355789,0.35
Kansas,06/03/2023,1095,05/27/2023,5205,1355789,0.38
Kansas,06/10/2023,1350,06/03/2023,4962,1355789,0.37
Kansas,06/17/2023,1015,06/10/2023,5319,1355789,0.39
Kansas,06/24/2023,1109,06/17/2023,5288,1355789,0.39
Kansas,07/01/2023,1377,06/24/2023,5041,1355789,0.37
Kansas,07/08/2023,1365,07/01/2023,5317,1355789,0.39
Kansas,07/15/2023,1310,07/08/2023,5411,1364309,0.4
Kansas,07/22/2023,1045,07/15/2023,5533,1364309,0.41
Kansas,07/29/2023,981,07/22/2023,5779,1364309,0.42
Kansas,08/05/2023,1296,07/29/2023,5130,1364309,0.38
Kansas,08/12/2023,1111,08/05/2023,5019,1364309,0.37
Kansas,08/19/2023,941,08/12/2023,4999,1364309,0.37
Kansas,08/26/2023,828,08/19/2023,4648,1364309,0.34
Kansas,09/02/2023,967,08/26/2023,4548,1364309,0.33
Kansas,09/09/2023,935,09/02/2023,4446,1364309,0.33
Kansas,09/16/2023,1048,09/09/2023,4414,1364309,0.32
Kansas,09/23/2023,1111,09/16/2023,4575,1364309,0.34
Kansas,09/30/2023,881,09/23/2023,4482,1364309,0.33
Kansas,10/07/2023,1451,09/30/2023,4365,1364309,0.32
Kansas,10/14/2023,954,10/07/2023,4581,1373106,0.33
Kansas,10/21/2023,1025,10/14/2023,4438,1373106,0.32
Kansas,10/28/2023,1094,10/21/2023,4474,1373106,0.33
Kansas,11/04/2023,1279,10/28/2023,4767,1373106,0.35
Kansas,11/11/2023,1381,11/04/2023,4812,1373106,0.35
Kansas,11/18/2023,1236,11/11/2023,4902,1373106,0.36
Kansas,11/25/2023,2430,11/18/2023,4288,1373106,0.31
Kansas,12/02/2023,1537,11/25/2023,5667,1373106,0.41
Kansas,12/09/2023,1320,12/02/2023,5369,1373106,0.39
Kansas,12/16/2023,1449,12/09/2023,5918,1373106,0.43
Kansas,12/23/2023,1840,12/16/2023,5592,1373106,0.41
Kansas,12/30/2023,2637,12/23/2023,6590,1373106,0.48
Kansas,01/06/2024,1463,12/30/2023,6571,1373106,0.48
Kansas,01/13/2024,2517,01/06/2024,6347,1381624,0.46
Kansas,01/20/2024,1621,01/13/2024,7595,1381624,0.55
Kansas,01/27/2024,1513,01/20/2024,7868,1381624,0.57
Kansas,02/03/2024,1365,01/27/2024,7297,1381624,0.53
Kansas,02/10/2024,1292,02/03/2024,6359,1381624,0.46
Kansas,02/17/2024,1115,02/10/2024,5982,1381624,0.43
Kansas,02/24/2024,1141,02/17/2024,6251,1381624,0.45
Kansas,03/02/2024,1051,02/24/2024,5621,1381624,0.41
Kansas,03/09/2024,1070,03/02/2024,5716,1381624,0.41
Kansas,03/16/2024,1104,03/09/2024,5719,1381624,0.41
Kansas,03/23/2024,935,03/16/2024,5025,1381624,0.36
Kansas,03/30/2024,1344,03/23/2024,4946,1381624,0.36
Kansas,04/06/2024,1058,03/30/2024,4697,1381624,0.34
Kansas,04/13/2024,992,04/06/2024,4546,1385977,0.33
Kansas,04/20/2024,1100,04/13/2024,4511,1385977,0.33
Kansas,04/27/2024,1232,04/20/2024,4335,1385977,0.31
Kansas,05/04/2024,1173,04/27/2024,4710,1385977,0.34
Kansas,05/11/2024,1208,05/04/2024,4687,1385977,0.34
Kansas,05/18/2024,1264,05/11/2024,4671,1385977,0.34
Kansas,05/25/2024,1192,05/18/2024,4673,1385977,0.34
Kansas,06/01/2024,1520,05/25/2024,5402,1385977,0.39
Kansas,06/08/2024,1275,06/01/2024,4934,1385977,0.36
Kansas,06/15/2024,1357,06/08/2024,5102,1385977,0.37
Kansas,06/22/2024,1402,06/15/2024,5272,1385977,0.38
Kansas,06/29/2024,1582,06/22/2024,5146,1385977,0.37
Kansas,07/06/2024,2320,06/29/2024,5095,1385977,0.37
Kansas,07/13/2024,3730,07/06/2024,5586,1389780,0.4
Kansas,07/20/2024,1013,07/13/2024,6940,1389780,0.5
Kansas,07/27/2024,1213,07/20/2024,6711,1389780,0.48
Kansas,08/03/2024,1018,07/27/2024,5840,1389780,0.42
Kansas,08/10/2024,1251,08/03/2024,5396,1389780,0.39
Kansas,08/17/2024,1176,08/10/2024,5493,1389780,0.4
Kansas,08/24/2024,993,08/17/2024,5072,1389780,0.36
Kansas,08/31/2024,1367,08/24/2024,4851,1389780,0.35
Kansas,09/07/2024,1011,08/31/2024,6424,1389780,0.46
Kansas,09/14/2024,1208,09/07/2024,6207,1389780,0.45
Kansas,09/21/2024,1239,09/14/2024,6077,1389780,0.44
Kansas,09/28/2024,1036,09/21/2024,6025,1389780,0.43
Kansas,10/05/2024,1836,09/28/2024,6009,1389780,0.43
Kansas,10/12/2024,1081,10/05/2024,6094,1391611,0.44
Kansas,10/19/2024,1385,10/12/2024,6629,1391611,0.48
Kansas,10/26/2024,1121,10/19/2024,7012,1391611,0.5
Kansas,11/02/2024,1991,10/26/2024,6938,1391611,0.5
Kansas,11/09/2024,1392,11/02/2024,7297,1391611,0.52
Kansas,11/16/2024,665,11/09/2024,7670,1391611,0.55
Kansas,11/23/2024,1000,11/16/2024,8245,1391611,0.59
Kansas,11/30/2024,1031,11/23/2024,7465,1391611,0.54
Kansas,12/07/2024,1997,11/30/2024,7929,1391611,0.57
Kansas,12/14/2024,2037,12/07/2024,8885,1391611,0.64
Kansas,12/21/2024,1742,12/14/2024,11316,1391611,0.81
Kansas,12/28/2024,1717,12/21/2024,11092,1391611,0.8
Kansas,01/04/2025,1753,12/28/2024,11237,1391611,0.81
Kansas,01/11/2025,1862,01/04/2025,10950,1394848,0.79
Kansas,01/18/2025,1547,01/11/2025,7985,1394848,0.57
Kansas,01/25/2025,1614,01/18/2025,11764,1394848,0.84
Kansas,02/01/2025,2469,01/25/2025,14225,1394848,1.02
Kansas,02/08/2025,1603,02/01/2025,13485,1394848,0.97
Kansas,02/15/2025,1261,02/08/2025,12441,1394848,0.89
Kansas,02/22/2025,1748,02/15/2025,13982,1394848,1
Kansas,03/01/2025,1490,02/22/2025,15226,1394848,1.09
Kansas,03/08/2025,1213,03/01/2025,12132,1394848,0.87
Kansas,03/15/2025,1167,03/08/2025,11709,1394848,0.84
Kansas,03/22/2025,1147,03/15/2025,11411,1394848,0.82
Kansas,03/29/2025,1245,03/22/2025,10965,1394848,0.79
Kansas,04/05/2025,1100,03/29/2025,8864,1394848,0.64
Kansas,04/12/2025,1403,04/05/2025,9327,1398146,0.67
Kentucky,01/04/2020,5175,12/28/2019,22515,1890475,1.19
Kentucky,01/11/2020,3968,01/04/2020,25124,1890475,1.33
Kentucky,01/18/2020,3084,01/11/2020,24066,1890475,1.27
Kentucky,01/25/2020,2569,01/18/2020,22874,1890475,1.21
Kentucky,02/01/2020,2625,01/25/2020,23219,1890475,1.23
Kentucky,02/08/2020,2936,02/01/2020,22937,1890475,1.21
Kentucky,02/15/2020,2813,02/08/2020,23076,1890475,1.22
Kentucky,02/22/2020,2508,02/15/2020,22623,1890475,1.2
Kentucky,02/29/2020,2223,02/22/2020,23733,1890475,1.26
Kentucky,03/07/2020,2463,02/29/2020,22770,1890475,1.2
Kentucky,03/14/2020,2785,03/07/2020,22940,1890475,1.21
Kentucky,03/21/2020,49023,03/14/2020,22328,1890475,1.18
Kentucky,03/28/2020,113149,03/21/2020,24361,1890475,1.29
Kentucky,04/04/2020,117575,03/28/2020,130151,1890475,6.88
Kentucky,04/11/2020,116277,04/04/2020,182097,1893451,9.62
Kentucky,04/18/2020,103981,04/11/2020,199030,1893451,10.51
Kentucky,04/25/2020,91223,04/18/2020,260662,1893451,13.77
Kentucky,05/02/2020,69372,04/25/2020,256200,1893451,13.53
Kentucky,05/09/2020,69372,05/02/2020,253186,1893451,13.37
Kentucky,05/16/2020,47321,05/09/2020,246575,1893451,13.02
Kentucky,05/23/2020,54023,05/16/2020,245804,1893451,12.98
Kentucky,05/30/2020,43013,05/23/2020,205804,1893451,10.87
Kentucky,06/06/2020,40733,05/30/2020,197472,1893451,10.43
Kentucky,06/13/2020,37650,06/06/2020,180952,1893451,9.56
Kentucky,06/20/2020,24846,06/13/2020,171917,1893451,9.08
Kentucky,06/27/2020,30640,06/20/2020,159343,1893451,8.42
Kentucky,07/04/2020,23282,06/27/2020,150522,1893451,7.95
Kentucky,07/11/2020,24544,07/04/2020,158381,1896673,8.35
Kentucky,07/18/2020,24488,07/11/2020,145825,1896673,7.69
Kentucky,07/25/2020,21041,07/18/2020,141055,1896673,7.44
Kentucky,08/01/2020,21020,07/25/2020,136509,1896673,7.2
Kentucky,08/08/2020,17465,08/01/2020,141583,1896673,7.46
Kentucky,08/15/2020,18266,08/08/2020,128187,1896673,6.76
Kentucky,08/22/2020,16321,08/15/2020,127603,1896673,6.73
Kentucky,08/29/2020,16504,08/22/2020,116383,1896673,6.14
Kentucky,09/05/2020,9285,08/29/2020,119639,1896673,6.31
Kentucky,09/12/2020,8672,09/05/2020,106835,1896673,5.63
Kentucky,09/19/2020,8413,09/12/2020,112884,1896673,5.95
Kentucky,09/26/2020,7520,09/19/2020,100938,1896673,5.32
Kentucky,10/03/2020,5687,09/26/2020,94187,1896673,4.97
Kentucky,10/10/2020,5969,10/03/2020,80246,1899546,4.22
Kentucky,10/17/2020,5951,10/10/2020,73637,1899546,3.88
Kentucky,10/24/2020,5325,10/17/2020,61867,1899546,3.26
Kentucky,10/31/2020,9193,10/24/2020,58831,1899546,3.1
Kentucky,11/07/2020,4363,10/31/2020,50778,1899546,2.67
Kentucky,11/14/2020,8133,11/07/2020,51714,1899546,2.72
Kentucky,11/21/2020,10983,11/14/2020,44098,1899546,2.32
Kentucky,11/28/2020,9319,11/21/2020,44141,1899546,2.32
Kentucky,12/05/2020,8168,11/28/2020,46877,1899546,2.47
Kentucky,12/12/2020,7259,12/05/2020,47531,1899546,2.5
Kentucky,12/19/2020,8459,12/12/2020,46950,1899546,2.47
Kentucky,12/26/2020,12800,12/19/2020,41834,1899546,2.2
Kentucky,01/02/2021,16941,12/26/2020,40437,1899546,2.13
Kentucky,01/09/2021,11399,01/02/2021,44207,1843088,2.4
Kentucky,01/16/2021,11932,01/09/2021,42642,1843088,2.31
Kentucky,01/23/2021,7907,01/16/2021,43491,1843088,2.36
Kentucky,01/30/2021,11019,01/23/2021,41221,1843088,2.24
Kentucky,02/06/2021,10712,01/30/2021,40867,1843088,2.22
Kentucky,02/13/2021,12028,02/06/2021,46630,1843088,2.53
Kentucky,02/20/2021,14139,02/13/2021,41801,1843088,2.27
Kentucky,02/27/2021,13857,02/20/2021,38708,1843088,2.1
Kentucky,03/06/2021,9277,02/27/2021,44700,1843088,2.43
Kentucky,03/13/2021,10278,03/06/2021,36610,1843088,1.99
Kentucky,03/20/2021,8738,03/13/2021,35556,1843088,1.93
Kentucky,03/27/2021,24838,03/20/2021,33377,1843088,1.81
Kentucky,04/03/2021,21423,03/27/2021,31624,1843088,1.72
Kentucky,04/10/2021,5999,04/03/2021,24623,1814841,1.36
Kentucky,04/17/2021,5958,04/10/2021,15066,1814841,0.83
Kentucky,04/24/2021,7437,04/17/2021,23572,1814841,1.3
Kentucky,05/01/2021,12151,04/24/2021,21323,1814841,1.17
Kentucky,05/08/2021,11167,05/01/2021,24390,1814841,1.34
Kentucky,05/15/2021,4044,05/08/2021,24790,1814841,1.37
Kentucky,05/22/2021,2864,05/15/2021,18753,1814841,1.03
Kentucky,05/29/2021,6318,05/22/2021,19075,1814841,1.05
Kentucky,06/05/2021,5948,05/29/2021,20154,1814841,1.11
Kentucky,06/12/2021,15120,06/05/2021,22302,1814841,1.23
Kentucky,06/19/2021,15058,06/12/2021,25708,1814841,1.42
Kentucky,06/26/2021,7180,06/19/2021,28914,1814841,1.59
Kentucky,07/03/2021,6269,06/26/2021,21772,1814841,1.2
Kentucky,07/10/2021,2498,07/03/2021,20047,1814775,1.1
Kentucky,07/17/2021,11443,07/10/2021,17753,1814775,0.98
Kentucky,07/24/2021,4225,07/17/2021,23859,1814775,1.31
Kentucky,07/31/2021,4036,07/24/2021,18044,1814775,0.99
Kentucky,08/07/2021,4006,07/31/2021,16351,1814775,0.9
Kentucky,08/14/2021,1770,08/07/2021,17013,1814775,0.94
Kentucky,08/21/2021,1828,08/14/2021,14877,1814775,0.82
Kentucky,08/28/2021,1715,08/21/2021,13405,1814775,0.74
Kentucky,09/04/2021,2002,08/28/2021,13286,1814775,0.73
Kentucky,09/11/2021,2583,09/04/2021,11796,1814775,0.65
Kentucky,09/18/2021,4271,09/11/2021,13434,1814775,0.74
Kentucky,09/25/2021,3648,09/18/2021,13406,1814775,0.74
Kentucky,10/02/2021,2732,09/25/2021,13122,1814775,0.72
Kentucky,10/09/2021,4186,10/02/2021,12318,1797810,0.69
Kentucky,10/16/2021,1433,10/09/2021,13168,1797810,0.73
Kentucky,10/23/2021,4373,10/16/2021,11504,1797810,0.64
Kentucky,10/30/2021,7255,10/23/2021,12701,1797810,0.71
Kentucky,11/06/2021,13971,10/30/2021,13620,1797810,0.76
Kentucky,11/13/2021,5259,11/06/2021,18516,1797810,1.03
Kentucky,11/20/2021,1349,11/13/2021,13629,1797810,0.76
Kentucky,11/27/2021,1289,11/20/2021,8362,1797810,0.47
Kentucky,12/04/2021,1605,11/27/2021,10308,1797810,0.57
Kentucky,12/11/2021,5205,12/04/2021,9299,1797810,0.52
Kentucky,12/18/2021,3290,12/11/2021,12794,1797810,0.71
Kentucky,12/25/2021,2396,12/18/2021,10118,1797810,0.56
Kentucky,01/01/2022,2769,12/25/2021,10350,1797810,0.58
Kentucky,01/08/2022,11245,01/01/2022,47786,1797810,2.66
Kentucky,01/15/2022,11772,01/08/2022,42149,1840958,2.29
Kentucky,01/22/2022,7723,01/15/2022,43075,1840958,2.34
Kentucky,01/29/2022,5405,01/22/2022,12867,1840958,0.7
Kentucky,02/05/2022,1443,01/29/2022,14731,1840958,0.8
Kentucky,02/12/2022,5998,02/05/2022,13159,1840958,0.71
Kentucky,02/19/2022,5205,02/12/2022,15990,1840958,0.87
Kentucky,02/26/2022,3742,02/19/2022,15193,1840958,0.83
Kentucky,03/05/2022,6890,02/26/2022,13727,1840958,0.75
Kentucky,03/12/2022,7081,03/05/2022,15210,1840958,0.83
Kentucky,03/19/2022,4502,03/12/2022,18164,1840958,0.99
Kentucky,03/26/2022,2468,03/19/2022,10566,1840958,0.57
Kentucky,04/02/2022,1422,03/26/2022,10368,1840958,0.56
Kentucky,04/09/2022,1809,04/02/2022,8877,1860355,0.48
Kentucky,04/16/2022,1768,04/09/2022,7856,1860355,0.42
Kentucky,04/23/2022,1988,04/16/2022,8252,1860355,0.44
Kentucky,04/30/2022,3140,04/23/2022,7241,1860355,0.39
Kentucky,05/07/2022,1661,04/30/2022,8512,1860355,0.46
Kentucky,05/14/2022,8373,05/07/2022,7192,1860355,0.39
Kentucky,05/21/2022,4795,05/14/2022,11342,1860355,0.61
Kentucky,05/28/2022,1272,05/21/2022,9196,1860355,0.49
Kentucky,06/04/2022,1650,05/28/2022,8003,1860355,0.43
Kentucky,06/11/2022,1448,06/04/2022,7857,1860355,0.42
Kentucky,06/18/2022,1324,06/11/2022,9747,1860355,0.52
Kentucky,06/25/2022,2802,06/18/2022,8070,1860355,0.43
Kentucky,07/02/2022,1570,06/25/2022,8965,1860355,0.48
Kentucky,07/09/2022,4631,07/02/2022,7860,1860355,0.42
Kentucky,07/16/2022,2757,07/09/2022,9415,1856785,0.51
Kentucky,07/23/2022,3797,07/16/2022,11266,1856785,0.61
Kentucky,07/30/2022,1596,07/23/2022,9466,1856785,0.51
Kentucky,08/06/2022,1785,07/30/2022,8931,1856785,0.48
Kentucky,08/13/2022,1618,08/06/2022,8882,1856785,0.48
Kentucky,08/20/2022,1468,08/13/2022,8710,1856785,0.47
Kentucky,08/27/2022,1507,08/20/2022,8162,1856785,0.44
Kentucky,09/03/2022,2284,08/27/2022,8124,1856785,0.44
Kentucky,09/10/2022,1403,09/03/2022,9068,1856785,0.49
Kentucky,09/17/2022,1104,09/10/2022,8004,1856785,0.43
Kentucky,09/24/2022,1030,09/17/2022,7970,1856785,0.43
Kentucky,10/01/2022,1026,09/24/2022,7656,1856785,0.41
Kentucky,10/08/2022,1437,10/01/2022,7594,1876345,0.4
Kentucky,10/15/2022,1190,10/08/2022,7415,1860355,0.4
Kentucky,10/22/2022,2183,10/15/2022,7884,1876345,0.42
Kentucky,10/29/2022,1176,10/22/2022,8132,1876345,0.43
Kentucky,11/05/2022,4629,10/29/2022,7845,1876345,0.42
Kentucky,11/12/2022,1299,11/05/2022,9675,1876345,0.52
Kentucky,11/19/2022,1675,11/12/2022,8382,1876345,0.45
Kentucky,11/26/2022,1496,11/19/2022,7218,1876345,0.38
Kentucky,12/03/2022,1846,11/26/2022,9319,1876345,0.5
Kentucky,12/10/2022,1999,12/03/2022,7778,1876345,0.41
Kentucky,12/17/2022,2391,12/10/2022,10378,1876345,0.55
Kentucky,12/24/2022,6552,12/17/2022,9104,1876345,0.49
Kentucky,12/31/2022,2744,12/24/2022,12483,1876345,0.67
Kentucky,01/07/2023,2883,12/31/2022,11731,1886908,0.62
Kentucky,01/14/2023,5442,01/07/2023,11907,1886908,0.63
Kentucky,01/21/2023,5210,01/14/2023,13975,1886908,0.74
Kentucky,01/28/2023,1808,01/21/2023,11562,1886908,0.61
Kentucky,02/04/2023,1940,01/28/2023,11475,1886908,0.61
Kentucky,02/11/2023,1759,02/04/2023,11258,1886908,0.6
Kentucky,02/18/2023,7858,02/11/2023,12766,1886908,0.68
Kentucky,02/25/2023,1694,02/18/2023,13012,1886908,0.69
Kentucky,03/04/2023,4483,02/25/2023,13528,1886908,0.72
Kentucky,03/11/2023,4531,03/04/2023,12905,1886908,0.68
Kentucky,03/18/2023,4638,03/11/2023,10671,1886908,0.57
Kentucky,03/25/2023,5317,03/18/2023,10450,1886908,0.55
Kentucky,04/01/2023,1410,03/25/2023,10576,1886908,0.56
Kentucky,04/08/2023,1790,04/01/2023,8303,1902373,0.44
Kentucky,04/15/2023,1524,04/08/2023,7938,1902373,0.42
Kentucky,04/22/2023,995,04/15/2023,7292,1902373,0.38
Kentucky,04/29/2023,4654,04/22/2023,7689,1902373,0.4
Kentucky,05/06/2023,1628,04/29/2023,7241,1902373,0.38
Kentucky,05/13/2023,1489,05/06/2023,7048,1902373,0.37
Kentucky,05/20/2023,1470,05/13/2023,7116,1902373,0.37
Kentucky,05/27/2023,1448,05/20/2023,7047,1902373,0.37
Kentucky,06/03/2023,1708,05/27/2023,7329,1902373,0.39
Kentucky,06/10/2023,1605,06/03/2023,7280,1902373,0.38
Kentucky,06/17/2023,1483,06/10/2023,7939,1902373,0.42
Kentucky,06/24/2023,1344,06/17/2023,7662,1902373,0.4
Kentucky,07/01/2023,3793,06/24/2023,8470,1902373,0.45
Kentucky,07/08/2023,4677,07/01/2023,7569,1915267,0.4
Kentucky,07/15/2023,1947,07/08/2023,8926,1915267,0.47
Kentucky,07/22/2023,1447,07/15/2023,8670,1915267,0.45
Kentucky,07/29/2023,1513,07/22/2023,7981,1915267,0.42
Kentucky,08/05/2023,1434,07/29/2023,7755,1915267,0.4
Kentucky,08/12/2023,1292,08/05/2023,7507,1915267,0.39
Kentucky,08/19/2023,1226,08/12/2023,7224,1915267,0.38
Kentucky,08/26/2023,1321,08/19/2023,6755,1915267,0.35
Kentucky,09/02/2023,1289,08/26/2023,6814,1915267,0.36
Kentucky,09/09/2023,1597,09/02/2023,6363,1915267,0.33
Kentucky,09/16/2023,1222,09/09/2023,6377,1915267,0.33
Kentucky,09/23/2023,1172,09/16/2023,6085,1915267,0.32
Kentucky,09/30/2023,1403,09/23/2023,6294,1915267,0.33
Kentucky,10/07/2023,1465,09/30/2023,6004,1927232,0.31
Kentucky,10/14/2023,1839,10/07/2023,6385,1927232,0.33
Kentucky,10/21/2023,2370,10/14/2023,6429,1927232,0.33
Kentucky,10/28/2023,2492,10/21/2023,7309,1927232,0.38
Kentucky,11/04/2023,1704,10/28/2023,7896,1927232,0.41
Kentucky,11/11/2023,1794,11/04/2023,8094,1927232,0.42
Kentucky,11/18/2023,3719,11/11/2023,7627,1927232,0.4
Kentucky,11/25/2023,2258,11/18/2023,8310,1927232,0.43
Kentucky,12/02/2023,5490,11/25/2023,8687,1927232,0.45
Kentucky,12/09/2023,1783,12/02/2023,9848,1927232,0.51
Kentucky,12/16/2023,2020,12/09/2023,8383,1927232,0.43
Kentucky,12/23/2023,3478,12/16/2023,7672,1927232,0.4
Kentucky,12/30/2023,2765,12/23/2023,8639,1927232,0.45
Kentucky,01/06/2024,2107,12/30/2023,4969,1927232,0.26
Kentucky,01/13/2024,2461,01/06/2024,10355,1946934,0.53
Kentucky,01/20/2024,2367,01/13/2024,9917,1946934,0.51
Kentucky,01/27/2024,2503,01/20/2024,10872,1946934,0.56
Kentucky,02/03/2024,1823,01/27/2024,10983,1946934,0.56
Kentucky,02/10/2024,5087,02/03/2024,11579,1946934,0.59
Kentucky,02/17/2024,1416,02/10/2024,12780,1946934,0.66
Kentucky,02/24/2024,1488,02/17/2024,11383,1946934,0.58
Kentucky,03/02/2024,1426,02/24/2024,10014,1946934,0.51
Kentucky,03/09/2024,1538,03/02/2024,10432,1946934,0.54
Kentucky,03/16/2024,1327,03/09/2024,9449,1946934,0.49
Kentucky,03/23/2024,1254,03/16/2024,9642,1946934,0.5
Kentucky,03/30/2024,1418,03/23/2024,8623,1946934,0.44
Kentucky,04/06/2024,2161,03/30/2024,8491,1957711,0.43
Kentucky,04/13/2024,1479,04/06/2024,8127,1957711,0.42
Kentucky,04/20/2024,1407,04/13/2024,8606,1957711,0.44
Kentucky,04/27/2024,1706,04/20/2024,7889,1957711,0.4
Kentucky,05/04/2024,1498,04/27/2024,8046,1957711,0.41
Kentucky,05/11/2024,1582,05/04/2024,7729,1957711,0.39
Kentucky,05/18/2024,1515,05/11/2024,7909,1957711,0.4
Kentucky,05/25/2024,1476,05/18/2024,7834,1957711,0.4
Kentucky,06/01/2024,1683,05/25/2024,7718,1957711,0.39
Kentucky,06/08/2024,1726,06/01/2024,8050,1957711,0.41
Kentucky,06/15/2024,1517,06/08/2024,8172,1957711,0.42
Kentucky,06/22/2024,1347,06/15/2024,7913,1957711,0.4
Kentucky,06/29/2024,2454,06/22/2024,8215,1957711,0.42
Kentucky,07/06/2024,3532,06/29/2024,8016,1967058,0.41
Kentucky,07/13/2024,5086,07/06/2024,9342,1967058,0.47
Kentucky,07/20/2024,1785,07/13/2024,11267,1967058,0.57
Kentucky,07/27/2024,1683,07/20/2024,9217,1967058,0.47
Kentucky,08/03/2024,1704,07/27/2024,8833,1967058,0.45
Kentucky,08/10/2024,1811,08/03/2024,9125,1967058,0.46
Kentucky,08/17/2024,1395,08/10/2024,8528,1967058,0.43
Kentucky,08/24/2024,1501,08/17/2024,8743,1967058,0.44
Kentucky,08/31/2024,1585,08/24/2024,7967,1967058,0.41
Kentucky,09/07/2024,1318,08/31/2024,3658,1967058,0.19
Kentucky,09/14/2024,1541,09/07/2024,7847,1967058,0.4
Kentucky,09/21/2024,1557,09/14/2024,8201,1967058,0.42
Kentucky,09/28/2024,1390,09/21/2024,7576,1967058,0.39
Kentucky,10/05/2024,3433,09/28/2024,8617,1967058,0.44
Kentucky,10/12/2024,1936,10/05/2024,8881,1974477,0.45
Kentucky,10/19/2024,1490,10/12/2024,8710,1974477,0.44
Kentucky,10/26/2024,1418,10/19/2024,8409,1974477,0.43
Kentucky,11/02/2024,1683,10/26/2024,8640,1967058,0.44
Kentucky,11/09/2024,1673,11/02/2024,8269,1967058,0.42
Kentucky,11/16/2024,1670,11/09/2024,8900,1967058,0.45
Kentucky,11/23/2024,2039,11/16/2024,8651,1967058,0.44
Kentucky,11/30/2024,2770,11/23/2024,8697,1967058,0.44
Kentucky,12/07/2024,2942,11/30/2024,10435,1967058,0.53
Kentucky,12/14/2024,3320,12/07/2024,9781,1967058,0.5
Kentucky,12/21/2024,5455,12/14/2024,10980,1967058,0.56
Kentucky,12/28/2024,4204,12/21/2024,11083,1967058,0.56
Kentucky,01/04/2025,2940,12/28/2024,6506,1967058,0.33
Kentucky,01/11/2025,6590,01/04/2025,14042,1979631,0.71
Kentucky,01/18/2025,3009,01/11/2025,16907,1979631,0.85
Kentucky,01/25/2025,2175,01/18/2025,14951,1979631,0.76
Kentucky,02/01/2025,1729,01/25/2025,14978,1979631,0.76
Kentucky,02/08/2025,2085,02/01/2025,13687,1979631,0.69
Kentucky,02/15/2025,5097,02/08/2025,13957,1979631,0.71
Kentucky,02/22/2025,2023,02/15/2025,15416,1979631,0.78
Kentucky,03/01/2025,2914,02/22/2025,13559,1979631,0.68
Kentucky,03/08/2025,2089,03/01/2025,13509,1979631,0.68
Kentucky,03/15/2025,1533,03/08/2025,12851,1979631,0.65
Kentucky,03/22/2025,2448,03/15/2025,11926,1979631,0.6
Kentucky,03/29/2025,5254,03/22/2025,12190,1979631,0.62
Kentucky,04/05/2025,2299,03/29/2025,12422,1979631,0.63
Kentucky,04/12/2025,6591,04/05/2025,10726,1979631,0.54
Louisiana,01/04/2020,1658,12/28/2019,16553,1890973,0.88
Louisiana,01/11/2020,2521,01/04/2020,15957,1892522,0.84
Louisiana,01/18/2020,2008,01/11/2020,16076,1892522,0.85
Louisiana,01/25/2020,1878,01/18/2020,15500,1892522,0.82
Louisiana,02/01/2020,2058,01/25/2020,16189,1892522,0.86
Louisiana,02/08/2020,1805,02/01/2020,15051,1892522,0.8
Louisiana,02/15/2020,1739,02/08/2020,15057,1892522,0.8
Louisiana,02/22/2020,1798,02/15/2020,14640,1892522,0.77
Louisiana,02/29/2020,1509,02/22/2020,15289,1892522,0.81
Louisiana,03/07/2020,1698,02/29/2020,14199,1892522,0.75
Louisiana,03/14/2020,2255,03/07/2020,13987,1892522,0.74
Louisiana,03/21/2020,72438,03/14/2020,14143,1892522,0.75
Louisiana,03/28/2020,97400,03/21/2020,58027,1892522,3.07
Louisiana,04/04/2020,100621,03/28/2020,116690,1892522,6.17
Louisiana,04/11/2020,79653,04/04/2020,217532,1891334,11.5
Louisiana,04/18/2020,91923,04/11/2020,246296,1891334,13.02
Louisiana,04/25/2020,66141,04/18/2020,300657,1891334,15.9
Louisiana,05/02/2020,50941,04/25/2020,310013,1891334,16.39
Louisiana,05/09/2020,40125,05/02/2020,325136,1891334,17.19
Louisiana,05/16/2020,28545,05/09/2020,326504,1891334,17.26
Louisiana,05/23/2020,23961,05/16/2020,328409,1891334,17.36
Louisiana,05/30/2020,19334,05/23/2020,301598,1891334,15.95
Louisiana,06/06/2020,21879,05/30/2020,305083,1891334,16.13
Louisiana,06/13/2020,23122,06/06/2020,306358,1891334,16.2
Louisiana,06/20/2020,19524,06/13/2020,300389,1891334,15.88
Louisiana,06/27/2020,21976,06/20/2020,306089,1891334,16.18
Louisiana,07/04/2020,31417,06/27/2020,313157,1891334,16.56
Louisiana,07/11/2020,26351,07/04/2020,312893,1889866,16.56
Louisiana,07/18/2020,32079,07/11/2020,313117,1889866,16.57
Louisiana,07/25/2020,18511,07/18/2020,324357,1889866,17.16
Louisiana,08/01/2020,13402,07/25/2020,327467,1889866,17.33
Louisiana,08/08/2020,11131,08/01/2020,299974,1889866,15.87
Louisiana,08/15/2020,14365,08/08/2020,255068,1889866,13.5
Louisiana,08/22/2020,12529,08/15/2020,250720,1889866,13.27
Louisiana,08/29/2020,16191,08/22/2020,249610,1889866,13.21
Louisiana,09/05/2020,24566,08/29/2020,256184,1889866,13.56
Louisiana,09/12/2020,16182,09/05/2020,250244,1889866,13.24
Louisiana,09/19/2020,14842,09/12/2020,238724,1889866,12.63
Louisiana,09/26/2020,16296,09/19/2020,214860,1889866,11.37
Louisiana,10/03/2020,13461,09/26/2020,195223,1889866,10.33
Louisiana,10/10/2020,13577,10/03/2020,165320,1887456,8.76
Louisiana,10/17/2020,13039,10/10/2020,146622,1887456,7.77
Louisiana,10/24/2020,9943,10/17/2020,128378,1887456,6.8
Louisiana,10/31/2020,8419,10/24/2020,115350,1887456,6.11
Louisiana,11/07/2020,10045,10/31/2020,98935,1887456,5.24
Louisiana,11/14/2020,10045,11/07/2020,91023,1887456,4.82
Louisiana,11/21/2020,10045,11/14/2020,83338,1887456,4.42
Louisiana,11/28/2020,11780,11/21/2020,74863,1887456,3.97
Louisiana,12/05/2020,9114,11/28/2020,75004,1887456,3.97
Louisiana,12/12/2020,9289,12/05/2020,66810,1887456,3.54
Louisiana,12/19/2020,7926,12/12/2020,64448,1887456,3.41
Louisiana,12/26/2020,8246,12/19/2020,60641,1887456,3.21
Louisiana,01/02/2021,25365,12/26/2020,64404,1887456,3.41
Louisiana,01/09/2021,21624,01/02/2021,87510,1827685,4.79
Louisiana,01/16/2021,16340,01/09/2021,63888,1827685,3.5
Louisiana,01/23/2021,12004,01/16/2021,64916,1827685,3.55
Louisiana,01/30/2021,10376,01/23/2021,65649,1827685,3.59
Louisiana,02/06/2021,9010,01/30/2021,60711,1827685,3.32
Louisiana,02/13/2021,6458,02/06/2021,54587,1827685,2.99
Louisiana,02/20/2021,6447,02/13/2021,52721,1827685,2.88
Louisiana,02/27/2021,6981,02/20/2021,53212,1827685,2.91
Louisiana,03/06/2021,7100,02/27/2021,48016,1827685,2.63
Louisiana,03/13/2021,7195,03/06/2021,46170,1827685,2.53
Louisiana,03/20/2021,6468,03/13/2021,40840,1827685,2.23
Louisiana,03/27/2021,12845,03/20/2021,42546,1827685,2.33
Louisiana,04/03/2021,12263,03/27/2021,46530,1827685,2.55
Louisiana,04/10/2021,9809,04/03/2021,50796,1782555,2.85
Louisiana,04/17/2021,8829,04/10/2021,52698,1782555,2.96
Louisiana,04/24/2021,7114,04/17/2021,51308,1782555,2.88
Louisiana,05/01/2021,6783,04/24/2021,52018,1782555,2.92
Louisiana,05/08/2021,7129,05/01/2021,50556,1782555,2.84
Louisiana,05/15/2021,6327,05/08/2021,51726,1782555,2.9
Louisiana,05/22/2021,5976,05/15/2021,51031,1782555,2.86
Louisiana,05/29/2021,5573,05/22/2021,47680,1782555,2.67
Louisiana,06/05/2021,5569,05/29/2021,50040,1782555,2.81
Louisiana,06/12/2021,5242,06/05/2021,49355,1782555,2.77
Louisiana,06/19/2021,4278,06/12/2021,49503,1782555,2.78
Louisiana,06/26/2021,4129,06/19/2021,49163,1782555,2.76
Louisiana,07/03/2021,4222,06/26/2021,49973,1782555,2.8
Louisiana,07/10/2021,4558,07/03/2021,49230,1746855,2.82
Louisiana,07/17/2021,5492,07/10/2021,48045,1746855,2.75
Louisiana,07/24/2021,3122,07/17/2021,44996,1746855,2.58
Louisiana,07/31/2021,3228,07/24/2021,47230,1746855,2.7
Louisiana,08/07/2021,2411,07/31/2021,43992,1746855,2.52
Louisiana,08/14/2021,2332,08/07/2021,40433,1746855,2.31
Louisiana,08/21/2021,2217,08/14/2021,37315,1746855,2.14
Louisiana,08/28/2021,2060,08/21/2021,35659,1746855,2.04
Louisiana,09/04/2021,9724,08/28/2021,33598,1746855,1.92
Louisiana,09/11/2021,14042,09/04/2021,37364,1746855,2.14
Louisiana,09/18/2021,7107,09/11/2021,43034,1746855,2.46
Louisiana,09/25/2021,3947,09/18/2021,43003,1746855,2.46
Louisiana,10/02/2021,3130,09/25/2021,40302,1746855,2.31
Louisiana,10/09/2021,3141,10/02/2021,36425,1714402,2.12
Louisiana,10/16/2021,2804,10/09/2021,31305,1714402,1.83
Louisiana,10/23/2021,2102,10/16/2021,26314,1714402,1.53
Louisiana,10/30/2021,3009,10/23/2021,24791,1714402,1.45
Louisiana,11/06/2021,1981,10/30/2021,24227,1714402,1.41
Louisiana,11/13/2021,1682,11/06/2021,21926,1714402,1.28
Louisiana,11/20/2021,2001,11/13/2021,20293,1714402,1.18
Louisiana,11/27/2021,1568,11/20/2021,18760,1714402,1.09
Louisiana,12/04/2021,2183,11/27/2021,20169,1714402,1.18
Louisiana,12/11/2021,1820,12/04/2021,17727,1714402,1.03
Louisiana,12/18/2021,1923,12/11/2021,17153,1714402,1
Louisiana,12/25/2021,1623,12/18/2021,16438,1714402,0.96
Louisiana,01/01/2022,1633,12/25/2021,17041,1714402,0.99
Louisiana,01/08/2022,2861,01/01/2022,16520,1743970,0.95
Louisiana,01/15/2022,2550,01/08/2022,16234,1743970,0.93
Louisiana,01/22/2022,1922,01/15/2022,16331,1743970,0.94
Louisiana,01/29/2022,1893,01/22/2022,15380,1743970,0.88
Louisiana,02/05/2022,1720,01/29/2022,15008,1743970,0.86
Louisiana,02/12/2022,1631,02/05/2022,14758,1743970,0.85
Louisiana,02/19/2022,1371,02/12/2022,13838,1743970,0.79
Louisiana,02/26/2022,1327,02/19/2022,13085,1743970,0.75
Louisiana,03/05/2022,1347,02/26/2022,12871,1743970,0.74
Louisiana,03/12/2022,1573,03/05/2022,11818,1743970,0.68
Louisiana,03/19/2022,1457,03/12/2022,11380,1743970,0.65
Louisiana,03/26/2022,1432,03/19/2022,10770,1743970,0.62
Louisiana,04/02/2022,1477,03/26/2022,10865,1743970,0.62
Louisiana,04/09/2022,2047,04/02/2022,10011,1762861,0.57
Louisiana,04/16/2022,1631,04/09/2022,9667,1762861,0.55
Louisiana,04/23/2022,1604,04/16/2022,9554,1762861,0.54
Louisiana,04/30/2022,1645,04/23/2022,10075,1762861,0.57
Louisiana,05/07/2022,1692,04/30/2022,9525,1762861,0.54
Louisiana,05/14/2022,1739,05/07/2022,9646,1762861,0.55
Louisiana,05/21/2022,1838,05/14/2022,9799,1762861,0.56
Louisiana,05/28/2022,2111,05/21/2022,10060,1762861,0.57
Louisiana,06/04/2022,2094,05/28/2022,10820,1762861,0.61
Louisiana,06/11/2022,2312,06/04/2022,11570,1762861,0.66
Louisiana,06/18/2022,2005,06/11/2022,12008,1762861,0.68
Louisiana,06/25/2022,2137,06/18/2022,11466,1762861,0.65
Louisiana,07/02/2022,2151,06/25/2022,11681,1762861,0.66
Louisiana,07/09/2022,2098,07/02/2022,11718,1777690,0.66
Louisiana,07/16/2022,2875,07/09/2022,11813,1777690,0.66
Louisiana,07/23/2022,2370,07/16/2022,12594,1777690,0.71
Louisiana,07/30/2022,2074,07/23/2022,13095,1777690,0.74
Louisiana,08/06/2022,2130,07/30/2022,12884,1777690,0.72
Louisiana,08/13/2022,1962,08/06/2022,12421,1777690,0.7
Louisiana,08/20/2022,1799,08/13/2022,12021,1777690,0.68
Louisiana,08/27/2022,1799,08/20/2022,11234,1777690,0.63
Louisiana,09/03/2022,1725,08/27/2022,11589,1777690,0.65
Louisiana,09/10/2022,1489,09/03/2022,10993,1777690,0.62
Louisiana,09/17/2022,1526,09/10/2022,10806,1777690,0.61
Louisiana,09/24/2022,1543,09/17/2022,10410,1777690,0.59
Louisiana,10/01/2022,1445,09/24/2022,10320,1777690,0.58
Louisiana,10/08/2022,1923,10/01/2022,10162,1787526,0.57
Louisiana,10/15/2022,1723,10/08/2022,10259,1787526,0.57
Louisiana,10/22/2022,1581,10/15/2022,10264,1787526,0.57
Louisiana,10/29/2022,1680,10/22/2022,10276,1787526,0.57
Louisiana,11/05/2022,1796,10/29/2022,10251,1787526,0.57
Louisiana,11/12/2022,1549,11/05/2022,10313,1787526,0.58
Louisiana,11/19/2022,2173,11/12/2022,10401,1787526,0.58
Louisiana,11/26/2022,1444,11/19/2022,10582,1787526,0.59
Louisiana,12/03/2022,2205,11/26/2022,11238,1787526,0.63
Louisiana,12/10/2022,2047,12/03/2022,11430,1787526,0.64
Louisiana,12/17/2022,2078,12/10/2022,11656,1787526,0.65
Louisiana,12/24/2022,1823,12/17/2022,11709,1787526,0.66
Louisiana,12/31/2022,1539,12/24/2022,12161,1787526,0.68
Louisiana,01/07/2023,2124,12/31/2022,12463,1787526,0.7
Louisiana,01/14/2023,2313,01/07/2023,12625,1797970,0.7
Louisiana,01/21/2023,1778,01/14/2023,12707,1797970,0.71
Louisiana,01/28/2023,1840,01/21/2023,12353,1797970,0.69
Louisiana,02/04/2023,1929,01/28/2023,12119,1797970,0.67
Louisiana,02/11/2023,1766,02/04/2023,12296,1797970,0.68
Louisiana,02/18/2023,1576,02/11/2023,12054,1797970,0.67
Louisiana,02/25/2023,1374,02/18/2023,11757,1797970,0.65
Louisiana,03/04/2023,1631,02/25/2023,11426,1797970,0.64
Louisiana,03/11/2023,1715,03/04/2023,11294,1797970,0.63
Louisiana,03/18/2023,1639,03/11/2023,11284,1797970,0.63
Louisiana,03/25/2023,1562,03/18/2023,11190,1797970,0.62
Louisiana,04/01/2023,1663,03/25/2023,11182,1797970,0.62
Louisiana,04/08/2023,1797,04/01/2023,11192,1812649,0.62
Louisiana,04/15/2023,1946,04/08/2023,11151,1812649,0.62
Louisiana,04/22/2023,1666,04/15/2023,11426,1812649,0.63
Louisiana,04/29/2023,1621,04/22/2023,11077,1812649,0.61
Louisiana,05/06/2023,1701,04/29/2023,11151,1812649,0.62
Louisiana,05/13/2023,2079,05/06/2023,11251,1812649,0.62
Louisiana,05/20/2023,1988,05/13/2023,11566,1812649,0.64
Louisiana,05/27/2023,2447,05/20/2023,12092,1812649,0.67
Louisiana,06/03/2023,2770,05/27/2023,12450,1812649,0.69
Louisiana,06/10/2023,2624,06/03/2023,13528,1812649,0.75
Louisiana,06/17/2023,2202,06/10/2023,14167,1812649,0.78
Louisiana,06/24/2023,2191,06/17/2023,14639,1812649,0.81
Louisiana,07/01/2023,2157,06/24/2023,14971,1812649,0.83
Louisiana,07/08/2023,1916,07/01/2023,15239,1820388,0.84
Louisiana,07/15/2023,2402,07/08/2023,15448,1820388,0.85
Louisiana,07/22/2023,2112,07/15/2023,15809,1820388,0.87
Louisiana,07/29/2023,2034,07/22/2023,15750,1820388,0.87
Louisiana,08/05/2023,2038,07/29/2023,15517,1820388,0.85
Louisiana,08/12/2023,1897,08/05/2023,15168,1820388,0.83
Louisiana,08/19/2023,1877,08/12/2023,14849,1820388,0.82
Louisiana,08/26/2023,1830,08/19/2023,14020,1820388,0.77
Louisiana,09/02/2023,1423,08/26/2023,13657,1820388,0.75
Louisiana,09/09/2023,1384,09/02/2023,13116,1820388,0.72
Louisiana,09/16/2023,1630,09/09/2023,13150,1820388,0.72
Louisiana,09/23/2023,1770,09/16/2023,12729,1820388,0.7
Louisiana,09/30/2023,1566,09/23/2023,12764,1820388,0.7
Louisiana,10/07/2023,1590,09/30/2023,12351,1834519,0.67
Louisiana,10/14/2023,1499,10/07/2023,12239,1834519,0.67
Louisiana,10/21/2023,1562,10/14/2023,11065,1834519,0.6
Louisiana,10/28/2023,1736,10/21/2023,12220,1834519,0.67
Louisiana,11/04/2023,1782,10/28/2023,12403,1834519,0.68
Louisiana,11/11/2023,1833,11/04/2023,12558,1834519,0.68
Louisiana,11/18/2023,1979,11/11/2023,12856,1834519,0.7
Louisiana,11/25/2023,1202,11/18/2023,12749,1834519,0.69
Louisiana,12/02/2023,1950,11/25/2023,12918,1834519,0.7
Louisiana,12/09/2023,1784,12/02/2023,12607,1834519,0.69
Louisiana,12/16/2023,1857,12/09/2023,13211,1834519,0.72
Louisiana,12/23/2023,1766,12/16/2023,13193,1834519,0.72
Louisiana,12/30/2023,1273,12/23/2023,13125,1834519,0.72
Louisiana,01/06/2024,1562,12/30/2023,13292,1844493,0.72
Louisiana,01/13/2024,1772,01/06/2024,13375,1844493,0.73
Louisiana,01/20/2024,1192,01/13/2024,12682,1844493,0.69
Louisiana,01/27/2024,1722,01/20/2024,12555,1844493,0.68
Louisiana,02/03/2024,1585,01/27/2024,12212,1844493,0.66
Louisiana,02/10/2024,1541,02/03/2024,12237,1844493,0.66
Louisiana,02/17/2024,1123,02/10/2024,10396,1844493,0.56
Louisiana,02/24/2024,1424,02/17/2024,11648,1844493,0.63
Louisiana,03/02/2024,1551,02/24/2024,11249,1844493,0.61
Louisiana,03/09/2024,1635,03/02/2024,11257,1844493,0.61
Louisiana,03/16/2024,1519,03/09/2024,11049,1844493,0.6
Louisiana,03/23/2024,1512,03/16/2024,11056,1844493,0.6
Louisiana,03/30/2024,1352,03/23/2024,10922,1844493,0.59
Louisiana,04/06/2024,1683,03/30/2024,10942,1841396,0.59
Louisiana,04/13/2024,1597,04/06/2024,11001,1841396,0.6
Louisiana,04/20/2024,1695,04/13/2024,11080,1841396,0.6
Louisiana,04/27/2024,1573,04/20/2024,11152,1841396,0.61
Louisiana,05/04/2024,1360,04/27/2024,10092,1841396,0.55
Louisiana,05/11/2024,1897,05/04/2024,11119,1841396,0.6
Louisiana,05/18/2024,1955,05/11/2024,11425,1841396,0.62
Louisiana,05/25/2024,2184,05/18/2024,11584,1841396,0.63
Louisiana,06/01/2024,2046,05/25/2024,12224,1841396,0.66
Louisiana,06/08/2024,2193,06/01/2024,13030,1841396,0.71
Louisiana,06/15/2024,2020,06/08/2024,13705,1841396,0.74
Louisiana,06/22/2024,2030,06/15/2024,13989,1841396,0.76
Louisiana,06/29/2024,2090,06/22/2024,14231,1841396,0.77
Louisiana,07/06/2024,1634,06/29/2024,14349,1852583,0.77
Louisiana,07/13/2024,2132,07/06/2024,14415,1852583,0.78
Louisiana,07/20/2024,1939,07/13/2024,14452,1852583,0.78
Louisiana,07/27/2024,1838,07/20/2024,14596,1852583,0.79
Louisiana,08/03/2024,1833,07/27/2024,14440,1852583,0.78
Louisiana,08/10/2024,1846,08/03/2024,14102,1852583,0.76
Louisiana,08/17/2024,1761,08/10/2024,13667,1852583,0.74
Louisiana,08/24/2024,1786,08/17/2024,13247,1852583,0.72
Louisiana,08/31/2024,1681,08/24/2024,12930,1852583,0.7
Louisiana,09/07/2024,1545,08/31/2024,12654,1852583,0.68
Louisiana,09/14/2024,1321,09/07/2024,12411,1852583,0.67
Louisiana,09/21/2024,1703,09/14/2024,12115,1852583,0.65
Louisiana,09/28/2024,1664,09/21/2024,11913,1852583,0.64
Louisiana,10/05/2024,1651,09/28/2024,11671,1856256,0.63
Louisiana,10/12/2024,1779,10/05/2024,11581,1856256,0.62
Louisiana,10/19/2024,1583,10/12/2024,11383,1856256,0.61
Louisiana,10/26/2024,1571,10/19/2024,11343,1856256,0.61
Louisiana,11/02/2024,1572,10/26/2024,10235,1856256,0.55
Louisiana,11/09/2024,1534,11/02/2024,10300,1856256,0.55
Louisiana,11/16/2024,1733,11/09/2024,11436,1856256,0.62
Louisiana,11/23/2024,2122,11/16/2024,11387,1856256,0.61
Louisiana,11/30/2024,1423,11/23/2024,11690,1856256,0.63
Louisiana,12/07/2024,2075,11/30/2024,12214,1856256,0.66
Louisiana,12/14/2024,1878,12/07/2024,12270,1856256,0.66
Louisiana,12/21/2024,1592,12/14/2024,10792,1856256,0.58
Louisiana,12/28/2024,1106,12/21/2024,12384,1856256,0.67
Louisiana,01/04/2025,1333,12/28/2024,12793,1856256,0.69
Louisiana,01/11/2025,2070,01/04/2025,12737,1865977,0.68
Louisiana,01/18/2025,1876,01/11/2025,13025,1865977,0.7
Louisiana,01/25/2025,1039,01/18/2025,12456,1865977,0.67
Louisiana,02/01/2025,1689,01/25/2025,12457,1865977,0.67
Louisiana,02/08/2025,1647,02/01/2025,11861,1865977,0.64
Louisiana,02/15/2025,1572,02/08/2025,11713,1865977,0.63
Louisiana,02/22/2025,1668,02/15/2025,11390,1865977,0.61
Louisiana,03/01/2025,1404,02/22/2025,11535,1865977,0.62
Louisiana,03/08/2025,1419,03/01/2025,11160,1865977,0.6
Louisiana,03/15/2025,1524,03/08/2025,11091,1865977,0.59
Louisiana,03/22/2025,1502,03/15/2025,10991,1865977,0.59
Louisiana,03/29/2025,1448,03/22/2025,10902,1865977,0.58
Louisiana,04/05/2025,1508,03/29/2025,10783,1873588,0.58
Louisiana,04/12/2025,1687,04/05/2025,10810,1873588,0.58
Maine,01/04/2020,1663,12/28/2019,7828,601875,1.3
Maine,01/11/2020,1561,01/04/2020,7832,602736,1.3
Maine,01/18/2020,959,01/11/2020,8661,602736,1.44
Maine,01/25/2020,944,01/18/2020,8457,602736,1.4
Maine,02/01/2020,881,01/25/2020,8916,602736,1.48
Maine,02/08/2020,702,02/01/2020,8809,602736,1.46
Maine,02/15/2020,790,02/08/2020,8896,602736,1.48
Maine,02/22/2020,737,02/15/2020,8624,602736,1.43
Maine,02/29/2020,862,02/22/2020,9007,602736,1.49
Maine,03/07/2020,715,02/29/2020,8739,602736,1.45
Maine,03/14/2020,634,03/07/2020,8451,602736,1.4
Maine,03/21/2020,21459,03/14/2020,8703,602736,1.44
Maine,03/28/2020,23770,03/21/2020,21967,602736,3.64
Maine,04/04/2020,30910,03/28/2020,41339,602736,6.86
Maine,04/11/2020,13488,04/04/2020,55723,603932,9.23
Maine,04/18/2020,11769,04/11/2020,66525,603932,11.02
Maine,04/25/2020,7661,04/18/2020,73141,603932,12.11
Maine,05/02/2020,6993,04/25/2020,76773,603932,12.71
Maine,05/09/2020,5579,05/02/2020,87280,603932,14.45
Maine,05/16/2020,4726,05/09/2020,92207,603932,15.27
Maine,05/23/2020,16667,05/16/2020,138219,603932,22.89
Maine,05/30/2020,11151,05/23/2020,162256,603932,26.87
Maine,06/06/2020,3117,05/30/2020,78247,603932,12.96
Maine,06/13/2020,3013,06/06/2020,66966,603932,11.09
Maine,06/20/2020,2911,06/13/2020,64717,603932,10.72
Maine,06/27/2020,3119,06/20/2020,62989,603932,10.43
Maine,07/04/2020,2939,06/27/2020,63635,603932,10.54
Maine,07/11/2020,4696,07/04/2020,60623,607641,9.98
Maine,07/18/2020,2276,07/11/2020,60614,607641,9.98
Maine,07/25/2020,2014,07/18/2020,62377,607641,10.27
Maine,08/01/2020,1722,07/25/2020,53480,607641,8.8
Maine,08/08/2020,1734,08/01/2020,50885,607641,8.37
Maine,08/15/2020,1332,08/08/2020,46605,607641,7.67
Maine,08/22/2020,1120,08/15/2020,41459,607641,6.82
Maine,08/29/2020,1248,08/22/2020,38919,607641,6.4
Maine,09/05/2020,1150,08/29/2020,36200,607641,5.96
Maine,09/12/2020,1435,09/05/2020,30612,607641,5.04
Maine,09/19/2020,1431,09/12/2020,28071,607641,4.62
Maine,09/26/2020,1584,09/19/2020,24701,607641,4.07
Maine,10/03/2020,1702,09/26/2020,22893,607641,3.77
Maine,10/10/2020,1549,10/03/2020,19723,605947,3.25
Maine,10/17/2020,1346,10/10/2020,15901,605947,2.62
Maine,10/24/2020,1479,10/17/2020,15286,605947,2.52
Maine,10/31/2020,1696,10/24/2020,13234,605947,2.18
Maine,11/07/2020,2264,10/31/2020,12917,605947,2.13
Maine,11/14/2020,1997,11/07/2020,11998,605947,1.98
Maine,11/21/2020,2254,11/14/2020,12070,605947,1.99
Maine,11/28/2020,1944,11/21/2020,11948,605947,1.97
Maine,12/05/2020,3005,11/28/2020,12930,605947,2.13
Maine,12/12/2020,3125,12/05/2020,14254,605947,2.35
Maine,12/19/2020,2980,12/12/2020,14624,605947,2.41
Maine,12/26/2020,2667,12/19/2020,13693,605947,2.26
Maine,01/02/2021,3940,12/26/2020,15668,605947,2.59
Maine,01/09/2021,3753,01/02/2021,17147,586117,2.93
Maine,01/16/2021,3312,01/09/2021,17360,586117,2.96
Maine,01/23/2021,2845,01/16/2021,17724,586117,3.02
Maine,01/30/2021,2713,01/23/2021,18161,586117,3.1
Maine,02/06/2021,2172,01/30/2021,18206,586117,3.11
Maine,02/13/2021,2045,02/06/2021,17274,586117,2.95
Maine,02/20/2021,2198,02/13/2021,17136,586117,2.92
Maine,02/27/2021,1677,02/20/2021,17239,586117,2.94
Maine,03/06/2021,1479,02/27/2021,16342,586117,2.79
Maine,03/13/2021,1399,03/06/2021,15975,586117,2.73
Maine,03/20/2021,1450,03/13/2021,14914,586117,2.54
Maine,03/27/2021,1603,03/20/2021,15092,586117,2.57
Maine,04/03/2021,2147,03/27/2021,15495,586117,2.64
Maine,04/10/2021,2060,04/03/2021,15344,573679,2.67
Maine,04/17/2021,1660,04/10/2021,14624,573679,2.55
Maine,04/24/2021,1689,04/17/2021,13854,573679,2.41
Maine,05/01/2021,1391,04/24/2021,13721,573679,2.39
Maine,05/08/2021,1299,05/01/2021,12413,573679,2.16
Maine,05/15/2021,1224,05/08/2021,11852,573679,2.07
Maine,05/22/2021,1003,05/15/2021,11692,573679,2.04
Maine,05/29/2021,1376,05/22/2021,10768,573679,1.88
Maine,06/05/2021,1052,05/29/2021,10842,573679,1.89
Maine,06/12/2021,1355,06/05/2021,10300,573679,1.8
Maine,06/19/2021,1548,06/12/2021,9690,573679,1.69
Maine,06/26/2021,1368,06/19/2021,9481,573679,1.65
Maine,07/03/2021,1252,06/26/2021,9473,573679,1.65
Maine,07/10/2021,1172,07/03/2021,9055,567211,1.6
Maine,07/17/2021,1201,07/10/2021,9449,567211,1.67
Maine,07/24/2021,916,07/17/2021,8239,567211,1.45
Maine,07/31/2021,809,07/24/2021,8239,567211,1.45
Maine,08/07/2021,769,07/31/2021,7932,567211,1.4
Maine,08/14/2021,821,08/07/2021,7938,567211,1.4
Maine,08/21/2021,755,08/14/2021,7548,567211,1.33
Maine,08/28/2021,719,08/21/2021,7065,567211,1.25
Maine,09/04/2021,680,08/28/2021,6773,567211,1.19
Maine,09/11/2021,565,09/04/2021,5846,567211,1.03
Maine,09/18/2021,558,09/11/2021,8106,567211,1.43
Maine,09/25/2021,507,09/18/2021,6776,567211,1.19
Maine,10/02/2021,600,09/25/2021,5940,567211,1.05
Maine,10/09/2021,802,10/02/2021,5435,562725,0.97
Maine,10/16/2021,591,10/09/2021,4836,562725,0.86
Maine,10/23/2021,697,10/16/2021,4526,562725,0.8
Maine,10/30/2021,806,10/23/2021,4566,562725,0.81
Maine,11/06/2021,1000,10/30/2021,4888,562725,0.87
Maine,11/13/2021,870,11/06/2021,4846,562725,0.86
Maine,11/20/2021,936,11/13/2021,4888,562725,0.87
Maine,11/27/2021,813,11/20/2021,4794,562725,0.85
Maine,12/04/2021,1256,11/27/2021,5675,562725,1.01
Maine,12/11/2021,1205,12/04/2021,5789,562725,1.03
Maine,12/18/2021,1055,12/11/2021,6149,562725,1.09
Maine,12/25/2021,1198,12/18/2021,6073,562725,1.08
Maine,01/01/2022,1413,12/25/2021,7042,562725,1.25
Maine,01/08/2022,1608,01/01/2022,7487,577903,1.3
Maine,01/15/2022,1216,01/08/2022,7961,577903,1.38
Maine,01/22/2022,904,01/15/2022,8013,577903,1.39
Maine,01/29/2022,855,01/22/2022,8174,577903,1.41
Maine,02/05/2022,671,01/29/2022,8176,577903,1.41
Maine,02/12/2022,744,02/05/2022,8253,577903,1.43
Maine,02/19/2022,728,02/12/2022,7923,577903,1.37
Maine,02/26/2022,666,02/19/2022,7741,577903,1.34
Maine,03/05/2022,664,02/26/2022,7945,577903,1.37
Maine,03/12/2022,485,03/05/2022,7474,577903,1.29
Maine,03/19/2022,537,03/12/2022,7167,577903,1.24
Maine,03/26/2022,605,03/19/2022,7030,577903,1.22
Maine,04/02/2022,727,03/26/2022,6663,577903,1.15
Maine,04/09/2022,653,04/02/2022,6426,589459,1.09
Maine,04/16/2022,505,04/09/2022,5978,589459,1.01
Maine,04/23/2022,650,04/16/2022,5628,589459,0.95
Maine,04/30/2022,539,04/23/2022,5575,589459,0.95
Maine,05/07/2022,455,04/30/2022,4771,589459,0.81
Maine,05/14/2022,450,05/07/2022,4304,589459,0.73
Maine,05/21/2022,459,05/14/2022,4106,589459,0.7
Maine,05/28/2022,378,05/21/2022,3867,589459,0.66
Maine,06/04/2022,391,05/28/2022,3611,589459,0.61
Maine,06/11/2022,389,06/04/2022,3477,589459,0.59
Maine,06/18/2022,494,06/11/2022,3273,589459,0.56
Maine,06/25/2022,490,06/18/2022,3269,589459,0.55
Maine,07/02/2022,450,06/25/2022,3342,589459,0.57
Maine,07/09/2022,638,07/02/2022,3321,593483,0.56
Maine,07/16/2022,440,07/09/2022,3566,593483,0.6
Maine,07/23/2022,379,07/16/2022,3444,593483,0.58
Maine,07/30/2022,390,07/23/2022,3280,593483,0.55
Maine,08/06/2022,442,07/30/2022,3361,593483,0.57
Maine,08/13/2022,394,08/06/2022,3305,593483,0.56
Maine,08/20/2022,372,08/13/2022,3339,593483,0.56
Maine,08/27/2022,355,08/20/2022,3152,593483,0.53
Maine,09/03/2022,323,08/27/2022,3033,593483,0.51
Maine,09/10/2022,338,09/03/2022,2708,593483,0.46
Maine,09/17/2022,360,09/10/2022,2671,593483,0.45
Maine,09/24/2022,314,09/17/2022,2559,593483,0.43
Maine,10/01/2022,375,09/24/2022,2531,593483,0.43
Maine,10/08/2022,370,10/01/2022,2543,597823,0.43
Maine,10/15/2022,435,10/08/2022,2535,597823,0.42
Maine,10/22/2022,493,10/15/2022,2646,597823,0.44
Maine,10/29/2022,621,10/22/2022,2693,597823,0.45
Maine,11/05/2022,776,10/29/2022,2863,597823,0.48
Maine,11/12/2022,647,11/05/2022,3083,597823,0.52
Maine,11/19/2022,837,11/12/2022,3569,597823,0.6
Maine,11/26/2022,772,11/19/2022,3567,597823,0.6
Maine,12/03/2022,1091,11/26/2022,4443,597823,0.74
Maine,12/10/2022,968,12/03/2022,4600,597823,0.77
Maine,12/17/2022,844,12/10/2022,5034,597823,0.84
Maine,12/24/2022,982,12/17/2022,5199,597823,0.87
Maine,12/31/2022,1199,12/24/2022,5946,597823,0.99
Maine,01/07/2023,1309,12/31/2022,6612,597823,1.11
Maine,01/14/2023,1015,01/07/2023,7157,601656,1.19
Maine,01/21/2023,723,01/14/2023,7312,601656,1.22
Maine,01/28/2023,626,01/21/2023,7644,601656,1.27
Maine,02/04/2023,719,01/28/2023,7751,601656,1.29
Maine,02/11/2023,718,02/04/2023,7669,601656,1.27
Maine,02/18/2023,636,02/11/2023,7789,601656,1.29
Maine,02/25/2023,659,02/18/2023,7606,601656,1.26
Maine,03/04/2023,766,02/25/2023,7971,601656,1.32
Maine,03/11/2023,782,03/04/2023,7793,601656,1.3
Maine,03/18/2023,636,03/11/2023,7687,601656,1.28
Maine,03/25/2023,710,03/18/2023,7817,601656,1.3
Maine,04/01/2023,690,03/25/2023,7666,601656,1.27
Maine,04/08/2023,747,04/01/2023,7464,606364,1.23
Maine,04/15/2023,663,04/08/2023,7209,606364,1.19
Maine,04/22/2023,749,04/15/2023,6664,606364,1.1
Maine,04/29/2023,569,04/22/2023,6675,606364,1.1
Maine,05/06/2023,552,04/29/2023,6117,606364,1.01
Maine,05/13/2023,463,05/06/2023,5631,606364,0.93
Maine,05/20/2023,414,05/13/2023,5345,606364,0.88
Maine,05/27/2023,424,05/20/2023,4992,606364,0.82
Maine,06/03/2023,394,05/27/2023,4819,606364,0.79
Maine,06/10/2023,495,06/03/2023,4770,606364,0.79
Maine,06/17/2023,442,06/10/2023,4637,606364,0.76
Maine,06/24/2023,532,06/17/2023,4459,606364,0.74
Maine,07/01/2023,608,06/24/2023,4559,606364,0.75
Maine,07/08/2023,558,07/01/2023,4443,609794,0.73
Maine,07/15/2023,553,07/08/2023,4839,609794,0.79
Maine,07/22/2023,393,07/15/2023,4663,609794,0.76
Maine,07/29/2023,399,07/22/2023,4484,609794,0.74
Maine,08/05/2023,385,07/29/2023,4283,609794,0.7
Maine,08/12/2023,383,08/05/2023,4363,609794,0.72
Maine,08/19/2023,416,08/12/2023,4211,609794,0.69
Maine,08/26/2023,367,08/19/2023,4065,609794,0.67
Maine,09/02/2023,380,08/26/2023,3870,609794,0.63
Maine,09/09/2023,360,09/02/2023,3621,609794,0.59
Maine,09/16/2023,337,09/09/2023,3622,609794,0.59
Maine,09/23/2023,366,09/16/2023,3448,609794,0.57
Maine,09/30/2023,396,09/23/2023,3434,609794,0.56
Maine,10/07/2023,420,09/30/2023,3316,609794,0.54
Maine,10/14/2023,402,10/07/2023,3291,613233,0.54
Maine,10/21/2023,525,10/14/2023,3404,613233,0.56
Maine,10/28/2023,579,10/21/2023,3470,613233,0.57
Maine,11/04/2023,777,10/28/2023,3634,613233,0.59
Maine,11/11/2023,746,11/04/2023,3970,613233,0.65
Maine,11/18/2023,851,11/11/2023,4310,613233,0.7
Maine,11/25/2023,766,11/18/2023,4448,613233,0.73
Maine,12/02/2023,1157,11/25/2023,5295,613233,0.86
Maine,12/09/2023,997,12/02/2023,5448,613233,0.89
Maine,12/16/2023,969,12/09/2023,5982,613233,0.98
Maine,12/23/2023,812,12/16/2023,6170,613233,1.01
Maine,12/30/2023,1193,12/23/2023,6649,613233,1.08
Maine,01/06/2024,1303,12/30/2023,7423,613233,1.21
Maine,01/13/2024,1018,01/06/2024,7661,615936,1.24
Maine,01/20/2024,869,01/13/2024,7860,615936,1.28
Maine,01/27/2024,793,01/20/2024,8248,615936,1.34
Maine,02/03/2024,780,01/27/2024,8411,615936,1.37
Maine,02/10/2024,664,02/03/2024,8615,615936,1.4
Maine,02/17/2024,608,02/10/2024,8506,615936,1.38
Maine,02/24/2024,744,02/17/2024,8445,615936,1.37
Maine,03/02/2024,616,02/24/2024,8809,615936,1.43
Maine,03/09/2024,588,03/02/2024,8363,615936,1.36
Maine,03/16/2024,602,03/09/2024,8201,615936,1.33
Maine,03/23/2024,635,03/16/2024,8054,615936,1.31
Maine,03/30/2024,632,03/23/2024,7828,615936,1.27
Maine,04/06/2024,532,03/30/2024,7636,615936,1.24
Maine,04/13/2024,594,04/06/2024,7413,619131,1.2
Maine,04/20/2024,710,04/13/2024,6775,619131,1.09
Maine,04/27/2024,545,04/20/2024,6693,619131,1.08
Maine,05/04/2024,500,04/27/2024,6022,619131,0.97
Maine,05/11/2024,482,05/04/2024,5502,619131,0.89
Maine,05/18/2024,468,05/11/2024,5257,619131,0.85
Maine,05/25/2024,426,05/18/2024,5066,619131,0.82
Maine,06/01/2024,415,05/25/2024,4770,619131,0.77
Maine,06/08/2024,446,06/01/2024,4770,619131,0.77
Maine,06/15/2024,493,06/08/2024,4513,619131,0.73
Maine,06/22/2024,544,06/15/2024,4408,619131,0.71
Maine,06/29/2024,632,06/22/2024,4532,619131,0.73
Maine,07/06/2024,507,06/29/2024,4520,619131,0.73
Maine,07/13/2024,560,07/06/2024,4953,622138,0.8
Maine,07/20/2024,419,07/13/2024,4821,622138,0.77
Maine,07/27/2024,336,07/20/2024,4686,622138,0.75
Maine,08/03/2024,394,07/27/2024,4659,622138,0.75
Maine,08/10/2024,416,08/03/2024,4538,622138,0.73
Maine,08/17/2024,420,08/10/2024,4596,622138,0.74
Maine,08/24/2024,386,08/17/2024,4442,622138,0.71
Maine,08/31/2024,391,08/24/2024,4366,622138,0.7
Maine,09/07/2024,381,08/31/2024,4016,622138,0.65
Maine,09/14/2024,397,09/07/2024,4082,622138,0.66
Maine,09/21/2024,376,09/14/2024,3912,622138,0.63
Maine,09/28/2024,417,09/21/2024,3891,622138,0.63
Maine,10/05/2024,477,09/28/2024,3878,622138,0.62
Maine,10/12/2024,487,10/05/2024,3955,624139,0.63
Maine,10/19/2024,504,10/12/2024,3983,624139,0.64
Maine,10/26/2024,534,10/19/2024,4127,624139,0.66
Maine,11/02/2024,698,10/26/2024,4152,624139,0.67
Maine,11/09/2024,892,11/02/2024,4409,624139,0.71
Maine,11/16/2024,869,11/09/2024,4730,624139,0.76
Maine,11/23/2024,968,11/16/2024,5177,624139,0.83
Maine,11/30/2024,721,11/23/2024,5298,624139,0.85
Maine,12/07/2024,1234,11/30/2024,6059,624139,0.97
Maine,12/14/2024,1022,12/07/2024,6437,624139,1.03
Maine,12/21/2024,1102,12/14/2024,6970,624139,1.12
Maine,12/28/2024,826,12/21/2024,7167,624139,1.15
Maine,01/04/2025,1065,12/28/2024,8135,624139,1.3
Maine,01/11/2025,1025,01/04/2025,8368,626023,1.34
Maine,01/18/2025,937,01/11/2025,8688,626023,1.39
Maine,01/25/2025,641,01/18/2025,8821,626023,1.41
Maine,02/01/2025,726,01/25/2025,8971,626023,1.43
Maine,02/08/2025,654,02/01/2025,9100,626023,1.45
Maine,02/15/2025,512,02/08/2025,9090,626023,1.45
Maine,02/22/2025,620,02/15/2025,9012,626023,1.44
Maine,03/01/2025,616,02/22/2025,9312,626023,1.49
Maine,03/08/2025,554,03/01/2025,9077,626023,1.45
Maine,03/15/2025,577,03/08/2025,9037,626023,1.44
Maine,03/22/2025,648,03/15/2025,8861,626023,1.42
Maine,03/29/2025,616,03/22/2025,8840,626023,1.41
Maine,04/05/2025,666,03/29/2025,8594,626023,1.37
Maine,04/12/2025,535,04/05/2025,8357,626023,1.33
Maryland,01/04/2020,3997,12/28/2019,30571,2547265,1.2
Maryland,01/11/2020,4627,01/04/2020,31292,2549408,1.23
Maryland,01/18/2020,3739,01/11/2020,29203,2549408,1.15
Maryland,01/25/2020,3283,01/18/2020,29231,2549408,1.15
Maryland,02/01/2020,3203,01/25/2020,29788,2549408,1.17
Maryland,02/08/2020,3150,02/01/2020,29342,2549408,1.15
Maryland,02/15/2020,3048,02/08/2020,29219,2549408,1.15
Maryland,02/22/2020,2700,02/15/2020,29095,2549408,1.14
Maryland,02/29/2020,2626,02/22/2020,28412,2549408,1.11
Maryland,03/07/2020,2675,02/29/2020,28061,2549408,1.1
Maryland,03/14/2020,3864,03/07/2020,27039,2549408,1.06
Maryland,03/21/2020,42982,03/14/2020,26460,2549408,1.04
Maryland,03/28/2020,85377,03/21/2020,47954,2549408,1.88
Maryland,04/04/2020,109653,03/28/2020,92090,2549408,3.61
Maryland,04/11/2020,63235,04/04/2020,160897,2555073,6.3
Maryland,04/18/2020,48570,04/11/2020,201435,2555073,7.88
Maryland,04/25/2020,37995,04/18/2020,224315,2555073,8.78
Maryland,05/02/2020,63305,04/25/2020,227043,2555073,8.89
Maryland,05/09/2020,45664,05/02/2020,254713,2555073,9.97
Maryland,05/16/2020,35346,05/09/2020,253518,2555073,9.92
Maryland,05/23/2020,34048,05/16/2020,255313,2555073,9.99
Maryland,05/30/2020,31967,05/23/2020,246815,2555073,9.66
Maryland,06/06/2020,41695,05/30/2020,247237,2555073,9.68
Maryland,06/13/2020,23465,06/06/2020,250568,2555073,9.81
Maryland,06/20/2020,32583,06/13/2020,244172,2555073,9.56
Maryland,06/27/2020,22628,06/20/2020,233592,2555073,9.14
Maryland,07/04/2020,33230,06/27/2020,246727,2555073,9.66
Maryland,07/11/2020,19516,07/04/2020,234264,2551522,9.18
Maryland,07/18/2020,17242,07/11/2020,232305,2551522,9.1
Maryland,07/25/2020,13038,07/18/2020,219029,2551522,8.58
Maryland,08/01/2020,10835,07/25/2020,203445,2551522,7.97
Maryland,08/08/2020,8892,08/01/2020,194391,2551522,7.62
Maryland,08/15/2020,9053,08/08/2020,180568,2551522,7.08
Maryland,08/22/2020,7644,08/15/2020,176795,2551522,6.93
Maryland,08/29/2020,7271,08/22/2020,175969,2551522,6.9
Maryland,09/05/2020,7190,08/29/2020,165604,2551522,6.49
Maryland,09/12/2020,7858,09/05/2020,164868,2551522,6.46
Maryland,09/19/2020,5661,09/12/2020,161421,2551522,6.33
Maryland,09/26/2020,9280,09/19/2020,169032,2551522,6.62
Maryland,10/03/2020,10994,09/26/2020,149522,2551522,5.86
Maryland,10/10/2020,12347,10/03/2020,115445,2466552,4.68
Maryland,10/17/2020,11609,10/10/2020,102425,2466552,4.15
Maryland,10/24/2020,10743,10/17/2020,83240,2466552,3.37
Maryland,10/31/2020,10875,10/24/2020,81924,2466552,3.32
Maryland,11/07/2020,11332,10/31/2020,80101,2466552,3.25
Maryland,11/14/2020,11396,11/07/2020,70659,2466552,2.86
Maryland,11/21/2020,13803,11/14/2020,80142,2466552,3.25
Maryland,11/28/2020,9290,11/21/2020,75856,2466552,3.08
Maryland,12/05/2020,10204,11/28/2020,74434,2466552,3.02
Maryland,12/12/2020,11486,12/05/2020,77705,2466552,3.15
Maryland,12/19/2020,13491,12/12/2020,74078,2466552,3
Maryland,12/26/2020,13629,12/19/2020,75984,2466552,3.08
Maryland,01/02/2021,11541,12/26/2020,79308,2466552,3.22
Maryland,01/09/2021,23084,01/02/2021,75237,2408248,3.12
Maryland,01/16/2021,31019,01/09/2021,76687,2408248,3.18
Maryland,01/23/2021,33469,01/16/2021,79606,2408248,3.31
Maryland,01/30/2021,36355,01/23/2021,80737,2408248,3.35
Maryland,02/06/2021,19770,01/30/2021,74667,2408248,3.1
Maryland,02/13/2021,9935,02/06/2021,64776,2408248,2.69
Maryland,02/20/2021,8420,02/13/2021,63453,2408248,2.63
Maryland,02/27/2021,7879,02/20/2021,62508,2408248,2.6
Maryland,03/06/2021,7704,02/27/2021,61234,2408248,2.54
Maryland,03/13/2021,8879,03/06/2021,57896,2408248,2.4
Maryland,03/20/2021,10443,03/13/2021,53685,2408248,2.23
Maryland,03/27/2021,10295,03/20/2021,51544,2408248,2.14
Maryland,04/03/2021,8142,03/27/2021,50929,2408248,2.11
Maryland,04/10/2021,8727,04/03/2021,46783,2129288,2.2
Maryland,04/17/2021,7555,04/10/2021,46792,2129288,2.2
Maryland,04/24/2021,8560,04/17/2021,44655,2129288,2.1
Maryland,05/01/2021,5641,04/24/2021,39636,2129288,1.86
Maryland,05/08/2021,5636,05/01/2021,43781,2129288,2.06
Maryland,05/15/2021,5537,05/08/2021,43995,2129288,2.07
Maryland,05/22/2021,5509,05/15/2021,44201,2129288,2.08
Maryland,05/29/2021,10143,05/22/2021,43350,2129288,2.04
Maryland,06/05/2021,8638,05/29/2021,46267,2129288,2.17
Maryland,06/12/2021,10337,06/05/2021,39076,2129288,1.84
Maryland,06/19/2021,11228,06/12/2021,44014,2129288,2.07
Maryland,06/26/2021,7619,06/19/2021,42925,2129288,2.02
Maryland,07/03/2021,8906,06/26/2021,40379,2129288,1.9
Maryland,07/10/2021,6409,07/03/2021,42360,2314250,1.83
Maryland,07/17/2021,5532,07/10/2021,42887,2314250,1.85
Maryland,07/24/2021,3802,07/17/2021,35465,2314250,1.53
Maryland,07/31/2021,3602,07/24/2021,31162,2314250,1.35
Maryland,08/07/2021,5340,07/31/2021,37119,2314250,1.6
Maryland,08/14/2021,5512,08/07/2021,39941,2314250,1.73
Maryland,08/21/2021,7235,08/14/2021,46439,2314250,2.01
Maryland,08/28/2021,6377,08/21/2021,42204,2314250,1.82
Maryland,09/04/2021,5419,08/28/2021,39244,2314250,1.7
Maryland,09/11/2021,7437,09/04/2021,44239,2314250,1.91
Maryland,09/18/2021,9889,09/11/2021,45204,2314250,1.95
Maryland,09/25/2021,4272,09/18/2021,41233,2314250,1.78
Maryland,10/02/2021,2622,09/25/2021,37873,2314250,1.64
Maryland,10/09/2021,4959,10/02/2021,32857,2364761,1.39
Maryland,10/16/2021,3477,10/09/2021,30758,2364761,1.3
Maryland,10/23/2021,3243,10/16/2021,29738,2364761,1.26
Maryland,10/30/2021,3053,10/23/2021,28894,2364761,1.22
Maryland,11/06/2021,2883,10/30/2021,28701,2364761,1.21
Maryland,11/13/2021,2250,11/06/2021,26243,2364761,1.11
Maryland,11/20/2021,2259,11/13/2021,25431,2364761,1.08
Maryland,11/27/2021,2125,11/20/2021,21657,2364761,0.92
Maryland,12/04/2021,2642,11/27/2021,24189,2364761,1.02
Maryland,12/11/2021,2328,12/04/2021,24819,2364761,1.05
Maryland,12/18/2021,2511,12/11/2021,23211,2364761,0.98
Maryland,12/25/2021,3177,12/18/2021,21842,2364761,0.92
Maryland,01/01/2022,3710,12/25/2021,22095,2364761,0.93
Maryland,01/08/2022,4492,01/01/2022,23403,2403000,0.97
Maryland,01/15/2022,3689,01/08/2022,23462,2403000,0.98
Maryland,01/22/2022,3054,01/15/2022,23238,2403000,0.97
Maryland,01/29/2022,2903,01/22/2022,23677,2403000,0.99
Maryland,02/05/2022,3051,01/29/2022,24705,2403000,1.03
Maryland,02/12/2022,2622,02/05/2022,24769,2403000,1.03
Maryland,02/19/2022,1982,02/12/2022,24007,2403000,1
Maryland,02/26/2022,1763,02/19/2022,22357,2403000,0.93
Maryland,03/05/2022,1991,02/26/2022,23618,2403000,0.98
Maryland,03/12/2022,1782,03/05/2022,23960,2403000,1
Maryland,03/19/2022,1661,03/12/2022,21997,2403000,0.92
Maryland,03/26/2022,2021,03/19/2022,20843,2403000,0.87
Maryland,04/02/2022,1681,03/26/2022,17991,2403000,0.75
Maryland,04/09/2022,2061,04/02/2022,16233,2429620,0.67
Maryland,04/16/2022,2208,04/09/2022,14166,2429620,0.58
Maryland,04/23/2022,2148,04/16/2022,15269,2429620,0.63
Maryland,04/30/2022,1791,04/23/2022,15468,2429620,0.64
Maryland,05/07/2022,1742,04/30/2022,14665,2429620,0.6
Maryland,05/14/2022,1742,05/07/2022,13422,2429620,0.55
Maryland,05/21/2022,1819,05/14/2022,13141,2429620,0.54
Maryland,05/28/2022,1836,05/21/2022,13345,2429620,0.55
Maryland,06/04/2022,1745,05/28/2022,14048,2429620,0.58
Maryland,06/11/2022,2108,06/04/2022,15375,2429620,0.63
Maryland,06/18/2022,2607,06/11/2022,14874,2429620,0.61
Maryland,06/25/2022,2660,06/18/2022,15179,2429620,0.62
Maryland,07/02/2022,2447,06/25/2022,16501,2429620,0.68
Maryland,07/09/2022,2478,07/02/2022,16661,2486957,0.67
Maryland,07/16/2022,2474,07/09/2022,18602,2486957,0.75
Maryland,07/23/2022,2107,07/16/2022,18922,2486957,0.76
Maryland,07/30/2022,2230,07/23/2022,18664,2486957,0.75
Maryland,08/06/2022,2046,07/30/2022,19176,2486957,0.77
Maryland,08/13/2022,1954,08/06/2022,18444,2486957,0.74
Maryland,08/20/2022,1909,08/13/2022,18721,2486957,0.75
Maryland,08/27/2022,1859,08/20/2022,18749,2486957,0.75
Maryland,09/03/2022,1849,08/27/2022,18784,2486957,0.76
Maryland,09/10/2022,1628,09/03/2022,17181,2486957,0.69
Maryland,09/17/2022,1835,09/10/2022,16779,2486957,0.67
Maryland,09/24/2022,1643,09/17/2022,16821,2486957,0.68
Maryland,10/01/2022,1705,09/24/2022,16902,2486957,0.68
Maryland,10/08/2022,1954,10/01/2022,17025,2491588,0.68
Maryland,10/15/2022,1845,10/08/2022,16653,2491588,0.67
Maryland,10/22/2022,1913,10/15/2022,17023,2491588,0.68
Maryland,10/29/2022,1967,10/22/2022,17605,2491588,0.71
Maryland,11/05/2022,2198,10/29/2022,18501,2491588,0.74
Maryland,11/12/2022,1709,11/05/2022,16770,2491588,0.67
Maryland,11/19/2022,2147,11/12/2022,18619,2491588,0.75
Maryland,11/26/2022,1844,11/19/2022,17049,2491588,0.68
Maryland,12/03/2022,2397,11/26/2022,20411,2491588,0.82
Maryland,12/10/2022,2220,12/03/2022,19986,2491588,0.8
Maryland,12/17/2022,2304,12/10/2022,19834,2491588,0.8
Maryland,12/24/2022,2724,12/17/2022,20052,2491588,0.8
Maryland,12/31/2022,3263,12/24/2022,20815,2491588,0.84
Maryland,01/07/2023,2507,12/31/2022,21562,2491588,0.87
Maryland,01/14/2023,2953,01/07/2023,23134,3070745,0.75
Maryland,01/21/2023,1989,01/14/2023,18634,3070745,0.61
Maryland,01/28/2023,1907,01/21/2023,20742,3070745,0.68
Maryland,02/04/2023,1962,01/28/2023,21476,3070745,0.7
Maryland,02/11/2023,1825,02/04/2023,22144,3070745,0.72
Maryland,02/18/2023,1718,02/11/2023,21766,3070745,0.71
Maryland,02/25/2023,1689,02/18/2023,21451,3070745,0.7
Maryland,03/04/2023,1954,02/25/2023,22392,3070745,0.73
Maryland,03/11/2023,1865,03/04/2023,23141,3070745,0.75
Maryland,03/18/2023,1866,03/11/2023,22244,3070745,0.72
Maryland,03/25/2023,2048,03/18/2023,21036,3070745,0.69
Maryland,04/01/2023,1785,03/25/2023,21636,3070745,0.7
Maryland,04/08/2023,2551,04/01/2023,20366,2476172,0.82
Maryland,04/15/2023,2109,04/08/2023,20600,2476172,0.83
Maryland,04/22/2023,2027,04/15/2023,19738,2476172,0.8
Maryland,04/29/2023,1970,04/22/2023,19494,2476172,0.79
Maryland,05/06/2023,2070,04/29/2023,19455,2476172,0.79
Maryland,05/13/2023,1975,05/06/2023,18742,2476172,0.76
Maryland,05/20/2023,1941,05/13/2023,18969,2476172,0.77
Maryland,05/27/2023,1777,05/20/2023,17869,2476172,0.72
Maryland,06/03/2023,1891,05/27/2023,19040,2476172,0.77
Maryland,06/10/2023,2258,06/03/2023,19821,2476172,0.8
Maryland,06/17/2023,3104,06/10/2023,20266,2476172,0.82
Maryland,06/24/2023,2602,06/17/2023,20135,2476172,0.81
Maryland,07/01/2023,2397,06/24/2023,21227,2476172,0.86
Maryland,07/08/2023,2244,07/01/2023,20688,2517233,0.82
Maryland,07/15/2023,2329,07/08/2023,22052,2517233,0.88
Maryland,07/22/2023,2105,07/15/2023,21634,2517233,0.86
Maryland,07/29/2023,2222,07/22/2023,21917,2517233,0.87
Maryland,08/05/2023,2504,07/29/2023,21543,2517233,0.86
Maryland,08/12/2023,2341,08/05/2023,22225,2517233,0.88
Maryland,08/19/2023,2307,08/12/2023,23219,2517233,0.92
Maryland,08/26/2023,2136,08/19/2023,23333,2517233,0.93
Maryland,09/02/2023,2134,08/26/2023,22960,2517233,0.91
Maryland,09/09/2023,1900,09/02/2023,20049,2517233,0.8
Maryland,09/16/2023,2026,09/09/2023,20164,2517233,0.8
Maryland,09/23/2023,1903,09/16/2023,20215,2517233,0.8
Maryland,09/30/2023,2017,09/23/2023,20864,2517233,0.83
Maryland,10/07/2023,2324,09/30/2023,20586,2517233,0.82
Maryland,10/14/2023,2082,10/07/2023,20716,2511191,0.82
Maryland,10/21/2023,2267,10/14/2023,21520,2511191,0.86
Maryland,10/28/2023,2273,10/21/2023,21240,2511191,0.85
Maryland,11/04/2023,2615,10/28/2023,21819,2511191,0.87
Maryland,11/11/2023,2497,11/04/2023,21060,2511191,0.84
Maryland,11/18/2023,2984,11/11/2023,21812,2511191,0.87
Maryland,11/25/2023,2435,11/18/2023,20718,2511191,0.83
Maryland,12/02/2023,2952,11/25/2023,22548,2511191,0.9
Maryland,12/09/2023,2674,12/02/2023,22972,2511191,0.91
Maryland,12/16/2023,2512,12/09/2023,22512,2511191,0.9
Maryland,12/23/2023,3104,12/16/2023,22535,2511191,0.9
Maryland,12/30/2023,3388,12/23/2023,22266,2511191,0.89
Maryland,01/06/2024,2964,12/30/2023,24322,2511191,0.97
Maryland,01/13/2024,3221,01/06/2024,24345,2521020,0.97
Maryland,01/20/2024,2926,01/13/2024,23829,2521020,0.95
Maryland,01/27/2024,3028,01/20/2024,25498,2521020,1.01
Maryland,02/03/2024,2846,01/27/2024,25790,2521020,1.02
Maryland,02/10/2024,3136,02/03/2024,26090,2521020,1.03
Maryland,02/17/2024,2513,02/10/2024,25977,2521020,1.03
Maryland,02/24/2024,2309,02/17/2024,25052,2521020,0.99
Maryland,03/02/2024,2347,02/24/2024,24457,2521020,0.97
Maryland,03/09/2024,2443,03/02/2024,24690,2521020,0.98
Maryland,03/16/2024,2216,03/09/2024,23990,2521020,0.95
Maryland,03/23/2024,2254,03/16/2024,23890,2521020,0.95
Maryland,03/30/2024,3313,03/23/2024,23256,2521020,0.92
Maryland,04/06/2024,2961,03/30/2024,24502,2521020,0.97
Maryland,04/13/2024,2611,04/06/2024,23474,2542489,0.92
Maryland,04/20/2024,2288,04/13/2024,22665,2542489,0.89
Maryland,04/27/2024,2292,04/20/2024,23053,2542489,0.91
Maryland,05/04/2024,2429,04/27/2024,22853,2542489,0.9
Maryland,05/11/2024,2395,05/04/2024,22955,2542489,0.9
Maryland,05/18/2024,2411,05/11/2024,23022,2542489,0.91
Maryland,05/25/2024,2348,05/18/2024,22750,2542489,0.89
Maryland,06/01/2024,2272,05/25/2024,22380,2542489,0.88
Maryland,06/08/2024,2679,06/01/2024,22750,2542489,0.89
Maryland,06/15/2024,3435,06/08/2024,22915,2542489,0.9
Maryland,06/22/2024,3471,06/15/2024,23608,2542489,0.93
Maryland,06/29/2024,2781,06/22/2024,24820,2542489,0.98
Maryland,07/06/2024,2327,06/29/2024,24515,2542489,0.96
Maryland,07/13/2024,2579,07/06/2024,25163,2550213,0.99
Maryland,07/20/2024,2499,07/13/2024,25507,2550213,1
Maryland,07/27/2024,2493,07/20/2024,25614,2550213,1
Maryland,08/03/2024,2685,07/27/2024,25875,2550213,1.01
Maryland,08/10/2024,2650,08/03/2024,25907,2550213,1.02
Maryland,08/17/2024,2244,08/10/2024,26089,2550213,1.02
Maryland,08/24/2024,2201,08/17/2024,25708,2550213,1.01
Maryland,08/31/2024,2005,08/24/2024,25174,2550213,0.99
Maryland,09/07/2024,2104,08/31/2024,22759,2550213,0.89
Maryland,09/14/2024,2230,09/07/2024,22374,2550213,0.88
Maryland,09/21/2024,2107,09/14/2024,22075,2550213,0.87
Maryland,09/28/2024,2012,09/21/2024,21638,2550213,0.85
Maryland,10/05/2024,2412,09/28/2024,21719,2550213,0.85
Maryland,10/12/2024,2263,10/05/2024,21630,2678522,0.81
Maryland,10/19/2024,2166,10/12/2024,20937,2678522,0.78
Maryland,10/26/2024,2256,10/19/2024,21730,2678522,0.81
Maryland,11/02/2024,2354,10/26/2024,21595,2678522,0.81
Maryland,11/09/2024,2324,11/02/2024,21291,2678522,0.79
Maryland,11/16/2024,2311,11/09/2024,21625,2678522,0.81
Maryland,11/23/2024,2524,11/16/2024,22458,2678522,0.84
Maryland,11/30/2024,2176,11/23/2024,21101,2678522,0.79
Maryland,12/07/2024,2943,11/30/2024,23182,2678522,0.87
Maryland,12/14/2024,2424,12/07/2024,23229,2678522,0.87
Maryland,12/21/2024,2902,12/14/2024,23442,2678522,0.88
Maryland,12/28/2024,3516,12/21/2024,22307,2678522,0.83
Maryland,01/04/2025,2665,12/28/2024,25387,2678522,0.95
Maryland,01/11/2025,2911,01/04/2025,25922,2599490,1
Maryland,01/18/2025,2983,01/11/2025,26305,2599490,1.01
Maryland,01/25/2025,2556,01/18/2025,25511,2599490,0.98
Maryland,02/01/2025,2896,01/25/2025,26269,2599490,1.01
Maryland,02/08/2025,3175,02/01/2025,26471,2599490,1.02
Maryland,02/15/2025,2659,02/08/2025,26485,2599490,1.02
Maryland,02/22/2025,2784,02/15/2025,26252,2599490,1.01
Maryland,03/01/2025,2585,02/22/2025,26453,2599490,1.02
Maryland,03/08/2025,3019,03/01/2025,26061,2599490,1
Maryland,03/15/2025,2662,03/08/2025,26161,2599490,1.01
Maryland,03/22/2025,2552,03/15/2025,25807,2599490,0.99
Maryland,03/29/2025,2422,03/22/2025,25414,2599490,0.98
Maryland,04/05/2025,2669,03/29/2025,25351,2599490,0.98
Maryland,04/12/2025,2772,04/05/2025,24323,2594613,0.94
Massachusetts,01/04/2020,9464,12/28/2019,76528,3546144,2.16
Massachusetts,01/11/2020,8784,01/04/2020,79521,3557761,2.24
Massachusetts,01/18/2020,6940,01/11/2020,75076,3557761,2.11
Massachusetts,01/25/2020,6022,01/18/2020,75529,3557761,2.12
Massachusetts,02/01/2020,5523,01/25/2020,76927,3557761,2.16
Massachusetts,02/08/2020,5878,02/01/2020,76492,3557761,2.15
Massachusetts,02/15/2020,5393,02/08/2020,76912,3557761,2.16
Massachusetts,02/22/2020,9264,02/15/2020,77091,3557761,2.17
Massachusetts,02/29/2020,4865,02/22/2020,83220,3557761,2.34
Massachusetts,03/07/2020,4712,02/29/2020,75552,3557761,2.12
Massachusetts,03/14/2020,7449,03/07/2020,74336,3557761,2.09
Massachusetts,03/21/2020,148452,03/14/2020,83127,3557761,2.34
Massachusetts,03/28/2020,181423,03/21/2020,183105,3557761,5.15
Massachusetts,04/04/2020,139647,03/28/2020,310211,3557761,8.72
Massachusetts,04/11/2020,103813,04/04/2020,361600,3568892,10.13
Massachusetts,04/18/2020,80969,04/11/2020,467552,3568892,13.1
Massachusetts,04/25/2020,71358,04/18/2020,532508,3568892,14.92
Massachusetts,05/02/2020,55884,04/25/2020,569956,3568892,15.97
Massachusetts,05/09/2020,44915,05/02/2020,575569,3568892,16.13
Massachusetts,05/16/2020,38684,05/09/2020,589545,3568892,16.52
Massachusetts,05/23/2020,38332,05/16/2020,594515,3568892,16.66
Massachusetts,05/30/2020,27630,05/23/2020,599751,3568892,16.8
Massachusetts,06/06/2020,45142,05/30/2020,574019,3568892,16.08
Massachusetts,06/13/2020,30411,06/06/2020,577991,3568892,16.2
Massachusetts,06/20/2020,30005,06/13/2020,566165,3568892,15.86
Massachusetts,06/27/2020,29699,06/20/2020,557288,3568892,15.62
Massachusetts,07/04/2020,27051,06/27/2020,557705,3568892,15.63
Massachusetts,07/11/2020,24131,07/04/2020,537302,3578753,15.01
Massachusetts,07/18/2020,18638,07/11/2020,519211,3578753,14.51
Massachusetts,07/25/2020,19646,07/18/2020,511477,3578753,14.29
Massachusetts,08/01/2020,15637,07/25/2020,512245,3578753,14.31
Massachusetts,08/08/2020,14729,08/01/2020,456548,3578753,12.76
Massachusetts,08/15/2020,17184,08/08/2020,435742,3578753,12.18
Massachusetts,08/22/2020,17594,08/15/2020,419013,3578753,11.71
Massachusetts,08/29/2020,18568,08/22/2020,407376,3578753,11.38
Massachusetts,09/05/2020,18656,08/29/2020,394848,3578753,11.03
Massachusetts,09/12/2020,18388,09/05/2020,375192,3578753,10.48
Massachusetts,09/19/2020,23574,09/12/2020,361495,3578753,10.1
Massachusetts,09/26/2020,25460,09/19/2020,327621,3578753,9.15
Massachusetts,10/03/2020,29481,09/26/2020,306247,3578753,8.56
Massachusetts,10/10/2020,39962,10/03/2020,268942,3578753,7.51
Massachusetts,10/17/2020,45404,10/10/2020,254030,3589092,7.08
Massachusetts,10/24/2020,47887,10/17/2020,249005,3589092,6.94
Massachusetts,10/31/2020,39417,10/24/2020,249689,3589092,6.96
Massachusetts,11/07/2020,42800,10/31/2020,223567,3589092,6.23
Massachusetts,11/14/2020,52659,11/07/2020,218485,3589092,6.09
Massachusetts,11/21/2020,30087,11/14/2020,214338,3589092,5.97
Massachusetts,11/28/2020,24178,11/21/2020,182992,3589092,5.1
Massachusetts,12/05/2020,26573,11/28/2020,192718,3589092,5.37
Massachusetts,12/12/2020,25194,12/05/2020,169814,3589092,4.73
Massachusetts,12/19/2020,21979,12/12/2020,168139,3589092,4.68
Massachusetts,12/26/2020,23388,12/19/2020,159086,3589092,4.43
Massachusetts,01/02/2021,26370,12/26/2020,173783,3589092,4.84
Massachusetts,01/09/2021,31932,01/02/2021,175630,3589092,4.89
Massachusetts,01/16/2021,27069,01/09/2021,172686,3444926,5.01
Massachusetts,01/23/2021,22185,01/16/2021,172029,3444926,4.99
Massachusetts,01/30/2021,20492,01/23/2021,182574,3444926,5.3
Massachusetts,02/06/2021,20500,01/30/2021,167637,3444926,4.87
Massachusetts,02/13/2021,17796,02/06/2021,163138,3444926,4.74
Massachusetts,02/20/2021,16318,02/13/2021,156528,3444926,4.54
Massachusetts,02/27/2021,14770,02/20/2021,174019,3444926,5.05
Massachusetts,03/06/2021,16970,02/27/2021,150131,3444926,4.36
Massachusetts,03/13/2021,19530,03/06/2021,141154,3444926,4.1
Massachusetts,03/20/2021,30916,03/13/2021,134323,3444926,3.9
Massachusetts,03/27/2021,18915,03/20/2021,125298,3444926,3.64
Massachusetts,04/03/2021,20920,03/27/2021,132269,3444926,3.84
Massachusetts,04/10/2021,15131,04/03/2021,111529,3444926,3.24
Massachusetts,04/17/2021,13581,04/10/2021,103590,3350069,3.09
Massachusetts,04/24/2021,15121,04/17/2021,97225,3350069,2.9
Massachusetts,05/01/2021,11881,04/24/2021,111869,3350069,3.34
Massachusetts,05/08/2021,10837,05/01/2021,90200,3350069,2.69
Massachusetts,05/15/2021,9494,05/08/2021,87129,3350069,2.6
Massachusetts,05/22/2021,8659,05/15/2021,84633,3350069,2.53
Massachusetts,05/29/2021,8398,05/22/2021,81700,3350069,2.44
Massachusetts,06/05/2021,8305,05/29/2021,93111,3350069,2.78
Massachusetts,06/12/2021,7898,06/05/2021,78062,3350069,2.33
Massachusetts,06/19/2021,8054,06/12/2021,72150,3350069,2.15
Massachusetts,06/26/2021,10899,06/19/2021,65915,3350069,1.97
Massachusetts,07/03/2021,9121,06/26/2021,85401,3350069,2.55
Massachusetts,07/10/2021,7613,07/03/2021,72978,3350069,2.18
Massachusetts,07/17/2021,7186,07/10/2021,72732,3278542,2.22
Massachusetts,07/24/2021,6533,07/17/2021,70884,3278542,2.16
Massachusetts,07/31/2021,6831,07/24/2021,79460,3278542,2.42
Massachusetts,08/07/2021,7552,07/31/2021,69293,3278542,2.11
Massachusetts,08/14/2021,6406,08/07/2021,68220,3278542,2.08
Massachusetts,08/21/2021,6684,08/14/2021,67333,3278542,2.05
Massachusetts,08/28/2021,5747,08/21/2021,66904,3278542,2.04
Massachusetts,09/04/2021,5961,08/28/2021,73784,3278542,2.25
Massachusetts,09/11/2021,7512,09/04/2021,57086,3278542,1.74
Massachusetts,09/18/2021,7132,09/11/2021,60052,3278542,1.83
Massachusetts,09/25/2021,4819,09/18/2021,58953,3278542,1.8
Massachusetts,10/02/2021,4626,09/25/2021,62162,3278542,1.9
Massachusetts,10/09/2021,4897,10/02/2021,55620,3278542,1.7
Massachusetts,10/16/2021,4708,10/09/2021,53222,3210802,1.66
Massachusetts,10/23/2021,5681,10/16/2021,52295,3210802,1.63
Massachusetts,10/30/2021,5901,10/23/2021,54227,3210802,1.69
Massachusetts,11/06/2021,6529,10/30/2021,55577,3210802,1.73
Massachusetts,11/13/2021,8798,11/06/2021,54891,3210802,1.71
Massachusetts,11/20/2021,7388,11/13/2021,56373,3210804,1.76
Massachusetts,11/27/2021,6855,11/20/2021,54688,3210806,1.7
Massachusetts,12/04/2021,7799,11/27/2021,58420,3210806,1.82
Massachusetts,12/11/2021,7465,12/04/2021,56938,3210806,1.77
Massachusetts,12/18/2021,7623,12/11/2021,58784,3210806,1.83
Massachusetts,12/25/2021,9883,12/18/2021,60067,3210806,1.87
Massachusetts,01/01/2022,13616,12/25/2021,67896,3210806,2.11
Massachusetts,01/08/2022,11537,01/01/2022,76626,3304384,2.32
Massachusetts,01/15/2022,9510,01/08/2022,75011,3304384,2.27
Massachusetts,01/22/2022,7392,01/15/2022,76234,3304384,2.31
Massachusetts,01/29/2022,6071,01/22/2022,77067,3304384,2.33
Massachusetts,02/05/2022,5988,01/29/2022,76775,3304384,2.32
Massachusetts,02/12/2022,5264,02/05/2022,76344,3304384,2.31
Massachusetts,02/19/2022,4694,02/12/2022,74948,3304384,2.27
Massachusetts,02/26/2022,7895,02/19/2022,73597,3304384,2.23
Massachusetts,03/05/2022,5580,02/26/2022,77475,3304384,2.34
Massachusetts,03/12/2022,4464,03/05/2022,72120,3304384,2.18
Massachusetts,03/19/2022,3808,03/12/2022,68836,3304384,2.08
Massachusetts,03/26/2022,3817,03/19/2022,65580,3304384,1.98
Massachusetts,04/02/2022,3555,03/26/2022,62979,3304384,1.91
Massachusetts,04/09/2022,4181,04/02/2022,56985,3366933,1.69
Massachusetts,04/16/2022,3984,04/09/2022,51729,3366933,1.54
Massachusetts,04/23/2022,7475,04/16/2022,47292,3366933,1.4
Massachusetts,04/30/2022,4446,04/23/2022,51459,3366933,1.53
Massachusetts,05/07/2022,3831,04/30/2022,43936,3366933,1.3
Massachusetts,05/14/2022,4084,05/07/2022,42247,3366933,1.25
Massachusetts,05/21/2022,4081,05/14/2022,40076,3366933,1.19
Massachusetts,05/28/2022,4130,05/21/2022,39676,3366933,1.18
Massachusetts,06/04/2022,3737,05/28/2022,41276,3366933,1.23
Massachusetts,06/11/2022,3868,06/04/2022,41043,3366933,1.22
Massachusetts,06/18/2022,4350,06/11/2022,41245,3366933,1.23
Massachusetts,06/25/2022,7567,06/18/2022,41264,3366933,1.23
Massachusetts,07/02/2022,7949,06/25/2022,46281,3366933,1.37
Massachusetts,07/09/2022,8930,07/02/2022,48632,3410918,1.43
Massachusetts,07/16/2022,1507,07/09/2022,49430,3410918,1.45
Massachusetts,07/23/2022,1323,07/16/2022,50580,3410918,1.48
Massachusetts,07/30/2022,1326,07/23/2022,58432,3410918,1.71
Massachusetts,08/06/2022,1443,07/30/2022,55116,3410918,1.62
Massachusetts,08/13/2022,1252,08/06/2022,53242,3410918,1.56
Massachusetts,08/20/2022,1152,08/13/2022,51320,3410918,1.5
Massachusetts,08/27/2022,1061,08/20/2022,51603,3410918,1.51
Massachusetts,09/03/2022,1221,08/27/2022,51059,3410918,1.5
Massachusetts,09/10/2022,1085,09/03/2022,45431,3410918,1.33
Massachusetts,09/17/2022,1180,09/10/2022,42110,3410918,1.23
Massachusetts,09/24/2022,1183,09/17/2022,40593,3410918,1.19
Massachusetts,10/01/2022,3428,09/24/2022,40560,3410918,1.19
Massachusetts,10/08/2022,4300,10/01/2022,39293,3457147,1.14
Massachusetts,10/15/2022,3951,10/08/2022,38245,3457147,1.11
Massachusetts,10/22/2022,4531,10/15/2022,40158,3457147,1.16
Massachusetts,10/29/2022,4675,10/22/2022,41399,3457147,1.2
Massachusetts,11/05/2022,5416,10/29/2022,43035,3457147,1.24
Massachusetts,11/12/2022,5284,11/05/2022,43505,3457147,1.26
Massachusetts,11/19/2022,5860,11/12/2022,45521,3457147,1.32
Massachusetts,11/26/2022,5990,11/19/2022,46163,3457147,1.34
Massachusetts,12/03/2022,7491,11/26/2022,51551,3457147,1.49
Massachusetts,12/10/2022,7450,12/03/2022,52364,3457147,1.51
Massachusetts,12/17/2022,8955,12/10/2022,56072,3457147,1.62
Massachusetts,12/24/2022,9700,12/17/2022,61057,3457147,1.77
Massachusetts,12/31/2022,12370,12/24/2022,65861,3457147,1.91
Massachusetts,01/07/2023,10785,12/31/2022,75030,3574260,2.1
Massachusetts,01/14/2023,8815,01/07/2023,74702,3574260,2.09
Massachusetts,01/21/2023,6963,01/14/2023,76314,3574260,2.14
Massachusetts,01/28/2023,6963,01/21/2023,75644,3574260,2.12
Massachusetts,02/04/2023,6727,01/28/2023,79080,3574260,2.21
Massachusetts,02/11/2023,7470,02/04/2023,82012,3574260,2.29
Massachusetts,02/18/2023,6834,02/11/2023,83288,3574260,2.33
Massachusetts,02/25/2023,2530,02/18/2023,83528,3574260,2.34
Massachusetts,03/04/2023,1446,02/25/2023,90728,3574260,2.54
Massachusetts,03/11/2023,2633,03/04/2023,84578,3574260,2.37
Massachusetts,03/18/2023,2363,03/11/2023,83489,3574260,2.34
Massachusetts,03/25/2023,4038,03/18/2023,83554,3574260,2.34
Massachusetts,04/01/2023,3893,03/25/2023,82490,3574260,2.31
Massachusetts,04/08/2023,4428,04/01/2023,78160,3588938,2.18
Massachusetts,04/15/2023,4160,04/08/2023,72907,3588938,2.03
Massachusetts,04/22/2023,4108,04/15/2023,70150,3588938,1.95
Massachusetts,04/29/2023,2939,04/22/2023,73317,3588938,2.04
Massachusetts,05/06/2023,5490,04/29/2023,72560,3588938,2.02
Massachusetts,05/13/2023,3830,05/06/2023,72450,3588938,2.02
Massachusetts,05/20/2023,1703,05/13/2023,71377,3588938,1.99
Massachusetts,05/27/2023,1805,05/20/2023,66395,3588938,1.85
Massachusetts,06/03/2023,2347,05/27/2023,67370,3588938,1.88
Massachusetts,06/10/2023,1692,06/03/2023,66891,3588939,1.86
Massachusetts,06/17/2023,1856,06/10/2023,64318,3588938,1.79
Massachusetts,06/24/2023,2330,06/17/2023,63806,3588938,1.78
Massachusetts,07/01/2023,3445,06/24/2023,68700,3588938,1.91
Massachusetts,07/08/2023,3560,07/01/2023,68590,3526518,1.94
Massachusetts,07/15/2023,3077,07/08/2023,70450,3526518,2
Massachusetts,07/22/2023,2926,07/15/2023,69498,3526518,1.97
Massachusetts,07/29/2023,2510,07/22/2023,70133,3526518,1.99
Massachusetts,08/05/2023,2538,07/29/2023,70238,3526518,1.99
Massachusetts,08/12/2023,2129,08/05/2023,69811,3526518,1.98
Massachusetts,08/19/2023,2144,08/12/2023,68855,3526518,1.95
Massachusetts,08/26/2023,2218,08/19/2023,69423,3526518,1.97
Massachusetts,09/02/2023,2564,08/26/2023,68174,3526518,1.93
Massachusetts,09/09/2023,2225,09/02/2023,61070,3526518,1.73
Massachusetts,09/16/2023,2182,09/09/2023,57462,3526518,1.63
Massachusetts,09/23/2023,2233,09/16/2023,58133,3526518,1.65
Massachusetts,09/30/2023,2087,09/23/2023,57297,3526518,1.62
Massachusetts,10/07/2023,2489,09/30/2023,55721,3613401,1.54
Massachusetts,10/14/2023,2390,10/07/2023,54122,3613401,1.5
Massachusetts,10/21/2023,2574,10/14/2023,53729,3613401,1.49
Massachusetts,10/28/2023,2521,10/21/2023,55804,3613401,1.54
Massachusetts,11/04/2023,3018,10/28/2023,56779,3613401,1.57
Massachusetts,11/11/2023,6037,11/04/2023,55969,3613401,1.55
Massachusetts,11/18/2023,6415,11/11/2023,58225,3613401,1.61
Massachusetts,11/25/2023,6673,11/18/2023,58852,3613401,1.63
Massachusetts,12/02/2023,7576,11/25/2023,65888,3613401,1.82
Massachusetts,12/09/2023,7874,12/02/2023,64068,3613401,1.77
Massachusetts,12/16/2023,8306,12/09/2023,66997,3613401,1.85
Massachusetts,12/23/2023,9760,12/16/2023,70360,3613401,1.95
Massachusetts,12/30/2023,12511,12/23/2023,74278,3613401,2.06
Massachusetts,01/06/2024,9170,12/30/2023,83916,3613401,2.32
Massachusetts,01/13/2024,8555,01/06/2024,84018,3602635,2.33
Massachusetts,01/20/2024,7630,01/13/2024,82176,3602635,2.28
Massachusetts,01/27/2024,6732,01/20/2024,85460,3602635,2.37
Massachusetts,02/03/2024,6131,01/27/2024,85830,3602635,2.38
Massachusetts,02/10/2024,5646,02/03/2024,85959,3602635,2.39
Massachusetts,02/17/2024,5296,02/10/2024,85426,3602635,2.37
Massachusetts,02/24/2024,9328,02/17/2024,85303,3602635,2.37
Massachusetts,03/02/2024,5434,02/24/2024,92039,3602635,2.55
Massachusetts,03/09/2024,5129,03/02/2024,85590,3602635,2.38
Massachusetts,03/16/2024,4671,03/09/2024,83518,3602635,2.32
Massachusetts,03/23/2024,4704,03/16/2024,81321,3602635,2.26
Massachusetts,03/30/2024,5218,03/23/2024,80348,3602635,2.23
Massachusetts,04/06/2024,5030,03/30/2024,75463,3602635,2.09
Massachusetts,04/13/2024,4538,04/06/2024,72630,3588386,2.02
Massachusetts,04/20/2024,8113,04/13/2024,66182,3588386,1.84
Massachusetts,04/27/2024,4807,04/20/2024,68352,3588386,1.9
Massachusetts,05/04/2024,4618,04/27/2024,63197,3588386,1.76
Massachusetts,05/11/2024,4981,05/04/2024,59066,3588386,1.65
Massachusetts,05/18/2024,4639,05/11/2024,57740,3588386,1.61
Massachusetts,05/25/2024,4699,05/18/2024,56950,3588386,1.59
Massachusetts,06/01/2024,4506,05/25/2024,56523,3588386,1.58
Massachusetts,06/08/2024,4870,06/01/2024,55327,3588386,1.54
Massachusetts,06/15/2024,5226,06/08/2024,55724,3588386,1.55
Massachusetts,06/22/2024,9011,06/15/2024,54572,3588386,1.52
Massachusetts,06/29/2024,9039,06/22/2024,61414,3588386,1.71
Massachusetts,07/06/2024,8033,06/29/2024,61333,3588386,1.71
Massachusetts,07/13/2024,6502,07/06/2024,66558,3596077,1.85
Massachusetts,07/20/2024,4602,07/13/2024,63577,3596077,1.77
Massachusetts,07/27/2024,6729,07/20/2024,62745,3596077,1.74
Massachusetts,08/03/2024,6347,07/27/2024,63261,3596077,1.76
Massachusetts,08/10/2024,5375,08/03/2024,62889,3596077,1.75
Massachusetts,08/17/2024,5035,08/10/2024,62937,3596077,1.75
Massachusetts,08/24/2024,5783,08/17/2024,62621,3596077,1.74
Massachusetts,08/31/2024,8013,08/24/2024,62970,3596077,1.75
Massachusetts,09/07/2024,7276,08/31/2024,59256,3596077,1.65
Massachusetts,09/14/2024,5307,09/07/2024,58052,3596077,1.61
Massachusetts,09/21/2024,4776,09/14/2024,54892,3596077,1.53
Massachusetts,09/28/2024,4941,09/21/2024,53007,3596077,1.47
Massachusetts,10/05/2024,4929,09/28/2024,53626,3596077,1.49
Massachusetts,10/12/2024,5702,10/05/2024,52452,3594925,1.46
Massachusetts,10/19/2024,5272,10/12/2024,50802,3594925,1.41
Massachusetts,10/26/2024,5084,10/19/2024,52661,3594925,1.46
Massachusetts,11/02/2024,5589,10/26/2024,53364,3594925,1.48
Massachusetts,11/09/2024,6588,11/02/2024,53832,3594925,1.5
Massachusetts,11/16/2024,5924,11/09/2024,54137,3594925,1.51
Massachusetts,11/23/2024,6626,11/16/2024,56061,3594925,1.56
Massachusetts,11/30/2024,6735,11/23/2024,57084,3594925,1.59
Massachusetts,12/07/2024,9425,11/30/2024,62279,3594925,1.73
Massachusetts,12/14/2024,8870,12/07/2024,64078,3594925,1.78
Massachusetts,12/21/2024,10663,12/14/2024,67157,3594925,1.87
Massachusetts,12/28/2024,14274,12/21/2024,70099,3594925,1.95
Massachusetts,01/04/2025,10073,12/28/2024,83815,3594925,2.33
Massachusetts,01/11/2025,9908,01/04/2025,86799,3597936,2.41
Massachusetts,01/18/2025,7886,01/11/2025,83153,3597936,2.31
Massachusetts,01/25/2025,6601,01/18/2025,84879,3597936,2.36
Massachusetts,02/01/2025,5747,01/25/2025,86977,3597936,2.42
Massachusetts,02/08/2025,6077,02/01/2025,85684,3597936,2.38
Massachusetts,02/15/2025,5448,02/08/2025,85699,3597936,2.38
Massachusetts,02/22/2025,9256,02/15/2025,85858,3597936,2.39
Massachusetts,03/01/2025,5371,02/22/2025,92766,3597936,2.58
Massachusetts,03/08/2025,5485,03/01/2025,86908,3597936,2.42
Massachusetts,03/15/2025,4854,03/08/2025,85448,3597936,2.37
Massachusetts,03/22/2025,4879,03/15/2025,84127,3597936,2.34
Massachusetts,03/29/2025,4276,03/22/2025,81961,3597936,2.28
Massachusetts,04/05/2025,4892,03/29/2025,80117,3597936,2.23
Massachusetts,04/12/2025,4855,04/05/2025,73546,3597697,2.04
Michigan,01/04/2020,13207,12/28/2019,72103,4298761,1.68
Michigan,01/11/2020,14245,01/04/2020,89760,4302198,2.09
Michigan,01/18/2020,10304,01/11/2020,84136,4302198,1.96
Michigan,01/25/2020,7678,01/18/2020,91306,4302198,2.12
Michigan,02/01/2020,6869,01/25/2020,82775,4302198,1.92
Michigan,02/08/2020,6627,02/01/2020,79833,4302198,1.86
Michigan,02/15/2020,5587,02/08/2020,79149,4302198,1.84
Michigan,02/22/2020,5942,02/15/2020,78029,4302198,1.81
Michigan,02/29/2020,5419,02/22/2020,78570,4302198,1.83
Michigan,03/07/2020,5150,02/29/2020,77661,4302198,1.81
Michigan,03/14/2020,5338,03/07/2020,75757,4302198,1.76
Michigan,03/21/2020,128006,03/14/2020,75075,4302198,1.75
Michigan,03/28/2020,304335,03/21/2020,88183,4302198,2.05
Michigan,04/04/2020,388554,03/28/2020,366426,4302198,8.52
Michigan,04/11/2020,222207,04/04/2020,749011,4305711,17.4
Michigan,04/18/2020,136707,04/11/2020,937520,4305711,21.77
Michigan,04/25/2020,82004,04/18/2020,934599,4305711,21.71
Michigan,05/02/2020,67399,04/25/2020,996374,4305711,23.14
Michigan,05/09/2020,55166,05/02/2020,973278,4305711,22.6
Michigan,05/16/2020,56715,05/09/2020,994188,4305711,23.09
Michigan,05/23/2020,64574,05/16/2020,985294,4305711,22.88
Michigan,05/30/2020,39290,05/23/2020,933181,4305711,21.67
Michigan,06/06/2020,27836,05/30/2020,756276,4305711,17.56
Michigan,06/13/2020,21293,06/06/2020,726922,4305711,16.88
Michigan,06/20/2020,19641,06/13/2020,584424,4305711,13.57
Michigan,06/27/2020,38309,06/20/2020,633953,4305711,14.72
Michigan,07/04/2020,34602,06/27/2020,529147,4305711,12.29
Michigan,07/11/2020,27720,07/04/2020,604846,4305848,14.05
Michigan,07/18/2020,24596,07/11/2020,519655,4305848,12.07
Michigan,07/25/2020,23219,07/18/2020,592707,4305848,13.77
Michigan,08/01/2020,19842,07/25/2020,514836,4305848,11.96
Michigan,08/08/2020,18997,08/01/2020,535218,4305848,12.43
Michigan,08/15/2020,20188,08/08/2020,428028,4305848,9.94
Michigan,08/22/2020,19997,08/15/2020,462183,4305848,10.73
Michigan,08/29/2020,18838,08/22/2020,401800,4305848,9.33
Michigan,09/05/2020,17844,08/29/2020,439244,4305848,10.2
Michigan,09/12/2020,19571,09/05/2020,393705,4305848,9.14
Michigan,09/19/2020,17402,09/12/2020,441816,4305848,10.26
Michigan,09/26/2020,19760,09/19/2020,440645,4305848,10.23
Michigan,10/03/2020,17699,09/26/2020,387844,4305848,9.01
Michigan,10/10/2020,15084,10/03/2020,301296,4304929,7
Michigan,10/17/2020,12640,10/10/2020,249753,4304929,5.8
Michigan,10/24/2020,18082,10/17/2020,235256,4304929,5.46
Michigan,10/31/2020,15015,10/24/2020,213406,4304929,4.96
Michigan,11/07/2020,15320,10/31/2020,187648,4304929,4.36
Michigan,11/14/2020,16656,11/07/2020,174303,4304929,4.05
Michigan,11/21/2020,33941,11/14/2020,180568,4304929,4.19
Michigan,11/28/2020,22965,11/21/2020,159438,4304929,3.7
Michigan,12/05/2020,23408,11/28/2020,211537,4304929,4.91
Michigan,12/12/2020,19465,12/05/2020,177953,4304929,4.13
Michigan,12/19/2020,19194,12/12/2020,206415,4304929,4.79
Michigan,12/26/2020,19818,12/19/2020,165203,4304929,3.84
Michigan,01/02/2021,30456,12/26/2020,205132,4304929,4.77
Michigan,01/09/2021,24654,01/02/2021,195176,4097261,4.76
Michigan,01/16/2021,21830,01/09/2021,227934,4097261,5.56
Michigan,01/23/2021,18446,01/16/2021,188217,4097261,4.59
Michigan,01/30/2021,18601,01/23/2021,207636,4097261,5.07
Michigan,02/06/2021,19881,01/30/2021,186687,4097261,4.56
Michigan,02/13/2021,18318,02/06/2021,195631,4097261,4.77
Michigan,02/20/2021,14376,02/13/2021,168829,4097261,4.12
Michigan,02/27/2021,11497,02/20/2021,178216,4097261,4.35
Michigan,03/06/2021,11393,02/27/2021,158158,4097261,3.86
Michigan,03/13/2021,12285,03/06/2021,161290,4097261,3.94
Michigan,03/20/2021,12765,03/13/2021,138528,4097261,3.38
Michigan,03/27/2021,11143,03/20/2021,139441,4097261,3.4
Michigan,04/03/2021,14507,03/27/2021,111657,4097261,2.73
Michigan,04/10/2021,16470,04/03/2021,107743,3998352,2.69
Michigan,04/17/2021,22770,04/10/2021,102721,3998352,2.57
Michigan,04/24/2021,31004,04/17/2021,109949,3998352,2.75
Michigan,05/01/2021,31356,04/24/2021,122497,3998352,3.06
Michigan,05/08/2021,17366,05/01/2021,125603,3998352,3.14
Michigan,05/15/2021,13806,05/08/2021,131259,3998352,3.28
Michigan,05/22/2021,11201,05/15/2021,121461,3998352,3.04
Michigan,05/29/2021,12865,05/22/2021,123402,3998352,3.09
Michigan,06/05/2021,12802,05/29/2021,115952,3998352,2.9
Michigan,06/12/2021,7187,06/05/2021,109012,3998352,2.73
Michigan,06/19/2021,9049,06/12/2021,92920,3998352,2.32
Michigan,06/26/2021,6169,06/19/2021,85743,3998352,2.14
Michigan,07/03/2021,6487,06/26/2021,80994,3998352,2.03
Michigan,07/10/2021,7465,07/03/2021,76786,3915593,1.96
Michigan,07/17/2021,21012,07/10/2021,75267,3915593,1.92
Michigan,07/24/2021,21461,07/17/2021,78955,3998352,1.97
Michigan,07/31/2021,18401,07/24/2021,99669,3915593,2.55
Michigan,08/07/2021,14308,07/31/2021,95330,3915593,2.43
Michigan,08/14/2021,12282,08/07/2021,93958,3915593,2.4
Michigan,08/21/2021,5525,08/14/2021,87127,3915593,2.23
Michigan,08/28/2021,6306,08/21/2021,82648,3915593,2.11
Michigan,09/04/2021,11624,08/28/2021,78684,3915593,2.01
Michigan,09/11/2021,10967,09/04/2021,72252,3915593,1.85
Michigan,09/18/2021,12295,09/11/2021,71121,3915593,1.82
Michigan,09/25/2021,19080,09/18/2021,63055,3915593,1.61
Michigan,10/02/2021,15040,09/25/2021,58830,3915593,1.5
Michigan,10/09/2021,18713,10/02/2021,61884,3840324,1.61
Michigan,10/16/2021,14630,10/09/2021,52170,3840324,1.36
Michigan,10/23/2021,12125,10/16/2021,50937,3840324,1.33
Michigan,10/30/2021,11394,10/23/2021,45508,3840324,1.19
Michigan,11/06/2021,12958,10/30/2021,50760,3840324,1.32
Michigan,11/13/2021,9728,11/06/2021,47584,3840324,1.24
Michigan,11/20/2021,11654,11/13/2021,47991,3840324,1.25
Michigan,11/27/2021,9014,11/20/2021,42150,3840324,1.1
Michigan,12/04/2021,13196,11/27/2021,54392,3840324,1.42
Michigan,12/11/2021,11987,12/04/2021,46589,3840324,1.21
Michigan,12/18/2021,12828,12/11/2021,56823,3840324,1.48
Michigan,12/25/2021,15268,12/18/2021,48984,3840324,1.28
Michigan,01/01/2022,19191,12/25/2021,60283,3840324,1.57
Michigan,01/08/2022,18033,01/01/2022,59478,3982470,1.49
Michigan,01/15/2022,12478,01/08/2022,69996,3982470,1.76
Michigan,01/22/2022,9673,01/15/2022,68545,3982470,1.72
Michigan,01/29/2022,10911,01/22/2022,66796,3982470,1.68
Michigan,02/05/2022,13795,01/29/2022,67405,3982470,1.69
Michigan,02/12/2022,14404,02/05/2022,67258,3982470,1.69
Michigan,02/19/2022,17904,02/12/2022,71194,3982470,1.79
Michigan,02/26/2022,8743,02/19/2022,71337,3982470,1.79
Michigan,03/05/2022,7696,02/26/2022,65276,3982470,1.64
Michigan,03/12/2022,9764,03/05/2022,63128,3982470,1.59
Michigan,03/19/2022,4888,03/12/2022,57430,3982470,1.44
Michigan,03/26/2022,8433,03/19/2022,57522,3982470,1.44
Michigan,04/02/2022,5942,03/26/2022,49856,3982470,1.25
Michigan,04/09/2022,11892,04/02/2022,55072,3982470,1.38
Michigan,04/16/2022,8383,04/09/2022,45643,3982470,1.15
Michigan,04/23/2022,6496,04/16/2022,55681,4031486,1.38
Michigan,04/30/2022,7588,04/23/2022,38697,4031486,0.96
Michigan,05/07/2022,7025,04/30/2022,41483,4031486,1.03
Michigan,05/14/2022,6641,05/07/2022,34945,4031486,0.87
Michigan,05/21/2022,6117,05/14/2022,35815,4031486,0.89
Michigan,05/28/2022,6699,05/21/2022,31813,4031486,0.79
Michigan,06/04/2022,4568,05/28/2022,28972,4031486,0.72
Michigan,06/11/2022,6155,06/04/2022,28961,4031486,0.72
Michigan,06/18/2022,8004,06/11/2022,28628,4031486,0.71
Michigan,06/25/2022,6321,06/18/2022,29351,4031486,0.73
Michigan,07/02/2022,11425,06/25/2022,32322,4031486,0.8
Michigan,07/09/2022,11423,07/02/2022,32138,4080259,0.79
Michigan,07/16/2022,10219,07/09/2022,39240,4031486,0.97
Michigan,07/23/2022,8213,07/16/2022,39425,4080259,0.97
Michigan,07/30/2022,6788,07/23/2022,39392,4080259,0.97
Michigan,08/06/2022,5713,07/30/2022,34976,4080259,0.86
Michigan,08/13/2022,6031,08/06/2022,33049,4080259,0.81
Michigan,08/20/2022,5317,08/13/2022,32438,4080259,0.79
Michigan,08/27/2022,6516,08/20/2022,32094,4080259,0.79
Michigan,09/03/2022,4384,08/27/2022,30349,4080259,0.74
Michigan,09/10/2022,4040,09/03/2022,29891,4080259,0.73
Michigan,09/17/2022,10142,09/10/2022,28080,4080259,0.69
Michigan,09/24/2022,4427,09/17/2022,28351,4080259,0.69
Michigan,10/01/2022,5174,09/24/2022,34095,4080259,0.84
Michigan,10/08/2022,6414,10/01/2022,28015,4130897,0.68
Michigan,10/15/2022,6484,10/08/2022,29823,4130808,0.72
Michigan,10/22/2022,5680,10/15/2022,30957,4130808,0.75
Michigan,10/29/2022,5753,10/22/2022,30528,4130808,0.74
Michigan,11/05/2022,6649,10/29/2022,31226,4130808,0.76
Michigan,11/12/2022,6310,11/05/2022,30879,4130808,0.75
Michigan,11/19/2022,9341,11/12/2022,35809,4130808,0.87
Michigan,11/26/2022,7425,11/19/2022,33400,4130808,0.81
Michigan,12/03/2022,9300,11/26/2022,45641,4130808,1.1
Michigan,12/10/2022,9247,12/03/2022,40475,4130808,0.98
Michigan,12/17/2022,9316,12/10/2022,50303,4130808,1.22
Michigan,12/24/2022,10186,12/17/2022,45723,4130808,1.11
Michigan,12/31/2022,13508,12/24/2022,56573,4130808,1.37
Michigan,01/07/2023,15300,12/31/2022,57184,4130808,1.38
Michigan,01/14/2023,9796,01/07/2023,69017,4130808,1.67
Michigan,01/21/2023,7510,01/14/2023,66393,4130808,1.61
Michigan,01/28/2023,7151,01/21/2023,66866,4130808,1.62
Michigan,02/04/2023,7477,01/28/2023,65754,4130808,1.59
Michigan,02/11/2023,8827,02/04/2023,67394,4130808,1.63
Michigan,02/18/2023,6306,02/11/2023,67503,4130808,1.63
Michigan,02/25/2023,5286,02/18/2023,70144,4180495,1.68
Michigan,03/04/2023,5342,02/25/2023,68424,4180495,1.64
Michigan,03/11/2023,5375,03/04/2023,65716,4180495,1.57
Michigan,03/18/2023,4731,03/11/2023,64690,4180495,1.55
Michigan,03/25/2023,9267,03/18/2023,63455,4180495,1.52
Michigan,04/01/2023,5986,03/25/2023,61465,4218832,1.46
Michigan,04/08/2023,5470,04/01/2023,61335,4218832,1.45
Michigan,04/15/2023,4520,04/08/2023,54717,4218832,1.3
Michigan,04/22/2023,5145,04/15/2023,49303,4218832,1.17
Michigan,04/29/2023,4737,04/22/2023,44512,4218832,1.06
Michigan,05/06/2023,5687,04/29/2023,40716,4218832,0.97
Michigan,05/13/2023,5757,05/06/2023,39223,4218832,0.93
Michigan,05/20/2023,4733,05/13/2023,39674,4218832,0.94
Michigan,05/27/2023,4368,05/20/2023,38733,4218832,0.92
Michigan,06/03/2023,4212,05/27/2023,38066,4218832,0.9
Michigan,06/10/2023,4713,06/03/2023,35594,4218832,0.84
Michigan,06/17/2023,5555,06/10/2023,36412,4218832,0.86
Michigan,06/24/2023,5464,06/17/2023,35557,4218832,0.84
Michigan,07/01/2023,12256,06/24/2023,38490,4218832,0.91
Michigan,07/08/2023,10822,07/01/2023,37465,4244003,0.88
Michigan,07/15/2023,7202,07/08/2023,47559,4244003,1.12
Michigan,07/22/2023,5302,07/15/2023,42561,4244003,1
Michigan,07/29/2023,4714,07/22/2023,41658,4244003,0.98
Michigan,08/05/2023,5613,07/29/2023,39383,4244003,0.93
Michigan,08/12/2023,4484,08/05/2023,39985,4244003,0.94
Michigan,08/19/2023,4222,08/12/2023,38021,4244003,0.9
Michigan,08/26/2023,4944,08/19/2023,38656,4244003,0.91
Michigan,09/02/2023,4412,08/26/2023,36891,4244003,0.87
Michigan,09/09/2023,4454,09/02/2023,36698,4244003,0.86
Michigan,09/16/2023,4337,09/09/2023,35130,4244003,0.83
Michigan,09/23/2023,5619,09/16/2023,34532,4244003,0.81
Michigan,09/30/2023,6028,09/23/2023,34261,4244003,0.81
Michigan,10/07/2023,8067,09/30/2023,36374,4244003,0.86
Michigan,10/14/2023,7619,10/07/2023,37151,4268576,0.87
Michigan,10/21/2023,6879,10/14/2023,42729,4268576,1
Michigan,10/28/2023,9106,10/21/2023,40412,4268576,0.95
Michigan,11/04/2023,9070,10/28/2023,46910,4268576,1.1
Michigan,11/11/2023,8676,11/04/2023,44481,4268576,1.04
Michigan,11/18/2023,8639,11/11/2023,46023,4268576,1.08
Michigan,11/25/2023,7165,11/18/2023,41748,4268576,0.98
Michigan,12/02/2023,9804,11/25/2023,47739,4268576,1.12
Michigan,12/09/2023,10083,12/02/2023,46571,4268576,1.09
Michigan,12/16/2023,10663,12/09/2023,54667,4268576,1.28
Michigan,12/23/2023,10622,12/16/2023,53213,4268576,1.25
Michigan,12/30/2023,13391,12/23/2023,61524,4268576,1.44
Michigan,01/06/2024,14847,12/30/2023,64133,4268576,1.5
Michigan,01/13/2024,10420,01/06/2024,71881,4291003,1.68
Michigan,01/20/2024,10395,01/13/2024,70322,4291003,1.64
Michigan,01/27/2024,10242,01/20/2024,73330,4291003,1.71
Michigan,02/03/2024,8751,01/27/2024,72375,4291003,1.69
Michigan,02/10/2024,7849,02/03/2024,77624,4291003,1.81
Michigan,02/17/2024,5944,02/10/2024,74137,4291003,1.73
Michigan,02/24/2024,4964,02/17/2024,73822,4291003,1.72
Michigan,03/02/2024,5943,02/24/2024,71565,4291003,1.67
Michigan,03/09/2024,5768,03/02/2024,69178,4291003,1.61
Michigan,03/16/2024,6972,03/09/2024,66706,4291003,1.55
Michigan,03/23/2024,5650,03/16/2024,66107,4291003,1.54
Michigan,03/30/2024,5304,03/23/2024,63836,4291003,1.49
Michigan,04/06/2024,5231,03/30/2024,60717,4291003,1.41
Michigan,04/13/2024,4780,04/06/2024,54843,4311311,1.27
Michigan,04/20/2024,4824,04/13/2024,53497,4311311,1.24
Michigan,04/27/2024,5154,04/20/2024,47279,4311311,1.1
Michigan,05/04/2024,5529,04/27/2024,44979,4311311,1.04
Michigan,05/11/2024,5016,05/04/2024,41460,4311311,0.96
Michigan,05/18/2024,5791,05/11/2024,41745,4311311,0.97
Michigan,05/25/2024,7348,05/18/2024,40868,4311311,0.95
Michigan,06/01/2024,4642,05/25/2024,42174,4311311,0.98
Michigan,06/08/2024,6378,06/01/2024,41761,4311311,0.97
Michigan,06/15/2024,7078,06/08/2024,39666,4311311,0.92
Michigan,06/22/2024,5964,06/15/2024,41424,4311311,0.96
Michigan,06/29/2024,7097,06/22/2024,42014,4311311,0.97
Michigan,07/06/2024,17675,06/29/2024,39839,4311311,0.92
Michigan,07/13/2024,17563,07/06/2024,46038,4324143,1.06
Michigan,07/20/2024,10622,07/13/2024,56009,4324143,1.3
Michigan,07/27/2024,14649,07/20/2024,59874,4324143,1.38
Michigan,08/03/2024,7219,07/27/2024,50680,4324143,1.17
Michigan,08/10/2024,7803,08/03/2024,44494,4324143,1.03
Michigan,08/17/2024,4956,08/10/2024,45989,4324143,1.06
Michigan,08/24/2024,6278,08/17/2024,43710,4324143,1.01
Michigan,08/31/2024,5771,08/24/2024,43159,4324143,1
Michigan,09/07/2024,4729,08/31/2024,40290,4324143,0.93
Michigan,09/14/2024,5516,09/07/2024,39527,4324143,0.91
Michigan,09/21/2024,5593,09/14/2024,38362,4324143,0.89
Michigan,09/28/2024,6780,09/21/2024,39532,4324143,0.91
Michigan,10/05/2024,16169,09/28/2024,38212,4324143,0.88
Michigan,10/12/2024,8252,10/05/2024,40615,4324143,0.94
Michigan,10/19/2024,6497,10/12/2024,58962,4333411,1.36
Michigan,10/26/2024,8219,10/19/2024,45892,4333411,1.06
Michigan,11/02/2024,11658,10/26/2024,52726,4333411,1.22
Michigan,11/09/2024,7586,11/02/2024,49160,4333411,1.13
Michigan,11/16/2024,7717,11/09/2024,58816,4333411,1.36
Michigan,11/23/2024,9693,11/16/2024,51718,4333411,1.19
Michigan,11/30/2024,9561,11/23/2024,51183,4333411,1.18
Michigan,12/07/2024,11948,11/30/2024,58415,4333411,1.35
Michigan,12/14/2024,9828,12/07/2024,55196,4333411,1.27
Michigan,12/21/2024,11539,12/14/2024,64808,4333411,1.5
Michigan,12/28/2024,19420,12/21/2024,60400,4333411,1.39
Michigan,01/04/2025,12380,12/28/2024,75559,4333411,1.74
Michigan,01/11/2025,27365,01/04/2025,89847,4341855,2.07
Michigan,01/18/2025,18014,01/11/2025,88040,4341855,2.03
Michigan,01/25/2025,8425,01/18/2025,96966,4341855,2.23
Michigan,02/01/2025,7932,01/25/2025,87193,4341855,2.01
Michigan,02/08/2025,7274,02/01/2025,85686,4341855,1.97
Michigan,02/15/2025,7726,02/08/2025,80329,4341855,1.85
Michigan,02/22/2025,7559,02/15/2025,81314,4341855,1.87
Michigan,03/01/2025,5626,02/22/2025,80520,4341855,1.85
Michigan,03/08/2025,6536,03/01/2025,78294,4341855,1.8
Michigan,03/15/2025,9378,03/08/2025,78881,4341855,1.82
Michigan,03/22/2025,5338,03/15/2025,76365,4341855,1.76
Michigan,03/29/2025,5029,03/22/2025,74221,4341855,1.71
Michigan,04/05/2025,5610,03/29/2025,68466,4341855,1.58
Michigan,04/12/2025,6622,04/05/2025,64311,4345625,1.48
Minnesota,01/04/2020,7293,12/28/2019,68226,2853412,2.39
Minnesota,01/11/2020,5933,01/04/2020,66377,2859937,2.32
Minnesota,01/18/2020,4463,01/11/2020,62628,2859937,2.19
Minnesota,01/25/2020,3931,01/18/2020,61704,2859937,2.16
Minnesota,02/01/2020,3700,01/25/2020,62189,2859937,2.17
Minnesota,02/08/2020,4108,02/01/2020,64105,2859937,2.24
Minnesota,02/15/2020,3641,02/08/2020,63956,2859937,2.24
Minnesota,02/22/2020,3539,02/15/2020,62200,2859937,2.17
Minnesota,02/29/2020,3410,02/22/2020,61696,2859937,2.16
Minnesota,03/07/2020,3488,02/29/2020,62767,2859937,2.19
Minnesota,03/14/2020,4010,03/07/2020,61781,2859937,2.16
Minnesota,03/21/2020,115773,03/14/2020,66787,2859937,2.34
Minnesota,03/28/2020,109095,03/21/2020,160873,2859937,5.63
Minnesota,04/04/2020,110260,03/28/2020,248023,2859937,8.67
Minnesota,04/11/2020,93133,04/04/2020,341578,2864234,11.93
Minnesota,04/18/2020,74829,04/11/2020,391284,2864234,13.66
Minnesota,04/25/2020,48595,04/18/2020,416993,2864234,14.56
Minnesota,05/02/2020,41492,04/25/2020,420212,2864234,14.67
Minnesota,05/09/2020,37669,05/02/2020,429187,2864234,14.98
Minnesota,05/16/2020,28893,05/09/2020,427690,2864234,14.93
Minnesota,05/23/2020,27211,05/16/2020,416668,2864234,14.55
Minnesota,05/30/2020,21654,05/23/2020,397899,2864234,13.89
Minnesota,06/06/2020,28311,05/30/2020,398799,2864234,13.92
Minnesota,06/13/2020,24696,06/06/2020,371930,2864234,12.99
Minnesota,06/20/2020,20487,06/13/2020,351772,2864234,12.28
Minnesota,06/27/2020,19373,06/20/2020,337382,2864234,11.78
Minnesota,07/04/2020,19362,06/27/2020,326245,2864234,11.39
Minnesota,07/11/2020,21637,07/04/2020,332040,2868184,11.58
Minnesota,07/18/2020,17706,07/11/2020,314937,2868184,10.98
Minnesota,07/25/2020,15311,07/18/2020,305530,2868184,10.65
Minnesota,08/01/2020,12315,07/25/2020,288215,2868184,10.05
Minnesota,08/08/2020,9087,08/01/2020,259525,2868184,9.05
Minnesota,08/15/2020,12081,08/08/2020,244418,2868184,8.52
Minnesota,08/22/2020,10817,08/15/2020,231989,2868184,8.09
Minnesota,08/29/2020,10295,08/22/2020,219557,2868184,7.65
Minnesota,09/05/2020,11038,08/29/2020,212993,2868184,7.43
Minnesota,09/12/2020,11181,09/05/2020,207645,2868184,7.24
Minnesota,09/19/2020,10901,09/12/2020,192217,2868184,6.7
Minnesota,09/26/2020,9339,09/19/2020,174779,2868184,6.09
Minnesota,10/03/2020,9697,09/26/2020,152536,2868184,5.32
Minnesota,10/10/2020,9340,10/03/2020,138673,2871418,4.83
Minnesota,10/17/2020,9833,10/10/2020,122976,2871418,4.28
Minnesota,10/24/2020,11681,10/17/2020,116856,2871418,4.07
Minnesota,10/31/2020,12499,10/24/2020,110584,2871418,3.85
Minnesota,11/07/2020,11820,10/31/2020,105784,2871418,3.68
Minnesota,11/14/2020,15428,11/07/2020,104687,2871418,3.65
Minnesota,11/21/2020,22914,11/14/2020,112924,2871418,3.93
Minnesota,11/28/2020,24527,11/21/2020,114715,2871418,4
Minnesota,12/05/2020,25177,11/28/2020,140443,2871418,4.89
Minnesota,12/12/2020,16019,12/05/2020,135667,2871418,4.72
Minnesota,12/19/2020,14297,12/12/2020,134220,2871418,4.67
Minnesota,12/26/2020,16271,12/19/2020,129135,2871418,4.5
Minnesota,01/02/2021,17482,12/26/2020,148435,2871418,5.17
Minnesota,01/09/2021,17301,01/02/2021,152224,2780808,5.47
Minnesota,01/16/2021,13739,01/09/2021,138053,2780808,4.96
Minnesota,01/23/2021,11819,01/16/2021,125843,2780808,4.53
Minnesota,01/30/2021,11736,01/23/2021,121578,2780808,4.37
Minnesota,02/06/2021,12247,01/30/2021,121069,2780808,4.35
Minnesota,02/13/2021,12111,02/06/2021,115848,2780808,4.17
Minnesota,02/20/2021,10809,02/13/2021,117459,2780808,4.22
Minnesota,02/27/2021,8806,02/20/2021,111807,2780808,4.02
Minnesota,03/06/2021,8111,02/27/2021,108255,2780808,3.89
Minnesota,03/13/2021,9103,03/06/2021,103054,2780808,3.71
Minnesota,03/20/2021,8375,03/13/2021,98886,2780808,3.56
Minnesota,03/27/2021,10495,03/20/2021,99791,2780808,3.59
Minnesota,04/03/2021,10492,03/27/2021,99149,2780808,3.57
Minnesota,04/10/2021,5481,04/03/2021,99755,2722590,3.66
Minnesota,04/17/2021,5330,04/10/2021,93875,2722590,3.45
Minnesota,04/24/2021,4658,04/17/2021,86534,2722590,3.18
Minnesota,05/01/2021,4310,04/24/2021,80853,2722590,2.97
Minnesota,05/08/2021,4062,05/01/2021,78840,2722590,2.9
Minnesota,05/15/2021,5868,05/08/2021,72167,2722590,2.65
Minnesota,05/22/2021,5478,05/15/2021,69802,2722590,2.56
Minnesota,05/29/2021,4869,05/22/2021,67206,2722590,2.47
Minnesota,06/05/2021,4700,05/29/2021,64738,2722590,2.38
Minnesota,06/12/2021,4974,06/05/2021,65301,2722590,2.4
Minnesota,06/19/2021,4489,06/12/2021,61850,2722590,2.27
Minnesota,06/26/2021,4001,06/19/2021,60679,2722590,2.23
Minnesota,07/03/2021,4109,06/26/2021,59593,2722590,2.19
Minnesota,07/10/2021,4036,07/03/2021,59978,2673705,2.24
Minnesota,07/17/2021,4339,07/10/2021,60008,2673705,2.24
Minnesota,07/24/2021,3326,07/17/2021,56375,2673705,2.11
Minnesota,07/31/2021,3317,07/24/2021,54911,2673705,2.05
Minnesota,08/07/2021,3636,07/31/2021,54916,2673705,2.05
Minnesota,08/14/2021,3789,08/07/2021,53038,2673705,1.98
Minnesota,08/21/2021,3803,08/14/2021,52425,2673705,1.96
Minnesota,08/28/2021,3663,08/21/2021,51011,2673705,1.91
Minnesota,09/04/2021,3881,08/28/2021,49798,2673705,1.86
Minnesota,09/11/2021,2987,09/04/2021,45315,2673705,1.69
Minnesota,09/18/2021,3660,09/11/2021,52869,2673705,1.98
Minnesota,09/25/2021,5662,09/18/2021,51672,2673705,1.93
Minnesota,10/02/2021,4380,09/25/2021,49024,2673705,1.83
Minnesota,10/09/2021,4261,10/02/2021,46863,2630259,1.78
Minnesota,10/16/2021,3996,10/09/2021,42953,2630259,1.63
Minnesota,10/23/2021,3909,10/16/2021,42174,2630259,1.6
Minnesota,10/30/2021,4794,10/23/2021,42096,2630259,1.6
Minnesota,11/06/2021,5499,10/30/2021,42295,2630259,1.61
Minnesota,11/13/2021,6701,11/06/2021,43847,2630259,1.67
Minnesota,11/20/2021,8166,11/13/2021,47695,2630259,1.81
Minnesota,11/27/2021,6974,11/20/2021,48624,2630259,1.85
Minnesota,12/04/2021,9373,11/27/2021,57669,2630259,2.19
Minnesota,12/11/2021,7827,12/04/2021,57340,2630259,2.18
Minnesota,12/18/2021,7265,12/11/2021,59453,2630259,2.26
Minnesota,12/25/2021,7872,12/18/2021,59130,2630259,2.25
Minnesota,01/01/2022,8094,12/25/2021,68446,2630259,2.6
Minnesota,01/08/2022,9499,01/01/2022,74074,2673828,2.77
Minnesota,01/15/2022,6571,01/08/2022,69518,2673828,2.6
Minnesota,01/22/2022,5320,01/15/2022,67216,2673828,2.51
Minnesota,01/29/2022,4997,01/22/2022,67403,2673828,2.52
Minnesota,02/05/2022,4413,01/29/2022,66536,2673828,2.49
Minnesota,02/12/2022,3822,02/05/2022,65774,2673828,2.46
Minnesota,02/19/2022,3227,02/12/2022,62419,2673828,2.33
Minnesota,02/26/2022,3140,02/19/2022,61468,2673828,2.3
Minnesota,03/05/2022,3594,02/26/2022,61461,2673828,2.3
Minnesota,03/12/2022,3129,03/05/2022,59801,2673828,2.24
Minnesota,03/19/2022,3042,03/12/2022,56450,2673828,2.11
Minnesota,03/26/2022,3100,03/19/2022,54030,2673828,2.02
Minnesota,04/02/2022,3188,03/26/2022,52799,2673828,1.97
Minnesota,04/09/2022,3132,04/02/2022,51370,2631497,1.95
Minnesota,04/16/2022,3165,04/09/2022,46987,2631497,1.79
Minnesota,04/23/2022,2712,04/16/2022,43115,2631497,1.64
Minnesota,04/30/2022,2651,04/23/2022,39073,2631497,1.48
Minnesota,05/07/2022,2905,04/30/2022,35500,2631497,1.35
Minnesota,05/14/2022,2945,05/07/2022,30503,2631497,1.16
Minnesota,05/21/2022,2951,05/14/2022,28005,2631497,1.06
Minnesota,05/28/2022,2721,05/21/2022,25817,2631497,0.98
Minnesota,06/04/2022,2756,05/28/2022,24420,2631497,0.93
Minnesota,06/11/2022,3172,06/04/2022,25765,2631497,0.98
Minnesota,06/18/2022,2831,06/11/2022,24450,2631497,0.93
Minnesota,06/25/2022,2569,06/18/2022,24121,2631497,0.92
Minnesota,07/02/2022,2702,06/25/2022,24404,2631497,0.93
Minnesota,07/09/2022,2842,07/02/2022,24602,2687252,0.92
Minnesota,07/16/2022,3179,07/09/2022,25993,2687252,0.97
Minnesota,07/23/2022,2375,07/16/2022,24419,2687252,0.91
Minnesota,07/30/2022,2323,07/23/2022,23905,2687252,0.89
Minnesota,08/06/2022,2437,07/30/2022,23829,2687252,0.89
Minnesota,08/13/2022,2499,08/06/2022,23790,2687252,0.89
Minnesota,08/20/2022,2491,08/13/2022,23595,2687252,0.88
Minnesota,08/27/2022,2285,08/20/2022,22936,2687252,0.85
Minnesota,09/03/2022,2336,08/27/2022,22711,2687252,0.85
Minnesota,09/10/2022,2248,09/03/2022,21987,2687252,0.82
Minnesota,09/17/2022,2528,09/10/2022,21882,2687252,0.81
Minnesota,09/24/2022,2201,09/17/2022,21118,2687252,0.79
Minnesota,10/01/2022,2203,09/24/2022,21008,2687252,0.78
Minnesota,10/08/2022,2658,10/01/2022,21232,2701813,0.79
Minnesota,10/15/2022,2552,10/08/2022,21117,2701813,0.78
Minnesota,10/22/2022,2874,10/15/2022,21088,2701813,0.78
Minnesota,10/29/2022,3330,10/22/2022,22266,2701813,0.82
Minnesota,11/05/2022,4126,10/29/2022,23087,2701813,0.85
Minnesota,11/12/2022,6097,11/05/2022,25945,2701813,0.96
Minnesota,11/19/2022,8993,11/12/2022,32623,2701813,1.21
Minnesota,11/26/2022,6820,11/19/2022,36352,2701813,1.35
Minnesota,12/03/2022,8141,11/26/2022,45959,2701813,1.7
Minnesota,12/10/2022,6510,12/03/2022,46321,2701813,1.71
Minnesota,12/17/2022,6163,12/10/2022,49356,2701813,1.83
Minnesota,12/24/2022,6967,12/17/2022,53649,2701813,1.99
Minnesota,12/31/2022,6087,12/24/2022,59258,2701813,2.19
Minnesota,01/07/2023,6336,12/31/2022,63255,2727518,2.32
Minnesota,01/14/2023,5147,01/07/2023,62286,2727518,2.28
Minnesota,01/21/2023,4024,01/14/2023,59777,2727518,2.19
Minnesota,01/28/2023,4188,01/21/2023,61189,2727518,2.24
Minnesota,02/04/2023,4300,01/28/2023,61839,2727518,2.27
Minnesota,02/11/2023,4983,02/04/2023,65478,2727518,2.4
Minnesota,02/18/2023,3504,02/11/2023,62075,2727518,2.28
Minnesota,02/25/2023,3436,02/18/2023,61956,2727518,2.27
Minnesota,03/04/2023,4461,02/25/2023,64505,2727518,2.36
Minnesota,03/11/2023,3419,03/04/2023,62432,2727518,2.29
Minnesota,03/18/2023,3393,03/11/2023,60376,2727518,2.21
Minnesota,03/25/2023,3515,03/18/2023,59753,2727518,2.19
Minnesota,04/01/2023,3330,03/25/2023,58449,2727518,2.14
Minnesota,04/08/2023,3580,04/01/2023,58081,2765576,2.1
Minnesota,04/15/2023,3214,04/08/2023,55109,2765576,1.99
Minnesota,04/22/2023,2901,04/15/2023,50281,2765576,1.82
Minnesota,04/29/2023,3264,04/22/2023,46325,2765576,1.68
Minnesota,05/06/2023,2885,04/29/2023,40755,2765576,1.47
Minnesota,05/13/2023,2898,05/06/2023,35187,2765576,1.27
Minnesota,05/20/2023,2855,05/13/2023,32610,2765576,1.18
Minnesota,05/27/2023,2817,05/20/2023,30727,2765576,1.11
Minnesota,06/03/2023,5510,05/27/2023,29831,2765576,1.08
Minnesota,06/10/2023,9163,06/03/2023,32361,2765576,1.17
Minnesota,06/17/2023,7587,06/10/2023,37143,2765576,1.34
Minnesota,06/24/2023,5097,06/17/2023,41491,2765576,1.5
Minnesota,07/01/2023,4861,06/24/2023,45242,2765576,1.64
Minnesota,07/08/2023,4103,07/01/2023,45355,2786007,1.63
Minnesota,07/15/2023,4755,07/08/2023,50680,2786007,1.82
Minnesota,07/22/2023,3232,07/15/2023,46739,2786007,1.68
Minnesota,07/29/2023,3284,07/22/2023,46710,2786007,1.68
Minnesota,08/05/2023,3626,07/29/2023,47088,2786007,1.69
Minnesota,08/12/2023,3299,08/05/2023,48447,2786007,1.74
Minnesota,08/19/2023,3092,08/12/2023,48163,2786007,1.73
Minnesota,08/26/2023,2882,08/19/2023,47112,2786007,1.69
Minnesota,09/02/2023,2964,08/26/2023,45099,2786007,1.62
Minnesota,09/09/2023,2836,09/02/2023,40300,2786007,1.45
Minnesota,09/16/2023,2880,09/09/2023,32606,2786007,1.17
Minnesota,09/23/2023,2613,09/16/2023,29741,2786007,1.07
Minnesota,09/30/2023,2770,09/23/2023,29101,2786007,1.04
Minnesota,10/07/2023,3161,09/30/2023,29269,2807657,1.04
Minnesota,10/14/2023,2900,10/07/2023,28829,2807657,1.03
Minnesota,10/21/2023,3072,10/14/2023,28763,2807657,1.02
Minnesota,10/28/2023,3839,10/21/2023,30042,2807657,1.07
Minnesota,11/04/2023,5116,10/28/2023,31200,2807657,1.11
Minnesota,11/11/2023,6130,11/04/2023,34069,2807657,1.21
Minnesota,11/18/2023,6416,11/11/2023,38095,2807657,1.36
Minnesota,11/25/2023,6244,11/18/2023,39823,2807657,1.42
Minnesota,12/02/2023,9390,11/25/2023,51653,2807657,1.84
Minnesota,12/09/2023,7277,12/02/2023,52453,2807657,1.87
Minnesota,12/16/2023,6777,12/09/2023,55627,2807657,1.98
Minnesota,12/23/2023,6626,12/16/2023,58577,2807657,2.09
Minnesota,12/30/2023,6720,12/23/2023,62448,2807657,2.22
Minnesota,01/06/2024,8193,12/30/2023,72962,2807657,2.6
Minnesota,01/13/2024,6062,01/06/2024,69777,2823212,2.47
Minnesota,01/20/2024,5110,01/13/2024,68964,2823212,2.44
Minnesota,01/27/2024,5028,01/20/2024,72358,2823212,2.56
Minnesota,02/03/2024,4050,01/27/2024,70135,2823212,2.48
Minnesota,02/10/2024,3981,02/03/2024,71053,2823212,2.52
Minnesota,02/17/2024,3568,02/10/2024,70127,2823212,2.48
Minnesota,02/24/2024,3480,02/17/2024,69415,2823212,2.46
Minnesota,03/02/2024,3674,02/24/2024,69068,2823212,2.45
Minnesota,03/09/2024,3757,03/02/2024,69368,2823212,2.46
Minnesota,03/16/2024,3599,03/09/2024,66465,2823212,2.35
Minnesota,03/23/2024,3459,03/16/2024,64711,2823212,2.29
Minnesota,03/30/2024,3712,03/23/2024,63547,2823212,2.25
Minnesota,04/06/2024,4520,03/30/2024,66713,2823212,2.36
Minnesota,04/13/2024,3246,04/06/2024,58096,2839401,2.05
Minnesota,04/20/2024,3036,04/13/2024,52395,2839401,1.85
Minnesota,04/27/2024,3057,04/20/2024,47681,2839401,1.68
Minnesota,05/04/2024,3181,04/27/2024,43699,2839401,1.54
Minnesota,05/11/2024,3723,05/04/2024,42694,2839401,1.5
Minnesota,05/18/2024,3201,05/11/2024,38065,2839401,1.34
Minnesota,05/25/2024,3957,05/18/2024,36600,2839401,1.29
Minnesota,06/01/2024,6745,05/25/2024,37159,2839401,1.31
Minnesota,06/08/2024,11142,06/01/2024,42516,2839401,1.5
Minnesota,06/15/2024,9668,06/08/2024,51138,2839401,1.8
Minnesota,06/22/2024,6675,06/15/2024,57890,2839401,2.04
Minnesota,06/29/2024,5944,06/22/2024,59652,2839401,2.1
Minnesota,07/06/2024,4866,06/29/2024,57476,2839401,2.02
Minnesota,07/13/2024,5536,07/06/2024,63855,2853746,2.24
Minnesota,07/20/2024,3194,07/13/2024,57266,2853746,2.01
Minnesota,07/27/2024,3681,07/20/2024,57403,2853746,2.01
Minnesota,08/03/2024,3777,07/27/2024,57411,2853746,2.01
Minnesota,08/10/2024,3507,08/03/2024,58447,2853746,2.05
Minnesota,08/17/2024,3372,08/10/2024,57722,2853746,2.02
Minnesota,08/24/2024,3256,08/17/2024,56193,2853746,1.97
Minnesota,08/31/2024,3307,08/24/2024,53986,2853746,1.89
Minnesota,09/07/2024,3555,08/31/2024,48385,2853746,1.7
Minnesota,09/14/2024,3381,09/07/2024,37898,2853746,1.33
Minnesota,09/21/2024,3015,09/14/2024,33878,2853746,1.19
Minnesota,09/28/2024,3172,09/21/2024,33240,2853746,1.16
Minnesota,10/05/2024,3408,09/28/2024,33029,2853746,1.16
Minnesota,10/12/2024,3380,10/05/2024,33629,2863996,1.17
Minnesota,10/19/2024,3445,10/12/2024,33451,2863996,1.17
Minnesota,10/26/2024,3851,10/19/2024,33960,2863996,1.19
Minnesota,11/02/2024,4273,10/26/2024,34281,2863996,1.2
Minnesota,11/09/2024,6162,11/02/2024,36456,2863996,1.27
Minnesota,11/16/2024,6543,11/09/2024,40457,2863996,1.41
Minnesota,11/23/2024,8042,11/16/2024,44598,2863996,1.56
Minnesota,11/30/2024,7360,11/23/2024,47301,2863996,1.65
Minnesota,12/07/2024,10657,11/30/2024,60488,2863996,2.11
Minnesota,12/14/2024,7573,12/07/2024,60112,2863996,2.1
Minnesota,12/21/2024,7205,12/14/2024,63406,2863996,2.21
Minnesota,12/28/2024,6707,12/21/2024,64125,2863996,2.24
Minnesota,01/04/2025,8887,12/28/2024,79877,2863996,2.79
Minnesota,01/11/2025,6841,01/04/2025,78336,2873985,2.73
Minnesota,01/18/2025,5084,01/11/2025,72990,2873985,2.54
Minnesota,01/25/2025,4635,01/18/2025,72374,2873985,2.52
Minnesota,02/01/2025,4750,01/25/2025,73691,2873985,2.56
Minnesota,02/08/2025,4479,02/01/2025,73259,2873985,2.55
Minnesota,02/15/2025,4562,02/08/2025,72345,2873985,2.52
Minnesota,02/22/2025,4980,02/15/2025,74015,2873985,2.58
Minnesota,03/01/2025,4349,02/22/2025,73890,2873985,2.57
Minnesota,03/08/2025,3926,03/01/2025,71767,2873985,2.5
Minnesota,03/15/2025,4107,03/08/2025,69283,2873985,2.41
Minnesota,03/22/2025,3770,03/15/2025,67833,2873985,2.36
Minnesota,03/29/2025,3695,03/22/2025,65652,2873985,2.28
Minnesota,04/05/2025,4035,03/29/2025,63648,2873985,2.21
Minnesota,04/12/2025,3906,04/05/2025,62568,2880336,2.17
Mississippi,01/04/2020,1178,12/28/2019,9681,1107596,0.87
Mississippi,01/11/2020,1515,01/04/2020,9536,1108618,0.86
Mississippi,01/18/2020,1135,01/11/2020,8804,1108618,0.79
Mississippi,01/25/2020,993,01/18/2020,8562,1108618,0.77
Mississippi,02/01/2020,963,01/25/2020,8674,1108618,0.78
Mississippi,02/08/2020,968,02/01/2020,8261,1108618,0.75
Mississippi,02/15/2020,861,02/08/2020,8216,1108618,0.74
Mississippi,02/22/2020,827,02/15/2020,7922,1108618,0.71
Mississippi,02/29/2020,744,02/22/2020,7842,1108618,0.71
Mississippi,03/07/2020,879,02/29/2020,7416,1108618,0.67
Mississippi,03/14/2020,1147,03/07/2020,7098,1108618,0.64
Mississippi,03/21/2020,5519,03/14/2020,6667,1108618,0.6
Mississippi,03/28/2020,32015,03/21/2020,9581,1108618,0.86
Mississippi,04/04/2020,45852,03/28/2020,29373,1108618,2.65
Mississippi,04/11/2020,45748,04/04/2020,60737,1109819,5.47
Mississippi,04/18/2020,36913,04/11/2020,93005,1109819,8.38
Mississippi,04/25/2020,29906,04/18/2020,135722,1109819,12.23
Mississippi,05/02/2020,25745,04/25/2020,162078,1109819,14.6
Mississippi,05/09/2020,23618,05/02/2020,208270,1109819,18.77
Mississippi,05/16/2020,24242,05/09/2020,189886,1109819,17.11
Mississippi,05/23/2020,23856,05/16/2020,184150,1109819,16.59
Mississippi,05/30/2020,24014,05/23/2020,174808,1109819,15.75
Mississippi,06/06/2020,21283,05/30/2020,148902,1109819,13.42
Mississippi,06/13/2020,18407,06/06/2020,123192,1109819,11.1
Mississippi,06/20/2020,15230,06/13/2020,97069,1109819,8.75
Mississippi,06/27/2020,13673,06/20/2020,147624,1109819,13.3
Mississippi,07/04/2020,11266,06/27/2020,137330,1109819,12.37
Mississippi,07/11/2020,12223,07/04/2020,100191,1110126,9.03
Mississippi,07/18/2020,12094,07/11/2020,122686,1110126,11.05
Mississippi,07/25/2020,9169,07/18/2020,104109,1110126,9.38
Mississippi,08/01/2020,6777,07/25/2020,121168,1110126,10.91
Mississippi,08/08/2020,5452,08/01/2020,138762,1110126,12.5
Mississippi,08/15/2020,6496,08/08/2020,95913,1110126,8.64
Mississippi,08/22/2020,4496,08/15/2020,90458,1110126,8.15
Mississippi,08/29/2020,4465,08/22/2020,84480,1110126,7.61
Mississippi,09/05/2020,4363,08/29/2020,95012,1110126,8.56
Mississippi,09/12/2020,4535,09/05/2020,87107,1110126,7.85
Mississippi,09/19/2020,5180,09/12/2020,84253,1110126,7.59
Mississippi,09/26/2020,4653,09/19/2020,75175,1110126,6.77
Mississippi,10/03/2020,4032,09/26/2020,68735,1110126,6.19
Mississippi,10/10/2020,3657,10/03/2020,56309,1110495,5.07
Mississippi,10/17/2020,3609,10/10/2020,52168,1110495,4.7
Mississippi,10/24/2020,3231,10/17/2020,46448,1110495,4.18
Mississippi,10/31/2020,3619,10/24/2020,41440,1110495,3.73
Mississippi,11/07/2020,3690,10/31/2020,38767,1110495,3.49
Mississippi,11/14/2020,3364,11/07/2020,35034,1110495,3.15
Mississippi,11/21/2020,3879,11/14/2020,32639,1110495,2.94
Mississippi,11/28/2020,3373,11/21/2020,29740,1110495,2.68
Mississippi,12/05/2020,5075,11/28/2020,31543,1110495,2.84
Mississippi,12/12/2020,5090,12/05/2020,28911,1110495,2.6
Mississippi,12/19/2020,4639,12/12/2020,28001,1110495,2.52
Mississippi,12/26/2020,5205,12/19/2020,28218,1110495,2.54
Mississippi,01/02/2021,6360,12/26/2020,30185,1110495,2.72
Mississippi,01/09/2021,9872,01/02/2021,32576,1084333,3
Mississippi,01/16/2021,8167,01/09/2021,31703,1084333,2.92
Mississippi,01/23/2021,6849,01/16/2021,30594,1084333,2.82
Mississippi,01/30/2021,3742,01/23/2021,31184,1084333,2.88
Mississippi,02/06/2021,7538,01/30/2021,28809,1084333,2.66
Mississippi,02/13/2021,6362,02/06/2021,28987,1084333,2.67
Mississippi,02/20/2021,9628,02/13/2021,27681,1084333,2.55
Mississippi,02/27/2021,17952,02/20/2021,47365,1084333,4.37
Mississippi,03/06/2021,7403,02/27/2021,30983,1084333,2.86
Mississippi,03/13/2021,5286,03/06/2021,28836,1084333,2.66
Mississippi,03/20/2021,4463,03/13/2021,27445,1084333,2.53
Mississippi,03/27/2021,4937,03/20/2021,26070,1084333,2.4
Mississippi,04/03/2021,5751,03/27/2021,27435,1084333,2.53
Mississippi,04/10/2021,4423,04/03/2021,26953,1070882,2.52
Mississippi,04/17/2021,3998,04/10/2021,28007,1070882,2.62
Mississippi,04/24/2021,3983,04/17/2021,28058,1070882,2.62
Mississippi,05/01/2021,3528,04/24/2021,27390,1070882,2.56
Mississippi,05/08/2021,4053,05/01/2021,27296,1070882,2.55
Mississippi,05/15/2021,3455,05/08/2021,27078,1070882,2.53
Mississippi,05/22/2021,2766,05/15/2021,26328,1070882,2.46
Mississippi,05/29/2021,2830,05/22/2021,25737,1070882,2.4
Mississippi,06/05/2021,2798,05/29/2021,30327,1070882,2.83
Mississippi,06/12/2021,2485,06/05/2021,25945,1070882,2.42
Mississippi,06/19/2021,1686,06/12/2021,25309,1070882,2.36
Mississippi,06/26/2021,1681,06/19/2021,32459,1070882,3.03
Mississippi,07/03/2021,2194,06/26/2021,26023,1070882,2.43
Mississippi,07/10/2021,2936,07/03/2021,23352,1063853,2.2
Mississippi,07/17/2021,2594,07/10/2021,22733,1063853,2.14
Mississippi,07/24/2021,2250,07/17/2021,20453,1063853,1.92
Mississippi,07/31/2021,2371,07/24/2021,19536,1063853,1.84
Mississippi,08/07/2021,2278,07/31/2021,18019,1063853,1.69
Mississippi,08/14/2021,2283,08/07/2021,16574,1063853,1.56
Mississippi,08/21/2021,2170,08/14/2021,14817,1063853,1.39
Mississippi,08/28/2021,2048,08/21/2021,13881,1063853,1.3
Mississippi,09/04/2021,1719,08/28/2021,10802,1063853,1.02
Mississippi,09/11/2021,1518,09/04/2021,12877,1063853,1.21
Mississippi,09/18/2021,1598,09/11/2021,10823,1063853,1.02
Mississippi,09/25/2021,1603,09/18/2021,9698,1063853,0.91
Mississippi,10/02/2021,1204,09/25/2021,9680,1063853,0.91
Mississippi,10/09/2021,1460,10/02/2021,8406,1055550,0.8
Mississippi,10/16/2021,1283,10/09/2021,7639,1055550,0.72
Mississippi,10/23/2021,1223,10/16/2021,7329,1055550,0.69
Mississippi,10/30/2021,1209,10/23/2021,6862,1055550,0.65
Mississippi,11/06/2021,1241,10/30/2021,7267,1055550,0.69
Mississippi,11/13/2021,1158,11/06/2021,6249,1055550,0.59
Mississippi,11/20/2021,1166,11/13/2021,5868,1055550,0.56
Mississippi,11/27/2021,1106,11/20/2021,5237,1055550,0.5
Mississippi,12/04/2021,1468,11/27/2021,6262,1055550,0.59
Mississippi,12/11/2021,1251,12/04/2021,5618,1055550,0.53
Mississippi,12/18/2021,1410,12/11/2021,5663,1055550,0.54
Mississippi,12/25/2021,1078,12/18/2021,5490,1055550,0.52
Mississippi,01/01/2022,1428,12/25/2021,6240,1055550,0.59
Mississippi,01/08/2022,1781,01/01/2022,6431,1075013,0.6
Mississippi,01/15/2022,1507,01/08/2022,6532,1075013,0.61
Mississippi,01/22/2022,1204,01/15/2022,5968,1075013,0.56
Mississippi,01/29/2022,1097,01/22/2022,5712,1075013,0.53
Mississippi,02/05/2022,1049,01/29/2022,5380,1075013,0.5
Mississippi,02/12/2022,961,02/05/2022,5316,1075013,0.49
Mississippi,02/19/2022,854,02/12/2022,5155,1075013,0.48
Mississippi,02/26/2022,767,02/19/2022,4746,1075013,0.44
Mississippi,03/05/2022,846,02/26/2022,4633,1075013,0.43
Mississippi,03/12/2022,920,03/05/2022,4501,1075013,0.42
Mississippi,03/19/2022,968,03/12/2022,4419,1075013,0.41
Mississippi,03/26/2022,846,03/19/2022,4505,1075013,0.42
Mississippi,04/02/2022,889,03/26/2022,4160,1075013,0.39
Mississippi,04/09/2022,1151,04/02/2022,4127,1084507,0.38
Mississippi,04/16/2022,910,04/09/2022,3968,1084507,0.37
Mississippi,04/23/2022,979,04/16/2022,3962,1084507,0.37
Mississippi,04/30/2022,863,04/23/2022,4081,1084507,0.38
Mississippi,05/07/2022,1051,04/30/2022,4003,1084507,0.37
Mississippi,05/14/2022,1194,05/07/2022,4120,1084507,0.38
Mississippi,05/21/2022,1675,05/14/2022,4358,1084507,0.4
Mississippi,05/28/2022,3610,05/21/2022,4796,1084507,0.44
Mississippi,06/04/2022,1887,05/28/2022,6465,1084507,0.6
Mississippi,06/11/2022,1741,06/04/2022,6542,1084507,0.6
Mississippi,06/18/2022,1305,06/11/2022,6873,1084507,0.63
Mississippi,06/25/2022,1183,06/18/2022,6761,1084507,0.62
Mississippi,07/02/2022,2547,06/25/2022,6734,1084507,0.62
Mississippi,07/09/2022,1869,07/02/2022,7648,1091612,0.7
Mississippi,07/16/2022,1935,07/09/2022,8081,1091612,0.74
Mississippi,07/23/2022,1355,07/16/2022,7825,1091612,0.72
Mississippi,07/30/2022,1159,07/23/2022,7443,1091612,0.68
Mississippi,08/06/2022,1231,07/30/2022,7125,1091612,0.65
Mississippi,08/13/2022,1135,08/06/2022,6236,1091612,0.57
Mississippi,08/20/2022,1140,08/13/2022,5742,1091612,0.53
Mississippi,08/27/2022,983,08/20/2022,5549,1091612,0.51
Mississippi,09/03/2022,869,08/27/2022,5554,1091612,0.51
Mississippi,09/10/2022,712,09/03/2022,4968,1091612,0.46
Mississippi,09/17/2022,891,09/10/2022,4957,1091612,0.45
Mississippi,09/24/2022,801,09/17/2022,4780,1091612,0.44
Mississippi,10/01/2022,706,09/24/2022,3857,1091612,0.35
Mississippi,10/08/2022,985,10/01/2022,4480,1099629,0.41
Mississippi,10/15/2022,1104,10/08/2022,4521,1099629,0.41
Mississippi,10/22/2022,921,10/15/2022,4763,1099629,0.43
Mississippi,10/29/2022,874,10/22/2022,4465,1099629,0.41
Mississippi,11/05/2022,932,10/29/2022,4376,1099629,0.4
Mississippi,11/12/2022,985,11/05/2022,4361,1099629,0.4
Mississippi,11/19/2022,1329,11/12/2022,4602,1099629,0.42
Mississippi,11/26/2022,1379,11/19/2022,4462,1099629,0.41
Mississippi,12/03/2022,1617,11/26/2022,5513,1099629,0.5
Mississippi,12/10/2022,1159,12/03/2022,5495,1099629,0.5
Mississippi,12/17/2022,1301,12/10/2022,5624,1099629,0.51
Mississippi,12/24/2022,1073,12/17/2022,5735,1099629,0.52
Mississippi,12/31/2022,1161,12/24/2022,6376,1099629,0.58
Mississippi,01/07/2023,1186,12/31/2022,6547,1099629,0.6
Mississippi,01/14/2023,1129,01/07/2023,6199,1109018,0.56
Mississippi,01/21/2023,905,01/14/2023,5995,1109018,0.54
Mississippi,01/28/2023,1073,01/21/2023,5912,1109018,0.53
Mississippi,02/04/2023,918,01/28/2023,5906,1109018,0.53
Mississippi,02/11/2023,888,02/04/2023,5768,1109018,0.52
Mississippi,02/18/2023,844,02/11/2023,5738,1109018,0.52
Mississippi,02/25/2023,734,02/18/2023,5523,1109018,0.5
Mississippi,03/04/2023,810,02/25/2023,5533,1109018,0.5
Mississippi,03/11/2023,913,03/04/2023,5275,1109018,0.48
Mississippi,03/18/2023,1642,03/11/2023,5169,1109018,0.47
Mississippi,03/25/2023,1016,03/18/2023,5736,1109018,0.52
Mississippi,04/01/2023,1039,03/25/2023,5381,1109018,0.49
Mississippi,04/08/2023,1277,04/01/2023,5225,1117342,0.47
Mississippi,04/15/2023,1078,04/08/2023,5537,1117342,0.5
Mississippi,04/22/2023,1030,04/15/2023,5475,1117342,0.49
Mississippi,04/29/2023,1019,04/22/2023,5422,1117342,0.49
Mississippi,05/06/2023,1081,04/29/2023,5387,1117342,0.48
Mississippi,05/13/2023,1274,05/06/2023,5502,1117342,0.49
Mississippi,05/20/2023,1326,05/13/2023,5703,1117342,0.51
Mississippi,05/27/2023,1592,05/20/2023,6055,1117342,0.54
Mississippi,06/03/2023,1480,05/27/2023,6544,1117342,0.59
Mississippi,06/10/2023,1498,06/03/2023,7272,1117342,0.65
Mississippi,06/17/2023,1270,06/10/2023,7406,1117342,0.66
Mississippi,06/24/2023,1182,06/17/2023,7566,1117342,0.68
Mississippi,07/01/2023,1292,06/24/2023,8032,1117342,0.72
Mississippi,07/08/2023,1555,07/01/2023,8002,1120015,0.71
Mississippi,07/15/2023,1446,07/08/2023,8760,1120015,0.78
Mississippi,07/22/2023,1031,07/15/2023,8916,1120015,0.8
Mississippi,07/29/2023,1112,07/22/2023,8724,1120015,0.78
Mississippi,08/05/2023,1159,07/29/2023,8500,1120015,0.76
Mississippi,08/12/2023,1087,08/05/2023,7729,1120015,0.69
Mississippi,08/19/2023,1038,08/12/2023,7364,1120015,0.66
Mississippi,08/26/2023,1004,08/19/2023,7187,1120015,0.64
Mississippi,09/02/2023,974,08/26/2023,6826,1120015,0.61
Mississippi,09/09/2023,796,09/02/2023,6493,1120015,0.58
Mississippi,09/16/2023,902,09/09/2023,6493,1120015,0.58
Mississippi,09/23/2023,897,09/16/2023,6260,1120015,0.56
Mississippi,09/30/2023,968,09/23/2023,6284,1120015,0.56
Mississippi,10/07/2023,1064,09/30/2023,6046,1120015,0.54
Mississippi,10/14/2023,1006,10/07/2023,6016,1124465,0.54
Mississippi,10/21/2023,807,10/14/2023,5914,1124465,0.53
Mississippi,10/28/2023,1023,10/21/2023,5760,1124465,0.51
Mississippi,11/04/2023,916,10/28/2023,5890,1124465,0.52
Mississippi,11/11/2023,1066,11/04/2023,5832,1124465,0.52
Mississippi,11/18/2023,1271,11/11/2023,6059,1124465,0.54
Mississippi,11/25/2023,1275,11/18/2023,5881,1124465,0.52
Mississippi,12/02/2023,1432,11/25/2023,6919,1124465,0.62
Mississippi,12/09/2023,1181,12/02/2023,6344,1124465,0.56
Mississippi,12/16/2023,1248,12/09/2023,6734,1124465,0.6
Mississippi,12/23/2023,1249,12/16/2023,6534,1124465,0.58
Mississippi,12/30/2023,1058,12/23/2023,6978,1124465,0.62
Mississippi,01/06/2024,1241,12/30/2023,7355,1124465,0.65
Mississippi,01/13/2024,1301,01/06/2024,7393,1128788,0.65
Mississippi,01/20/2024,1230,01/13/2024,6703,1128788,0.59
Mississippi,01/27/2024,1598,01/20/2024,7708,1128788,0.68
Mississippi,02/03/2024,1095,01/27/2024,6844,1128788,0.61
Mississippi,02/10/2024,1002,02/03/2024,6858,1128788,0.61
Mississippi,02/17/2024,950,02/10/2024,6518,1128788,0.58
Mississippi,02/24/2024,754,02/17/2024,6462,1128788,0.57
Mississippi,03/02/2024,887,02/24/2024,6188,1128788,0.55
Mississippi,03/09/2024,983,03/02/2024,6232,1128788,0.55
Mississippi,03/16/2024,1336,03/09/2024,5943,1128788,0.53
Mississippi,03/23/2024,893,03/16/2024,6178,1128788,0.55
Mississippi,03/30/2024,849,03/23/2024,5977,1128788,0.53
Mississippi,04/06/2024,956,03/30/2024,5856,1128788,0.52
Mississippi,04/13/2024,1055,04/06/2024,5744,1131775,0.51
Mississippi,04/20/2024,978,04/13/2024,5819,1131775,0.51
Mississippi,04/27/2024,1004,04/20/2024,5792,1131775,0.51
Mississippi,05/04/2024,969,04/27/2024,5894,1131775,0.52
Mississippi,05/11/2024,1225,05/04/2024,5935,1131775,0.52
Mississippi,05/18/2024,1370,05/11/2024,6201,1131775,0.55
Mississippi,05/25/2024,1563,05/18/2024,6416,1131775,0.57
Mississippi,06/01/2024,1646,05/25/2024,7019,1131775,0.62
Mississippi,06/08/2024,1528,06/01/2024,7790,1131775,0.69
Mississippi,06/15/2024,1267,06/08/2024,8082,1131775,0.71
Mississippi,06/22/2024,1302,06/15/2024,8218,1131775,0.73
Mississippi,06/29/2024,1388,06/22/2024,8696,1131775,0.77
Mississippi,07/06/2024,1213,06/29/2024,8640,1131775,0.76
Mississippi,07/13/2024,1654,07/06/2024,9579,1134392,0.84
Mississippi,07/20/2024,1157,07/13/2024,9447,1134392,0.83
Mississippi,07/27/2024,1145,07/20/2024,9359,1134392,0.83
Mississippi,08/03/2024,1129,07/27/2024,9130,1134392,0.8
Mississippi,08/10/2024,987,08/03/2024,8349,1134392,0.74
Mississippi,08/17/2024,1048,08/10/2024,7615,1134392,0.67
Mississippi,08/24/2024,1117,08/17/2024,7114,1134392,0.63
Mississippi,08/31/2024,960,08/24/2024,6984,1134392,0.62
Mississippi,09/07/2024,852,08/31/2024,6604,1134392,0.58
Mississippi,09/14/2024,974,09/07/2024,6466,1134392,0.57
Mississippi,09/21/2024,885,09/14/2024,6467,1134392,0.57
Mississippi,09/28/2024,859,09/21/2024,6229,1134392,0.55
Mississippi,10/05/2024,1006,09/28/2024,6289,1134392,0.55
Mississippi,10/12/2024,1061,10/05/2024,5208,1135122,0.46
Mississippi,10/19/2024,986,10/12/2024,6080,1135122,0.54
Mississippi,10/26/2024,916,10/19/2024,5955,1135122,0.52
Mississippi,11/02/2024,944,10/26/2024,5735,1135122,0.51
Mississippi,11/09/2024,1039,11/02/2024,5721,1135122,0.5
Mississippi,11/16/2024,1090,11/09/2024,5878,1135122,0.52
Mississippi,11/23/2024,1136,11/16/2024,6069,1135122,0.53
Mississippi,11/30/2024,1065,11/23/2024,6143,1135122,0.54
Mississippi,12/07/2024,1457,11/30/2024,6787,1135122,0.6
Mississippi,12/14/2024,1167,12/07/2024,6575,1135122,0.58
Mississippi,12/21/2024,1302,12/14/2024,6758,1135122,0.6
Mississippi,12/28/2024,1208,12/21/2024,6823,1135122,0.6
Mississippi,01/04/2025,1179,12/28/2024,7789,1135122,0.69
Mississippi,01/11/2025,1353,01/04/2025,8110,1137186,0.71
Mississippi,01/18/2025,1097,01/11/2025,7560,1137186,0.66
Mississippi,01/25/2025,850,01/18/2025,7188,1137186,0.63
Mississippi,02/01/2025,1063,01/25/2025,7343,1137186,0.65
Mississippi,02/08/2025,908,02/01/2025,6987,1137186,0.61
Mississippi,02/15/2025,911,02/08/2025,6773,1137186,0.6
Mississippi,02/22/2025,786,02/15/2025,6850,1137186,0.6
Mississippi,03/01/2025,776,02/22/2025,6633,1137186,0.58
Mississippi,03/08/2025,893,03/01/2025,6475,1137186,0.57
Mississippi,03/15/2025,2668,03/08/2025,6429,1137186,0.57
Mississippi,03/22/2025,904,03/15/2025,6916,1137186,0.61
Mississippi,03/29/2025,848,03/22/2025,6131,1137186,0.54
Mississippi,04/05/2025,940,03/29/2025,6148,1137186,0.54
Mississippi,04/12/2025,1080,04/05/2025,6033,1139337,0.53
Missouri,01/04/2020,7474,12/28/2019,29785,2745404,1.08
Missouri,01/11/2020,10913,01/04/2020,30140,2749100,1.1
Missouri,01/18/2020,4938,01/11/2020,29945,2749100,1.09
Missouri,01/25/2020,5474,01/18/2020,29170,2749100,1.06
Missouri,02/01/2020,4801,01/25/2020,29854,2749100,1.09
Missouri,02/08/2020,3670,02/01/2020,27906,2749100,1.02
Missouri,02/15/2020,3363,02/08/2020,27362,2749100,1
Missouri,02/22/2020,3063,02/15/2020,27035,2749100,0.98
Missouri,02/29/2020,2732,02/22/2020,26949,2749100,0.98
Missouri,03/07/2020,2994,02/29/2020,25225,2749100,0.92
Missouri,03/14/2020,4016,03/07/2020,22381,2749100,0.81
Missouri,03/21/2020,42246,03/14/2020,21538,2749100,0.78
Missouri,03/28/2020,104291,03/21/2020,49470,2749100,1.8
Missouri,04/04/2020,91458,03/28/2020,121467,2749100,4.42
Missouri,04/11/2020,102126,04/04/2020,178710,2794254,6.4
Missouri,04/18/2020,59602,04/11/2020,227557,2794254,8.14
Missouri,04/25/2020,55299,04/18/2020,255798,2794254,9.15
Missouri,05/02/2020,52527,04/25/2020,246663,2794254,8.83
Missouri,05/09/2020,31145,05/02/2020,266230,2794254,9.53
Missouri,05/16/2020,28244,05/09/2020,261840,2794254,9.37
Missouri,05/23/2020,27436,05/16/2020,255374,2794254,9.14
Missouri,05/30/2020,20650,05/23/2020,242173,2794254,8.67
Missouri,06/06/2020,19907,05/30/2020,236531,2794254,8.46
Missouri,06/13/2020,18912,06/06/2020,218596,2794254,7.82
Missouri,06/20/2020,17358,06/13/2020,210195,2794254,7.52
Missouri,06/27/2020,20008,06/20/2020,204121,2794254,7.31
Missouri,07/04/2020,17685,06/27/2020,205120,2794254,7.34
Missouri,07/11/2020,16883,07/04/2020,197311,2744087,7.19
Missouri,07/18/2020,12332,07/11/2020,177150,2744087,6.46
Missouri,07/25/2020,14938,07/18/2020,182144,2744087,6.64
Missouri,08/01/2020,10900,07/25/2020,175874,2744087,6.41
Missouri,08/08/2020,9015,08/01/2020,147017,2744087,5.36
Missouri,08/15/2020,10654,08/08/2020,132730,2744087,4.84
Missouri,08/22/2020,9283,08/15/2020,118713,2744087,4.33
Missouri,08/29/2020,10509,08/22/2020,105318,2744087,3.84
Missouri,09/05/2020,10891,08/29/2020,97082,2744087,3.54
Missouri,09/12/2020,8936,09/05/2020,86832,2744087,3.16
Missouri,09/19/2020,8153,09/12/2020,77725,2744087,2.83
Missouri,09/26/2020,7353,09/19/2020,71313,2744087,2.6
Missouri,10/03/2020,8945,09/26/2020,70470,2744087,2.57
Missouri,10/10/2020,10522,10/03/2020,60725,2748342,2.21
Missouri,10/17/2020,8728,10/10/2020,57846,2748342,2.1
Missouri,10/24/2020,7802,10/17/2020,56392,2748342,2.05
Missouri,10/31/2020,8158,10/24/2020,55448,2748342,2.02
Missouri,11/07/2020,7635,10/31/2020,50160,2748342,1.83
Missouri,11/14/2020,8348,11/07/2020,46033,2748342,1.67
Missouri,11/21/2020,10616,11/14/2020,45547,2748342,1.66
Missouri,11/28/2020,8595,11/21/2020,43242,2748342,1.57
Missouri,12/05/2020,10569,11/28/2020,49277,2748342,1.79
Missouri,12/12/2020,9223,12/05/2020,45336,2748342,1.65
Missouri,12/19/2020,9736,12/12/2020,44392,2748342,1.62
Missouri,12/26/2020,13841,12/19/2020,43407,2748342,1.58
Missouri,01/02/2021,16663,12/26/2020,49826,2748342,1.81
Missouri,01/09/2021,16698,01/02/2021,53743,2635560,2.04
Missouri,01/16/2021,12841,01/09/2021,56836,2635560,2.16
Missouri,01/23/2021,10567,01/16/2021,54048,2635560,2.05
Missouri,01/30/2021,11905,01/23/2021,56498,2635560,2.14
Missouri,02/06/2021,12213,01/30/2021,57592,2635560,2.19
Missouri,02/13/2021,13542,02/06/2021,54570,2635560,2.07
Missouri,02/20/2021,19166,02/13/2021,59296,2635560,2.25
Missouri,02/27/2021,9288,02/20/2021,69683,2635560,2.64
Missouri,03/06/2021,7476,02/27/2021,54954,2635560,2.09
Missouri,03/13/2021,7511,03/06/2021,50329,2635560,1.91
Missouri,03/20/2021,7813,03/13/2021,46177,2635560,1.75
Missouri,03/27/2021,8225,03/20/2021,47080,2635560,1.79
Missouri,04/03/2021,9580,03/27/2021,47570,2635560,1.8
Missouri,04/10/2021,11435,04/03/2021,48548,2637288,1.84
Missouri,04/17/2021,11261,04/10/2021,50543,2637288,1.92
Missouri,04/24/2021,12488,04/17/2021,52912,2637288,2.01
Missouri,05/01/2021,8305,04/24/2021,57477,2637288,2.18
Missouri,05/08/2021,7227,05/01/2021,58705,2637288,2.23
Missouri,05/15/2021,6848,05/08/2021,57346,2637288,2.17
Missouri,05/22/2021,5922,05/15/2021,56015,2637288,2.12
Missouri,05/29/2021,8666,05/22/2021,55733,2637288,2.11
Missouri,06/05/2021,6020,05/29/2021,56745,2637288,2.15
Missouri,06/12/2021,5196,06/05/2021,54287,2637288,2.06
Missouri,06/19/2021,3903,06/12/2021,50613,2637288,1.92
Missouri,06/26/2021,3998,06/19/2021,52735,2637288,2
Missouri,07/03/2021,3958,06/26/2021,48517,2637288,1.84
Missouri,07/10/2021,5751,07/03/2021,43941,2619677,1.68
Missouri,07/17/2021,11807,07/10/2021,43428,2619677,1.66
Missouri,07/24/2021,6456,07/17/2021,42448,2619677,1.62
Missouri,07/31/2021,6807,07/24/2021,43868,2619677,1.67
Missouri,08/07/2021,4406,07/31/2021,35548,2619677,1.36
Missouri,08/14/2021,4285,08/07/2021,33379,2619677,1.27
Missouri,08/21/2021,3794,08/14/2021,31217,2619677,1.19
Missouri,08/28/2021,10976,08/21/2021,28274,2619677,1.08
Missouri,09/04/2021,4027,08/28/2021,28241,2619677,1.08
Missouri,09/11/2021,5685,09/04/2021,24987,2619677,0.95
Missouri,09/18/2021,4117,09/11/2021,24242,2619677,0.93
Missouri,09/25/2021,5466,09/18/2021,28311,2619677,1.08
Missouri,10/02/2021,2868,09/25/2021,22787,2619677,0.87
Missouri,10/09/2021,5434,10/02/2021,16987,2592561,0.66
Missouri,10/16/2021,4234,10/09/2021,18207,2592561,0.7
Missouri,10/23/2021,6282,10/16/2021,15815,2592561,0.61
Missouri,10/30/2021,3268,10/23/2021,15027,2592561,0.58
Missouri,11/06/2021,3988,10/30/2021,19090,2592561,0.74
Missouri,11/13/2021,4627,11/06/2021,17249,2592561,0.67
Missouri,11/20/2021,3108,11/13/2021,16795,2592561,0.65
Missouri,11/27/2021,2855,11/20/2021,13615,2592561,0.53
Missouri,12/04/2021,3951,11/27/2021,16665,2592561,0.64
Missouri,12/11/2021,11295,12/04/2021,14517,2592561,0.56
Missouri,12/18/2021,5746,12/11/2021,18477,2592561,0.71
Missouri,12/25/2021,5903,12/18/2021,18649,2592561,0.72
Missouri,01/01/2022,4817,12/25/2021,19387,2592561,0.75
Missouri,01/08/2022,12585,01/01/2022,20863,2640388,0.79
Missouri,01/15/2022,5487,01/08/2022,24091,2640388,0.91
Missouri,01/22/2022,4122,01/15/2022,21681,2640388,0.82
Missouri,01/29/2022,4260,01/22/2022,21966,2640388,0.83
Missouri,02/05/2022,3636,01/29/2022,20871,2640388,0.79
Missouri,02/12/2022,11004,02/05/2022,20873,2640388,0.79
Missouri,02/19/2022,4055,02/12/2022,23759,2640388,0.9
Missouri,02/26/2022,4321,02/19/2022,21382,2640388,0.81
Missouri,03/05/2022,2943,02/26/2022,20707,2640388,0.78
Missouri,03/12/2022,3793,03/05/2022,18857,2640388,0.71
Missouri,03/19/2022,2843,03/12/2022,15297,2640388,0.58
Missouri,03/26/2022,2857,03/19/2022,14036,2640388,0.53
Missouri,04/02/2022,2927,03/26/2022,14897,2640388,0.56
Missouri,04/09/2022,10121,04/02/2022,12164,2747560,0.44
Missouri,04/16/2022,2623,04/09/2022,13314,2747560,0.48
Missouri,04/23/2022,2642,04/16/2022,11859,2747560,0.43
Missouri,04/30/2022,2666,04/23/2022,13029,2747560,0.47
Missouri,05/07/2022,2570,04/30/2022,11547,2747560,0.42
Missouri,05/14/2022,2908,05/07/2022,11826,2747560,0.43
Missouri,05/21/2022,4086,05/14/2022,11412,2747560,0.42
Missouri,05/28/2022,3703,05/21/2022,12558,2747560,0.46
Missouri,06/04/2022,4756,05/28/2022,13466,2747560,0.49
Missouri,06/11/2022,3459,06/04/2022,14245,2747560,0.52
Missouri,06/18/2022,3345,06/11/2022,14449,2747560,0.53
Missouri,06/25/2022,4720,06/18/2022,15268,2747560,0.56
Missouri,07/02/2022,3659,06/25/2022,16970,2747560,0.62
Missouri,07/09/2022,3556,07/02/2022,15876,2684112,0.59
Missouri,07/16/2022,3698,07/09/2022,17340,2684112,0.65
Missouri,07/23/2022,2807,07/16/2022,17815,2684112,0.66
Missouri,07/30/2022,2805,07/23/2022,17567,2684112,0.65
Missouri,08/06/2022,2704,07/30/2022,17441,2684112,0.65
Missouri,08/13/2022,3718,08/06/2022,16708,2684112,0.62
Missouri,08/20/2022,3482,08/13/2022,16538,2684112,0.62
Missouri,08/27/2022,2232,08/20/2022,14936,2684112,0.56
Missouri,09/03/2022,2183,08/27/2022,13099,2684112,0.49
Missouri,09/10/2022,2052,09/03/2022,11277,2684112,0.42
Missouri,09/17/2022,3086,09/10/2022,11584,2684112,0.43
Missouri,09/24/2022,2120,09/17/2022,11788,2684112,0.44
Missouri,10/01/2022,5950,09/24/2022,11870,2684112,0.44
Missouri,10/08/2022,2813,10/01/2022,13295,2705403,0.49
Missouri,10/15/2022,4663,10/08/2022,12078,2705403,0.45
Missouri,10/22/2022,2450,10/15/2022,13730,2705403,0.51
Missouri,10/29/2022,2355,10/22/2022,11803,2705403,0.44
Missouri,11/05/2022,2544,10/29/2022,12397,2705403,0.46
Missouri,11/12/2022,2486,11/05/2022,11799,2705403,0.44
Missouri,11/19/2022,3567,11/12/2022,12599,2705403,0.47
Missouri,11/26/2022,2556,11/19/2022,12730,2705403,0.47
Missouri,12/03/2022,3784,11/26/2022,15011,2705403,0.55
Missouri,12/10/2022,3090,12/03/2022,14026,2705403,0.52
Missouri,12/17/2022,4130,12/10/2022,14732,2705403,0.54
Missouri,12/24/2022,9104,12/17/2022,15702,2705403,0.58
Missouri,12/31/2022,6222,12/24/2022,22854,2705403,0.84
Missouri,01/07/2023,6209,12/31/2022,23383,2705403,0.86
Missouri,01/14/2023,4379,01/07/2023,21240,2728730,0.78
Missouri,01/21/2023,3603,01/14/2023,22913,2728730,0.84
Missouri,01/28/2023,3506,01/21/2023,21372,2728730,0.78
Missouri,02/04/2023,3853,01/28/2023,22424,2728730,0.82
Missouri,02/11/2023,3134,02/04/2023,22355,2728730,0.82
Missouri,02/18/2023,2476,02/11/2023,21125,2728730,0.77
Missouri,02/25/2023,2344,02/18/2023,20703,2728730,0.76
Missouri,03/04/2023,2394,02/25/2023,20341,2728730,0.75
Missouri,03/11/2023,2579,03/04/2023,18309,2728730,0.67
Missouri,03/18/2023,3018,03/11/2023,17303,2728730,0.63
Missouri,03/25/2023,4622,03/18/2023,17349,2728730,0.64
Missouri,04/01/2023,3118,03/25/2023,18892,2728730,0.69
Missouri,04/08/2023,2566,04/01/2023,15458,2749469,0.56
Missouri,04/15/2023,2241,04/08/2023,14196,2749469,0.52
Missouri,04/22/2023,2332,04/15/2023,13979,2749469,0.51
Missouri,04/29/2023,2427,04/22/2023,14769,2749469,0.54
Missouri,05/06/2023,5023,04/29/2023,14108,2749469,0.51
Missouri,05/13/2023,2789,05/06/2023,15379,2749469,0.56
Missouri,05/20/2023,3113,05/13/2023,14142,2749469,0.51
Missouri,05/27/2023,4075,05/20/2023,14956,2749469,0.54
Missouri,06/03/2023,3662,05/27/2023,16772,2749469,0.61
Missouri,06/10/2023,4708,06/03/2023,17460,2749469,0.64
Missouri,06/17/2023,2914,06/10/2023,18212,2749469,0.66
Missouri,06/24/2023,2598,06/17/2023,17517,2749469,0.64
Missouri,07/01/2023,3219,06/24/2023,18826,2749469,0.68
Missouri,07/08/2023,3725,07/01/2023,18757,2765073,0.68
Missouri,07/15/2023,3630,07/08/2023,20549,2765073,0.74
Missouri,07/22/2023,2570,07/15/2023,19492,2765073,0.7
Missouri,07/29/2023,5214,07/22/2023,19543,2765073,0.71
Missouri,08/05/2023,4433,07/29/2023,20473,2765073,0.74
Missouri,08/12/2023,4480,08/05/2023,21005,2765073,0.76
Missouri,08/19/2023,4247,08/12/2023,21550,2765073,0.78
Missouri,08/26/2023,2664,08/19/2023,20831,2765073,0.75
Missouri,09/02/2023,5879,08/26/2023,17261,2765073,0.62
Missouri,09/09/2023,2683,09/02/2023,17908,2765073,0.65
Missouri,09/16/2023,2557,09/09/2023,16116,2765073,0.58
Missouri,09/23/2023,3089,09/16/2023,15175,2765073,0.55
Missouri,09/30/2023,2619,09/23/2023,16617,2765073,0.6
Missouri,10/07/2023,2721,09/30/2023,16592,2765073,0.6
Missouri,10/14/2023,2473,10/07/2023,16241,2782307,0.58
Missouri,10/21/2023,2571,10/14/2023,16324,2782307,0.59
Missouri,10/28/2023,2735,10/21/2023,16473,2782307,0.59
Missouri,11/04/2023,2770,10/28/2023,17314,2782307,0.62
Missouri,11/11/2023,2573,11/04/2023,15576,2782307,0.56
Missouri,11/18/2023,3077,11/11/2023,15850,2782307,0.57
Missouri,11/25/2023,2587,11/18/2023,15651,2782307,0.56
Missouri,12/02/2023,3695,11/25/2023,18387,2782307,0.66
Missouri,12/09/2023,2961,12/02/2023,16963,2782307,0.61
Missouri,12/16/2023,3350,12/09/2023,17374,2782307,0.62
Missouri,12/23/2023,8034,12/16/2023,17990,2782307,0.65
Missouri,12/30/2023,5726,12/23/2023,23305,2782307,0.84
Missouri,01/06/2024,6044,12/30/2023,24452,2782307,0.88
Missouri,01/13/2024,6412,01/06/2024,23050,2796359,0.82
Missouri,01/20/2024,6041,01/13/2024,24954,2796359,0.89
Missouri,01/27/2024,4453,01/20/2024,27117,2796359,0.97
Missouri,02/03/2024,6374,01/27/2024,27490,2796359,0.98
Missouri,02/10/2024,2855,02/03/2024,25940,2796359,0.93
Missouri,02/17/2024,2110,02/10/2024,24061,2796359,0.86
Missouri,02/24/2024,2420,02/17/2024,23460,2796359,0.84
Missouri,03/02/2024,2513,02/24/2024,23409,2796359,0.84
Missouri,03/09/2024,2696,03/02/2024,21430,2796359,0.77
Missouri,03/16/2024,4139,03/09/2024,19888,2796359,0.71
Missouri,03/23/2024,5451,03/16/2024,18940,2796359,0.68
Missouri,03/30/2024,3082,03/23/2024,19297,2796359,0.69
Missouri,04/06/2024,2840,03/30/2024,17920,2796359,0.64
Missouri,04/13/2024,2448,04/06/2024,16284,2807762,0.58
Missouri,04/20/2024,2385,04/13/2024,16008,2807762,0.57
Missouri,04/27/2024,2430,04/20/2024,15860,2807762,0.56
Missouri,05/04/2024,2431,04/27/2024,16383,2807762,0.58
Missouri,05/11/2024,2619,05/04/2024,15655,2807762,0.56
Missouri,05/18/2024,3080,05/11/2024,16037,2807762,0.57
Missouri,05/25/2024,3919,05/18/2024,16474,2807762,0.59
Missouri,06/01/2024,3924,05/25/2024,18169,2807762,0.65
Missouri,06/08/2024,3416,06/01/2024,19248,2807762,0.69
Missouri,06/15/2024,2799,06/08/2024,19142,2807762,0.68
Missouri,06/22/2024,2552,06/15/2024,19139,2807762,0.68
Missouri,06/29/2024,3459,06/22/2024,19983,2807762,0.71
Missouri,07/06/2024,3489,06/29/2024,19980,2807762,0.71
Missouri,07/13/2024,6488,07/06/2024,21862,2818005,0.78
Missouri,07/20/2024,2878,07/13/2024,21856,2818005,0.78
Missouri,07/27/2024,6288,07/20/2024,23605,2818005,0.84
Missouri,08/03/2024,2572,07/27/2024,22113,2818005,0.78
Missouri,08/10/2024,2572,08/03/2024,21162,2818005,0.75
Missouri,08/17/2024,2431,08/10/2024,20270,2818005,0.72
Missouri,08/24/2024,2462,08/17/2024,18723,2818005,0.66
Missouri,08/31/2024,2355,08/24/2024,17291,2818005,0.61
Missouri,09/07/2024,2094,08/31/2024,15965,2818005,0.57
Missouri,09/14/2024,2183,09/07/2024,15348,2818005,0.54
Missouri,09/21/2024,2160,09/14/2024,15383,2818005,0.55
Missouri,09/28/2024,2318,09/21/2024,15290,2818005,0.54
Missouri,10/05/2024,3841,09/28/2024,15585,2818005,0.55
Missouri,10/12/2024,4560,10/05/2024,16022,2824037,0.57
Missouri,10/19/2024,3708,10/12/2024,16355,2824037,0.58
Missouri,10/26/2024,3357,10/19/2024,15827,2824037,0.56
Missouri,11/02/2024,2560,10/26/2024,16092,2824037,0.57
Missouri,11/09/2024,2556,11/02/2024,15743,2824037,0.56
Missouri,11/16/2024,2808,11/09/2024,16527,2824037,0.59
Missouri,11/23/2024,3448,11/16/2024,16783,2824037,0.59
Missouri,11/30/2024,2506,11/23/2024,16848,2824037,0.6
Missouri,12/07/2024,4250,11/30/2024,18807,2824037,0.67
Missouri,12/14/2024,3267,12/07/2024,18427,2824037,0.65
Missouri,12/21/2024,5375,12/14/2024,18626,2824037,0.66
Missouri,12/28/2024,5975,12/21/2024,19296,2824037,0.68
Missouri,01/04/2025,6875,12/28/2024,24664,2824037,0.87
Missouri,01/11/2025,11720,01/04/2025,25694,2830713,0.91
Missouri,01/18/2025,8299,01/11/2025,33039,2830713,1.17
Missouri,01/25/2025,4155,01/18/2025,30664,2830713,1.08
Missouri,02/01/2025,3971,01/25/2025,27259,2830713,0.96
Missouri,02/08/2025,3132,02/01/2025,25086,2830713,0.89
Missouri,02/15/2025,2742,02/08/2025,24048,2830713,0.85
Missouri,02/22/2025,3715,02/15/2025,24814,2830713,0.88
Missouri,03/01/2025,3486,02/22/2025,27147,2830713,0.96
Missouri,03/08/2025,2624,03/01/2025,22916,2830713,0.81
Missouri,03/15/2025,2830,03/08/2025,20975,2830713,0.74
Missouri,03/22/2025,3222,03/15/2025,19620,2830713,0.69
Missouri,03/29/2025,2892,03/22/2025,19499,2830713,0.69
Missouri,04/05/2025,2943,03/29/2025,18935,2830713,0.67
Missouri,04/12/2025,4917,04/05/2025,17967,2835269,0.63
Montana,01/04/2020,1555,12/28/2019,11056,453040,2.44
Montana,01/11/2020,1755,01/04/2020,11756,454298,2.59
Montana,01/18/2020,1236,01/11/2020,11254,454298,2.48
Montana,01/25/2020,922,01/18/2020,11830,454298,2.6
Montana,02/01/2020,902,01/25/2020,11527,454298,2.54
Montana,02/08/2020,935,02/01/2020,11489,454298,2.53
Montana,02/15/2020,921,02/08/2020,11479,454298,2.53
Montana,02/22/2020,795,02/15/2020,11308,454298,2.49
Montana,02/29/2020,695,02/22/2020,11296,454298,2.49
Montana,03/07/2020,714,02/29/2020,10782,454298,2.37
Montana,03/14/2020,817,03/07/2020,10112,454298,2.23
Montana,03/21/2020,15349,03/14/2020,9818,454298,2.16
Montana,03/28/2020,20763,03/21/2020,19099,454298,4.2
Montana,04/04/2020,21244,03/28/2020,36819,454298,8.1
Montana,04/11/2020,14275,04/04/2020,53482,455906,11.73
Montana,04/18/2020,11176,04/11/2020,65073,455906,14.27
Montana,04/25/2020,7052,04/18/2020,67473,455906,14.8
Montana,05/02/2020,4596,04/25/2020,63134,455906,13.85
Montana,05/09/2020,3762,05/02/2020,58905,455906,12.92
Montana,05/16/2020,3660,05/09/2020,53786,455906,11.8
Montana,05/23/2020,3821,05/16/2020,49917,455906,10.95
Montana,05/30/2020,3054,05/23/2020,48506,455906,10.64
Montana,06/06/2020,3078,05/30/2020,46305,455906,10.16
Montana,06/13/2020,3157,06/06/2020,44298,455906,9.72
Montana,06/20/2020,2997,06/13/2020,42681,455906,9.36
Montana,06/27/2020,2695,06/20/2020,41027,455906,9
Montana,07/04/2020,2788,06/27/2020,39032,455906,8.56
Montana,07/11/2020,2990,07/04/2020,39084,457148,8.55
Montana,07/18/2020,2735,07/11/2020,36715,457148,8.03
Montana,07/25/2020,2388,07/18/2020,34702,457148,7.59
Montana,08/01/2020,1875,07/25/2020,33450,457148,7.32
Montana,08/08/2020,1642,08/01/2020,27583,457148,6.03
Montana,08/15/2020,1960,08/08/2020,27840,457148,6.09
Montana,08/22/2020,2320,08/15/2020,26318,457148,5.76
Montana,08/29/2020,2532,08/22/2020,25236,457148,5.52
Montana,09/05/2020,2911,08/29/2020,24177,457148,5.29
Montana,09/12/2020,2985,09/05/2020,22976,457148,5.03
Montana,09/19/2020,3221,09/12/2020,22380,457148,4.9
Montana,09/26/2020,3253,09/19/2020,20195,457148,4.42
Montana,10/03/2020,3472,09/26/2020,19354,457148,4.23
Montana,10/10/2020,2893,10/03/2020,17794,458857,3.88
Montana,10/17/2020,2469,10/10/2020,16146,458857,3.52
Montana,10/24/2020,3181,10/17/2020,14996,458857,3.27
Montana,10/31/2020,2955,10/24/2020,15248,458857,3.32
Montana,11/07/2020,2535,10/31/2020,14930,458857,3.25
Montana,11/14/2020,2813,11/07/2020,14048,458857,3.06
Montana,11/21/2020,3895,11/14/2020,15703,458857,3.42
Montana,11/28/2020,3633,11/21/2020,15841,458857,3.45
Montana,12/05/2020,4001,11/28/2020,17123,458857,3.73
Montana,12/12/2020,2782,12/05/2020,16629,458857,3.62
Montana,12/19/2020,2477,12/12/2020,16750,458857,3.65
Montana,12/26/2020,2537,12/19/2020,15800,458857,3.44
Montana,01/02/2021,3653,12/26/2020,17830,458857,3.89
Montana,01/09/2021,3094,01/02/2021,18422,449236,4.1
Montana,01/16/2021,2292,01/09/2021,17535,449236,3.9
Montana,01/23/2021,2183,01/16/2021,17859,449236,3.98
Montana,01/30/2021,2266,01/23/2021,17656,449236,3.93
Montana,02/06/2021,2158,01/30/2021,17525,449236,3.9
Montana,02/13/2021,2108,02/06/2021,17094,449236,3.81
Montana,02/20/2021,1619,02/13/2021,17268,449236,3.84
Montana,02/27/2021,1433,02/20/2021,16841,449236,3.75
Montana,03/06/2021,1463,02/27/2021,16172,449236,3.6
Montana,03/13/2021,1639,03/06/2021,15198,449236,3.38
Montana,03/20/2021,2124,03/13/2021,14041,449236,3.13
Montana,03/27/2021,2598,03/20/2021,13016,449236,2.9
Montana,04/03/2021,2413,03/27/2021,12357,449236,2.75
Montana,04/10/2021,2082,04/03/2021,11725,445159,2.63
Montana,04/17/2021,1846,04/10/2021,11055,445159,2.48
Montana,04/24/2021,1799,04/17/2021,10341,445159,2.32
Montana,05/01/2021,1484,04/24/2021,10267,445159,2.31
Montana,05/08/2021,1484,05/01/2021,9412,445159,2.11
Montana,05/15/2021,1171,05/08/2021,8938,445159,2.01
Montana,05/22/2021,1159,05/15/2021,8397,445159,1.89
Montana,05/29/2021,1221,05/22/2021,8306,445159,1.87
Montana,06/05/2021,1179,05/29/2021,7783,445159,1.75
Montana,06/12/2021,1404,06/05/2021,7681,445159,1.73
Montana,06/19/2021,1037,06/12/2021,7200,445159,1.62
Montana,06/26/2021,1034,06/19/2021,7222,445159,1.62
Montana,07/03/2021,1126,06/26/2021,6928,445159,1.56
Montana,07/10/2021,1123,07/03/2021,6954,443309,1.57
Montana,07/17/2021,775,07/10/2021,6815,443309,1.54
Montana,07/24/2021,716,07/17/2021,6295,443309,1.42
Montana,07/31/2021,727,07/24/2021,5840,443309,1.32
Montana,08/07/2021,713,07/31/2021,5554,443309,1.25
Montana,08/14/2021,690,08/07/2021,5170,443309,1.17
Montana,08/21/2021,730,08/14/2021,4846,443309,1.09
Montana,08/28/2021,743,08/21/2021,4503,443309,1.02
Montana,09/04/2021,778,08/28/2021,4116,443309,0.93
Montana,09/11/2021,698,09/04/2021,3841,443309,0.87
Montana,09/18/2021,750,09/11/2021,3779,443309,0.85
Montana,09/25/2021,689,09/18/2021,3490,443309,0.79
Montana,10/02/2021,848,09/25/2021,3305,443309,0.75
Montana,10/09/2021,1023,10/02/2021,3335,442375,0.75
Montana,10/16/2021,1028,10/09/2021,3257,442375,0.74
Montana,10/23/2021,1003,10/16/2021,3609,442375,0.82
Montana,10/30/2021,1116,10/23/2021,3604,442375,0.81
Montana,11/06/2021,1312,10/30/2021,4249,442375,0.96
Montana,11/13/2021,1247,11/06/2021,4199,442375,0.95
Montana,11/20/2021,1408,11/13/2021,4804,442375,1.09
Montana,11/27/2021,1546,11/20/2021,4770,442375,1.08
Montana,12/04/2021,1497,11/27/2021,6302,442375,1.42
Montana,12/11/2021,1425,12/04/2021,5957,442375,1.35
Montana,12/18/2021,1452,12/11/2021,6658,442375,1.51
Montana,12/25/2021,1588,12/18/2021,6770,442375,1.53
Montana,01/01/2022,1667,12/25/2021,7647,442375,1.73
Montana,01/08/2022,2056,01/01/2022,9009,453840,1.99
Montana,01/15/2022,1117,01/08/2022,9269,453840,2.04
Montana,01/22/2022,936,01/15/2022,8928,453840,1.97
Montana,01/29/2022,861,01/22/2022,9113,453840,2.01
Montana,02/05/2022,881,01/29/2022,8863,453840,1.95
Montana,02/12/2022,765,02/05/2022,8915,453840,1.96
Montana,02/19/2022,687,02/12/2022,8544,453840,1.88
Montana,02/26/2022,871,02/19/2022,8340,453840,1.84
Montana,03/05/2022,747,02/26/2022,8726,453840,1.92
Montana,03/12/2022,668,03/05/2022,7835,453840,1.73
Montana,03/19/2022,611,03/12/2022,7865,453840,1.73
Montana,03/26/2022,585,03/19/2022,6571,453840,1.45
Montana,04/02/2022,548,03/26/2022,5954,453840,1.31
Montana,04/09/2022,660,04/02/2022,5160,451164,1.14
Montana,04/16/2022,1000,04/09/2022,4722,451164,1.05
Montana,04/23/2022,789,04/16/2022,5017,451164,1.11
Montana,04/30/2022,561,04/23/2022,4160,451164,0.92
Montana,05/07/2022,501,04/30/2022,3766,451164,0.83
Montana,05/14/2022,491,05/07/2022,3434,451164,0.76
Montana,05/21/2022,518,05/14/2022,3278,451164,0.73
Montana,05/28/2022,588,05/21/2022,3101,451164,0.69
Montana,06/04/2022,683,05/28/2022,3004,451164,0.67
Montana,06/11/2022,810,06/04/2022,3125,451164,0.69
Montana,06/18/2022,746,06/11/2022,3230,451164,0.72
Montana,06/25/2022,581,06/18/2022,3385,451164,0.75
Montana,07/02/2022,518,06/25/2022,3424,451164,0.76
Montana,07/09/2022,603,07/02/2022,3303,456450,0.72
Montana,07/16/2022,508,07/09/2022,3569,456450,0.78
Montana,07/23/2022,488,07/16/2022,3389,456450,0.74
Montana,07/30/2022,485,07/23/2022,3376,456450,0.74
Montana,08/06/2022,444,07/30/2022,3386,456450,0.74
Montana,08/13/2022,454,08/06/2022,3284,456450,0.72
Montana,08/20/2022,428,08/13/2022,3179,456450,0.7
Montana,08/27/2022,428,08/20/2022,2986,456450,0.65
Montana,09/03/2022,439,08/27/2022,2817,456450,0.62
Montana,09/10/2022,437,09/03/2022,2572,456450,0.56
Montana,09/17/2022,510,09/10/2022,2679,456450,0.59
Montana,09/24/2022,531,09/17/2022,2513,456450,0.55
Montana,10/01/2022,582,09/24/2022,2602,456450,0.57
Montana,10/08/2022,721,10/01/2022,2684,461671,0.58
Montana,10/15/2022,646,10/08/2022,2871,461671,0.62
Montana,10/22/2022,786,10/15/2022,3156,461671,0.68
Montana,10/29/2022,1057,10/22/2022,3315,461671,0.72
Montana,11/05/2022,1340,10/29/2022,3837,461671,0.83
Montana,11/12/2022,2258,11/05/2022,4168,461671,0.9
Montana,11/19/2022,1940,11/12/2022,6190,461671,1.34
Montana,11/26/2022,1222,11/19/2022,6728,461671,1.46
Montana,12/03/2022,1536,11/26/2022,7809,461671,1.69
Montana,12/10/2022,1309,12/03/2022,7813,461671,1.69
Montana,12/17/2022,1413,12/10/2022,8235,461671,1.78
Montana,12/24/2022,1566,12/17/2022,8219,461671,1.78
Montana,12/31/2022,1164,12/24/2022,9266,461671,2.01
Montana,01/07/2023,1451,12/31/2022,9832,461671,2.13
Montana,01/14/2023,1009,01/07/2023,9642,465853,2.07
Montana,01/21/2023,812,01/14/2023,9368,465853,2.01
Montana,01/28/2023,984,01/21/2023,9318,465853,2
Montana,02/04/2023,950,01/28/2023,9661,465853,2.07
Montana,02/11/2023,732,02/04/2023,9831,465853,2.11
Montana,02/18/2023,665,02/11/2023,9374,465853,2.01
Montana,02/25/2023,896,02/18/2023,9368,465853,2.01
Montana,03/04/2023,765,02/25/2023,9818,465853,2.11
Montana,03/11/2023,550,03/04/2023,8783,465853,1.89
Montana,03/18/2023,549,03/11/2023,8743,465853,1.88
Montana,03/25/2023,663,03/18/2023,8237,465853,1.77
Montana,04/01/2023,650,03/25/2023,7794,465853,1.67
Montana,04/08/2023,648,04/01/2023,7264,474762,1.53
Montana,04/15/2023,608,04/08/2023,6250,474762,1.32
Montana,04/22/2023,621,04/15/2023,5841,474762,1.23
Montana,04/29/2023,569,04/22/2023,5336,474762,1.12
Montana,05/06/2023,547,04/29/2023,4585,474762,0.97
Montana,05/13/2023,547,05/06/2023,4106,474762,0.86
Montana,05/20/2023,551,05/13/2023,3912,474762,0.82
Montana,05/27/2023,619,05/20/2023,3832,474762,0.81
Montana,06/03/2023,675,05/27/2023,3773,474762,0.79
Montana,06/10/2023,702,06/03/2023,3838,474762,0.81
Montana,06/17/2023,599,06/10/2023,3821,474762,0.8
Montana,06/24/2023,470,06/17/2023,3846,474762,0.81
Montana,07/01/2023,507,06/24/2023,3906,474762,0.82
Montana,07/08/2023,602,07/01/2023,3757,482857,0.78
Montana,07/15/2023,440,07/08/2023,4205,482857,0.87
Montana,07/22/2023,371,07/15/2023,3883,482857,0.8
Montana,07/29/2023,414,07/22/2023,3829,482857,0.79
Montana,08/05/2023,432,07/29/2023,3775,482857,0.78
Montana,08/12/2023,376,08/05/2023,3618,482857,0.75
Montana,08/19/2023,352,08/12/2023,3668,482857,0.76
Montana,08/26/2023,410,08/19/2023,3447,482857,0.71
Montana,09/02/2023,402,08/26/2023,3209,482857,0.66
Montana,09/09/2023,411,09/02/2023,2924,482857,0.61
Montana,09/16/2023,460,09/09/2023,2999,482857,0.62
Montana,09/23/2023,507,09/16/2023,2862,482857,0.59
Montana,09/30/2023,391,09/23/2023,2789,482857,0.58
Montana,10/07/2023,857,09/30/2023,2527,482857,0.52
Montana,10/14/2023,626,10/07/2023,3014,486180,0.62
Montana,10/21/2023,611,10/14/2023,3416,486180,0.7
Montana,10/28/2023,958,10/21/2023,3676,486180,0.76
Montana,11/04/2023,1168,10/28/2023,4737,486180,0.97
Montana,11/11/2023,1034,11/04/2023,5023,486180,1.03
Montana,11/18/2023,1189,11/11/2023,5271,486180,1.08
Montana,11/25/2023,1315,11/18/2023,5686,486180,1.17
Montana,12/02/2023,1337,11/25/2023,7238,486180,1.49
Montana,12/09/2023,1056,12/02/2023,7848,486180,1.61
Montana,12/16/2023,980,12/09/2023,9656,486180,1.99
Montana,12/23/2023,1247,12/16/2023,10768,486180,2.21
Montana,12/30/2023,1607,12/23/2023,11518,486180,2.37
Montana,01/06/2024,2613,12/30/2023,12389,486180,2.55
Montana,01/13/2024,2199,01/06/2024,10047,489230,2.05
Montana,01/20/2024,1481,01/13/2024,10517,489230,2.15
Montana,01/27/2024,764,01/20/2024,11440,489230,2.34
Montana,02/03/2024,759,01/27/2024,10625,489230,2.17
Montana,02/10/2024,707,02/03/2024,10386,489230,2.12
Montana,02/17/2024,725,02/10/2024,10425,489230,2.13
Montana,02/24/2024,472,02/17/2024,10446,489230,2.14
Montana,03/02/2024,570,02/24/2024,9942,489230,2.03
Montana,03/09/2024,603,03/02/2024,9887,489230,2.02
Montana,03/16/2024,558,03/09/2024,9424,489230,1.93
Montana,03/23/2024,505,03/16/2024,8610,489230,1.76
Montana,03/30/2024,460,03/23/2024,8134,489230,1.66
Montana,04/06/2024,536,03/30/2024,7879,489230,1.61
Montana,04/13/2024,509,04/06/2024,6657,491000,1.36
Montana,04/20/2024,568,04/13/2024,5988,491000,1.22
Montana,04/27/2024,540,04/20/2024,5520,491000,1.12
Montana,05/04/2024,502,04/27/2024,5148,491000,1.05
Montana,05/11/2024,485,05/04/2024,4964,491000,1.01
Montana,05/18/2024,435,05/11/2024,5032,491000,1.02
Montana,05/25/2024,432,05/18/2024,4450,491000,0.91
Montana,06/01/2024,484,05/25/2024,4550,491000,0.93
Montana,06/08/2024,606,06/01/2024,4365,491000,0.89
Montana,06/15/2024,540,06/08/2024,4255,491000,0.87
Montana,06/22/2024,581,06/15/2024,4243,491000,0.86
Montana,06/29/2024,470,06/22/2024,4383,491000,0.89
Montana,07/06/2024,398,06/29/2024,4217,491000,0.86
Montana,07/13/2024,447,07/06/2024,4661,492958,0.95
Montana,07/20/2024,409,07/13/2024,4278,492958,0.87
Montana,07/27/2024,349,07/20/2024,4215,492958,0.86
Montana,08/03/2024,414,07/27/2024,4186,492958,0.85
Montana,08/10/2024,383,08/03/2024,4062,492958,0.82
Montana,08/17/2024,443,08/10/2024,4005,492958,0.81
Montana,08/24/2024,410,08/17/2024,3860,492958,0.78
Montana,08/31/2024,379,08/24/2024,3778,492958,0.77
Montana,09/07/2024,490,08/31/2024,3558,492958,0.72
Montana,09/14/2024,581,09/07/2024,3566,492958,0.72
Montana,09/21/2024,738,09/14/2024,3418,492958,0.69
Montana,09/28/2024,803,09/21/2024,3573,492958,0.72
Montana,10/05/2024,879,09/28/2024,3719,492958,0.75
Montana,10/12/2024,999,10/05/2024,3875,487053,0.8
Montana,10/19/2024,689,10/12/2024,4131,487053,0.85
Montana,10/26/2024,776,10/19/2024,4201,487053,0.86
Montana,11/02/2024,989,10/26/2024,4335,487053,0.89
Montana,11/09/2024,1118,11/02/2024,4912,487053,1.01
Montana,11/16/2024,1247,11/09/2024,5645,487053,1.16
Montana,11/23/2024,1287,11/16/2024,6276,487053,1.29
Montana,11/30/2024,1196,11/23/2024,7085,487053,1.45
Montana,12/07/2024,1356,11/30/2024,8487,487053,1.74
Montana,12/14/2024,1003,12/07/2024,8361,487053,1.72
Montana,12/21/2024,1077,12/14/2024,8658,487053,1.78
Montana,12/28/2024,841,12/21/2024,8896,487053,1.83
Montana,01/04/2025,1015,12/28/2024,10409,487053,2.14
Montana,01/11/2025,1232,01/04/2025,10895,491953,2.21
Montana,01/18/2025,1150,01/11/2025,10567,491953,2.15
Montana,01/25/2025,1100,01/18/2025,10896,491953,2.21
Montana,02/01/2025,801,01/25/2025,11405,491953,2.32
Montana,02/08/2025,918,02/01/2025,11131,491953,2.26
Montana,02/15/2025,870,02/08/2025,11756,491953,2.39
Montana,02/22/2025,858,02/15/2025,12027,491953,2.44
Montana,03/01/2025,680,02/22/2025,11698,491953,2.38
Montana,03/08/2025,622,03/01/2025,10812,491953,2.2
Montana,03/15/2025,543,03/08/2025,10369,491953,2.11
Montana,03/22/2025,540,03/15/2025,9419,491953,1.91
Montana,03/29/2025,486,03/22/2025,8832,491953,1.8
Montana,04/05/2025,449,03/29/2025,7982,491953,1.62
Montana,04/12/2025,478,04/05/2025,7895,495586,1.59
North Carolina,01/04/2020,3508,12/28/2019,20848,4362309,0.48
North Carolina,01/11/2020,4628,01/04/2020,21239,4381417,0.48
North Carolina,01/18/2020,4217,01/11/2020,22247,4381417,0.51
North Carolina,01/25/2020,3344,01/18/2020,22415,4381417,0.51
North Carolina,02/01/2020,3611,01/25/2020,22342,4381417,0.51
North Carolina,02/08/2020,3326,02/01/2020,22044,4381417,0.5
North Carolina,02/15/2020,3094,02/08/2020,21972,4381417,0.5
North Carolina,02/22/2020,2852,02/15/2020,21630,4381417,0.49
North Carolina,02/29/2020,1767,02/22/2020,21188,4381417,0.48
North Carolina,03/07/2020,2575,02/29/2020,20196,4381417,0.46
North Carolina,03/14/2020,3533,03/07/2020,19683,4381417,0.45
North Carolina,03/21/2020,94083,03/14/2020,20652,4381417,0.47
North Carolina,03/28/2020,172145,03/21/2020,75220,4381417,1.72
North Carolina,04/04/2020,137422,03/28/2020,245692,4381417,5.61
North Carolina,04/11/2020,140155,04/04/2020,362989,4402750,8.24
North Carolina,04/18/2020,106266,04/11/2020,468283,4402750,10.64
North Carolina,04/25/2020,98941,04/18/2020,555039,4402750,12.61
North Carolina,05/02/2020,85956,04/25/2020,591045,4402750,13.42
North Carolina,05/09/2020,57354,05/02/2020,619809,4402750,14.08
North Carolina,05/16/2020,46913,05/09/2020,605709,4402750,13.76
North Carolina,05/23/2020,44202,05/16/2020,564068,4402750,12.81
North Carolina,05/30/2020,37047,05/23/2020,547988,4402750,12.45
North Carolina,06/06/2020,33865,05/30/2020,537652,4402750,12.21
North Carolina,06/13/2020,32188,06/06/2020,524787,4402750,11.92
North Carolina,06/20/2020,29199,06/13/2020,529343,4402750,12.02
North Carolina,06/27/2020,29580,06/20/2020,463568,4402750,10.53
North Carolina,07/04/2020,27937,06/27/2020,412353,4402750,9.37
North Carolina,07/11/2020,28108,07/04/2020,365770,4423164,8.27
North Carolina,07/18/2020,29204,07/11/2020,327363,4423164,7.4
North Carolina,07/25/2020,26995,07/18/2020,315116,4423164,7.12
North Carolina,08/01/2020,16503,07/25/2020,283907,4423164,6.42
North Carolina,08/08/2020,14328,08/01/2020,242813,4423164,5.49
North Carolina,08/15/2020,17388,08/08/2020,218265,4423164,4.93
North Carolina,08/22/2020,13680,08/15/2020,191822,4423164,4.34
North Carolina,08/29/2020,13297,08/22/2020,178019,4423164,4.02
North Carolina,09/05/2020,14147,08/29/2020,169754,4423164,3.84
North Carolina,09/12/2020,13437,09/05/2020,151318,4423164,3.42
North Carolina,09/19/2020,13406,09/12/2020,145078,4423164,3.28
North Carolina,09/26/2020,12627,09/19/2020,134154,4423164,3.03
North Carolina,10/03/2020,15534,09/26/2020,127447,4423164,2.88
North Carolina,10/10/2020,13172,10/03/2020,108833,4437138,2.45
North Carolina,10/17/2020,12119,10/10/2020,103618,4437138,2.34
North Carolina,10/24/2020,9903,10/17/2020,96919,4437138,2.18
North Carolina,10/31/2020,8338,10/24/2020,91510,4437138,2.06
North Carolina,11/07/2020,8291,10/31/2020,88288,4437138,1.99
North Carolina,11/14/2020,7649,11/07/2020,81349,4437138,1.83
North Carolina,11/21/2020,8588,11/14/2020,75341,4437138,1.7
North Carolina,11/28/2020,6391,11/21/2020,68849,4437138,1.55
North Carolina,12/05/2020,9950,11/28/2020,73457,4437138,1.66
North Carolina,12/12/2020,9654,12/05/2020,69270,4437138,1.56
North Carolina,12/19/2020,9368,12/12/2020,68546,4437138,1.54
North Carolina,12/26/2020,8718,12/19/2020,81682,4437138,1.84
North Carolina,01/02/2021,13331,12/26/2020,89230,4437138,2.01
North Carolina,01/09/2021,15722,01/02/2021,66370,4333519,1.53
North Carolina,01/16/2021,14117,01/09/2021,64484,4333519,1.49
North Carolina,01/23/2021,13518,01/16/2021,67472,4333519,1.56
North Carolina,01/30/2021,13352,01/23/2021,70952,4333519,1.64
North Carolina,02/06/2021,12694,01/30/2021,71727,4333519,1.66
North Carolina,02/13/2021,9350,02/06/2021,69713,4333519,1.61
North Carolina,02/20/2021,8474,02/13/2021,66221,4333519,1.53
North Carolina,02/27/2021,7971,02/20/2021,63209,4333519,1.46
North Carolina,03/06/2021,8155,02/27/2021,59197,4333519,1.37
North Carolina,03/13/2021,8305,03/06/2021,57132,4333519,1.32
North Carolina,03/20/2021,7170,03/13/2021,51921,4333519,1.2
North Carolina,03/27/2021,6934,03/20/2021,54891,4333519,1.27
North Carolina,04/03/2021,7777,03/27/2021,54414,4333519,1.26
North Carolina,04/10/2021,7998,04/03/2021,47347,4275918,1.11
North Carolina,04/17/2021,8711,04/10/2021,47083,4275918,1.1
North Carolina,04/24/2021,10109,04/17/2021,49486,4275918,1.16
North Carolina,05/01/2021,7051,04/24/2021,48704,4275918,1.14
North Carolina,05/08/2021,7333,05/01/2021,48322,4275918,1.13
North Carolina,05/15/2021,7137,05/08/2021,47656,4275918,1.11
North Carolina,05/22/2021,6437,05/15/2021,47671,4275918,1.11
North Carolina,05/29/2021,5932,05/22/2021,47290,4275918,1.11
North Carolina,06/05/2021,5150,05/29/2021,45923,4275918,1.07
North Carolina,06/12/2021,4665,06/05/2021,44214,4275918,1.03
North Carolina,06/19/2021,4604,06/12/2021,42871,4275918,1
North Carolina,06/26/2021,4538,06/19/2021,41244,4275918,0.96
North Carolina,07/03/2021,4879,06/26/2021,40411,4275918,0.95
North Carolina,07/10/2021,5355,07/03/2021,38991,4242185,0.92
North Carolina,07/17/2021,5169,07/10/2021,39963,4242185,0.94
North Carolina,07/24/2021,4876,07/17/2021,39517,4242185,0.93
North Carolina,07/31/2021,5424,07/24/2021,39256,4242185,0.93
North Carolina,08/07/2021,5562,07/31/2021,37760,4242185,0.89
North Carolina,08/14/2021,5045,08/07/2021,36703,4242185,0.87
North Carolina,08/21/2021,5206,08/14/2021,35531,4242185,0.84
North Carolina,08/28/2021,4950,08/21/2021,34309,4242185,0.81
North Carolina,09/04/2021,5050,08/28/2021,33611,4242185,0.79
North Carolina,09/11/2021,4210,09/04/2021,30140,4242185,0.71
North Carolina,09/18/2021,3610,09/11/2021,37490,4242185,0.88
North Carolina,09/25/2021,3920,09/18/2021,34670,4242185,0.82
North Carolina,10/02/2021,3999,09/25/2021,32325,4242185,0.76
North Carolina,10/09/2021,4473,10/02/2021,30210,4218142,0.72
North Carolina,10/16/2021,3885,10/09/2021,28334,4218142,0.67
North Carolina,10/23/2021,3520,10/16/2021,26079,4218142,0.62
North Carolina,10/30/2021,3718,10/23/2021,24653,4218142,0.58
North Carolina,11/06/2021,4127,10/30/2021,25192,4218142,0.6
North Carolina,11/13/2021,4379,11/06/2021,23355,4218142,0.55
North Carolina,11/20/2021,5722,11/13/2021,22570,4218142,0.54
North Carolina,11/27/2021,8183,11/20/2021,20330,4218142,0.48
North Carolina,12/04/2021,6465,11/27/2021,22560,4218142,0.53
North Carolina,12/11/2021,2145,12/04/2021,20563,4218142,0.49
North Carolina,12/18/2021,2384,12/11/2021,19058,4218142,0.45
North Carolina,12/25/2021,1923,12/18/2021,17424,4218142,0.41
North Carolina,01/01/2022,1848,12/25/2021,17608,4218142,0.42
North Carolina,01/08/2022,3917,01/01/2022,16589,4314601,0.38
North Carolina,01/15/2022,4232,01/08/2022,15860,4314601,0.37
North Carolina,01/22/2022,3415,01/15/2022,15596,4314601,0.36
North Carolina,01/29/2022,3705,01/22/2022,16233,4314601,0.38
North Carolina,02/05/2022,3007,01/29/2022,15634,4314601,0.36
North Carolina,02/12/2022,3019,02/05/2022,15332,4314601,0.36
North Carolina,02/19/2022,2768,02/12/2022,15322,4314601,0.36
North Carolina,02/26/2022,2598,02/19/2022,15090,4314601,0.35
North Carolina,03/05/2022,2646,02/26/2022,14666,4314601,0.34
North Carolina,03/12/2022,2616,03/05/2022,13863,4314601,0.32
North Carolina,03/19/2022,2403,03/12/2022,13702,4314601,0.32
North Carolina,03/26/2022,2530,03/19/2022,13880,4314601,0.32
North Carolina,04/02/2022,2643,03/26/2022,13601,4314601,0.32
North Carolina,04/09/2022,2711,04/02/2022,13402,4377879,0.31
North Carolina,04/16/2022,2292,04/09/2022,12738,4377879,0.29
North Carolina,04/23/2022,2617,04/16/2022,12997,4377879,0.3
North Carolina,04/30/2022,2770,04/23/2022,13007,4377879,0.3
North Carolina,05/07/2022,2445,04/30/2022,13126,4377879,0.3
North Carolina,05/14/2022,2731,05/07/2022,12743,4377879,0.29
North Carolina,05/21/2022,3053,05/14/2022,13143,4377879,0.3
North Carolina,05/28/2022,2970,05/21/2022,13386,4377879,0.31
North Carolina,06/04/2022,2850,05/28/2022,13739,4377879,0.31
North Carolina,06/11/2022,3282,06/04/2022,14037,4377879,0.32
North Carolina,06/18/2022,3143,06/11/2022,14241,4377879,0.33
North Carolina,06/25/2022,2898,06/18/2022,14350,4377879,0.33
North Carolina,07/02/2022,3065,06/25/2022,15463,4377879,0.35
North Carolina,07/09/2022,2824,07/02/2022,15343,4430583,0.35
North Carolina,07/16/2022,3458,07/09/2022,16607,4430583,0.37
North Carolina,07/23/2022,3011,07/16/2022,16774,4430583,0.38
North Carolina,07/30/2022,3558,07/23/2022,16526,4430583,0.37
North Carolina,08/06/2022,3747,07/30/2022,16152,4430583,0.36
North Carolina,08/13/2022,3512,08/06/2022,16708,4430583,0.38
North Carolina,08/20/2022,3274,08/13/2022,16802,4430583,0.38
North Carolina,08/27/2022,3101,08/20/2022,16339,4430583,0.37
North Carolina,09/03/2022,3073,08/27/2022,16453,4430583,0.37
North Carolina,09/10/2022,2655,09/03/2022,15751,4430583,0.36
North Carolina,09/17/2022,2981,09/10/2022,15736,4430583,0.36
North Carolina,09/24/2022,3270,09/17/2022,15608,4430583,0.35
North Carolina,10/01/2022,4921,09/24/2022,15460,4430583,0.35
North Carolina,10/08/2022,3401,10/01/2022,15155,4482358,0.34
North Carolina,10/15/2022,2797,10/08/2022,14938,4482358,0.33
North Carolina,10/22/2022,3212,10/15/2022,14980,4482358,0.33
North Carolina,10/29/2022,2553,10/22/2022,14808,4482358,0.33
North Carolina,11/05/2022,2633,10/29/2022,14543,4482358,0.32
North Carolina,11/12/2022,3774,11/05/2022,14366,4482358,0.32
North Carolina,11/19/2022,3641,11/12/2022,15223,4482358,0.34
North Carolina,11/26/2022,2437,11/19/2022,14838,4482358,0.33
North Carolina,12/03/2022,4029,11/26/2022,16234,4482358,0.36
North Carolina,12/10/2022,3691,12/03/2022,15950,4482358,0.36
North Carolina,12/17/2022,3598,12/10/2022,16718,4482358,0.37
North Carolina,12/24/2022,2710,12/17/2022,16700,4482358,0.37
North Carolina,12/31/2022,2507,12/24/2022,17174,4482358,0.38
North Carolina,01/07/2023,4138,12/31/2022,17795,4482358,0.4
North Carolina,01/14/2023,4048,01/07/2023,18095,4533828,0.4
North Carolina,01/21/2023,3582,01/14/2023,18710,4533828,0.41
North Carolina,01/28/2023,3654,01/21/2023,19310,4533828,0.43
North Carolina,02/04/2023,3713,01/28/2023,19649,4533828,0.43
North Carolina,02/11/2023,3328,02/04/2023,19978,4533828,0.44
North Carolina,02/18/2023,3184,02/11/2023,19886,4533828,0.44
North Carolina,02/25/2023,2890,02/18/2023,19490,4533828,0.43
North Carolina,03/04/2023,3578,02/25/2023,19249,4533828,0.42
North Carolina,03/11/2023,3471,03/04/2023,18639,4533828,0.41
North Carolina,03/18/2023,3386,03/11/2023,18768,4533828,0.41
North Carolina,03/25/2023,3340,03/18/2023,18604,4533828,0.41
North Carolina,04/01/2023,3342,03/25/2023,18830,4533828,0.42
North Carolina,04/08/2023,3450,04/01/2023,18663,4580815,0.41
North Carolina,04/15/2023,3266,04/08/2023,18813,4580815,0.41
North Carolina,04/22/2023,3144,04/15/2023,18810,4580815,0.41
North Carolina,04/29/2023,3244,04/22/2023,18676,4580815,0.41
North Carolina,05/06/2023,3616,04/29/2023,18151,4580815,0.4
North Carolina,05/13/2023,3594,05/06/2023,18505,4580815,0.4
North Carolina,05/20/2023,3635,05/13/2023,19065,4580815,0.42
North Carolina,05/27/2023,3247,05/20/2023,19368,4580815,0.42
North Carolina,06/03/2023,3264,05/27/2023,19739,4580815,0.43
North Carolina,06/10/2023,3488,06/03/2023,20109,4580815,0.44
North Carolina,06/17/2023,3651,06/10/2023,20300,4580815,0.44
North Carolina,06/24/2023,3365,06/17/2023,20680,4580815,0.45
North Carolina,07/01/2023,3436,06/24/2023,21041,4580815,0.46
North Carolina,07/08/2023,3185,07/01/2023,20631,4580815,0.45
North Carolina,07/15/2023,3700,07/08/2023,21562,4615635,0.47
North Carolina,07/22/2023,3339,07/15/2023,21457,4615635,0.46
North Carolina,07/29/2023,3374,07/22/2023,21677,4615635,0.47
North Carolina,08/05/2023,3775,07/29/2023,21693,4615635,0.47
North Carolina,08/12/2023,3623,08/05/2023,21726,4615635,0.47
North Carolina,08/19/2023,3309,08/12/2023,21890,4615635,0.47
North Carolina,08/26/2023,3165,08/19/2023,21442,4615635,0.46
North Carolina,09/02/2023,3459,08/26/2023,21150,4615635,0.46
North Carolina,09/09/2023,2997,09/02/2023,20552,4615635,0.45
North Carolina,09/16/2023,3087,09/09/2023,20514,4615635,0.44
North Carolina,09/23/2023,2959,09/16/2023,20043,4615635,0.43
North Carolina,09/30/2023,2884,09/23/2023,19713,4615635,0.43
North Carolina,10/07/2023,3626,09/30/2023,19910,4615635,0.43
North Carolina,10/14/2023,3648,10/07/2023,19535,4654249,0.42
North Carolina,10/21/2023,3161,10/14/2023,18828,4654249,0.4
North Carolina,10/28/2023,4464,10/21/2023,20023,4654249,0.43
North Carolina,11/04/2023,3942,10/28/2023,20185,4654249,0.43
North Carolina,11/11/2023,3570,11/04/2023,19794,4654249,0.43
North Carolina,11/18/2023,3033,11/11/2023,19438,4654249,0.42
North Carolina,11/25/2023,1915,11/18/2023,18699,4654249,0.4
North Carolina,12/02/2023,2927,11/25/2023,19859,4654249,0.43
North Carolina,12/09/2023,3100,12/02/2023,18705,4654249,0.4
North Carolina,12/16/2023,2743,12/09/2023,19095,4654249,0.41
North Carolina,12/23/2023,2688,12/16/2023,18879,4654249,0.41
North Carolina,12/30/2023,1836,12/23/2023,18364,4654249,0.39
North Carolina,01/06/2024,3765,12/30/2023,19421,4654249,0.42
North Carolina,01/13/2024,3686,01/06/2024,19279,4691329,0.41
North Carolina,01/20/2024,3245,01/13/2024,19730,4691329,0.42
North Carolina,01/27/2024,3559,01/20/2024,20262,4691329,0.43
North Carolina,02/03/2024,3591,01/27/2024,20548,4691329,0.44
North Carolina,02/10/2024,3396,02/03/2024,20705,4691329,0.44
North Carolina,02/17/2024,3177,02/10/2024,20869,4691329,0.44
North Carolina,02/24/2024,2834,02/17/2024,20676,4691329,0.44
North Carolina,03/02/2024,2905,02/24/2024,20598,4691329,0.44
North Carolina,03/09/2024,3032,03/02/2024,20111,4691329,0.43
North Carolina,03/16/2024,2914,03/09/2024,20164,4691329,0.43
North Carolina,03/23/2024,3072,03/16/2024,20051,4691329,0.43
North Carolina,03/30/2024,2672,03/23/2024,19892,4691329,0.42
North Carolina,04/06/2024,3030,03/30/2024,19891,4691329,0.42
North Carolina,04/13/2024,2940,04/06/2024,19536,4716563,0.41
North Carolina,04/20/2024,3097,04/13/2024,19309,4716563,0.41
North Carolina,04/27/2024,3160,04/20/2024,19401,4716563,0.41
North Carolina,05/04/2024,3424,04/27/2024,19384,4716563,0.41
North Carolina,05/11/2024,3351,05/04/2024,19515,4716563,0.41
North Carolina,05/18/2024,3415,05/11/2024,19657,4716563,0.42
North Carolina,05/25/2024,3175,05/18/2024,20240,4716563,0.43
North Carolina,06/01/2024,2993,05/25/2024,20218,4716563,0.43
North Carolina,06/08/2024,3620,06/01/2024,20634,4716563,0.44
North Carolina,06/15/2024,3450,06/08/2024,20745,4716563,0.44
North Carolina,06/22/2024,3433,06/15/2024,21244,4716563,0.45
North Carolina,06/29/2024,3468,06/22/2024,21457,4716563,0.45
North Carolina,07/06/2024,2974,06/29/2024,20993,4716563,0.45
North Carolina,07/13/2024,3633,07/06/2024,22110,4749101,0.47
North Carolina,07/20/2024,3275,07/13/2024,21810,4749101,0.46
North Carolina,07/27/2024,3169,07/20/2024,22194,4749101,0.47
North Carolina,08/03/2024,3325,07/27/2024,21954,4749101,0.46
North Carolina,08/10/2024,3316,08/03/2024,21733,4749101,0.46
North Carolina,08/17/2024,3190,08/10/2024,21530,4749101,0.45
North Carolina,08/24/2024,3079,08/17/2024,20989,4749101,0.44
North Carolina,08/31/2024,3115,08/24/2024,20473,4749101,0.43
North Carolina,09/07/2024,2888,08/31/2024,19859,4749101,0.42
North Carolina,09/14/2024,3027,09/07/2024,20012,4749101,0.42
North Carolina,09/21/2024,3263,09/14/2024,19867,4749101,0.42
North Carolina,09/28/2024,2941,09/21/2024,19506,4749101,0.41
North Carolina,10/05/2024,11655,09/28/2024,19170,4749101,0.4
North Carolina,10/12/2024,9290,10/05/2024,23383,4798437,0.49
North Carolina,10/19/2024,6523,10/12/2024,26384,4798437,0.55
North Carolina,10/26/2024,3664,10/19/2024,28298,4798437,0.59
North Carolina,11/02/2024,3490,10/26/2024,34101,4798437,0.71
North Carolina,11/09/2024,3581,11/02/2024,31157,4798437,0.65
North Carolina,11/16/2024,3645,11/09/2024,30075,4798437,0.63
North Carolina,11/23/2024,3829,11/16/2024,30661,4798437,0.64
North Carolina,11/30/2024,2504,11/23/2024,29083,4798437,0.61
North Carolina,12/07/2024,4020,11/30/2024,31562,4798437,0.66
North Carolina,12/14/2024,3589,12/07/2024,30023,4798437,0.63
North Carolina,12/21/2024,3559,12/14/2024,29939,4798437,0.62
North Carolina,12/28/2024,2103,12/21/2024,28076,4798437,0.59
North Carolina,01/04/2025,3795,12/28/2024,28406,4798437,0.59
North Carolina,01/11/2025,4631,01/04/2025,28063,4798437,0.58
North Carolina,01/18/2025,4030,01/11/2025,28001,4798437,0.58
North Carolina,01/25/2025,3534,01/18/2025,27719,4798437,0.58
North Carolina,02/01/2025,4005,01/25/2025,28933,4798437,0.6
North Carolina,02/08/2025,4206,02/01/2025,27388,4790785,0.57
North Carolina,02/15/2025,3952,02/08/2025,27465,4790785,0.57
North Carolina,02/22/2025,3291,02/15/2025,27169,4790785,0.57
North Carolina,03/01/2025,3341,02/22/2025,26851,4790785,0.56
North Carolina,03/08/2025,3790,03/01/2025,26277,4790785,0.55
North Carolina,03/15/2025,3395,03/08/2025,26207,4790785,0.55
North Carolina,03/22/2025,3419,03/15/2025,25789,4790785,0.54
North Carolina,03/29/2025,3189,03/22/2025,25142,4790785,0.52
North Carolina,04/05/2025,3589,03/29/2025,25039,4790785,0.52
North Carolina,04/12/2025,3566,04/05/2025,24792,4790785,0.52
North Dakota,01/04/2020,836,12/28/2019,5785,409901,1.41
North Dakota,01/11/2020,1530,01/04/2020,6171,411624,1.5
North Dakota,01/18/2020,785,01/11/2020,6809,411624,1.65
North Dakota,01/25/2020,543,01/18/2020,7179,411624,1.74
North Dakota,02/01/2020,447,01/25/2020,6782,411624,1.65
North Dakota,02/08/2020,526,02/01/2020,6838,411624,1.66
North Dakota,02/15/2020,457,02/08/2020,6924,411624,1.68
North Dakota,02/22/2020,435,02/15/2020,6886,411624,1.67
North Dakota,02/29/2020,363,02/22/2020,6795,411624,1.65
North Dakota,03/07/2020,423,02/29/2020,6543,411624,1.59
North Dakota,03/14/2020,415,03/07/2020,6349,411624,1.54
North Dakota,03/21/2020,5662,03/14/2020,6169,411624,1.5
North Dakota,03/28/2020,11818,03/21/2020,8534,411624,2.07
North Dakota,04/04/2020,15125,03/28/2020,16036,411624,3.9
North Dakota,04/11/2020,9502,04/04/2020,24554,412797,5.95
North Dakota,04/18/2020,8065,04/11/2020,33563,412797,8.13
North Dakota,04/25/2020,6274,04/18/2020,35513,412797,8.6
North Dakota,05/02/2020,4044,04/25/2020,35827,412797,8.68
North Dakota,05/09/2020,2753,05/02/2020,35921,412797,8.7
North Dakota,05/16/2020,2619,05/09/2020,32399,412797,7.85
North Dakota,05/23/2020,2978,05/16/2020,31100,412797,7.53
North Dakota,05/30/2020,2315,05/23/2020,30806,412797,7.46
North Dakota,06/06/2020,2252,05/30/2020,29855,412797,7.23
North Dakota,06/13/2020,2073,06/06/2020,29103,412797,7.05
North Dakota,06/20/2020,1821,06/13/2020,28736,412797,6.96
North Dakota,06/27/2020,1511,06/20/2020,28446,412797,6.89
North Dakota,07/04/2020,1720,06/27/2020,27021,412797,6.55
North Dakota,07/11/2020,1532,07/04/2020,27625,413529,6.68
North Dakota,07/18/2020,1915,07/11/2020,25974,413529,6.28
North Dakota,07/25/2020,1203,07/18/2020,24988,413529,6.04
North Dakota,08/01/2020,979,07/25/2020,23739,413529,5.74
North Dakota,08/08/2020,776,08/01/2020,20483,413529,4.95
North Dakota,08/15/2020,855,08/08/2020,18072,413529,4.37
North Dakota,08/22/2020,720,08/15/2020,16327,413529,3.95
North Dakota,08/29/2020,804,08/22/2020,14910,413529,3.61
North Dakota,09/05/2020,947,08/29/2020,13723,413529,3.32
North Dakota,09/12/2020,719,09/05/2020,12798,413529,3.09
North Dakota,09/19/2020,792,09/12/2020,12120,413529,2.93
North Dakota,09/26/2020,856,09/19/2020,11388,413529,2.75
North Dakota,10/03/2020,841,09/26/2020,10275,413529,2.48
North Dakota,10/10/2020,1045,10/03/2020,9107,413795,2.2
North Dakota,10/17/2020,1043,10/10/2020,8065,413795,1.95
North Dakota,10/24/2020,1223,10/17/2020,7297,413795,1.76
North Dakota,10/31/2020,1265,10/24/2020,7061,413795,1.71
North Dakota,11/07/2020,1238,10/31/2020,6732,413795,1.63
North Dakota,11/14/2020,1577,11/07/2020,6620,413795,1.6
North Dakota,11/21/2020,1765,11/14/2020,7039,413795,1.7
North Dakota,11/28/2020,1613,11/21/2020,7009,413795,1.69
North Dakota,12/05/2020,1709,11/28/2020,7665,413795,1.85
North Dakota,12/12/2020,1586,12/05/2020,7756,413795,1.87
North Dakota,12/19/2020,1037,12/12/2020,7480,413795,1.81
North Dakota,12/26/2020,1240,12/19/2020,5831,413795,1.41
North Dakota,01/02/2021,1442,12/26/2020,8274,413795,2
North Dakota,01/09/2021,1946,01/02/2021,8579,402385,2.13
North Dakota,01/16/2021,1901,01/09/2021,9196,402385,2.29
North Dakota,01/23/2021,1266,01/16/2021,9294,402385,2.31
North Dakota,01/30/2021,1304,01/23/2021,9554,402385,2.37
North Dakota,02/06/2021,1154,01/30/2021,9690,402385,2.41
North Dakota,02/13/2021,983,02/06/2021,9743,402385,2.42
North Dakota,02/20/2021,858,02/13/2021,9873,402385,2.45
North Dakota,02/27/2021,638,02/20/2021,9762,402385,2.43
North Dakota,03/06/2021,581,02/27/2021,9151,402385,2.27
North Dakota,03/13/2021,611,03/06/2021,8768,402385,2.18
North Dakota,03/20/2021,678,03/13/2021,8369,402385,2.08
North Dakota,03/27/2021,868,03/20/2021,7926,402385,1.97
North Dakota,04/03/2021,821,03/27/2021,7495,402385,1.86
North Dakota,04/10/2021,2047,04/03/2021,6849,394260,1.74
North Dakota,04/17/2021,1794,04/10/2021,5979,394260,1.52
North Dakota,04/24/2021,1195,04/17/2021,5446,394260,1.38
North Dakota,05/01/2021,770,04/24/2021,4626,394260,1.17
North Dakota,05/08/2021,670,05/01/2021,4092,394260,1.04
North Dakota,05/15/2021,610,05/08/2021,3822,394260,0.97
North Dakota,05/22/2021,526,05/15/2021,3552,394260,0.9
North Dakota,05/29/2021,501,05/22/2021,3440,394260,0.87
North Dakota,06/05/2021,527,05/29/2021,3368,394260,0.85
North Dakota,06/12/2021,490,06/05/2021,3453,394260,0.88
North Dakota,06/19/2021,313,06/12/2021,3307,394260,0.84
North Dakota,06/26/2021,408,06/19/2021,3036,394260,0.77
North Dakota,07/03/2021,631,06/26/2021,3151,394260,0.8
North Dakota,07/10/2021,528,07/03/2021,3326,386624,0.86
North Dakota,07/17/2021,332,07/10/2021,3203,386624,0.83
North Dakota,07/24/2021,281,07/17/2021,2845,386624,0.74
North Dakota,07/31/2021,274,07/24/2021,2773,386624,0.72
North Dakota,08/07/2021,318,07/31/2021,2622,386624,0.68
North Dakota,08/14/2021,275,08/07/2021,2563,386624,0.66
North Dakota,08/21/2021,259,08/14/2021,2432,386624,0.63
North Dakota,08/28/2021,276,08/21/2021,2229,386624,0.58
North Dakota,09/04/2021,301,08/28/2021,1963,386624,0.51
North Dakota,09/11/2021,183,09/04/2021,1826,386624,0.47
North Dakota,09/18/2021,225,09/11/2021,1697,386624,0.44
North Dakota,09/25/2021,244,09/18/2021,1531,386624,0.4
North Dakota,10/02/2021,251,09/25/2021,1394,386624,0.36
North Dakota,10/09/2021,300,10/02/2021,1362,379783,0.36
North Dakota,10/16/2021,290,10/09/2021,1283,379783,0.34
North Dakota,10/23/2021,269,10/16/2021,1299,379783,0.34
North Dakota,10/30/2021,291,10/23/2021,1275,379783,0.34
North Dakota,11/06/2021,404,10/30/2021,1405,379783,0.37
North Dakota,11/13/2021,554,11/06/2021,1499,379783,0.39
North Dakota,11/20/2021,703,11/13/2021,1646,379783,0.43
North Dakota,11/27/2021,714,11/20/2021,1962,379783,0.52
North Dakota,12/04/2021,807,11/27/2021,2534,379783,0.67
North Dakota,12/11/2021,896,12/04/2021,2784,379783,0.73
North Dakota,12/18/2021,881,12/11/2021,3432,379783,0.9
North Dakota,12/25/2021,933,12/18/2021,3703,379783,0.98
North Dakota,01/01/2022,866,12/25/2021,4506,379783,1.19
North Dakota,01/08/2022,1436,01/01/2022,5144,385014,1.34
North Dakota,01/15/2022,744,01/08/2022,5917,385014,1.54
North Dakota,01/22/2022,595,01/15/2022,5709,385014,1.48
North Dakota,01/29/2022,503,01/22/2022,6066,385014,1.58
North Dakota,02/05/2022,419,01/29/2022,6077,385014,1.58
North Dakota,02/12/2022,331,02/05/2022,6069,385014,1.58
North Dakota,02/19/2022,295,02/12/2022,5799,385014,1.51
North Dakota,02/26/2022,296,02/19/2022,5742,385014,1.49
North Dakota,03/05/2022,290,02/26/2022,5773,385014,1.5
North Dakota,03/12/2022,385,03/05/2022,5251,385014,1.36
North Dakota,03/19/2022,224,03/12/2022,5151,385014,1.34
North Dakota,03/26/2022,189,03/19/2022,4585,385014,1.19
North Dakota,04/02/2022,212,03/26/2022,4218,385014,1.1
North Dakota,04/09/2022,246,04/02/2022,3857,387956,0.99
North Dakota,04/16/2022,268,04/09/2022,3244,387956,0.84
North Dakota,04/23/2022,322,04/16/2022,3463,387956,0.89
North Dakota,04/30/2022,211,04/23/2022,2865,387956,0.74
North Dakota,05/07/2022,227,04/30/2022,2325,387956,0.6
North Dakota,05/14/2022,215,05/07/2022,1680,387956,0.43
North Dakota,05/21/2022,280,05/14/2022,1519,387956,0.39
North Dakota,05/28/2022,263,05/21/2022,1196,387956,0.31
North Dakota,06/04/2022,288,05/28/2022,1143,387956,0.29
North Dakota,06/11/2022,326,06/04/2022,1347,387956,0.35
North Dakota,06/18/2022,232,06/11/2022,1457,387956,0.38
North Dakota,06/25/2022,227,06/18/2022,1383,387956,0.36
North Dakota,07/02/2022,204,06/25/2022,1446,387956,0.37
North Dakota,07/09/2022,248,07/02/2022,1436,390937,0.37
North Dakota,07/16/2022,205,07/09/2022,1518,390937,0.39
North Dakota,07/23/2022,182,07/16/2022,1498,390937,0.38
North Dakota,07/30/2022,236,07/23/2022,1477,390937,0.38
North Dakota,08/06/2022,208,07/30/2022,1476,390937,0.38
North Dakota,08/13/2022,176,08/06/2022,1464,390937,0.37
North Dakota,08/20/2022,138,08/13/2022,1338,390937,0.34
North Dakota,08/27/2022,134,08/20/2022,1188,390937,0.3
North Dakota,09/03/2022,126,08/27/2022,1002,390937,0.26
North Dakota,09/10/2022,154,09/03/2022,842,390937,0.22
North Dakota,09/17/2022,134,09/10/2022,879,390937,0.22
North Dakota,09/24/2022,140,09/17/2022,790,390937,0.2
North Dakota,10/01/2022,169,09/24/2022,802,390937,0.21
North Dakota,10/08/2022,180,10/01/2022,827,393902,0.21
North Dakota,10/15/2022,190,10/08/2022,834,393902,0.21
North Dakota,10/22/2022,180,10/15/2022,827,393902,0.21
North Dakota,10/29/2022,232,10/22/2022,857,393902,0.22
North Dakota,11/05/2022,278,10/29/2022,873,393902,0.22
North Dakota,11/12/2022,348,11/05/2022,945,393902,0.24
North Dakota,11/19/2022,874,11/12/2022,1229,393902,0.31
North Dakota,11/26/2022,646,11/19/2022,1727,393902,0.44
North Dakota,12/03/2022,795,11/26/2022,2211,393902,0.56
North Dakota,12/10/2022,743,12/03/2022,2657,393902,0.67
North Dakota,12/17/2022,938,12/10/2022,3059,393902,0.78
North Dakota,12/24/2022,953,12/17/2022,3752,393902,0.95
North Dakota,12/31/2022,576,12/24/2022,4180,393902,1.06
North Dakota,01/07/2023,989,12/31/2022,4360,393902,1.11
North Dakota,01/14/2023,645,01/07/2023,4805,396425,1.21
North Dakota,01/21/2023,439,01/14/2023,5003,396425,1.26
North Dakota,01/28/2023,437,01/21/2023,5217,396425,1.32
North Dakota,02/04/2023,410,01/28/2023,5265,396425,1.33
North Dakota,02/11/2023,300,02/04/2023,5494,396425,1.39
North Dakota,02/18/2023,287,02/11/2023,5253,396425,1.33
North Dakota,02/25/2023,283,02/18/2023,5165,396425,1.3
North Dakota,03/04/2023,249,02/25/2023,5224,396425,1.32
North Dakota,03/11/2023,288,03/04/2023,4861,396425,1.23
North Dakota,03/18/2023,243,03/11/2023,4748,396425,1.2
North Dakota,03/25/2023,228,03/18/2023,4548,396425,1.15
North Dakota,04/01/2023,190,03/25/2023,4210,396425,1.06
North Dakota,04/08/2023,259,04/01/2023,3914,399537,0.98
North Dakota,04/15/2023,250,04/08/2023,3873,399537,0.97
North Dakota,04/22/2023,223,04/15/2023,2956,399537,0.74
North Dakota,04/29/2023,212,04/22/2023,2537,399537,0.63
North Dakota,05/06/2023,204,04/29/2023,1971,399537,0.49
North Dakota,05/13/2023,229,05/06/2023,1540,399537,0.39
North Dakota,05/20/2023,204,05/13/2023,1420,399537,0.36
North Dakota,05/27/2023,233,05/20/2023,1299,399537,0.33
North Dakota,06/03/2023,367,05/27/2023,1257,399537,0.31
North Dakota,06/10/2023,336,06/03/2023,1411,399537,0.35
North Dakota,06/17/2023,218,06/10/2023,1524,399537,0.38
North Dakota,06/24/2023,244,06/17/2023,1511,399537,0.38
North Dakota,07/01/2023,225,06/24/2023,1568,399537,0.39
North Dakota,07/08/2023,277,07/01/2023,1594,402201,0.4
North Dakota,07/15/2023,239,07/08/2023,1715,402201,0.43
North Dakota,07/22/2023,178,07/15/2023,1592,402201,0.4
North Dakota,07/29/2023,195,07/22/2023,1617,402201,0.4
North Dakota,08/05/2023,230,07/29/2023,1643,402201,0.41
North Dakota,08/12/2023,198,08/05/2023,1629,402201,0.41
North Dakota,08/19/2023,171,08/12/2023,1547,402201,0.38
North Dakota,08/26/2023,154,08/19/2023,1370,402201,0.34
North Dakota,09/02/2023,165,08/26/2023,1225,402201,0.3
North Dakota,09/09/2023,147,09/02/2023,1138,402201,0.28
North Dakota,09/16/2023,149,09/09/2023,1130,402201,0.28
North Dakota,09/23/2023,175,09/16/2023,1034,402201,0.26
North Dakota,09/30/2023,244,09/23/2023,1096,402201,0.27
North Dakota,10/07/2023,211,09/30/2023,1038,402201,0.26
North Dakota,10/14/2023,225,10/07/2023,1070,405405,0.26
North Dakota,10/21/2023,219,10/14/2023,1100,405405,0.27
North Dakota,10/28/2023,303,10/21/2023,1136,405405,0.28
North Dakota,11/04/2023,432,10/28/2023,1248,405405,0.31
North Dakota,11/11/2023,407,11/04/2023,1415,405405,0.35
North Dakota,11/18/2023,568,11/11/2023,1670,405405,0.41
North Dakota,11/25/2023,509,11/18/2023,1803,405405,0.44
North Dakota,12/02/2023,722,11/25/2023,2228,405405,0.55
North Dakota,12/09/2023,688,12/02/2023,2574,405405,0.63
North Dakota,12/16/2023,811,12/09/2023,2950,405405,0.73
North Dakota,12/23/2023,858,12/16/2023,3424,405405,0.84
North Dakota,12/30/2023,803,12/23/2023,3864,405405,0.95
North Dakota,01/06/2024,659,12/30/2023,4773,405405,1.18
North Dakota,01/13/2024,1235,01/06/2024,4939,408236,1.21
North Dakota,01/20/2024,628,01/13/2024,5538,408236,1.36
North Dakota,01/27/2024,421,01/20/2024,5950,408236,1.46
North Dakota,02/03/2024,426,01/27/2024,5749,408236,1.41
North Dakota,02/10/2024,398,02/03/2024,5790,408236,1.42
North Dakota,02/17/2024,347,02/10/2024,5794,408236,1.42
North Dakota,02/24/2024,273,02/17/2024,5757,408236,1.41
North Dakota,03/02/2024,258,02/24/2024,5509,408236,1.35
North Dakota,03/09/2024,278,03/02/2024,5387,408236,1.32
North Dakota,03/16/2024,246,03/09/2024,5194,408236,1.27
North Dakota,03/23/2024,238,03/16/2024,4723,408236,1.16
North Dakota,03/30/2024,245,03/23/2024,4494,408236,1.1
North Dakota,04/06/2024,293,03/30/2024,4457,408236,1.09
North Dakota,04/13/2024,270,04/06/2024,3726,410366,0.91
North Dakota,04/20/2024,231,04/13/2024,2908,410366,0.71
North Dakota,04/27/2024,203,04/20/2024,2444,410366,0.6
North Dakota,05/04/2024,302,04/27/2024,1993,410366,0.49
North Dakota,05/11/2024,280,05/04/2024,1920,410366,0.47
North Dakota,05/18/2024,267,05/11/2024,1759,410366,0.43
North Dakota,05/25/2024,484,05/18/2024,1611,410366,0.39
North Dakota,06/01/2024,1264,05/25/2024,1726,410366,0.42
North Dakota,06/08/2024,518,06/01/2024,2719,410366,0.66
North Dakota,06/15/2024,287,06/08/2024,2196,410366,0.54
North Dakota,06/22/2024,240,06/15/2024,1990,410366,0.48
North Dakota,06/29/2024,426,06/22/2024,2011,410366,0.49
North Dakota,07/06/2024,1189,06/29/2024,2068,410366,0.5
North Dakota,07/13/2024,481,07/06/2024,3336,412476,0.81
North Dakota,07/20/2024,273,07/13/2024,3370,412476,0.82
North Dakota,07/27/2024,210,07/20/2024,2097,412476,0.51
North Dakota,08/03/2024,208,07/27/2024,1907,412476,0.46
North Dakota,08/10/2024,271,08/03/2024,1826,412476,0.44
North Dakota,08/17/2024,321,08/10/2024,1835,412476,0.44
North Dakota,08/24/2024,1313,08/17/2024,1811,412476,0.44
North Dakota,08/31/2024,394,08/24/2024,3045,412476,0.74
North Dakota,09/07/2024,246,08/31/2024,3075,412476,0.75
North Dakota,09/14/2024,198,09/07/2024,3049,412476,0.74
North Dakota,09/21/2024,223,09/14/2024,1528,412476,0.37
North Dakota,09/28/2024,210,09/21/2024,1455,412476,0.35
North Dakota,10/05/2024,247,09/28/2024,1404,412476,0.34
North Dakota,10/12/2024,284,10/05/2024,1402,413971,0.34
North Dakota,10/19/2024,281,10/12/2024,1466,413971,0.35
North Dakota,10/26/2024,361,10/19/2024,1497,413971,0.36
North Dakota,11/02/2024,842,10/26/2024,1533,413971,0.37
North Dakota,11/09/2024,558,11/02/2024,2029,413971,0.49
North Dakota,11/16/2024,546,11/09/2024,1978,413971,0.48
North Dakota,11/23/2024,859,11/16/2024,2234,413971,0.54
North Dakota,11/30/2024,1863,11/23/2024,2733,413971,0.66
North Dakota,12/07/2024,1075,11/30/2024,4751,413971,1.15
North Dakota,12/14/2024,989,12/07/2024,3963,413971,0.96
North Dakota,12/21/2024,932,12/14/2024,4457,413971,1.08
North Dakota,12/28/2024,830,12/21/2024,4895,413971,1.18
North Dakota,01/04/2025,745,12/28/2024,5642,413971,1.36
North Dakota,01/11/2025,1230,01/04/2025,6002,416134,1.44
North Dakota,01/18/2025,622,01/11/2025,6303,416134,1.51
North Dakota,01/25/2025,538,01/18/2025,6264,416134,1.51
North Dakota,02/01/2025,412,01/25/2025,6533,416134,1.57
North Dakota,02/08/2025,407,02/01/2025,6200,416134,1.49
North Dakota,02/15/2025,482,02/08/2025,6275,416134,1.51
North Dakota,02/22/2025,387,02/15/2025,6540,416134,1.57
North Dakota,03/01/2025,332,02/22/2025,6502,416134,1.56
North Dakota,03/08/2025,266,03/01/2025,5954,416134,1.43
North Dakota,03/15/2025,264,03/08/2025,5756,416134,1.38
North Dakota,03/22/2025,287,03/15/2025,5377,416134,1.29
North Dakota,03/29/2025,255,03/22/2025,5147,416134,1.24
North Dakota,04/05/2025,374,03/29/2025,4533,416134,1.09
North Dakota,04/12/2025,428,04/05/2025,4496,417822,1.08
Nebraska,01/04/2020,1099,12/28/2019,5165,963465,0.54
Nebraska,01/11/2020,1256,01/04/2020,7611,962725,0.79
Nebraska,01/18/2020,1076,01/11/2020,6980,962725,0.73
Nebraska,01/25/2020,1051,01/18/2020,7093,962725,0.74
Nebraska,02/01/2020,851,01/25/2020,7165,962725,0.74
Nebraska,02/08/2020,730,02/01/2020,7024,962725,0.73
Nebraska,02/15/2020,576,02/08/2020,6956,962725,0.72
Nebraska,02/22/2020,506,02/15/2020,6805,962725,0.71
Nebraska,02/29/2020,522,02/22/2020,6806,962725,0.71
Nebraska,03/07/2020,530,02/29/2020,6207,962725,0.64
Nebraska,03/14/2020,819,03/07/2020,5608,962725,0.58
Nebraska,03/21/2020,15861,03/14/2020,5508,962725,0.57
Nebraska,03/28/2020,25033,03/21/2020,16762,962725,1.74
Nebraska,04/04/2020,27333,03/28/2020,38964,962725,4.05
Nebraska,04/11/2020,16531,04/04/2020,60645,963512,6.29
Nebraska,04/18/2020,12404,04/11/2020,72316,963512,7.51
Nebraska,04/25/2020,6646,04/18/2020,77900,963512,8.09
Nebraska,05/02/2020,5489,04/25/2020,67500,963512,7.01
Nebraska,05/09/2020,5619,05/02/2020,68027,963512,7.06
Nebraska,05/16/2020,5066,05/09/2020,62885,963512,6.53
Nebraska,05/23/2020,5025,05/16/2020,62306,963512,6.47
Nebraska,05/30/2020,4272,05/23/2020,60938,963512,6.32
Nebraska,06/06/2020,3973,05/30/2020,60466,963512,6.28
Nebraska,06/13/2020,4119,06/06/2020,57359,963512,5.95
Nebraska,06/20/2020,3455,06/13/2020,57701,963512,5.99
Nebraska,06/27/2020,3278,06/20/2020,56876,963512,5.9
Nebraska,07/04/2020,4940,06/27/2020,57114,963512,5.93
Nebraska,07/11/2020,6994,07/04/2020,56955,964840,5.9
Nebraska,07/18/2020,2997,07/11/2020,53171,964840,5.51
Nebraska,07/25/2020,2340,07/18/2020,47330,964840,4.91
Nebraska,08/01/2020,1974,07/25/2020,45587,964840,4.72
Nebraska,08/08/2020,1739,08/01/2020,39137,964840,4.06
Nebraska,08/15/2020,2278,08/08/2020,32104,964840,3.33
Nebraska,08/22/2020,1907,08/15/2020,30161,964840,3.13
Nebraska,08/29/2020,1636,08/22/2020,26244,964840,2.72
Nebraska,09/05/2020,1662,08/29/2020,25485,964840,2.64
Nebraska,09/12/2020,1650,09/05/2020,22609,964840,2.34
Nebraska,09/19/2020,1681,09/12/2020,21556,964840,2.23
Nebraska,09/26/2020,1480,09/19/2020,19875,964840,2.06
Nebraska,10/03/2020,1665,09/26/2020,18480,964840,1.92
Nebraska,10/10/2020,1628,10/03/2020,16417,966634,1.7
Nebraska,10/17/2020,1598,10/10/2020,14895,966634,1.54
Nebraska,10/24/2020,1548,10/17/2020,13738,966634,1.42
Nebraska,10/31/2020,1591,10/24/2020,13956,966634,1.44
Nebraska,11/07/2020,1626,10/31/2020,12492,966634,1.29
Nebraska,11/14/2020,1871,11/07/2020,12117,966634,1.25
Nebraska,11/21/2020,2033,11/14/2020,11923,966634,1.23
Nebraska,11/28/2020,1877,11/21/2020,11308,966634,1.17
Nebraska,12/05/2020,2464,11/28/2020,12530,966634,1.3
Nebraska,12/12/2020,2233,12/05/2020,11991,966634,1.24
Nebraska,12/19/2020,2509,12/12/2020,12295,966634,1.27
Nebraska,12/26/2020,2594,12/19/2020,12422,966634,1.29
Nebraska,01/02/2021,3630,12/26/2020,14163,966634,1.47
Nebraska,01/09/2021,5214,01/02/2021,14791,966482,1.53
Nebraska,01/16/2021,3118,01/09/2021,16501,966482,1.71
Nebraska,01/23/2021,3021,01/16/2021,16646,966482,1.72
Nebraska,01/30/2021,2699,01/23/2021,16909,966482,1.75
Nebraska,02/06/2021,2473,01/30/2021,16654,966482,1.72
Nebraska,02/13/2021,2288,02/06/2021,15802,966482,1.64
Nebraska,02/20/2021,1973,02/13/2021,15960,966482,1.65
Nebraska,02/27/2021,1718,02/20/2021,15735,966482,1.63
Nebraska,03/06/2021,1551,02/27/2021,14438,966482,1.49
Nebraska,03/13/2021,1548,03/06/2021,13464,966482,1.39
Nebraska,03/20/2021,1626,03/13/2021,12925,966482,1.34
Nebraska,03/27/2021,1881,03/20/2021,11937,966482,1.24
Nebraska,04/03/2021,1998,03/27/2021,11366,966482,1.18
Nebraska,04/10/2021,1931,04/03/2021,9483,938259,1.01
Nebraska,04/17/2021,1519,04/10/2021,8429,938259,0.9
Nebraska,04/24/2021,1357,04/17/2021,8044,938259,0.86
Nebraska,05/01/2021,1409,04/24/2021,8421,938259,0.9
Nebraska,05/08/2021,1494,05/01/2021,6970,938259,0.74
Nebraska,05/15/2021,1406,05/08/2021,7428,938259,0.79
Nebraska,05/22/2021,1593,05/15/2021,7562,938259,0.81
Nebraska,05/29/2021,1472,05/22/2021,7431,938259,0.79
Nebraska,06/05/2021,1264,05/29/2021,7312,938259,0.78
Nebraska,06/12/2021,1181,06/05/2021,7326,938259,0.78
Nebraska,06/19/2021,982,06/12/2021,7008,938259,0.75
Nebraska,06/26/2021,1644,06/19/2021,6902,938259,0.74
Nebraska,07/03/2021,1257,06/26/2021,6588,938259,0.7
Nebraska,07/10/2021,1149,07/03/2021,7406,931238,0.8
Nebraska,07/17/2021,1362,07/10/2021,8151,931238,0.88
Nebraska,07/24/2021,1431,07/17/2021,6886,931238,0.74
Nebraska,07/31/2021,1268,07/24/2021,6769,931238,0.73
Nebraska,08/07/2021,1049,07/31/2021,6199,931238,0.67
Nebraska,08/14/2021,957,08/07/2021,5838,931238,0.63
Nebraska,08/21/2021,913,08/14/2021,5267,931238,0.57
Nebraska,08/28/2021,978,08/21/2021,4753,931238,0.51
Nebraska,09/04/2021,1003,08/28/2021,4509,931238,0.48
Nebraska,09/11/2021,1454,09/04/2021,4312,931238,0.46
Nebraska,09/18/2021,1317,09/11/2021,4219,931238,0.45
Nebraska,09/25/2021,1058,09/18/2021,4181,931238,0.45
Nebraska,10/02/2021,1028,09/25/2021,3943,931238,0.42
Nebraska,10/09/2021,855,10/02/2021,3729,923211,0.4
Nebraska,10/16/2021,783,10/09/2021,3480,923211,0.38
Nebraska,10/23/2021,1411,10/16/2021,3369,923211,0.36
Nebraska,10/30/2021,746,10/23/2021,3531,923211,0.38
Nebraska,11/06/2021,1309,10/30/2021,3131,923211,0.34
Nebraska,11/13/2021,721,11/06/2021,3019,923211,0.33
Nebraska,11/20/2021,868,11/13/2021,3424,923211,0.37
Nebraska,11/27/2021,693,11/20/2021,3070,923211,0.33
Nebraska,12/04/2021,463,11/27/2021,2774,923211,0.3
Nebraska,12/11/2021,1495,12/04/2021,3640,923211,0.39
Nebraska,12/18/2021,1222,12/11/2021,3696,923211,0.4
Nebraska,12/25/2021,1295,12/18/2021,4028,923211,0.44
Nebraska,01/01/2022,1630,12/25/2021,4693,923211,0.51
Nebraska,01/08/2022,1627,01/01/2022,5708,938268,0.61
Nebraska,01/15/2022,1445,01/08/2022,5674,938268,0.6
Nebraska,01/22/2022,1168,01/15/2022,5649,938268,0.6
Nebraska,01/29/2022,890,01/22/2022,5844,938268,0.62
Nebraska,02/05/2022,745,01/29/2022,5828,938268,0.62
Nebraska,02/12/2022,701,02/05/2022,5821,938268,0.62
Nebraska,02/19/2022,629,02/12/2022,5748,938268,0.61
Nebraska,02/26/2022,664,02/19/2022,5645,938268,0.6
Nebraska,03/05/2022,755,02/26/2022,5737,938268,0.61
Nebraska,03/12/2022,591,03/05/2022,5255,938268,0.56
Nebraska,03/19/2022,565,03/12/2022,4857,938268,0.52
Nebraska,03/26/2022,487,03/19/2022,4292,938268,0.46
Nebraska,04/02/2022,468,03/26/2022,3826,938268,0.41
Nebraska,04/09/2022,583,04/02/2022,3239,944209,0.34
Nebraska,04/16/2022,516,04/09/2022,2974,944209,0.31
Nebraska,04/23/2022,447,04/16/2022,2763,944209,0.29
Nebraska,04/30/2022,479,04/23/2022,2542,944209,0.27
Nebraska,05/07/2022,581,04/30/2022,2518,944209,0.27
Nebraska,05/14/2022,778,05/07/2022,2563,944209,0.27
Nebraska,05/21/2022,723,05/14/2022,2740,944209,0.29
Nebraska,05/28/2022,861,05/21/2022,2702,944209,0.29
Nebraska,06/04/2022,709,05/28/2022,3061,944209,0.32
Nebraska,06/11/2022,677,06/04/2022,3207,944209,0.34
Nebraska,06/18/2022,607,06/11/2022,3324,944209,0.35
Nebraska,06/25/2022,512,06/18/2022,3307,944209,0.35
Nebraska,07/02/2022,484,06/25/2022,3012,944209,0.32
Nebraska,07/09/2022,453,07/02/2022,3060,948771,0.32
Nebraska,07/16/2022,496,07/09/2022,3215,948771,0.34
Nebraska,07/23/2022,526,07/16/2022,3258,948771,0.34
Nebraska,07/30/2022,568,07/23/2022,3328,948771,0.35
Nebraska,08/06/2022,625,07/30/2022,3538,948771,0.37
Nebraska,08/13/2022,531,08/06/2022,3494,948771,0.37
Nebraska,08/20/2022,508,08/13/2022,3136,948771,0.33
Nebraska,08/27/2022,468,08/20/2022,2914,948771,0.31
Nebraska,09/03/2022,488,08/27/2022,2646,948771,0.28
Nebraska,09/10/2022,399,09/03/2022,2647,948771,0.28
Nebraska,09/17/2022,496,09/10/2022,2611,948771,0.28
Nebraska,09/24/2022,439,09/17/2022,2544,948771,0.27
Nebraska,10/01/2022,455,09/24/2022,2564,948771,0.27
Nebraska,10/08/2022,471,10/01/2022,2523,953614,0.26
Nebraska,10/15/2022,489,10/08/2022,2459,953614,0.26
Nebraska,10/22/2022,575,10/15/2022,2512,953614,0.26
Nebraska,10/29/2022,633,10/22/2022,2502,953614,0.26
Nebraska,11/05/2022,599,10/29/2022,2608,953614,0.27
Nebraska,11/12/2022,600,11/05/2022,2553,953614,0.27
Nebraska,11/19/2022,894,11/12/2022,2671,953614,0.28
Nebraska,11/26/2022,611,11/19/2022,2910,953614,0.31
Nebraska,12/03/2022,878,11/26/2022,3238,953614,0.34
Nebraska,12/10/2022,879,12/03/2022,3482,953614,0.37
Nebraska,12/17/2022,1113,12/10/2022,3786,953614,0.4
Nebraska,12/24/2022,1442,12/17/2022,4399,953614,0.46
Nebraska,12/31/2022,1312,12/24/2022,5609,953614,0.59
Nebraska,01/07/2023,1102,12/31/2022,6314,953614,0.66
Nebraska,01/14/2023,932,01/07/2023,6311,957413,0.66
Nebraska,01/21/2023,717,01/14/2023,5782,957413,0.6
Nebraska,01/28/2023,748,01/21/2023,5919,957413,0.62
Nebraska,02/04/2023,800,01/28/2023,5907,957413,0.62
Nebraska,02/11/2023,750,02/04/2023,6011,957413,0.63
Nebraska,02/18/2023,550,02/11/2023,5895,957413,0.62
Nebraska,02/25/2023,597,02/18/2023,5823,957413,0.61
Nebraska,03/04/2023,632,02/25/2023,5743,957413,0.6
Nebraska,03/11/2023,613,03/04/2023,5565,957413,0.58
Nebraska,03/18/2023,572,03/11/2023,5326,957413,0.56
Nebraska,03/25/2023,524,03/18/2023,4948,957413,0.52
Nebraska,04/01/2023,517,03/25/2023,4475,957413,0.47
Nebraska,04/08/2023,653,04/01/2023,3864,962571,0.4
Nebraska,04/15/2023,470,04/08/2023,3647,962571,0.38
Nebraska,04/22/2023,515,04/15/2023,3365,962571,0.35
Nebraska,04/29/2023,505,04/22/2023,3222,962571,0.33
Nebraska,05/06/2023,590,04/29/2023,3240,962571,0.34
Nebraska,05/13/2023,617,05/06/2023,3214,962571,0.33
Nebraska,05/20/2023,720,05/13/2023,3281,962571,0.34
Nebraska,05/27/2023,844,05/20/2023,3397,962571,0.35
Nebraska,06/03/2023,870,05/27/2023,3951,962571,0.41
Nebraska,06/10/2023,670,06/03/2023,4302,962571,0.45
Nebraska,06/17/2023,587,06/10/2023,4143,962571,0.43
Nebraska,06/24/2023,592,06/17/2023,4309,962571,0.45
Nebraska,07/01/2023,835,06/24/2023,4316,962571,0.45
Nebraska,07/08/2023,611,07/01/2023,4744,967610,0.49
Nebraska,07/15/2023,639,07/08/2023,4836,967610,0.5
Nebraska,07/22/2023,608,07/15/2023,4682,967610,0.48
Nebraska,07/29/2023,567,07/22/2023,4535,967610,0.47
Nebraska,08/05/2023,622,07/29/2023,4642,967610,0.48
Nebraska,08/12/2023,638,08/05/2023,4564,967610,0.47
Nebraska,08/19/2023,603,08/12/2023,4271,967610,0.44
Nebraska,08/26/2023,561,08/19/2023,3915,967610,0.4
Nebraska,09/02/2023,559,08/26/2023,3728,967610,0.39
Nebraska,09/09/2023,832,09/02/2023,3747,967610,0.39
Nebraska,09/16/2023,605,09/09/2023,4008,967610,0.41
Nebraska,09/23/2023,581,09/16/2023,3677,967610,0.38
Nebraska,09/30/2023,587,09/23/2023,3596,967610,0.37
Nebraska,10/07/2023,639,09/30/2023,3694,967610,0.38
Nebraska,10/14/2023,655,10/07/2023,3689,973672,0.38
Nebraska,10/21/2023,722,10/14/2023,3861,973672,0.4
Nebraska,10/28/2023,715,10/21/2023,3965,973672,0.41
Nebraska,11/04/2023,701,10/28/2023,3970,973672,0.41
Nebraska,11/11/2023,702,11/04/2023,4112,973672,0.42
Nebraska,11/18/2023,1476,11/11/2023,4179,973672,0.43
Nebraska,11/25/2023,832,11/18/2023,4666,973672,0.48
Nebraska,12/02/2023,1140,11/25/2023,4578,973672,0.47
Nebraska,12/09/2023,1075,12/02/2023,4689,973672,0.48
Nebraska,12/16/2023,1005,12/09/2023,5139,973672,0.53
Nebraska,12/23/2023,1618,12/16/2023,5536,973672,0.57
Nebraska,12/30/2023,1489,12/23/2023,6290,973672,0.65
Nebraska,01/06/2024,1272,12/30/2023,7473,973672,0.77
Nebraska,01/13/2024,1178,01/06/2024,7635,975353,0.78
Nebraska,01/20/2024,1160,01/13/2024,7835,975353,0.8
Nebraska,01/27/2024,876,01/20/2024,8059,975353,0.83
Nebraska,02/03/2024,944,01/27/2024,7500,975353,0.77
Nebraska,02/10/2024,725,02/03/2024,7578,975353,0.78
Nebraska,02/17/2024,632,02/10/2024,7342,975353,0.75
Nebraska,02/24/2024,570,02/17/2024,7112,975353,0.73
Nebraska,03/02/2024,556,02/24/2024,6821,975353,0.7
Nebraska,03/09/2024,671,03/02/2024,6199,975353,0.64
Nebraska,03/16/2024,934,03/09/2024,6075,975353,0.62
Nebraska,03/23/2024,597,03/16/2024,6021,975353,0.62
Nebraska,03/30/2024,569,03/23/2024,5286,975353,0.54
Nebraska,04/06/2024,606,03/30/2024,5160,975353,0.53
Nebraska,04/13/2024,585,04/06/2024,4660,982822,0.47
Nebraska,04/20/2024,508,04/13/2024,4439,982822,0.45
Nebraska,04/27/2024,550,04/20/2024,4296,982822,0.44
Nebraska,05/04/2024,601,04/27/2024,4180,982822,0.43
Nebraska,05/11/2024,679,05/04/2024,4233,982822,0.43
Nebraska,05/18/2024,737,05/11/2024,4201,982822,0.43
Nebraska,05/25/2024,1185,05/18/2024,4369,982822,0.44
Nebraska,06/01/2024,865,05/25/2024,4598,982822,0.47
Nebraska,06/08/2024,809,06/01/2024,5018,982822,0.51
Nebraska,06/15/2024,649,06/08/2024,5172,982822,0.53
Nebraska,06/22/2024,596,06/15/2024,5248,982822,0.53
Nebraska,06/29/2024,921,06/22/2024,5251,982822,0.53
Nebraska,07/06/2024,608,06/29/2024,5376,982822,0.55
Nebraska,07/13/2024,773,07/06/2024,5581,991051,0.56
Nebraska,07/20/2024,665,07/13/2024,5513,991051,0.56
Nebraska,07/27/2024,589,07/20/2024,5421,991051,0.55
Nebraska,08/03/2024,553,07/27/2024,5297,991051,0.53
Nebraska,08/10/2024,583,08/03/2024,5272,991051,0.53
Nebraska,08/17/2024,558,08/10/2024,4927,991051,0.5
Nebraska,08/24/2024,610,08/17/2024,4517,991051,0.46
Nebraska,08/31/2024,572,08/24/2024,4399,991051,0.44
Nebraska,09/07/2024,1200,08/31/2024,4342,991051,0.44
Nebraska,09/14/2024,683,09/07/2024,4819,991051,0.49
Nebraska,09/21/2024,572,09/14/2024,4840,991051,0.49
Nebraska,09/28/2024,534,09/21/2024,4759,991051,0.48
Nebraska,10/05/2024,591,09/28/2024,4215,991051,0.43
Nebraska,10/12/2024,1144,10/05/2024,4667,994317,0.47
Nebraska,10/19/2024,625,10/12/2024,4268,994317,0.43
Nebraska,10/26/2024,753,10/19/2024,4363,994317,0.44
Nebraska,11/02/2024,649,10/26/2024,4430,994317,0.45
Nebraska,11/09/2024,770,11/02/2024,4441,994317,0.45
Nebraska,11/16/2024,746,11/09/2024,4508,994317,0.45
Nebraska,11/23/2024,893,11/16/2024,4571,994317,0.46
Nebraska,11/30/2024,1016,11/23/2024,4769,994317,0.48
Nebraska,12/07/2024,1229,11/30/2024,5467,994317,0.55
Nebraska,12/14/2024,1621,12/07/2024,5543,994317,0.56
Nebraska,12/21/2024,1490,12/14/2024,6462,994317,0.65
Nebraska,12/28/2024,1362,12/21/2024,6885,994317,0.69
Nebraska,01/04/2025,1210,12/28/2024,8194,994317,0.82
Nebraska,01/11/2025,1221,01/04/2025,8617,997060,0.86
Nebraska,01/18/2025,1122,01/11/2025,8189,997060,0.82
Nebraska,01/25/2025,1113,01/18/2025,7901,997060,0.79
Nebraska,02/01/2025,833,01/25/2025,8070,997060,0.81
Nebraska,02/08/2025,792,02/01/2025,7936,997060,0.8
Nebraska,02/15/2025,799,02/08/2025,7904,997060,0.79
Nebraska,02/22/2025,877,02/15/2025,7969,997060,0.8
Nebraska,03/01/2025,1246,02/22/2025,8068,997060,0.81
Nebraska,03/08/2025,609,03/01/2025,7931,997060,0.8
Nebraska,03/15/2025,1004,03/08/2025,7316,997060,0.73
Nebraska,03/22/2025,831,03/15/2025,6865,997060,0.69
Nebraska,03/29/2025,559,03/22/2025,6308,997060,0.63
Nebraska,04/05/2025,644,03/29/2025,5600,997060,0.56
Nebraska,04/12/2025,731,04/05/2025,5221,999191,0.52
New Hampshire,01/04/2020,690,12/28/2019,4468,652934,0.68
New Hampshire,01/11/2020,722,01/04/2020,4575,654468,0.7
New Hampshire,01/18/2020,613,01/11/2020,4215,654468,0.64
New Hampshire,01/25/2020,577,01/18/2020,4202,654468,0.64
New Hampshire,02/01/2020,456,01/25/2020,4033,654468,0.62
New Hampshire,02/08/2020,507,02/01/2020,4050,654468,0.62
New Hampshire,02/15/2020,424,02/08/2020,4015,654468,0.61
New Hampshire,02/22/2020,444,02/15/2020,3936,654468,0.6
New Hampshire,02/29/2020,894,02/22/2020,4048,654468,0.62
New Hampshire,03/07/2020,495,02/29/2020,4475,654468,0.68
New Hampshire,03/14/2020,642,03/07/2020,3909,654468,0.6
New Hampshire,03/21/2020,29379,03/14/2020,4024,654468,0.61
New Hampshire,03/28/2020,31378,03/21/2020,27321,654468,4.17
New Hampshire,04/04/2020,39202,03/28/2020,52166,654468,7.97
New Hampshire,04/11/2020,25273,04/04/2020,79979,649845,12.31
New Hampshire,04/18/2020,20414,04/11/2020,93783,649845,14.43
New Hampshire,04/25/2020,15001,04/18/2020,106841,649845,16.44
New Hampshire,05/02/2020,12475,04/25/2020,115580,649845,17.79
New Hampshire,05/09/2020,10016,05/02/2020,116768,649845,17.97
New Hampshire,05/16/2020,8794,05/09/2020,114450,649845,17.61
New Hampshire,05/23/2020,7266,05/16/2020,109184,649845,16.8
New Hampshire,05/30/2020,6127,05/23/2020,100769,649845,15.51
New Hampshire,06/06/2020,6303,05/30/2020,102189,649845,15.73
New Hampshire,06/13/2020,6431,06/06/2020,98440,649845,15.15
New Hampshire,06/20/2020,5413,06/13/2020,92776,649845,14.28
New Hampshire,06/27/2020,5163,06/20/2020,86586,649845,13.32
New Hampshire,07/04/2020,5776,06/27/2020,74476,649845,11.46
New Hampshire,07/11/2020,2930,07/04/2020,72523,657391,11.03
New Hampshire,07/18/2020,3519,07/11/2020,71824,657391,10.93
New Hampshire,07/25/2020,3276,07/18/2020,66396,657391,10.1
New Hampshire,08/01/2020,2651,07/25/2020,61496,657391,9.35
New Hampshire,08/08/2020,2724,08/01/2020,55239,657391,8.4
New Hampshire,08/15/2020,2832,08/08/2020,49836,657391,7.58
New Hampshire,08/22/2020,2578,08/15/2020,47758,657391,7.26
New Hampshire,08/29/2020,2501,08/22/2020,44578,657391,6.78
New Hampshire,09/05/2020,2482,08/29/2020,42956,657391,6.53
New Hampshire,09/12/2020,2276,09/05/2020,39938,657391,6.08
New Hampshire,09/19/2020,2118,09/12/2020,37241,657391,5.66
New Hampshire,09/26/2020,2193,09/19/2020,35128,657391,5.34
New Hampshire,10/03/2020,2083,09/26/2020,32751,657391,4.98
New Hampshire,10/10/2020,2562,10/03/2020,30234,658755,4.59
New Hampshire,10/17/2020,2100,10/10/2020,28017,658755,4.25
New Hampshire,10/24/2020,2028,10/17/2020,26153,658755,3.97
New Hampshire,10/31/2020,2090,10/24/2020,24478,658755,3.72
New Hampshire,11/07/2020,2171,10/31/2020,23447,658755,3.56
New Hampshire,11/14/2020,1994,11/07/2020,22632,658755,3.44
New Hampshire,11/21/2020,2509,11/14/2020,21746,658755,3.3
New Hampshire,11/28/2020,2308,11/21/2020,20677,658755,3.14
New Hampshire,12/05/2020,3413,11/28/2020,21242,658755,3.22
New Hampshire,12/12/2020,3178,12/05/2020,21040,658755,3.19
New Hampshire,12/19/2020,2837,12/12/2020,21289,658755,3.23
New Hampshire,12/26/2020,3281,12/19/2020,21142,658755,3.21
New Hampshire,01/02/2021,4932,12/26/2020,24337,658755,3.69
New Hampshire,01/09/2021,3859,01/02/2021,27166,636759,4.27
New Hampshire,01/16/2021,4169,01/09/2021,29080,636759,4.57
New Hampshire,01/23/2021,3764,01/16/2021,28536,636759,4.48
New Hampshire,01/30/2021,3304,01/23/2021,27908,636759,4.38
New Hampshire,02/06/2021,3594,01/30/2021,27182,636759,4.27
New Hampshire,02/13/2021,2338,02/06/2021,26750,636759,4.2
New Hampshire,02/20/2021,2933,02/13/2021,25598,636759,4.02
New Hampshire,02/27/2021,2447,02/20/2021,25207,636759,3.96
New Hampshire,03/06/2021,2943,02/27/2021,25051,636759,3.93
New Hampshire,03/13/2021,2568,03/06/2021,24552,636759,3.86
New Hampshire,03/20/2021,1009,03/13/2021,21592,636759,3.39
New Hampshire,03/27/2021,1613,03/20/2021,22275,636759,3.5
New Hampshire,04/03/2021,1144,03/27/2021,21743,636759,3.41
New Hampshire,04/10/2021,1640,04/03/2021,23365,624894,3.74
New Hampshire,04/17/2021,1783,04/10/2021,20468,624894,3.28
New Hampshire,04/24/2021,1509,04/17/2021,20077,624894,3.21
New Hampshire,05/01/2021,499,04/24/2021,19319,624894,3.09
New Hampshire,05/08/2021,1279,05/01/2021,19256,624894,3.08
New Hampshire,05/15/2021,375,05/08/2021,17628,624894,2.82
New Hampshire,05/22/2021,790,05/15/2021,16810,624894,2.69
New Hampshire,05/29/2021,906,05/22/2021,15880,624894,2.54
New Hampshire,06/05/2021,683,05/29/2021,14017,624894,2.24
New Hampshire,06/12/2021,652,06/05/2021,12732,624894,2.04
New Hampshire,06/19/2021,890,06/12/2021,11875,624894,1.9
New Hampshire,06/26/2021,1295,06/19/2021,10526,624894,1.68
New Hampshire,07/03/2021,812,06/26/2021,14168,624894,2.27
New Hampshire,07/10/2021,764,07/03/2021,10630,616132,1.73
New Hampshire,07/17/2021,616,07/10/2021,8951,616132,1.45
New Hampshire,07/24/2021,576,07/17/2021,7602,616132,1.23
New Hampshire,07/31/2021,549,07/24/2021,6505,616132,1.06
New Hampshire,08/07/2021,613,07/31/2021,5880,616132,0.95
New Hampshire,08/14/2021,583,08/07/2021,5379,616132,0.87
New Hampshire,08/21/2021,554,08/14/2021,5174,616132,0.84
New Hampshire,08/28/2021,566,08/21/2021,4934,616132,0.8
New Hampshire,09/04/2021,429,08/28/2021,4628,616132,0.75
New Hampshire,09/11/2021,478,09/04/2021,3790,616132,0.62
New Hampshire,09/18/2021,436,09/11/2021,3491,616132,0.57
New Hampshire,09/25/2021,436,09/18/2021,3226,616132,0.52
New Hampshire,10/02/2021,417,09/25/2021,3005,616132,0.49
New Hampshire,10/09/2021,411,10/02/2021,2867,608853,0.47
New Hampshire,10/16/2021,392,10/09/2021,2691,608853,0.44
New Hampshire,10/23/2021,462,10/16/2021,2681,608853,0.44
New Hampshire,10/30/2021,454,10/23/2021,2615,608853,0.43
New Hampshire,11/06/2021,523,10/30/2021,2807,608853,0.46
New Hampshire,11/13/2021,440,11/06/2021,2677,608853,0.44
New Hampshire,11/20/2021,466,11/13/2021,2414,608853,0.4
New Hampshire,11/27/2021,461,11/20/2021,2373,608853,0.39
New Hampshire,12/04/2021,572,11/27/2021,2480,608853,0.41
New Hampshire,12/11/2021,490,12/04/2021,2592,608853,0.43
New Hampshire,12/18/2021,573,12/11/2021,2729,608853,0.45
New Hampshire,12/25/2021,674,12/18/2021,2701,608853,0.44
New Hampshire,01/01/2022,1056,12/25/2021,2917,608853,0.48
New Hampshire,01/08/2022,632,01/01/2022,3703,626182,0.59
New Hampshire,01/15/2022,597,01/08/2022,3174,626182,0.51
New Hampshire,01/22/2022,471,01/15/2022,3204,626182,0.51
New Hampshire,01/29/2022,489,01/22/2022,3153,626182,0.5
New Hampshire,02/05/2022,387,01/29/2022,3066,626182,0.49
New Hampshire,02/12/2022,300,02/05/2022,2949,626182,0.47
New Hampshire,02/19/2022,354,02/12/2022,2981,626182,0.48
New Hampshire,02/26/2022,388,02/19/2022,2929,626182,0.47
New Hampshire,03/05/2022,660,02/26/2022,2970,626182,0.47
New Hampshire,03/12/2022,323,03/05/2022,3127,626182,0.5
New Hampshire,03/19/2022,317,03/12/2022,2588,626182,0.41
New Hampshire,03/26/2022,269,03/19/2022,2470,626182,0.39
New Hampshire,04/02/2022,273,03/26/2022,2330,626182,0.37
New Hampshire,04/09/2022,248,04/02/2022,2242,634796,0.35
New Hampshire,04/16/2022,241,04/09/2022,2097,634796,0.33
New Hampshire,04/23/2022,281,04/16/2022,1929,634796,0.3
New Hampshire,04/30/2022,750,04/23/2022,1949,634796,0.31
New Hampshire,05/07/2022,309,04/30/2022,2391,634796,0.38
New Hampshire,05/14/2022,251,05/07/2022,1769,634796,0.28
New Hampshire,05/21/2022,252,05/14/2022,1755,634796,0.28
New Hampshire,05/28/2022,211,05/21/2022,1689,634796,0.27
New Hampshire,06/04/2022,293,05/28/2022,1644,634796,0.26
New Hampshire,06/11/2022,333,06/04/2022,1646,634796,0.26
New Hampshire,06/18/2022,320,06/11/2022,1711,634796,0.27
New Hampshire,06/25/2022,768,06/18/2022,1767,634796,0.28
New Hampshire,07/02/2022,390,06/25/2022,2242,634796,0.35
New Hampshire,07/09/2022,436,07/02/2022,2367,640891,0.37
New Hampshire,07/16/2022,295,07/09/2022,2383,640891,0.37
New Hampshire,07/23/2022,299,07/16/2022,2421,640891,0.38
New Hampshire,07/30/2022,263,07/23/2022,2312,640891,0.36
New Hampshire,08/06/2022,415,07/30/2022,2402,640891,0.37
New Hampshire,08/13/2022,408,08/06/2022,2503,640891,0.39
New Hampshire,08/20/2022,334,08/13/2022,2577,640891,0.4
New Hampshire,08/27/2022,313,08/20/2022,2535,640891,0.4
New Hampshire,09/03/2022,243,08/27/2022,2460,640891,0.38
New Hampshire,09/10/2022,231,09/03/2022,1895,640891,0.3
New Hampshire,09/17/2022,244,09/10/2022,1841,640891,0.29
New Hampshire,09/24/2022,274,09/17/2022,1729,640891,0.27
New Hampshire,10/01/2022,247,09/24/2022,1758,640891,0.27
New Hampshire,10/08/2022,257,10/01/2022,1741,647326,0.27
New Hampshire,10/15/2022,283,10/08/2022,1727,647326,0.27
New Hampshire,10/22/2022,334,10/15/2022,1704,647326,0.26
New Hampshire,10/29/2022,302,10/22/2022,1766,647326,0.27
New Hampshire,11/05/2022,280,10/29/2022,1784,647326,0.28
New Hampshire,11/12/2022,319,11/05/2022,1794,647326,0.28
New Hampshire,11/19/2022,390,11/12/2022,1949,647326,0.3
New Hampshire,11/26/2022,329,11/19/2022,1878,647326,0.29
New Hampshire,12/03/2022,431,11/26/2022,2062,647326,0.32
New Hampshire,12/10/2022,368,12/03/2022,2169,647326,0.34
New Hampshire,12/17/2022,462,12/10/2022,2281,647326,0.35
New Hampshire,12/24/2022,370,12/17/2022,2348,647326,0.36
New Hampshire,12/31/2022,882,12/24/2022,2534,647326,0.39
New Hampshire,01/07/2023,571,12/31/2022,3321,647326,0.51
New Hampshire,01/14/2023,480,01/07/2023,2910,652628,0.45
New Hampshire,01/21/2023,366,01/14/2023,2923,652628,0.45
New Hampshire,01/28/2023,435,01/21/2023,3029,652628,0.46
New Hampshire,02/04/2023,404,01/28/2023,2903,652628,0.44
New Hampshire,02/11/2023,424,02/04/2023,3189,652628,0.49
New Hampshire,02/18/2023,355,02/11/2023,3212,652628,0.49
New Hampshire,02/25/2023,491,02/18/2023,3065,652628,0.47
New Hampshire,03/04/2023,744,02/25/2023,3291,652628,0.5
New Hampshire,03/11/2023,409,03/04/2023,3557,652628,0.55
New Hampshire,03/18/2023,379,03/11/2023,3088,652628,0.47
New Hampshire,03/25/2023,370,03/18/2023,3034,652628,0.46
New Hampshire,04/01/2023,371,03/25/2023,2905,652628,0.45
New Hampshire,04/08/2023,405,04/01/2023,2819,652628,0.43
New Hampshire,04/15/2023,378,04/08/2023,2678,658398,0.41
New Hampshire,04/22/2023,393,04/15/2023,2607,658398,0.4
New Hampshire,04/29/2023,843,04/22/2023,2505,658398,0.38
New Hampshire,05/06/2023,415,04/29/2023,3018,658398,0.46
New Hampshire,05/13/2023,377,05/06/2023,2480,658398,0.38
New Hampshire,05/20/2023,429,05/13/2023,2546,658398,0.39
New Hampshire,05/27/2023,300,05/20/2023,2528,658398,0.38
New Hampshire,06/03/2023,386,05/27/2023,2433,658398,0.37
New Hampshire,06/10/2023,418,06/03/2023,2533,658398,0.38
New Hampshire,06/17/2023,359,06/10/2023,2522,658398,0.38
New Hampshire,06/24/2023,882,06/17/2023,2501,658398,0.38
New Hampshire,07/01/2023,558,06/24/2023,3100,658398,0.47
New Hampshire,07/08/2023,440,07/01/2023,3324,658398,0.5
New Hampshire,07/15/2023,404,07/08/2023,3371,662061,0.51
New Hampshire,07/22/2023,394,07/15/2023,3173,662061,0.48
New Hampshire,07/29/2023,380,07/22/2023,3134,662061,0.47
New Hampshire,08/05/2023,397,07/29/2023,3164,662061,0.48
New Hampshire,08/12/2023,479,08/05/2023,3140,662061,0.47
New Hampshire,08/19/2023,508,08/12/2023,3299,662061,0.5
New Hampshire,08/26/2023,402,08/19/2023,3336,662061,0.5
New Hampshire,09/02/2023,334,08/26/2023,3289,662061,0.5
New Hampshire,09/09/2023,314,09/02/2023,2697,662061,0.41
New Hampshire,09/16/2023,328,09/09/2023,2584,662061,0.39
New Hampshire,09/23/2023,325,09/16/2023,2596,662061,0.39
New Hampshire,09/30/2023,366,09/23/2023,2524,662061,0.38
New Hampshire,10/07/2023,386,09/30/2023,2548,662061,0.38
New Hampshire,10/14/2023,356,10/07/2023,2580,665922,0.39
New Hampshire,10/21/2023,333,10/14/2023,2604,665922,0.39
New Hampshire,10/28/2023,421,10/21/2023,2609,665922,0.39
New Hampshire,11/04/2023,445,10/28/2023,2719,665922,0.41
New Hampshire,11/11/2023,414,11/04/2023,2794,665922,0.42
New Hampshire,11/18/2023,431,11/11/2023,2951,665922,0.44
New Hampshire,11/25/2023,485,11/18/2023,2865,665922,0.43
New Hampshire,12/02/2023,533,11/25/2023,3024,665922,0.45
New Hampshire,12/09/2023,485,12/02/2023,3065,665922,0.46
New Hampshire,12/16/2023,528,12/09/2023,3169,665922,0.48
New Hampshire,12/23/2023,505,12/16/2023,3227,665922,0.48
New Hampshire,12/30/2023,948,12/23/2023,3357,665922,0.5
New Hampshire,01/06/2024,622,12/30/2023,4030,665922,0.61
New Hampshire,01/13/2024,555,01/06/2024,3728,669133,0.56
New Hampshire,01/20/2024,494,01/13/2024,3810,669133,0.57
New Hampshire,01/27/2024,544,01/20/2024,3834,669133,0.57
New Hampshire,02/03/2024,500,01/27/2024,3924,669133,0.59
New Hampshire,02/10/2024,485,02/03/2024,3924,669133,0.59
New Hampshire,02/17/2024,512,02/10/2024,3945,669133,0.59
New Hampshire,02/24/2024,502,02/17/2024,3957,669133,0.59
New Hampshire,03/02/2024,966,02/24/2024,3995,669133,0.6
New Hampshire,03/09/2024,520,03/02/2024,4421,669133,0.66
New Hampshire,03/16/2024,402,03/09/2024,4006,669133,0.6
New Hampshire,03/23/2024,428,03/16/2024,3841,669133,0.57
New Hampshire,03/30/2024,412,03/23/2024,3766,669133,0.56
New Hampshire,04/06/2024,404,03/30/2024,3678,669133,0.55
New Hampshire,04/13/2024,448,04/06/2024,3604,671449,0.54
New Hampshire,04/20/2024,406,04/13/2024,3422,671449,0.51
New Hampshire,04/27/2024,894,04/20/2024,3331,671449,0.5
New Hampshire,05/04/2024,459,04/27/2024,3840,671449,0.57
New Hampshire,05/11/2024,397,05/04/2024,3225,671449,0.48
New Hampshire,05/18/2024,366,05/11/2024,3121,671449,0.46
New Hampshire,05/25/2024,321,05/18/2024,3086,671449,0.46
New Hampshire,06/01/2024,272,05/25/2024,3037,671449,0.45
New Hampshire,06/08/2024,381,06/01/2024,2957,671449,0.44
New Hampshire,06/15/2024,379,06/08/2024,2989,671449,0.45
New Hampshire,06/22/2024,937,06/15/2024,2880,671449,0.43
New Hampshire,06/29/2024,442,06/22/2024,3476,671449,0.52
New Hampshire,07/06/2024,432,06/29/2024,3139,671449,0.47
New Hampshire,07/13/2024,457,07/06/2024,3966,673453,0.59
New Hampshire,07/20/2024,369,07/13/2024,3571,673453,0.53
New Hampshire,07/27/2024,366,07/20/2024,3468,673453,0.51
New Hampshire,08/03/2024,379,07/27/2024,3755,673453,0.56
New Hampshire,08/10/2024,459,08/03/2024,3802,673453,0.56
New Hampshire,08/17/2024,441,08/10/2024,3878,673453,0.58
New Hampshire,08/24/2024,394,08/17/2024,3980,673453,0.59
New Hampshire,08/31/2024,340,08/24/2024,3856,673453,0.57
New Hampshire,09/07/2024,330,08/31/2024,3255,673453,0.48
New Hampshire,09/14/2024,298,09/07/2024,3075,673453,0.46
New Hampshire,09/21/2024,322,09/14/2024,3014,673453,0.45
New Hampshire,09/28/2024,306,09/21/2024,2970,673453,0.44
New Hampshire,10/05/2024,359,09/28/2024,3055,673453,0.45
New Hampshire,10/12/2024,367,10/05/2024,3001,675230,0.44
New Hampshire,10/19/2024,357,10/12/2024,3025,675230,0.45
New Hampshire,10/26/2024,353,10/19/2024,2979,675230,0.44
New Hampshire,11/02/2024,342,10/26/2024,2989,675230,0.44
New Hampshire,11/09/2024,449,11/02/2024,3031,675230,0.45
New Hampshire,11/16/2024,341,11/09/2024,2996,675230,0.44
New Hampshire,11/23/2024,442,11/16/2024,3101,675230,0.46
New Hampshire,11/30/2024,423,11/23/2024,3123,675230,0.46
New Hampshire,12/07/2024,506,11/30/2024,3259,675230,0.48
New Hampshire,12/14/2024,489,12/07/2024,3357,675230,0.5
New Hampshire,12/21/2024,523,12/14/2024,3426,675230,0.51
New Hampshire,12/28/2024,1049,12/21/2024,3513,675230,0.52
New Hampshire,01/04/2025,525,12/28/2024,4342,675230,0.64
New Hampshire,01/11/2025,550,01/04/2025,4248,676332,0.63
New Hampshire,01/18/2025,489,01/11/2025,3967,676332,0.59
New Hampshire,01/25/2025,476,01/18/2025,3964,676332,0.59
New Hampshire,02/01/2025,499,01/25/2025,4108,676332,0.61
New Hampshire,02/08/2025,448,02/01/2025,4148,676332,0.61
New Hampshire,02/15/2025,434,02/08/2025,4151,676332,0.61
New Hampshire,02/22/2025,400,02/15/2025,4147,676332,0.61
New Hampshire,03/01/2025,973,02/22/2025,4264,676332,0.63
New Hampshire,03/08/2025,494,03/01/2025,4646,676332,0.69
New Hampshire,03/15/2025,414,03/08/2025,4199,676332,0.62
New Hampshire,03/22/2025,449,03/15/2025,4107,676332,0.61
New Hampshire,03/29/2025,370,03/22/2025,4118,676332,0.61
New Hampshire,04/05/2025,359,03/29/2025,3973,676332,0.59
New Hampshire,04/12/2025,335,04/05/2025,3860,677704,0.57
New Jersey,01/04/2020,15325,12/28/2019,111335,4007202,2.78
New Jersey,01/11/2020,13469,01/04/2020,120461,4015146,3
New Jersey,01/18/2020,10728,01/11/2020,108425,4015146,2.7
New Jersey,01/25/2020,9325,01/18/2020,107082,4015146,2.67
New Jersey,02/01/2020,8304,01/25/2020,110022,4015146,2.74
New Jersey,02/08/2020,9288,02/01/2020,109931,4015146,2.74
New Jersey,02/15/2020,8550,02/08/2020,110016,4015146,2.74
New Jersey,02/22/2020,8396,02/15/2020,109265,4015146,2.72
New Jersey,02/29/2020,7773,02/22/2020,110902,4015146,2.76
New Jersey,03/07/2020,7996,02/29/2020,107646,4015146,2.68
New Jersey,03/14/2020,9467,03/07/2020,104283,4015146,2.6
New Jersey,03/21/2020,115815,03/14/2020,105840,4015146,2.64
New Jersey,03/28/2020,206253,03/21/2020,156181,4015146,3.89
New Jersey,04/04/2020,214836,03/28/2020,276119,4015146,6.88
New Jersey,04/11/2020,141420,04/04/2020,429388,4025826,10.67
New Jersey,04/18/2020,140139,04/11/2020,556005,4025826,13.81
New Jersey,04/25/2020,71966,04/18/2020,621753,4025826,15.44
New Jersey,05/02/2020,88326,04/25/2020,642651,4025826,15.96
New Jersey,05/09/2020,69689,05/02/2020,715433,4025826,17.77
New Jersey,05/16/2020,42365,05/09/2020,601770,4025826,14.95
New Jersey,05/23/2020,34410,05/16/2020,586532,4025826,14.57
New Jersey,05/30/2020,26752,05/23/2020,547913,4025826,13.61
New Jersey,06/06/2020,23166,05/30/2020,559057,4025826,13.89
New Jersey,06/13/2020,26438,06/06/2020,538269,4025826,13.37
New Jersey,06/20/2020,33027,06/13/2020,528173,4025826,13.12
New Jersey,06/27/2020,27992,06/20/2020,519167,4025826,12.9
New Jersey,07/04/2020,47402,06/27/2020,491778,4025826,12.22
New Jersey,07/11/2020,38825,07/04/2020,491296,4034480,12.18
New Jersey,07/18/2020,25932,07/11/2020,476539,4034480,11.81
New Jersey,07/25/2020,28073,07/18/2020,485809,4034480,12.04
New Jersey,08/01/2020,16584,07/25/2020,467370,4034480,11.58
New Jersey,08/08/2020,13837,08/01/2020,426519,4034480,10.57
New Jersey,08/15/2020,25417,08/08/2020,420062,4034480,10.41
New Jersey,08/22/2020,20182,08/15/2020,411019,4034480,10.19
New Jersey,08/29/2020,20348,08/22/2020,410830,4034480,10.18
New Jersey,09/05/2020,22750,08/29/2020,388233,4034480,9.62
New Jersey,09/12/2020,19642,09/05/2020,366673,4034480,9.09
New Jersey,09/19/2020,24680,09/12/2020,353590,4034480,8.76
New Jersey,09/26/2020,27184,09/19/2020,322414,4034480,7.99
New Jersey,10/03/2020,23680,09/26/2020,282981,4034480,7.01
New Jersey,10/10/2020,29031,10/03/2020,249076,4042393,6.16
New Jersey,10/17/2020,28809,10/10/2020,217743,4042393,5.39
New Jersey,10/24/2020,27203,10/17/2020,203663,4042393,5.04
New Jersey,10/31/2020,24703,10/24/2020,179328,4042393,4.44
New Jersey,11/07/2020,20978,10/31/2020,168839,4042393,4.18
New Jersey,11/14/2020,12988,11/07/2020,164818,4042393,4.08
New Jersey,11/21/2020,12205,11/14/2020,157386,4042393,3.89
New Jersey,11/28/2020,13546,11/21/2020,143270,4042393,3.54
New Jersey,12/05/2020,17025,11/28/2020,154758,4042393,3.83
New Jersey,12/12/2020,16368,12/05/2020,150410,4042393,3.72
New Jersey,12/19/2020,17611,12/12/2020,146200,4042393,3.62
New Jersey,12/26/2020,20462,12/19/2020,138261,4042393,3.42
New Jersey,01/02/2021,20988,12/26/2020,141210,4042393,3.49
New Jersey,01/09/2021,21836,01/02/2021,156368,3881693,4.03
New Jersey,01/16/2021,16769,01/09/2021,144163,3881693,3.71
New Jersey,01/23/2021,16845,01/16/2021,141683,3881693,3.65
New Jersey,01/30/2021,14689,01/23/2021,142773,3881693,3.68
New Jersey,02/06/2021,16205,01/30/2021,137483,3881693,3.54
New Jersey,02/13/2021,11575,02/06/2021,142647,3881693,3.67
New Jersey,02/20/2021,10768,02/13/2021,131919,3881693,3.4
New Jersey,02/27/2021,10385,02/20/2021,132451,3881693,3.41
New Jersey,03/06/2021,9857,02/27/2021,127848,3881693,3.29
New Jersey,03/13/2021,10272,03/06/2021,126305,3881693,3.25
New Jersey,03/20/2021,10441,03/13/2021,120159,3881693,3.1
New Jersey,03/27/2021,16728,03/20/2021,115656,3881693,2.98
New Jersey,04/03/2021,19875,03/27/2021,109115,3881693,2.81
New Jersey,04/10/2021,11346,04/03/2021,123723,3778991,3.27
New Jersey,04/17/2021,10536,04/10/2021,123907,3778991,3.28
New Jersey,04/24/2021,12322,04/17/2021,117708,3778991,3.11
New Jersey,05/01/2021,14324,04/24/2021,113091,3778991,2.99
New Jersey,05/08/2021,13456,05/01/2021,114110,3778991,3.02
New Jersey,05/15/2021,18268,05/08/2021,112865,3778991,2.99
New Jersey,05/22/2021,12978,05/15/2021,117053,3778991,3.1
New Jersey,05/29/2021,12771,05/22/2021,120201,3778991,3.18
New Jersey,06/05/2021,9786,05/29/2021,112507,3778991,2.98
New Jersey,06/12/2021,9464,06/05/2021,113562,3778991,3.01
New Jersey,06/19/2021,8763,06/12/2021,120661,3778991,3.19
New Jersey,06/26/2021,12144,06/19/2021,128479,3778991,3.4
New Jersey,07/03/2021,11298,06/26/2021,132539,3778991,3.51
New Jersey,07/10/2021,10952,07/03/2021,135576,3703899,3.66
New Jersey,07/17/2021,11109,07/10/2021,140065,3703899,3.78
New Jersey,07/24/2021,11529,07/17/2021,137836,3703899,3.72
New Jersey,07/31/2021,11481,07/24/2021,135064,3703899,3.65
New Jersey,08/07/2021,10629,07/31/2021,109785,3703899,2.96
New Jersey,08/14/2021,9938,08/07/2021,138066,3703899,3.73
New Jersey,08/21/2021,10775,08/14/2021,131426,3703899,3.55
New Jersey,08/28/2021,8279,08/21/2021,131898,3703899,3.56
New Jersey,09/04/2021,7523,08/28/2021,125951,3703899,3.4
New Jersey,09/11/2021,7266,09/04/2021,112752,3703899,3.04
New Jersey,09/18/2021,8463,09/11/2021,115963,3703899,3.13
New Jersey,09/25/2021,7487,09/18/2021,106664,3703899,2.88
New Jersey,10/02/2021,7933,09/25/2021,100238,3703899,2.71
New Jersey,10/09/2021,7469,10/02/2021,97744,3638171,2.69
New Jersey,10/16/2021,6924,10/09/2021,90304,3638171,2.48
New Jersey,10/23/2021,7236,10/16/2021,91712,3638171,2.52
New Jersey,10/30/2021,8004,10/23/2021,90409,3638171,2.49
New Jersey,11/06/2021,7344,10/30/2021,88044,3638171,2.42
New Jersey,11/13/2021,6933,11/06/2021,90179,3638171,2.48
New Jersey,11/20/2021,8994,11/13/2021,87869,3638171,2.42
New Jersey,11/27/2021,6623,11/20/2021,82036,3638171,2.25
New Jersey,12/04/2021,8842,11/27/2021,92639,3638171,2.55
New Jersey,12/11/2021,8335,12/04/2021,87725,3638171,2.41
New Jersey,12/18/2021,7638,12/11/2021,88823,3638171,2.44
New Jersey,12/25/2021,12298,12/18/2021,83787,3638171,2.3
New Jersey,01/01/2022,15552,12/25/2021,87865,3638171,2.42
New Jersey,01/08/2022,16525,01/01/2022,98533,3750802,2.63
New Jersey,01/15/2022,14882,01/08/2022,99976,3750802,2.67
New Jersey,01/22/2022,10064,01/15/2022,96702,3750802,2.58
New Jersey,01/29/2022,9122,01/22/2022,94609,3750802,2.52
New Jersey,02/05/2022,9528,01/29/2022,96672,3750802,2.58
New Jersey,02/12/2022,8587,02/05/2022,94635,3750802,2.52
New Jersey,02/19/2022,7269,02/12/2022,92788,3750802,2.47
New Jersey,02/26/2022,6173,02/19/2022,89421,3750802,2.38
New Jersey,03/05/2022,8554,02/26/2022,89461,3750802,2.39
New Jersey,03/12/2022,7508,03/05/2022,88577,3750802,2.36
New Jersey,03/19/2022,7279,03/12/2022,87586,3750802,2.34
New Jersey,03/26/2022,7258,03/19/2022,88985,3750802,2.37
New Jersey,04/02/2022,6153,03/26/2022,85965,3750802,2.29
New Jersey,04/09/2022,6575,04/02/2022,85103,3750365,2.27
New Jersey,04/16/2022,7691,04/09/2022,80818,3750365,2.15
New Jersey,04/23/2022,8579,04/16/2022,77460,3750365,2.07
New Jersey,04/30/2022,6113,04/23/2022,78900,3750365,2.1
New Jersey,05/07/2022,5847,04/30/2022,74357,3750365,1.98
New Jersey,05/14/2022,6230,05/07/2022,72286,3750365,1.93
New Jersey,05/21/2022,6122,05/14/2022,72151,3750365,1.92
New Jersey,05/28/2022,5823,05/21/2022,69095,3750365,1.84
New Jersey,06/04/2022,5383,05/28/2022,66367,3750365,1.77
New Jersey,06/11/2022,6432,06/04/2022,72269,3750365,1.93
New Jersey,06/18/2022,7329,06/11/2022,68199,3750365,1.82
New Jersey,06/25/2022,12898,06/18/2022,71026,3750365,1.89
New Jersey,07/02/2022,12434,06/25/2022,74362,3750365,1.98
New Jersey,07/09/2022,9102,07/02/2022,74120,3879233,1.91
New Jersey,07/16/2022,7230,07/09/2022,81544,3879233,2.1
New Jersey,07/23/2022,6549,07/16/2022,82369,3879233,2.12
New Jersey,07/30/2022,6694,07/23/2022,82402,3879233,2.12
New Jersey,08/06/2022,7659,07/30/2022,81354,3879233,2.1
New Jersey,08/13/2022,7466,08/06/2022,84134,3879233,2.17
New Jersey,08/20/2022,6066,08/13/2022,84003,3879233,2.17
New Jersey,08/27/2022,6322,08/20/2022,85675,3879233,2.21
New Jersey,09/03/2022,6455,08/27/2022,85207,3879233,2.2
New Jersey,09/10/2022,5800,09/03/2022,77942,3879233,2.01
New Jersey,09/17/2022,6964,09/10/2022,72303,3879233,1.86
New Jersey,09/24/2022,5564,09/17/2022,68616,3879233,1.77
New Jersey,10/01/2022,6441,09/24/2022,67040,3879233,1.73
New Jersey,10/08/2022,7472,10/01/2022,68515,3943405,1.74
New Jersey,10/15/2022,6282,10/08/2022,65400,3943405,1.66
New Jersey,10/22/2022,7382,10/15/2022,69577,3943405,1.76
New Jersey,10/29/2022,7581,10/22/2022,69368,3943405,1.76
New Jersey,11/05/2022,7091,10/29/2022,68565,3943405,1.74
New Jersey,11/12/2022,8111,11/05/2022,68639,3943405,1.74
New Jersey,11/19/2022,8863,11/12/2022,77426,3943405,1.96
New Jersey,11/26/2022,7532,11/19/2022,67860,3943405,1.72
New Jersey,12/03/2022,9921,11/26/2022,81443,3943405,2.07
New Jersey,12/10/2022,8935,12/03/2022,80475,3943405,2.04
New Jersey,12/17/2022,10193,12/10/2022,83055,3943405,2.11
New Jersey,12/24/2022,10979,12/17/2022,83118,3943405,2.11
New Jersey,12/31/2022,15493,12/24/2022,87588,3943405,2.22
New Jersey,01/07/2023,13957,12/31/2022,101627,3943405,2.58
New Jersey,01/14/2023,11393,01/07/2023,101656,4004023,2.54
New Jersey,01/21/2023,9425,01/14/2023,99664,4004023,2.49
New Jersey,01/28/2023,10059,01/21/2023,104160,4004023,2.6
New Jersey,02/04/2023,8996,01/28/2023,104709,4004023,2.62
New Jersey,02/11/2023,8504,02/04/2023,108038,4004023,2.7
New Jersey,02/18/2023,7550,02/11/2023,107465,4004023,2.68
New Jersey,02/25/2023,7711,02/18/2023,106201,4004023,2.65
New Jersey,03/04/2023,8313,02/25/2023,109166,4004023,2.73
New Jersey,03/11/2023,8074,03/04/2023,107734,4004023,2.69
New Jersey,03/18/2023,7396,03/11/2023,104220,4004023,2.6
New Jersey,03/25/2023,7603,03/18/2023,103827,4004023,2.59
New Jersey,04/01/2023,7740,03/25/2023,100916,4004023,2.52
New Jersey,04/08/2023,11118,04/01/2023,96451,4056914,2.38
New Jersey,04/15/2023,11133,04/08/2023,97247,4056914,2.4
New Jersey,04/22/2023,8171,04/15/2023,98720,4056914,2.43
New Jersey,04/29/2023,7388,04/22/2023,90733,4056914,2.24
New Jersey,05/06/2023,8413,04/29/2023,89612,4056914,2.21
New Jersey,05/13/2023,7397,05/06/2023,87541,4056914,2.16
New Jersey,05/20/2023,7585,05/13/2023,86853,4056914,2.14
New Jersey,05/27/2023,7460,05/20/2023,86111,4056914,2.12
New Jersey,06/03/2023,6900,05/27/2023,83579,4056914,2.06
New Jersey,06/10/2023,7456,06/03/2023,85081,4056914,2.1
New Jersey,06/17/2023,9868,06/10/2023,84802,4056914,2.09
New Jersey,06/24/2023,15174,06/17/2023,84923,4056914,2.09
New Jersey,07/01/2023,14037,06/24/2023,90870,4056914,2.24
New Jersey,07/08/2023,10747,07/01/2023,95300,4087868,2.33
New Jersey,07/15/2023,8711,07/08/2023,101962,4087868,2.49
New Jersey,07/22/2023,7850,07/15/2023,103664,4087868,2.54
New Jersey,07/29/2023,8580,07/22/2023,104760,4087868,2.56
New Jersey,08/05/2023,10202,07/29/2023,100953,4087868,2.47
New Jersey,08/12/2023,9258,08/05/2023,102858,4087868,2.52
New Jersey,08/19/2023,8076,08/12/2023,103057,4087868,2.52
New Jersey,08/26/2023,7961,08/19/2023,104912,4087868,2.57
New Jersey,09/02/2023,7822,08/26/2023,105306,4087868,2.58
New Jersey,09/09/2023,7445,09/02/2023,100736,4087868,2.46
New Jersey,09/16/2023,7671,09/09/2023,95071,4087868,2.33
New Jersey,09/23/2023,7383,09/16/2023,88322,4087868,2.16
New Jersey,09/30/2023,7394,09/23/2023,86286,4087868,2.11
New Jersey,10/07/2023,9007,09/30/2023,85417,4087868,2.09
New Jersey,10/14/2023,7547,10/07/2023,82203,4113007,2
New Jersey,10/21/2023,8055,10/14/2023,84416,4113007,2.05
New Jersey,10/28/2023,8430,10/21/2023,83889,4113007,2.04
New Jersey,11/04/2023,10119,10/28/2023,85147,4113007,2.07
New Jersey,11/11/2023,11177,11/04/2023,83541,4113007,2.03
New Jersey,11/18/2023,11155,11/11/2023,90735,4113007,2.21
New Jersey,11/25/2023,9300,11/18/2023,86219,4113007,2.1
New Jersey,12/02/2023,11377,11/25/2023,97971,4113007,2.38
New Jersey,12/09/2023,10675,12/02/2023,93747,4113007,2.28
New Jersey,12/16/2023,10449,12/09/2023,96131,4113007,2.34
New Jersey,12/23/2023,15162,12/16/2023,97514,4113007,2.37
New Jersey,12/30/2023,18349,12/23/2023,98186,4113007,2.39
New Jersey,01/06/2024,14305,12/30/2023,115954,4113007,2.82
New Jersey,01/13/2024,12769,01/06/2024,113187,4132132,2.74
New Jersey,01/20/2024,11530,01/13/2024,109285,4132132,2.64
New Jersey,01/27/2024,11023,01/20/2024,117585,4132132,2.85
New Jersey,02/03/2024,10400,01/27/2024,117055,4132132,2.83
New Jersey,02/10/2024,9507,02/03/2024,119569,4132132,2.89
New Jersey,02/17/2024,8704,02/10/2024,115749,4132132,2.8
New Jersey,02/24/2024,8385,02/17/2024,116318,4132132,2.81
New Jersey,03/02/2024,9028,02/24/2024,118714,4132132,2.87
New Jersey,03/09/2024,9120,03/02/2024,119187,4132132,2.88
New Jersey,03/16/2024,8501,03/09/2024,116973,4132132,2.83
New Jersey,03/23/2024,8387,03/16/2024,114694,4132132,2.78
New Jersey,03/30/2024,9617,03/23/2024,109144,4132132,2.64
New Jersey,04/06/2024,13956,03/30/2024,108907,4132132,2.64
New Jersey,04/13/2024,9586,04/06/2024,112927,4147212,2.72
New Jersey,04/20/2024,8695,04/13/2024,103861,4147212,2.5
New Jersey,04/27/2024,8117,04/20/2024,99325,4147212,2.39
New Jersey,05/04/2024,8409,04/27/2024,98542,4147212,2.38
New Jersey,05/11/2024,8258,05/04/2024,96910,4147212,2.34
New Jersey,05/18/2024,8568,05/11/2024,95641,4147212,2.31
New Jersey,05/25/2024,8504,05/18/2024,94241,4147212,2.27
New Jersey,06/01/2024,7743,05/25/2024,93529,4147212,2.26
New Jersey,06/08/2024,8833,06/01/2024,95473,4147212,2.3
New Jersey,06/15/2024,9795,06/08/2024,92780,4147212,2.24
New Jersey,06/22/2024,15166,06/15/2024,93046,4147212,2.24
New Jersey,06/29/2024,17723,06/22/2024,99344,4147212,2.4
New Jersey,07/06/2024,12206,06/29/2024,105900,4147212,2.55
New Jersey,07/13/2024,10674,07/06/2024,116199,4160826,2.79
New Jersey,07/20/2024,8811,07/13/2024,114200,4160826,2.74
New Jersey,07/27/2024,8453,07/20/2024,114492,4160826,2.75
New Jersey,08/03/2024,9533,07/27/2024,114519,4160826,2.75
New Jersey,08/10/2024,9872,08/03/2024,114459,4160826,2.75
New Jersey,08/17/2024,8862,08/10/2024,114676,4160826,2.76
New Jersey,08/24/2024,8814,08/17/2024,115303,4160826,2.77
New Jersey,08/31/2024,8306,08/24/2024,114870,4160826,2.76
New Jersey,09/07/2024,8058,08/31/2024,111736,4160826,2.69
New Jersey,09/14/2024,8513,09/07/2024,101791,4160826,2.45
New Jersey,09/21/2024,8352,09/14/2024,93643,4160826,2.25
New Jersey,09/28/2024,7905,09/21/2024,91999,4160826,2.21
New Jersey,10/05/2024,9558,09/28/2024,90522,4160826,2.18
New Jersey,10/12/2024,9252,10/05/2024,90734,4172311,2.17
New Jersey,10/19/2024,8324,10/12/2024,89578,4172311,2.15
New Jersey,10/26/2024,8347,10/19/2024,90976,4172311,2.18
New Jersey,11/02/2024,9664,10/26/2024,91276,4172311,2.19
New Jersey,11/09/2024,12103,11/02/2024,91107,4172311,2.18
New Jersey,11/16/2024,10680,11/09/2024,95793,4172311,2.3
New Jersey,11/23/2024,9827,11/16/2024,96052,4172311,2.3
New Jersey,11/30/2024,9625,11/23/2024,92367,4172311,2.21
New Jersey,12/07/2024,12532,11/30/2024,102654,4172311,2.46
New Jersey,12/14/2024,10760,12/07/2024,99269,4172311,2.38
New Jersey,12/21/2024,14845,12/14/2024,101641,4172311,2.44
New Jersey,12/28/2024,20576,12/21/2024,99995,4172311,2.4
New Jersey,01/04/2025,15893,12/28/2024,120897,4172311,2.9
New Jersey,01/11/2025,15584,01/04/2025,128253,4183978,3.07
New Jersey,01/18/2025,12578,01/11/2025,119754,4183978,2.86
New Jersey,01/25/2025,11656,01/18/2025,120444,4183978,2.88
New Jersey,02/01/2025,10678,01/25/2025,122180,4183978,2.92
New Jersey,02/08/2025,10442,02/01/2025,121812,4183978,2.91
New Jersey,02/15/2025,9539,02/08/2025,120147,4183978,2.87
New Jersey,02/22/2025,9761,02/15/2025,122365,4183978,2.92
New Jersey,03/01/2025,9227,02/22/2025,121290,4183978,2.9
New Jersey,03/08/2025,9052,03/01/2025,120359,4183978,2.88
New Jersey,03/15/2025,8192,03/08/2025,116199,4183978,2.78
New Jersey,03/22/2025,8264,03/15/2025,114644,4183978,2.74
New Jersey,03/29/2025,7828,03/22/2025,110659,4183978,2.64
New Jersey,04/05/2025,8908,03/29/2025,107075,4183978,2.56
New Jersey,04/12/2025,9778,04/05/2025,104239,4190955,2.49
New Mexico,01/04/2020,799,12/28/2019,10140,796105,1.27
New Mexico,01/11/2020,1194,01/04/2020,10310,799085,1.29
New Mexico,01/18/2020,947,01/11/2020,9920,799085,1.24
New Mexico,01/25/2020,764,01/18/2020,10137,799085,1.27
New Mexico,02/01/2020,784,01/25/2020,10066,799085,1.26
New Mexico,02/08/2020,873,02/01/2020,9965,799085,1.25
New Mexico,02/15/2020,725,02/08/2020,9987,799085,1.25
New Mexico,02/22/2020,737,02/15/2020,10051,799085,1.26
New Mexico,02/29/2020,681,02/22/2020,10039,799085,1.26
New Mexico,03/07/2020,690,02/29/2020,9845,799085,1.23
New Mexico,03/14/2020,869,03/07/2020,9566,799085,1.2
New Mexico,03/21/2020,18105,03/14/2020,9288,799085,1.16
New Mexico,03/28/2020,27849,03/21/2020,20087,799085,2.51
New Mexico,04/04/2020,26132,03/28/2020,44829,799085,5.61
New Mexico,04/11/2020,19043,04/04/2020,62686,802978,7.81
New Mexico,04/18/2020,13621,04/11/2020,80986,802978,10.09
New Mexico,04/25/2020,12093,04/18/2020,94149,802978,11.72
New Mexico,05/02/2020,13675,04/25/2020,96157,802978,11.98
New Mexico,05/09/2020,8024,05/02/2020,101132,802978,12.59
New Mexico,05/16/2020,7356,05/09/2020,103949,802978,12.95
New Mexico,05/23/2020,7058,05/16/2020,108714,802978,13.54
New Mexico,05/30/2020,6672,05/23/2020,105755,802978,13.17
New Mexico,06/06/2020,5290,05/30/2020,104019,802978,12.95
New Mexico,06/13/2020,4536,06/06/2020,104805,802978,13.05
New Mexico,06/20/2020,4236,06/13/2020,103020,802978,12.83
New Mexico,06/27/2020,4435,06/20/2020,95535,802978,11.9
New Mexico,07/04/2020,4935,06/27/2020,97179,802978,12.1
New Mexico,07/11/2020,5758,07/04/2020,95025,806473,11.78
New Mexico,07/18/2020,6881,07/11/2020,97612,806473,12.1
New Mexico,07/25/2020,6402,07/18/2020,97191,806473,12.05
New Mexico,08/01/2020,5117,07/25/2020,100094,806473,12.41
New Mexico,08/08/2020,4359,08/01/2020,93337,806473,11.57
New Mexico,08/15/2020,4175,08/08/2020,92792,806473,11.51
New Mexico,08/22/2020,3725,08/15/2020,89503,806473,11.1
New Mexico,08/29/2020,3410,08/22/2020,87675,806473,10.87
New Mexico,09/05/2020,3357,08/29/2020,87854,806473,10.89
New Mexico,09/12/2020,3048,09/05/2020,84046,806473,10.42
New Mexico,09/19/2020,3314,09/12/2020,81811,806473,10.14
New Mexico,09/26/2020,3067,09/19/2020,76866,806473,9.53
New Mexico,10/03/2020,3314,09/26/2020,71295,806473,8.84
New Mexico,10/10/2020,3918,10/03/2020,62076,810264,7.66
New Mexico,10/17/2020,3641,10/10/2020,56804,810264,7.01
New Mexico,10/24/2020,3818,10/17/2020,52546,810264,6.49
New Mexico,10/31/2020,4209,10/24/2020,50753,810264,6.26
New Mexico,11/07/2020,3848,10/31/2020,46313,810264,5.72
New Mexico,11/14/2020,5034,11/07/2020,44383,810264,5.48
New Mexico,11/21/2020,12159,11/14/2020,44045,810264,5.44
New Mexico,11/28/2020,8337,11/21/2020,49130,810264,6.06
New Mexico,12/05/2020,7959,11/28/2020,54405,810264,6.71
New Mexico,12/12/2020,5100,12/05/2020,52758,810264,6.51
New Mexico,12/19/2020,4802,12/12/2020,50456,810264,6.23
New Mexico,12/26/2020,3587,12/19/2020,44466,810264,5.49
New Mexico,01/02/2021,4081,12/26/2020,47501,810264,5.86
New Mexico,01/09/2021,11514,01/02/2021,44857,788517,5.69
New Mexico,01/16/2021,6402,01/09/2021,43396,788517,5.5
New Mexico,01/23/2021,4608,01/16/2021,42527,788517,5.39
New Mexico,01/30/2021,4527,01/23/2021,40971,788517,5.2
New Mexico,02/06/2021,3709,01/30/2021,39129,788517,4.96
New Mexico,02/13/2021,3407,02/06/2021,37719,788517,4.78
New Mexico,02/20/2021,3143,02/13/2021,36026,788517,4.57
New Mexico,02/27/2021,3150,02/20/2021,34974,788517,4.44
New Mexico,03/06/2021,2338,02/27/2021,32949,788517,4.18
New Mexico,03/13/2021,2690,03/06/2021,32289,788517,4.09
New Mexico,03/20/2021,2502,03/13/2021,29902,788517,3.79
New Mexico,03/27/2021,2867,03/20/2021,28512,788517,3.62
New Mexico,04/03/2021,5893,03/27/2021,27720,788517,3.52
New Mexico,04/10/2021,5513,04/03/2021,27708,769303,3.6
New Mexico,04/17/2021,4175,04/10/2021,28105,769303,3.65
New Mexico,04/24/2021,3580,04/17/2021,27695,769303,3.6
New Mexico,05/01/2021,3953,04/24/2021,27449,769303,3.57
New Mexico,05/08/2021,3957,05/01/2021,27141,769303,3.53
New Mexico,05/15/2021,3396,05/08/2021,26698,769303,3.47
New Mexico,05/22/2021,3682,05/15/2021,25844,769303,3.36
New Mexico,05/29/2021,4812,05/22/2021,25200,769303,3.28
New Mexico,06/05/2021,3969,05/29/2021,24434,769303,3.18
New Mexico,06/12/2021,3758,06/05/2021,22758,769303,2.96
New Mexico,06/19/2021,3154,06/12/2021,21292,769303,2.77
New Mexico,06/26/2021,3502,06/19/2021,20291,769303,2.64
New Mexico,07/03/2021,3923,06/26/2021,19919,769303,2.59
New Mexico,07/10/2021,5038,07/03/2021,19080,751469,2.54
New Mexico,07/17/2021,4450,07/10/2021,19370,751469,2.58
New Mexico,07/24/2021,3208,07/17/2021,18793,751469,2.5
New Mexico,07/31/2021,2435,07/24/2021,18344,751469,2.44
New Mexico,08/07/2021,2089,07/31/2021,17816,751469,2.37
New Mexico,08/14/2021,4961,08/07/2021,17381,751469,2.31
New Mexico,08/21/2021,5117,08/14/2021,16551,751469,2.2
New Mexico,08/28/2021,4889,08/21/2021,15743,751469,2.09
New Mexico,09/04/2021,4070,08/28/2021,15447,751469,2.06
New Mexico,09/11/2021,3027,09/04/2021,14343,751469,1.91
New Mexico,09/18/2021,1972,09/11/2021,15340,751469,2.04
New Mexico,09/25/2021,1676,09/18/2021,14852,751469,1.98
New Mexico,10/02/2021,1452,09/25/2021,14319,751469,1.91
New Mexico,10/09/2021,3464,10/02/2021,13284,734107,1.81
New Mexico,10/16/2021,2737,10/09/2021,12714,734107,1.73
New Mexico,10/23/2021,3147,10/16/2021,12415,734107,1.69
New Mexico,10/30/2021,2216,10/23/2021,11476,734107,1.56
New Mexico,11/06/2021,1775,10/30/2021,12255,734107,1.67
New Mexico,11/13/2021,1585,11/06/2021,11653,734107,1.59
New Mexico,11/20/2021,1705,11/13/2021,11331,734107,1.54
New Mexico,11/27/2021,1554,11/20/2021,10604,734107,1.44
New Mexico,12/04/2021,1587,11/27/2021,11274,734107,1.54
New Mexico,12/11/2021,1566,12/04/2021,10804,734107,1.47
New Mexico,12/18/2021,1725,12/11/2021,10931,734107,1.49
New Mexico,12/25/2021,1599,12/18/2021,10551,734107,1.44
New Mexico,01/01/2022,1498,12/25/2021,11092,734107,1.51
New Mexico,01/08/2022,1233,01/01/2022,11052,744585,1.48
New Mexico,01/15/2022,939,01/08/2022,10600,744585,1.42
New Mexico,01/22/2022,729,01/15/2022,10259,744585,1.38
New Mexico,01/29/2022,736,01/22/2022,10277,744585,1.38
New Mexico,02/05/2022,673,01/29/2022,10183,744585,1.37
New Mexico,02/12/2022,661,02/05/2022,10070,744585,1.35
New Mexico,02/19/2022,599,02/12/2022,9844,744585,1.32
New Mexico,02/26/2022,521,02/19/2022,9829,744585,1.32
New Mexico,03/05/2022,594,02/26/2022,9532,744585,1.28
New Mexico,03/12/2022,556,03/05/2022,9449,744585,1.27
New Mexico,03/19/2022,604,03/12/2022,9142,744585,1.23
New Mexico,03/26/2022,767,03/19/2022,8769,744585,1.18
New Mexico,04/02/2022,731,03/26/2022,8658,744585,1.16
New Mexico,04/09/2022,942,04/02/2022,8242,754908,1.09
New Mexico,04/16/2022,700,04/09/2022,8180,754908,1.08
New Mexico,04/23/2022,714,04/16/2022,8021,754908,1.06
New Mexico,04/30/2022,734,04/23/2022,8223,754908,1.09
New Mexico,05/07/2022,722,04/30/2022,8035,754908,1.06
New Mexico,05/14/2022,789,05/07/2022,7830,754908,1.04
New Mexico,05/21/2022,675,05/14/2022,7838,754908,1.04
New Mexico,05/28/2022,624,05/21/2022,7714,754908,1.02
New Mexico,06/04/2022,1026,05/28/2022,7060,754908,0.94
New Mexico,06/11/2022,923,06/04/2022,7848,754908,1.04
New Mexico,06/18/2022,838,06/11/2022,7753,754908,1.03
New Mexico,06/25/2022,768,06/18/2022,7766,754908,1.03
New Mexico,07/02/2022,446,06/25/2022,7644,754908,1.01
New Mexico,07/09/2022,822,07/02/2022,7212,766119,0.94
New Mexico,07/16/2022,678,07/09/2022,8224,766119,1.07
New Mexico,07/23/2022,729,07/16/2022,7808,766119,1.02
New Mexico,07/30/2022,651,07/23/2022,7962,766119,1.04
New Mexico,08/06/2022,635,07/30/2022,7828,766119,1.02
New Mexico,08/13/2022,619,08/06/2022,7615,766119,0.99
New Mexico,08/20/2022,551,08/13/2022,7408,766119,0.97
New Mexico,08/27/2022,610,08/20/2022,7173,766119,0.94
New Mexico,09/03/2022,632,08/27/2022,7203,766119,0.94
New Mexico,09/10/2022,530,09/03/2022,7034,766119,0.92
New Mexico,09/17/2022,650,09/10/2022,7214,766119,0.94
New Mexico,09/24/2022,584,09/17/2022,7150,766119,0.93
New Mexico,10/01/2022,678,09/24/2022,7228,766119,0.94
New Mexico,10/08/2022,726,10/01/2022,7118,777981,0.91
New Mexico,10/15/2022,699,10/08/2022,7143,777981,0.92
New Mexico,10/22/2022,738,10/15/2022,7357,777981,0.95
New Mexico,10/29/2022,747,10/22/2022,7369,777981,0.95
New Mexico,11/05/2022,831,10/29/2022,7596,777981,0.98
New Mexico,11/12/2022,821,11/05/2022,7731,777981,0.99
New Mexico,11/19/2022,916,11/12/2022,8114,777981,1.04
New Mexico,11/26/2022,726,11/19/2022,8098,777981,1.04
New Mexico,12/03/2022,855,11/26/2022,8952,777981,1.15
New Mexico,12/10/2022,788,12/03/2022,8680,777981,1.12
New Mexico,12/17/2022,799,12/10/2022,8927,777981,1.15
New Mexico,12/24/2022,1101,12/17/2022,9047,777981,1.16
New Mexico,12/31/2022,704,12/24/2022,9652,777981,1.24
New Mexico,01/07/2023,910,12/31/2022,9820,777981,1.26
New Mexico,01/14/2023,967,01/07/2023,10017,787275,1.27
New Mexico,01/21/2023,742,01/14/2023,9765,787275,1.24
New Mexico,01/28/2023,745,01/21/2023,10041,787275,1.28
New Mexico,02/04/2023,735,01/28/2023,10042,787275,1.28
New Mexico,02/11/2023,711,02/04/2023,10098,787275,1.28
New Mexico,02/18/2023,631,02/11/2023,9942,787275,1.26
New Mexico,02/25/2023,594,02/18/2023,9886,787275,1.26
New Mexico,03/04/2023,677,02/25/2023,9836,787275,1.25
New Mexico,03/11/2023,659,03/04/2023,9672,787275,1.23
New Mexico,03/18/2023,770,03/11/2023,9587,787275,1.22
New Mexico,03/25/2023,737,03/18/2023,9647,787275,1.23
New Mexico,04/01/2023,622,03/25/2023,9522,787275,1.21
New Mexico,04/08/2023,739,04/01/2023,9210,787275,1.17
New Mexico,04/15/2023,682,04/08/2023,9167,794723,1.15
New Mexico,04/22/2023,657,04/15/2023,9109,794723,1.15
New Mexico,04/29/2023,676,04/22/2023,9141,794723,1.15
New Mexico,05/06/2023,712,04/29/2023,9111,794723,1.15
New Mexico,05/13/2023,679,05/06/2023,9036,794723,1.14
New Mexico,05/20/2023,695,05/13/2023,9035,794723,1.14
New Mexico,05/27/2023,828,05/20/2023,8875,794723,1.12
New Mexico,06/03/2023,991,05/27/2023,8913,794723,1.12
New Mexico,06/10/2023,995,06/03/2023,9363,794723,1.18
New Mexico,06/17/2023,711,06/10/2023,9550,794723,1.2
New Mexico,06/24/2023,668,06/17/2023,9507,794723,1.2
New Mexico,07/01/2023,715,06/24/2023,9643,794723,1.21
New Mexico,07/08/2023,712,07/01/2023,9478,801316,1.18
New Mexico,07/15/2023,902,07/08/2023,9762,801316,1.22
New Mexico,07/22/2023,817,07/15/2023,9964,801316,1.24
New Mexico,07/29/2023,776,07/22/2023,10067,801316,1.26
New Mexico,08/05/2023,896,07/29/2023,10211,801316,1.27
New Mexico,08/12/2023,710,08/05/2023,10003,801316,1.25
New Mexico,08/19/2023,772,08/12/2023,9704,801316,1.21
New Mexico,08/26/2023,683,08/19/2023,9767,801316,1.22
New Mexico,09/02/2023,726,08/26/2023,9732,801316,1.21
New Mexico,09/09/2023,598,09/02/2023,9491,801316,1.18
New Mexico,09/16/2023,729,09/09/2023,9503,801316,1.19
New Mexico,09/23/2023,745,09/16/2023,9570,801316,1.19
New Mexico,09/30/2023,746,09/23/2023,9518,801316,1.19
New Mexico,10/07/2023,873,09/30/2023,9484,801316,1.18
New Mexico,10/14/2023,677,10/07/2023,9551,809041,1.18
New Mexico,10/21/2023,762,10/14/2023,9612,809041,1.19
New Mexico,10/28/2023,774,10/21/2023,9483,809041,1.17
New Mexico,11/04/2023,863,10/28/2023,9715,809041,1.2
New Mexico,11/11/2023,628,11/04/2023,9613,809041,1.19
New Mexico,11/18/2023,586,11/11/2023,9783,809041,1.21
New Mexico,11/25/2023,757,11/18/2023,9409,809041,1.16
New Mexico,12/02/2023,850,11/25/2023,10211,809041,1.26
New Mexico,12/09/2023,1002,12/02/2023,9594,809041,1.19
New Mexico,12/16/2023,848,12/09/2023,9730,809041,1.2
New Mexico,12/23/2023,996,12/16/2023,9839,809041,1.22
New Mexico,12/30/2023,736,12/23/2023,9945,809041,1.23
New Mexico,01/06/2024,819,12/30/2023,10440,809041,1.29
New Mexico,01/13/2024,1122,01/06/2024,10419,816655,1.28
New Mexico,01/20/2024,808,01/13/2024,10295,816655,1.26
New Mexico,01/27/2024,857,01/20/2024,10371,816655,1.27
New Mexico,02/03/2024,787,01/27/2024,10427,816655,1.28
New Mexico,02/10/2024,740,02/03/2024,10303,816655,1.26
New Mexico,02/17/2024,695,02/10/2024,10272,816655,1.26
New Mexico,02/24/2024,641,02/17/2024,10432,816655,1.28
New Mexico,03/02/2024,743,02/24/2024,10148,816655,1.24
New Mexico,03/09/2024,771,03/02/2024,10110,816655,1.24
New Mexico,03/16/2024,727,03/09/2024,10224,816655,1.25
New Mexico,03/23/2024,722,03/16/2024,10258,816655,1.26
New Mexico,03/30/2024,726,03/23/2024,10097,816655,1.24
New Mexico,04/06/2024,732,03/30/2024,9997,816655,1.22
New Mexico,04/13/2024,750,04/06/2024,9781,820839,1.19
New Mexico,04/20/2024,789,04/13/2024,9706,820839,1.18
New Mexico,04/27/2024,672,04/20/2024,9133,820839,1.11
New Mexico,05/04/2024,706,04/27/2024,9363,820839,1.14
New Mexico,05/11/2024,751,05/04/2024,9084,820839,1.11
New Mexico,05/18/2024,713,05/11/2024,9180,820839,1.12
New Mexico,05/25/2024,728,05/18/2024,9005,820839,1.1
New Mexico,06/01/2024,924,05/25/2024,8947,820839,1.09
New Mexico,06/08/2024,1074,06/01/2024,9207,820839,1.12
New Mexico,06/15/2024,809,06/08/2024,9464,820839,1.15
New Mexico,06/22/2024,1035,06/15/2024,9506,820839,1.16
New Mexico,06/29/2024,1199,06/22/2024,9677,820839,1.18
New Mexico,07/06/2024,854,06/29/2024,9813,820839,1.2
New Mexico,07/13/2024,1008,07/06/2024,10367,825576,1.26
New Mexico,07/20/2024,846,07/13/2024,10187,825576,1.23
New Mexico,07/27/2024,810,07/20/2024,10718,825576,1.3
New Mexico,08/03/2024,768,07/27/2024,10300,825576,1.25
New Mexico,08/10/2024,776,08/03/2024,10448,825576,1.27
New Mexico,08/17/2024,739,08/10/2024,10050,825576,1.22
New Mexico,08/24/2024,640,08/17/2024,10010,825576,1.21
New Mexico,08/31/2024,710,08/24/2024,9855,825576,1.19
New Mexico,09/07/2024,739,08/31/2024,9719,825576,1.18
New Mexico,09/14/2024,720,09/07/2024,9723,825576,1.18
New Mexico,09/21/2024,761,09/14/2024,9609,825576,1.16
New Mexico,09/28/2024,753,09/21/2024,9630,825576,1.17
New Mexico,10/05/2024,951,09/28/2024,9718,825576,1.18
New Mexico,10/12/2024,803,10/05/2024,9664,829818,1.16
New Mexico,10/19/2024,794,10/12/2024,9731,829818,1.17
New Mexico,10/26/2024,834,10/19/2024,9770,829818,1.18
New Mexico,11/02/2024,844,10/26/2024,9955,829818,1.2
New Mexico,11/09/2024,915,11/02/2024,10005,829818,1.21
New Mexico,11/16/2024,849,11/09/2024,10083,829818,1.22
New Mexico,11/23/2024,886,11/16/2024,10350,829818,1.25
New Mexico,11/30/2024,791,11/23/2024,10310,829818,1.24
New Mexico,12/07/2024,855,11/30/2024,10895,829818,1.31
New Mexico,12/14/2024,804,12/07/2024,10508,829818,1.27
New Mexico,12/21/2024,850,12/14/2024,10657,829818,1.28
New Mexico,12/28/2024,966,12/21/2024,10415,829818,1.26
New Mexico,01/04/2025,735,12/28/2024,11221,829818,1.35
New Mexico,01/11/2025,1022,01/04/2025,11222,833179,1.35
New Mexico,01/18/2025,962,01/11/2025,10910,833179,1.31
New Mexico,01/25/2025,770,01/18/2025,10955,833179,1.31
New Mexico,02/01/2025,790,01/25/2025,10929,833179,1.31
New Mexico,02/08/2025,803,02/01/2025,10756,833179,1.29
New Mexico,02/15/2025,794,02/08/2025,10768,833179,1.29
New Mexico,02/22/2025,795,02/15/2025,10772,833179,1.29
New Mexico,03/01/2025,853,02/22/2025,10859,833179,1.3
New Mexico,03/08/2025,930,03/01/2025,10669,833179,1.28
New Mexico,03/15/2025,998,03/08/2025,10873,833179,1.31
New Mexico,03/22/2025,867,03/15/2025,10934,833179,1.31
New Mexico,03/29/2025,857,03/22/2025,10846,833179,1.3
New Mexico,04/05/2025,915,03/29/2025,10759,833179,1.29
New Mexico,04/12/2025,843,04/05/2025,10599,836637,1.27
Nevada,01/04/2020,2264,12/28/2019,20801,1362256,1.53
Nevada,01/11/2020,2792,01/04/2020,19823,1371969,1.44
Nevada,01/18/2020,2451,01/11/2020,19328,1371969,1.41
Nevada,01/25/2020,2101,01/18/2020,19025,1371969,1.39
Nevada,02/01/2020,2286,01/25/2020,19177,1371969,1.4
Nevada,02/08/2020,2794,02/01/2020,19225,1371969,1.4
Nevada,02/15/2020,2543,02/08/2020,19585,1371969,1.43
Nevada,02/22/2020,2052,02/15/2020,19472,1371969,1.42
Nevada,02/29/2020,2324,02/22/2020,20044,1371969,1.46
Nevada,03/07/2020,2309,02/29/2020,19850,1371969,1.45
Nevada,03/14/2020,6356,03/07/2020,19475,1371969,1.42
Nevada,03/21/2020,92298,03/14/2020,19822,1371969,1.44
Nevada,03/28/2020,71942,03/21/2020,58798,1371969,4.29
Nevada,04/04/2020,79285,03/28/2020,131121,1371969,9.56
Nevada,04/11/2020,58641,04/04/2020,189007,1379654,13.7
Nevada,04/18/2020,39496,04/11/2020,231618,1379654,16.79
Nevada,04/25/2020,42541,04/18/2020,274850,1379654,19.92
Nevada,05/02/2020,28550,04/25/2020,303573,1379654,22
Nevada,05/09/2020,21635,05/02/2020,324444,1379654,23.52
Nevada,05/16/2020,17837,05/09/2020,369041,1379654,26.75
Nevada,05/23/2020,15607,05/16/2020,343030,1379654,24.86
Nevada,05/30/2020,11337,05/23/2020,335043,1379654,24.28
Nevada,06/06/2020,10748,05/30/2020,334182,1379654,24.22
Nevada,06/13/2020,10620,06/06/2020,312009,1379654,22.62
Nevada,06/20/2020,10347,06/13/2020,294649,1379654,21.36
Nevada,06/27/2020,11110,06/20/2020,286943,1379654,20.8
Nevada,07/04/2020,12484,06/27/2020,287968,1379654,20.87
Nevada,07/11/2020,14666,07/04/2020,295994,1388109,21.32
Nevada,07/18/2020,15548,07/11/2020,306077,1388109,22.05
Nevada,07/25/2020,18390,07/18/2020,346138,1388109,24.94
Nevada,08/01/2020,13727,07/25/2020,327954,1388109,23.63
Nevada,08/08/2020,17755,08/01/2020,335968,1388109,24.2
Nevada,08/15/2020,10938,08/08/2020,240346,1388109,17.31
Nevada,08/22/2020,8858,08/15/2020,228203,1388109,16.44
Nevada,08/29/2020,8032,08/22/2020,221599,1388109,15.96
Nevada,09/05/2020,7951,08/29/2020,216187,1388109,15.57
Nevada,09/12/2020,8332,09/05/2020,206166,1388109,14.85
Nevada,09/19/2020,8198,09/12/2020,203408,1388109,14.65
Nevada,09/26/2020,7525,09/19/2020,190613,1388109,13.73
Nevada,10/03/2020,7941,09/26/2020,173629,1388109,12.51
Nevada,10/10/2020,8964,10/03/2020,157205,1395097,11.27
Nevada,10/17/2020,8734,10/10/2020,140132,1395097,10.04
Nevada,10/24/2020,9036,10/17/2020,127673,1395097,9.15
Nevada,10/31/2020,8158,10/24/2020,114102,1395097,8.18
Nevada,11/07/2020,7556,10/31/2020,105951,1395097,7.59
Nevada,11/14/2020,7243,11/07/2020,96872,1395097,6.94
Nevada,11/21/2020,8121,11/14/2020,93873,1395097,6.73
Nevada,11/28/2020,6442,11/21/2020,84363,1395097,6.05
Nevada,12/05/2020,8783,11/28/2020,85680,1395097,6.14
Nevada,12/12/2020,9027,12/05/2020,84416,1395097,6.05
Nevada,12/19/2020,7798,12/12/2020,86013,1395097,6.17
Nevada,12/26/2020,7209,12/19/2020,78374,1395097,5.62
Nevada,01/02/2021,8461,12/26/2020,77383,1395097,5.55
Nevada,01/09/2021,9511,01/02/2021,78793,1326032,5.94
Nevada,01/16/2021,10474,01/09/2021,81195,1326032,6.12
Nevada,01/23/2021,10105,01/16/2021,80927,1326032,6.1
Nevada,01/30/2021,9821,01/23/2021,80891,1326032,6.1
Nevada,02/06/2021,9953,01/30/2021,79798,1326032,6.02
Nevada,02/13/2021,7378,02/06/2021,77310,1326032,5.83
Nevada,02/20/2021,7509,02/13/2021,71634,1326032,5.4
Nevada,02/27/2021,9208,02/20/2021,72547,1326032,5.47
Nevada,03/06/2021,10548,02/27/2021,72058,1326032,5.43
Nevada,03/13/2021,10086,03/06/2021,71247,1326032,5.37
Nevada,03/20/2021,7641,03/13/2021,71725,1326032,5.41
Nevada,03/27/2021,11677,03/20/2021,70509,1326032,5.32
Nevada,04/03/2021,10730,03/27/2021,68764,1326032,5.19
Nevada,04/10/2021,10985,04/03/2021,71737,1282691,5.59
Nevada,04/17/2021,10828,04/10/2021,75185,1282691,5.86
Nevada,04/24/2021,11054,04/17/2021,79920,1282691,6.23
Nevada,05/01/2021,8979,04/24/2021,82203,1282691,6.41
Nevada,05/08/2021,6144,05/01/2021,77813,1282691,6.07
Nevada,05/15/2021,4178,05/08/2021,73361,1282691,5.72
Nevada,05/22/2021,3977,05/15/2021,70673,1282691,5.51
Nevada,05/29/2021,5043,05/22/2021,61160,1282691,4.77
Nevada,06/05/2021,3380,05/29/2021,59007,1282691,4.6
Nevada,06/12/2021,3977,06/05/2021,57221,1282691,4.46
Nevada,06/19/2021,3397,06/12/2021,56850,1282691,4.43
Nevada,06/26/2021,3580,06/19/2021,56115,1282691,4.37
Nevada,07/03/2021,3929,06/26/2021,55125,1282691,4.3
Nevada,07/10/2021,4017,07/03/2021,51625,1245100,4.15
Nevada,07/17/2021,3613,07/10/2021,53874,1245100,4.33
Nevada,07/24/2021,2815,07/17/2021,51509,1245100,4.14
Nevada,07/31/2021,1945,07/24/2021,33731,1245100,2.71
Nevada,08/07/2021,2286,07/31/2021,34909,1245100,2.8
Nevada,08/14/2021,2574,08/07/2021,33028,1245100,2.65
Nevada,08/21/2021,2395,08/14/2021,32660,1245100,2.62
Nevada,08/28/2021,2393,08/21/2021,31628,1245100,2.54
Nevada,09/04/2021,2813,08/28/2021,31429,1245100,2.52
Nevada,09/11/2021,2216,09/04/2021,35418,1245100,2.84
Nevada,09/18/2021,2393,09/11/2021,38423,1245100,3.09
Nevada,09/25/2021,3647,09/18/2021,35074,1245100,2.82
Nevada,10/02/2021,2877,09/25/2021,32330,1245100,2.6
Nevada,10/09/2021,3397,10/02/2021,32018,1210918,2.64
Nevada,10/16/2021,2854,10/09/2021,29616,1210918,2.45
Nevada,10/23/2021,2551,10/16/2021,28192,1210908,2.33
Nevada,10/30/2021,2222,10/23/2021,26516,1210908,2.19
Nevada,11/06/2021,2327,10/30/2021,26319,1210908,2.17
Nevada,11/13/2021,2477,11/06/2021,25239,1210908,2.08
Nevada,11/20/2021,2296,11/13/2021,23620,1210908,1.95
Nevada,11/27/2021,1913,11/20/2021,21771,1210908,1.8
Nevada,12/04/2021,2401,11/27/2021,23248,1210908,1.92
Nevada,12/11/2021,2188,12/04/2021,21775,1210908,1.8
Nevada,12/18/2021,2679,12/11/2021,21569,1210908,1.78
Nevada,12/25/2021,2269,12/18/2021,20903,1210908,1.73
Nevada,01/01/2022,2655,12/25/2021,21273,1210908,1.76
Nevada,01/08/2022,3477,01/01/2022,21442,1262687,1.7
Nevada,01/15/2022,3152,01/08/2022,20546,1262687,1.63
Nevada,01/22/2022,2464,01/15/2022,20621,1262687,1.63
Nevada,01/29/2022,2591,01/22/2022,20427,1262687,1.62
Nevada,02/05/2022,2329,01/29/2022,19291,1262687,1.53
Nevada,02/12/2022,2292,02/05/2022,18616,1262687,1.47
Nevada,02/19/2022,1444,02/12/2022,18008,1262687,1.43
Nevada,02/26/2022,2133,02/19/2022,16968,1262687,1.34
Nevada,03/05/2022,1881,02/26/2022,15495,1262687,1.23
Nevada,03/12/2022,1858,03/05/2022,16203,1262687,1.28
Nevada,03/19/2022,1736,03/12/2022,15392,1262687,1.22
Nevada,03/26/2022,1730,03/19/2022,15104,1262687,1.2
Nevada,04/02/2022,2014,03/26/2022,14466,1262687,1.15
Nevada,04/09/2022,2431,04/02/2022,13533,1299557,1.04
Nevada,04/16/2022,2107,04/09/2022,13779,1299557,1.06
Nevada,04/23/2022,1998,04/16/2022,13692,1299557,1.05
Nevada,04/30/2022,1838,04/23/2022,13635,1299557,1.05
Nevada,05/07/2022,2000,04/30/2022,13307,1299557,1.02
Nevada,05/14/2022,1821,05/07/2022,13718,1299557,1.06
Nevada,05/21/2022,1646,05/14/2022,13492,1299557,1.04
Nevada,05/28/2022,1743,05/21/2022,13406,1299557,1.03
Nevada,06/04/2022,1913,05/28/2022,13094,1299557,1.01
Nevada,06/11/2022,1931,06/04/2022,13335,1299557,1.03
Nevada,06/18/2022,1941,06/11/2022,13341,1299557,1.03
Nevada,06/25/2022,1938,06/18/2022,13813,1299557,1.06
Nevada,07/02/2022,2047,06/25/2022,14000,1299557,1.08
Nevada,07/09/2022,2586,07/02/2022,13851,1325407,1.05
Nevada,07/16/2022,2297,07/09/2022,15118,1325407,1.14
Nevada,07/23/2022,2013,07/16/2022,15255,1325407,1.15
Nevada,07/30/2022,2190,07/23/2022,15443,1325407,1.17
Nevada,08/06/2022,2182,07/30/2022,15915,1325407,1.2
Nevada,08/13/2022,1961,08/06/2022,16106,1325407,1.22
Nevada,08/20/2022,2082,08/13/2022,15559,1325407,1.17
Nevada,08/27/2022,1980,08/20/2022,15614,1325407,1.18
Nevada,09/03/2022,2094,08/27/2022,15621,1325407,1.18
Nevada,09/10/2022,1820,09/03/2022,15434,1325407,1.16
Nevada,09/17/2022,1709,09/10/2022,15698,1325407,1.18
Nevada,09/24/2022,1680,09/17/2022,14910,1325407,1.12
Nevada,10/01/2022,1665,09/24/2022,14973,1325407,1.13
Nevada,10/08/2022,2193,10/01/2022,14768,1374440,1.07
Nevada,10/15/2022,1657,10/08/2022,14295,1374440,1.04
Nevada,10/22/2022,2123,10/15/2022,15125,1374440,1.1
Nevada,10/29/2022,1931,10/22/2022,14719,1374440,1.07
Nevada,11/05/2022,2313,10/29/2022,15070,1374440,1.1
Nevada,11/12/2022,2467,11/05/2022,14996,1325407,1.13
Nevada,11/19/2022,2656,11/12/2022,15980,1325407,1.21
Nevada,11/26/2022,2195,11/19/2022,15716,1325407,1.19
Nevada,12/03/2022,2709,11/26/2022,17913,1325407,1.35
Nevada,12/10/2022,2866,12/03/2022,17564,1325407,1.33
Nevada,12/17/2022,3066,12/10/2022,18320,1325407,1.38
Nevada,12/24/2022,2673,12/17/2022,18520,1325407,1.4
Nevada,12/31/2022,2275,12/24/2022,19364,1325407,1.46
Nevada,01/07/2023,3331,12/31/2022,19638,1406603,1.4
Nevada,01/14/2023,2950,01/07/2023,19909,1406603,1.42
Nevada,01/21/2023,2354,01/14/2023,18920,1406603,1.35
Nevada,01/28/2023,2322,01/21/2023,20130,1406603,1.43
Nevada,02/04/2023,2333,01/28/2023,20099,1406603,1.43
Nevada,02/11/2023,2289,02/04/2023,19923,1406603,1.42
Nevada,02/18/2023,2265,02/11/2023,19951,1406603,1.42
Nevada,02/25/2023,2136,02/18/2023,19675,1406603,1.4
Nevada,03/04/2023,2478,02/25/2023,20153,1406603,1.43
Nevada,03/11/2023,2241,03/04/2023,20342,1406603,1.45
Nevada,03/18/2023,2089,03/11/2023,19615,1406603,1.39
Nevada,03/25/2023,2061,03/18/2023,19495,1406603,1.39
Nevada,04/01/2023,2060,03/25/2023,18829,1406603,1.34
Nevada,04/08/2023,2720,04/01/2023,19022,1431685,1.33
Nevada,04/15/2023,2077,04/08/2023,19168,1431685,1.34
Nevada,04/22/2023,2162,04/15/2023,19480,1431685,1.36
Nevada,04/29/2023,2107,04/22/2023,17600,1431685,1.23
Nevada,05/06/2023,2139,04/29/2023,17874,1431685,1.25
Nevada,05/13/2023,2078,05/06/2023,17700,1431685,1.24
Nevada,05/20/2023,2181,05/13/2023,19262,1431685,1.35
Nevada,05/27/2023,2133,05/20/2023,17601,1431685,1.23
Nevada,06/03/2023,2101,05/27/2023,17458,1431685,1.22
Nevada,06/10/2023,2228,06/03/2023,19775,1431685,1.38
Nevada,06/17/2023,2138,06/10/2023,18312,1431685,1.28
Nevada,06/24/2023,2075,06/17/2023,18379,1431685,1.28
Nevada,07/01/2023,2560,06/24/2023,20085,1449891,1.39
Nevada,07/08/2023,2821,07/01/2023,19145,1449891,1.32
Nevada,07/15/2023,2631,07/08/2023,21888,1449891,1.51
Nevada,07/22/2023,2196,07/15/2023,20578,1449891,1.42
Nevada,07/29/2023,2359,07/22/2023,21651,1449891,1.49
Nevada,08/05/2023,2454,07/29/2023,22098,1449891,1.52
Nevada,08/12/2023,2284,08/05/2023,21551,1449891,1.49
Nevada,08/19/2023,2284,08/12/2023,21551,1449891,1.49
Nevada,08/26/2023,2375,08/19/2023,21013,1449891,1.45
Nevada,09/02/2023,2258,08/26/2023,21254,1449891,1.47
Nevada,09/09/2023,2162,09/02/2023,20899,1449891,1.44
Nevada,09/16/2023,2035,09/09/2023,21062,1449891,1.45
Nevada,09/23/2023,2104,09/16/2023,20344,1449891,1.4
Nevada,09/30/2023,2090,09/23/2023,20596,1449891,1.42
Nevada,10/07/2023,2692,09/30/2023,20479,1465363,1.4
Nevada,10/14/2023,2121,10/07/2023,20731,1465363,1.41
Nevada,10/21/2023,2196,10/14/2023,20634,1465363,1.41
Nevada,10/28/2023,2102,10/21/2023,20462,1465363,1.4
Nevada,11/04/2023,2534,10/28/2023,20510,1465363,1.4
Nevada,11/11/2023,2677,11/04/2023,20546,1465363,1.4
Nevada,11/18/2023,2870,11/11/2023,21664,1465363,1.48
Nevada,11/25/2023,2258,11/18/2023,21100,1465363,1.44
Nevada,12/02/2023,2768,11/25/2023,23092,1465363,1.58
Nevada,12/09/2023,3097,12/02/2023,22394,1465363,1.53
Nevada,12/16/2023,3092,12/09/2023,23226,1465363,1.58
Nevada,12/23/2023,3318,12/16/2023,24280,1465363,1.66
Nevada,12/30/2023,2755,12/23/2023,25299,1465363,1.73
Nevada,01/06/2024,2877,12/30/2023,26052,1465363,1.78
Nevada,01/13/2024,3160,01/06/2024,25018,1465363,1.71
Nevada,01/20/2024,2745,01/13/2024,24924,1465363,1.7
Nevada,01/27/2024,2759,01/20/2024,25543,1465363,1.74
Nevada,02/03/2024,2700,01/27/2024,25385,1465363,1.73
Nevada,02/10/2024,3064,02/03/2024,25612,1465363,1.75
Nevada,02/17/2024,2637,02/10/2024,25992,1465363,1.77
Nevada,02/24/2024,2337,02/17/2024,25835,1465363,1.76
Nevada,03/02/2024,2274,02/24/2024,25823,1465363,1.76
Nevada,03/09/2024,2616,03/02/2024,25612,1465363,1.75
Nevada,03/16/2024,2488,03/09/2024,25599,1465363,1.75
Nevada,03/23/2024,2404,03/16/2024,25345,1465363,1.73
Nevada,03/30/2024,2214,03/23/2024,24515,1465363,1.67
Nevada,04/06/2024,1852,03/30/2024,23455,1465363,1.6
Nevada,04/13/2024,2294,04/06/2024,23314,1465363,1.59
Nevada,04/20/2024,2376,04/13/2024,22827,1465363,1.56
Nevada,04/27/2024,2629,04/20/2024,23012,1465363,1.57
Nevada,05/04/2024,2657,04/27/2024,23455,1465363,1.6
Nevada,05/11/2024,2385,05/04/2024,22903,1465363,1.56
Nevada,05/18/2024,2203,05/11/2024,22968,1465363,1.57
Nevada,05/25/2024,2569,05/18/2024,22622,1502355,1.51
Nevada,06/01/2024,2566,05/25/2024,21573,1502355,1.44
Nevada,06/08/2024,2703,06/01/2024,21974,1502355,1.46
Nevada,06/15/2024,2662,06/08/2024,23344,1502355,1.55
Nevada,06/22/2024,2662,06/15/2024,23356,1502355,1.55
Nevada,06/29/2024,3028,06/22/2024,24362,1502355,1.62
Nevada,07/06/2024,2956,06/29/2024,24258,1502355,1.61
Nevada,07/13/2024,3083,07/06/2024,25763,1531630,1.68
Nevada,07/20/2024,2891,07/13/2024,25428,1531630,1.66
Nevada,07/27/2024,2851,07/20/2024,25244,1531630,1.65
Nevada,08/03/2024,2753,07/27/2024,25716,1531630,1.68
Nevada,08/10/2024,2852,08/03/2024,25580,1531630,1.67
Nevada,08/17/2024,2692,08/10/2024,25391,1531630,1.66
Nevada,08/24/2024,2816,08/17/2024,24774,1531630,1.62
Nevada,08/31/2024,2767,08/24/2024,25661,1531630,1.68
Nevada,09/07/2024,2539,08/31/2024,25265,1531630,1.65
Nevada,09/14/2024,2533,09/07/2024,25508,1531630,1.67
Nevada,09/21/2024,2340,09/14/2024,24576,1531630,1.6
Nevada,09/28/2024,2096,09/21/2024,24320,1531630,1.59
Nevada,10/05/2024,2478,09/28/2024,24382,1508766,1.62
Nevada,10/12/2024,2543,10/05/2024,23928,1508766,1.59
Nevada,10/19/2024,2487,10/12/2024,23791,1508766,1.58
Nevada,10/26/2024,2341,10/19/2024,23843,1508766,1.58
Nevada,11/02/2024,2522,10/26/2024,23937,1508766,1.59
Nevada,11/09/2024,2942,11/02/2024,24088,1508766,1.6
Nevada,11/16/2024,2937,11/09/2024,24367,1508766,1.62
Nevada,11/23/2024,3344,11/16/2024,25198,1508766,1.67
Nevada,11/30/2024,2524,11/23/2024,25424,1508766,1.69
Nevada,12/07/2024,2936,11/30/2024,27016,1508766,1.79
Nevada,12/14/2024,2803,12/07/2024,25650,1508766,1.7
Nevada,12/21/2024,3184,12/14/2024,26256,1508766,1.74
Nevada,12/28/2024,2984,12/21/2024,26201,1508766,1.74
Nevada,01/04/2025,2675,12/28/2024,28533,1527957,1.87
Nevada,01/11/2025,3374,01/04/2025,27780,1527957,1.82
Nevada,01/18/2025,2854,01/11/2025,27176,1527957,1.78
Nevada,01/25/2025,2545,01/18/2025,26516,1527957,1.74
Nevada,02/01/2025,2877,01/25/2025,26933,1527957,1.76
Nevada,02/08/2025,2979,02/01/2025,26662,1527957,1.74
Nevada,02/15/2025,2898,02/08/2025,27251,1527957,1.78
Nevada,02/22/2025,2475,02/15/2025,26964,1527957,1.76
Nevada,03/01/2025,2320,02/22/2025,26338,1527957,1.72
Nevada,03/08/2025,2578,03/01/2025,25729,1527957,1.68
Nevada,03/15/2025,2561,03/08/2025,25888,1527957,1.69
Nevada,03/22/2025,2412,03/15/2025,25360,1527957,1.66
Nevada,03/29/2025,2279,03/22/2025,25088,1527957,1.64
Nevada,04/05/2025,2601,03/29/2025,24672,1527957,1.61
Nevada,04/12/2025,2768,04/05/2025,24782,1527957,1.62
New York,01/04/2020,44846,12/28/2019,181668,9351620,1.94
New York,01/11/2020,23314,01/04/2020,184283,9380736,1.96
New York,01/18/2020,17823,01/11/2020,164588,9380736,1.75
New York,01/25/2020,15022,01/18/2020,164044,9380736,1.75
New York,02/01/2020,16545,01/25/2020,165715,9380736,1.77
New York,02/08/2020,15010,02/01/2020,163393,9380736,1.74
New York,02/15/2020,14333,02/08/2020,164111,9380736,1.75
New York,02/22/2020,14144,02/15/2020,163220,9380736,1.74
New York,02/29/2020,31208,02/22/2020,182691,9380736,1.95
New York,03/07/2020,14035,02/29/2020,161892,9380736,1.73
New York,03/14/2020,14272,03/07/2020,158268,9380736,1.69
New York,03/21/2020,79999,03/14/2020,167214,9380736,1.78
New York,03/28/2020,366595,03/21/2020,314710,9380736,3.35
New York,04/04/2020,344451,03/28/2020,712544,9380736,7.6
New York,04/11/2020,394701,04/04/2020,1121191,9408510,11.92
New York,04/18/2020,205184,04/11/2020,1354496,9408510,14.4
New York,04/25/2020,219413,04/18/2020,1616809,9408510,17.18
New York,05/02/2020,195110,04/25/2020,1749571,9408510,18.6
New York,05/09/2020,199419,05/02/2020,1846154,9408510,19.62
New York,05/16/2020,229524,05/09/2020,2142949,9408510,22.78
New York,05/23/2020,189698,05/16/2020,2008463,9408510,21.35
New York,05/30/2020,82326,05/23/2020,1799136,9408510,19.12
New York,06/06/2020,94167,05/30/2020,2204180,9408510,23.43
New York,06/13/2020,95559,06/06/2020,1958856,9408510,20.82
New York,06/20/2020,89299,06/13/2020,1837451,9408510,19.53
New York,06/27/2020,90083,06/20/2020,1722331,9408510,18.31
New York,07/04/2020,94108,06/27/2020,1712394,9408510,18.2
New York,07/11/2020,91898,07/04/2020,1611075,9429101,17.09
New York,07/18/2020,88402,07/11/2020,1614871,9429101,17.13
New York,07/25/2020,85294,07/18/2020,1634649,9429101,17.34
New York,08/01/2020,74187,07/25/2020,1658500,9429101,17.59
New York,08/08/2020,52794,08/01/2020,1519433,9429101,16.11
New York,08/15/2020,62698,08/08/2020,1456038,9429101,15.44
New York,08/22/2020,62683,08/15/2020,1428613,9429101,15.15
New York,08/29/2020,63366,08/22/2020,1406935,9429101,14.92
New York,09/05/2020,64734,08/29/2020,1411187,9429101,14.97
New York,09/12/2020,61897,09/05/2020,1291952,9429101,13.7
New York,09/19/2020,69790,09/12/2020,1294494,9429101,13.73
New York,09/26/2020,64678,09/19/2020,1046997,9429101,11.1
New York,10/03/2020,64156,09/26/2020,944007,9429101,10.01
New York,10/10/2020,66385,10/03/2020,723770,9443613,7.66
New York,10/17/2020,54890,10/10/2020,616176,9443613,6.52
New York,10/24/2020,51599,10/17/2020,580124,9443613,6.14
New York,10/31/2020,45716,10/24/2020,523696,9443613,5.55
New York,11/07/2020,43876,10/31/2020,483800,9443613,5.12
New York,11/14/2020,43391,11/07/2020,447690,9443613,4.74
New York,11/21/2020,46821,11/14/2020,448970,9443613,4.75
New York,11/28/2020,45863,11/21/2020,413532,9443613,4.38
New York,12/05/2020,62677,11/28/2020,410760,9443613,4.35
New York,12/12/2020,58153,12/05/2020,393621,9443613,4.17
New York,12/19/2020,41106,12/12/2020,376958,9443613,3.99
New York,12/26/2020,51424,12/19/2020,389541,9443613,4.12
New York,01/02/2021,56917,12/26/2020,403173,9443613,4.27
New York,01/09/2021,73121,01/02/2021,458791,9009278,5.09
New York,01/16/2021,62185,01/09/2021,449881,9009278,4.99
New York,01/23/2021,66250,01/16/2021,439791,9009278,4.88
New York,01/30/2021,77390,01/23/2021,457912,9009278,5.08
New York,02/06/2021,59983,01/30/2021,462385,9009278,5.13
New York,02/13/2021,56931,02/06/2021,454308,9009278,5.04
New York,02/20/2021,47814,02/13/2021,438339,9009278,4.87
New York,02/27/2021,60130,02/20/2021,443907,9009278,4.93
New York,03/06/2021,48224,02/27/2021,426285,9009278,4.73
New York,03/13/2021,47289,03/06/2021,439356,9009278,4.88
New York,03/20/2021,35991,03/13/2021,393122,9009278,4.36
New York,03/27/2021,39776,03/20/2021,368231,9009278,4.09
New York,04/03/2021,42467,03/27/2021,367602,9009278,4.08
New York,04/10/2021,58495,04/03/2021,381609,8710829,4.38
New York,04/17/2021,41655,04/10/2021,401089,8710829,4.6
New York,04/24/2021,41056,04/17/2021,375071,8710829,4.31
New York,05/01/2021,31523,04/24/2021,369325,8710829,4.24
New York,05/08/2021,23417,05/01/2021,353989,8710829,4.06
New York,05/15/2021,20808,05/08/2021,341204,8710829,3.92
New York,05/22/2021,19505,05/15/2021,327736,8710829,3.76
New York,05/29/2021,19615,05/22/2021,321482,8710829,3.69
New York,06/05/2021,18515,05/29/2021,315250,8710829,3.62
New York,06/12/2021,19191,06/05/2021,309610,8710829,3.55
New York,06/19/2021,18496,06/12/2021,298245,8710829,3.42
New York,06/26/2021,20353,06/19/2021,297015,8710829,3.41
New York,07/03/2021,25083,06/26/2021,290647,8710829,3.34
New York,07/10/2021,33273,07/03/2021,301780,8466866,3.56
New York,07/17/2021,22546,07/10/2021,292181,8466866,3.45
New York,07/24/2021,18841,07/17/2021,280696,8466866,3.32
New York,07/31/2021,17469,07/24/2021,275217,8466866,3.25
New York,08/07/2021,14548,07/31/2021,268447,8466866,3.17
New York,08/14/2021,14722,08/07/2021,259049,8466866,3.06
New York,08/21/2021,14932,08/14/2021,257915,8466866,3.05
New York,08/28/2021,18708,08/21/2021,257582,8466866,3.04
New York,09/04/2021,15688,08/28/2021,253028,8466866,2.99
New York,09/11/2021,16776,09/04/2021,240083,8466866,2.84
New York,09/18/2021,14501,09/11/2021,223830,8466866,2.64
New York,09/25/2021,15392,09/18/2021,214231,8466866,2.53
New York,10/02/2021,14165,09/25/2021,191897,8466866,2.27
New York,10/09/2021,15394,10/02/2021,177202,8233679,2.15
New York,10/16/2021,13263,10/09/2021,164023,8233679,1.99
New York,10/23/2021,13586,10/16/2021,157565,8233679,1.91
New York,10/30/2021,13592,10/23/2021,151347,8233679,1.84
New York,11/06/2021,14476,10/30/2021,151955,8233679,1.85
New York,11/13/2021,14172,11/06/2021,147802,8233679,1.8
New York,11/20/2021,14964,11/13/2021,144464,8233679,1.75
New York,11/27/2021,14867,11/20/2021,139582,8233679,1.7
New York,12/04/2021,23390,11/27/2021,150926,8233679,1.83
New York,12/11/2021,15233,12/04/2021,145175,8233679,1.76
New York,12/18/2021,15371,12/11/2021,144265,8233679,1.75
New York,12/25/2021,17658,12/18/2021,144913,8233679,1.76
New York,01/01/2022,26470,12/25/2021,193159,8233679,2.35
New York,01/08/2022,37109,01/01/2022,217716,8464698,2.57
New York,01/15/2022,23255,01/08/2022,206043,8464698,2.43
New York,01/22/2022,17533,01/15/2022,202237,8464698,2.39
New York,01/29/2022,18208,01/22/2022,203778,8464698,2.41
New York,02/05/2022,16680,01/29/2022,198676,8464698,2.35
New York,02/12/2022,16269,02/05/2022,194407,8464698,2.3
New York,02/19/2022,13232,02/12/2022,188757,8464698,2.23
New York,02/26/2022,13245,02/19/2022,183930,8464698,2.17
New York,03/05/2022,29402,02/26/2022,198585,8464698,2.35
New York,03/12/2022,13304,03/05/2022,178626,8464698,2.11
New York,03/19/2022,12749,03/12/2022,170971,8464698,2.02
New York,03/26/2022,13510,03/19/2022,163416,8464698,1.93
New York,04/02/2022,12644,03/26/2022,154141,8464698,1.82
New York,04/09/2022,14151,04/02/2022,149262,8592318,1.74
New York,04/16/2022,11195,04/09/2022,141173,8592318,1.64
New York,04/23/2022,15955,04/16/2022,136783,8592318,1.59
New York,04/30/2022,23284,04/23/2022,142646,8592318,1.66
New York,05/07/2022,13385,04/30/2022,125004,8592318,1.45
New York,05/14/2022,13364,05/07/2022,122271,8592318,1.42
New York,05/21/2022,11914,05/14/2022,118674,8592318,1.38
New York,05/28/2022,12968,05/21/2022,119979,8592318,1.4
New York,06/04/2022,12337,05/28/2022,117829,8592318,1.37
New York,06/11/2022,12519,06/04/2022,120117,8592318,1.4
New York,06/18/2022,12432,06/11/2022,118270,8592318,1.38
New York,06/25/2022,12135,06/18/2022,117274,8592318,1.36
New York,07/02/2022,17300,06/25/2022,122581,8592318,1.43
New York,07/09/2022,27351,07/02/2022,133592,8703183,1.53
New York,07/16/2022,20163,07/09/2022,140823,8703183,1.62
New York,07/23/2022,14394,07/16/2022,139981,8703183,1.61
New York,07/30/2022,13411,07/23/2022,140042,8703183,1.61
New York,08/06/2022,13507,07/30/2022,139865,8703183,1.61
New York,08/13/2022,13381,08/06/2022,139788,8703183,1.61
New York,08/20/2022,13717,08/13/2022,140006,8703183,1.61
New York,08/27/2022,18347,08/20/2022,144789,8703183,1.66
New York,09/03/2022,14685,08/27/2022,146526,8703183,1.68
New York,09/10/2022,11780,09/03/2022,140746,8703183,1.62
New York,09/17/2022,13489,09/10/2022,128742,8703183,1.48
New York,09/24/2022,12085,09/17/2022,118814,8703183,1.37
New York,10/01/2022,11750,09/24/2022,117798,8703183,1.35
New York,10/08/2022,15137,10/01/2022,118422,8834873,1.34
New York,10/15/2022,12048,10/08/2022,114435,8834873,1.3
New York,10/22/2022,13774,10/15/2022,115334,8834873,1.31
New York,10/29/2022,13584,10/22/2022,116224,8834873,1.32
New York,11/05/2022,13976,10/29/2022,117719,8834873,1.33
New York,11/12/2022,14297,11/05/2022,121298,8834873,1.37
New York,11/19/2022,16505,11/12/2022,124463,8834873,1.41
New York,11/26/2022,15189,11/19/2022,125878,8834873,1.42
New York,12/03/2022,23966,11/26/2022,142526,8834873,1.61
New York,12/10/2022,16832,12/03/2022,138513,8834873,1.57
New York,12/17/2022,16517,12/10/2022,142060,8834873,1.61
New York,12/24/2022,18596,12/17/2022,146944,8834873,1.66
New York,12/31/2022,21765,12/24/2022,154551,8834873,1.75
New York,01/07/2023,39050,12/31/2022,182323,8834873,2.06
New York,01/14/2023,21642,01/07/2023,172957,8958077,1.93
New York,01/21/2023,16685,01/14/2023,168537,8958077,1.88
New York,01/28/2023,17634,01/21/2023,171152,8958077,1.91
New York,02/04/2023,17210,01/28/2023,173377,8958077,1.94
New York,02/11/2023,16566,02/04/2023,173681,8958077,1.94
New York,02/18/2023,14461,02/11/2023,172538,8958077,1.93
New York,02/25/2023,13878,02/18/2023,171223,8958077,1.91
New York,03/04/2023,30122,02/25/2023,189136,8958077,2.11
New York,03/11/2023,14686,03/04/2023,173671,8958077,1.94
New York,03/18/2023,13630,03/11/2023,170034,8958077,1.9
New York,03/25/2023,15276,03/18/2023,170607,8958077,1.9
New York,04/01/2023,13565,03/25/2023,166075,8958077,1.85
New York,04/08/2023,14793,04/01/2023,161362,9070389,1.78
New York,04/15/2023,21393,04/08/2023,164476,9070389,1.81
New York,04/22/2023,22880,04/15/2023,164653,9070389,1.82
New York,04/29/2023,13424,04/22/2023,149001,9070389,1.64
New York,05/06/2023,14636,04/29/2023,146118,9070389,1.61
New York,05/13/2023,14447,05/06/2023,145206,9070389,1.6
New York,05/20/2023,13822,05/13/2023,142625,9070389,1.57
New York,05/27/2023,14999,05/20/2023,143743,9070389,1.58
New York,06/03/2023,13674,05/27/2023,142232,9070389,1.57
New York,06/10/2023,15006,06/03/2023,146037,9070389,1.61
New York,06/17/2023,13708,06/10/2023,145037,9070389,1.6
New York,06/24/2023,14283,06/17/2023,144952,9070389,1.6
New York,07/01/2023,18435,06/24/2023,150617,9070389,1.66
New York,07/08/2023,26478,07/01/2023,161362,9146872,1.76
New York,07/15/2023,24561,07/08/2023,172812,9146872,1.89
New York,07/22/2023,15035,07/15/2023,169112,9146872,1.85
New York,07/29/2023,14034,07/22/2023,168816,9146872,1.85
New York,08/05/2023,14773,07/29/2023,170490,9146872,1.86
New York,08/12/2023,13810,08/05/2023,170848,9146872,1.87
New York,08/19/2023,13589,08/12/2023,171500,9146872,1.87
New York,08/26/2023,17170,08/19/2023,175091,9146872,1.91
New York,09/02/2023,14942,08/26/2023,176249,9146872,1.93
New York,09/09/2023,11891,09/02/2023,170499,9146872,1.86
New York,09/16/2023,13223,09/09/2023,160120,9146872,1.75
New York,09/23/2023,12074,09/16/2023,147090,9146872,1.61
New York,09/30/2023,12107,09/23/2023,145245,9146872,1.59
New York,10/07/2023,13490,09/30/2023,145375,9146872,1.59
New York,10/14/2023,11500,10/07/2023,142893,9222409,1.55
New York,10/21/2023,13469,10/14/2023,144879,9222409,1.57
New York,10/28/2023,11527,10/21/2023,144203,9222409,1.56
New York,11/04/2023,13772,10/28/2023,145612,9222409,1.58
New York,11/11/2023,16346,11/04/2023,148382,9222409,1.61
New York,11/18/2023,15730,11/11/2023,151141,9222409,1.64
New York,11/25/2023,13657,11/18/2023,148288,9222409,1.61
New York,12/02/2023,22730,11/25/2023,164611,9222409,1.78
New York,12/09/2023,16010,12/02/2023,159566,9222409,1.73
New York,12/16/2023,15676,12/09/2023,161599,9222409,1.75
New York,12/23/2023,16281,12/16/2023,163774,9222409,1.78
New York,12/30/2023,17449,12/23/2023,164929,9222409,1.79
New York,01/06/2024,37984,12/30/2023,193974,9222409,2.1
New York,01/13/2024,20626,01/06/2024,185279,9278099,2
New York,01/20/2024,16418,01/13/2024,180028,9278099,1.94
New York,01/27/2024,20551,01/20/2024,187596,9278099,2.02
New York,02/03/2024,17386,01/27/2024,187315,9278099,2.02
New York,02/10/2024,16855,02/03/2024,188272,9278099,2.03
New York,02/17/2024,15212,02/10/2024,187149,9278099,2.02
New York,02/24/2024,15153,02/17/2024,184963,9278099,1.99
New York,03/02/2024,29329,02/24/2024,203254,9278099,2.19
New York,03/09/2024,14746,03/02/2024,185748,9278099,2
New York,03/16/2024,14349,03/09/2024,182902,9278099,1.97
New York,03/23/2024,13927,03/16/2024,180186,9278099,1.94
New York,03/30/2024,14089,03/23/2024,177154,9278099,1.91
New York,04/06/2024,16588,03/30/2024,174563,9278099,1.88
New York,04/13/2024,17094,04/06/2024,172502,9318874,1.85
New York,04/20/2024,12841,04/13/2024,161859,9318874,1.74
New York,04/27/2024,13125,04/20/2024,154469,9318874,1.66
New York,05/04/2024,23296,04/27/2024,162277,9318874,1.74
New York,05/11/2024,13753,05/04/2024,151017,9318874,1.62
New York,05/18/2024,13127,05/11/2024,145473,9318874,1.56
New York,05/25/2024,12664,05/18/2024,143861,9318874,1.54
New York,06/01/2024,11648,05/25/2024,141176,9318874,1.51
New York,06/08/2024,13201,06/01/2024,144387,9318874,1.55
New York,06/15/2024,12008,06/08/2024,142047,9318874,1.52
New York,06/22/2024,11557,06/15/2024,138609,9318874,1.49
New York,06/29/2024,15984,06/22/2024,143847,9318874,1.54
New York,07/06/2024,21231,06/29/2024,149454,9318874,1.6
New York,07/13/2024,23636,07/06/2024,163350,9355622,1.75
New York,07/20/2024,15545,07/13/2024,160132,9355622,1.71
New York,07/27/2024,13149,07/20/2024,157547,9355622,1.68
New York,08/03/2024,13756,07/27/2024,161458,9355622,1.73
New York,08/10/2024,13652,08/03/2024,161243,9355622,1.72
New York,08/17/2024,13692,08/10/2024,162707,9355622,1.74
New York,08/24/2024,16296,08/17/2024,165008,9355622,1.76
New York,08/31/2024,15111,08/24/2024,165284,9355622,1.77
New York,09/07/2024,12233,08/31/2024,161166,9355622,1.72
New York,09/14/2024,14075,09/07/2024,151794,9355622,1.62
New York,09/21/2024,12565,09/14/2024,139125,9355622,1.49
New York,09/28/2024,12114,09/21/2024,137863,9355622,1.47
New York,10/05/2024,12534,09/28/2024,137257,9355622,1.47
New York,10/12/2024,14874,10/05/2024,138851,9394528,1.48
New York,10/19/2024,12089,10/12/2024,134830,9394528,1.44
New York,10/26/2024,14072,10/19/2024,138123,9394528,1.47
New York,11/02/2024,13603,10/26/2024,138644,9394528,1.48
New York,11/09/2024,15930,11/02/2024,141847,9394528,1.51
New York,11/16/2024,14846,11/09/2024,142628,9394528,1.52
New York,11/23/2024,16408,11/16/2024,147496,9394528,1.57
New York,11/30/2024,14462,11/23/2024,146399,9394528,1.56
New York,12/07/2024,23388,11/30/2024,162576,9394528,1.73
New York,12/14/2024,16581,12/07/2024,159226,9394528,1.69
New York,12/21/2024,15616,12/14/2024,161157,9394528,1.72
New York,12/28/2024,15065,12/21/2024,157545,9394528,1.68
New York,01/04/2025,37298,12/28/2024,190577,9394528,2.03
New York,01/11/2025,21902,01/04/2025,195828,9434252,2.08
New York,01/18/2025,17548,01/11/2025,181459,9434252,1.92
New York,01/25/2025,15198,01/18/2025,177640,9434252,1.88
New York,02/01/2025,19162,01/25/2025,184890,9434252,1.96
New York,02/08/2025,16149,02/01/2025,182657,9434252,1.94
New York,02/15/2025,15451,02/08/2025,181387,9434252,1.92
New York,02/22/2025,14538,02/15/2025,179650,9434252,1.9
New York,03/01/2025,30051,02/22/2025,196268,9434252,2.08
New York,03/08/2025,14938,03/01/2025,183691,9434252,1.95
New York,03/15/2025,14434,03/08/2025,179929,9434252,1.91
New York,03/22/2025,14978,03/15/2025,178163,9434252,1.89
New York,03/29/2025,15121,03/22/2025,176017,9434252,1.87
New York,04/05/2025,14036,03/29/2025,170025,9434252,1.8
New York,04/12/2025,14856,04/05/2025,165744,9470729,1.75
Ohio,01/04/2020,10759,12/28/2019,73287,5327431,1.38
Ohio,01/11/2020,9957,01/04/2020,78391,5338723,1.47
Ohio,01/18/2020,7865,01/11/2020,72855,5338723,1.36
Ohio,01/25/2020,8086,01/18/2020,72002,5338723,1.35
Ohio,02/01/2020,7329,01/25/2020,72622,5338723,1.36
Ohio,02/08/2020,6825,02/01/2020,71442,5338723,1.34
Ohio,02/15/2020,6532,02/08/2020,71214,5338723,1.33
Ohio,02/22/2020,6208,02/15/2020,70924,5338723,1.33
Ohio,02/29/2020,9916,02/22/2020,70655,5338723,1.32
Ohio,03/07/2020,6545,02/29/2020,73123,5338723,1.37
Ohio,03/14/2020,7046,03/07/2020,68516,5338723,1.28
Ohio,03/21/2020,196309,03/14/2020,68323,5338723,1.28
Ohio,03/28/2020,274288,03/21/2020,214273,5338723,4.01
Ohio,04/04/2020,226191,03/28/2020,450061,5338723,8.43
Ohio,04/11/2020,159317,04/04/2020,622669,5346565,11.65
Ohio,04/18/2020,109830,04/11/2020,717842,5346565,13.43
Ohio,04/25/2020,93599,04/18/2020,777214,5346565,14.54
Ohio,05/02/2020,61487,04/25/2020,759336,5346565,14.2
Ohio,05/09/2020,52253,05/02/2020,740738,5346565,13.85
Ohio,05/16/2020,46855,05/09/2020,696376,5346565,13.02
Ohio,05/23/2020,42575,05/16/2020,625781,5346565,11.7
Ohio,05/30/2020,35069,05/23/2020,554132,5346565,10.36
Ohio,06/06/2020,36151,05/30/2020,519409,5346565,9.71
Ohio,06/13/2020,33133,06/06/2020,477842,5346565,8.94
Ohio,06/20/2020,34915,06/13/2020,450674,5346565,8.43
Ohio,06/27/2020,35904,06/20/2020,431377,5346565,8.07
Ohio,07/04/2020,33826,06/27/2020,416709,5346565,7.79
Ohio,07/11/2020,35743,07/04/2020,416188,5352988,7.77
Ohio,07/18/2020,30308,07/11/2020,410266,5352988,7.66
Ohio,07/25/2020,28022,07/18/2020,406148,5352988,7.59
Ohio,08/01/2020,26045,07/25/2020,388122,5352988,7.25
Ohio,08/08/2020,21074,08/01/2020,356365,5352988,6.66
Ohio,08/15/2020,21747,08/08/2020,340815,5352988,6.37
Ohio,08/22/2020,19090,08/15/2020,324244,5352988,6.06
Ohio,08/29/2020,18778,08/22/2020,318544,5352988,5.95
Ohio,09/05/2020,18084,08/29/2020,305242,5352988,5.7
Ohio,09/12/2020,16375,09/05/2020,295814,5352988,5.53
Ohio,09/19/2020,17601,09/12/2020,293101,5352988,5.48
Ohio,09/26/2020,17969,09/19/2020,261033,5352988,4.88
Ohio,10/03/2020,18634,09/26/2020,238764,5352988,4.46
Ohio,10/10/2020,20085,10/03/2020,209390,5359821,3.91
Ohio,10/17/2020,17671,10/10/2020,186651,5359821,3.48
Ohio,10/24/2020,17587,10/17/2020,169784,5359821,3.17
Ohio,10/31/2020,21353,10/24/2020,162997,5359821,3.04
Ohio,11/07/2020,21935,10/31/2020,154410,5359821,2.88
Ohio,11/14/2020,25003,11/07/2020,145883,5359821,2.72
Ohio,11/21/2020,30198,11/14/2020,150449,5359821,2.81
Ohio,11/28/2020,27786,11/21/2020,144268,5359821,2.69
Ohio,12/05/2020,36373,11/28/2020,154041,5359821,2.87
Ohio,12/12/2020,38369,12/05/2020,156989,5359821,2.93
Ohio,12/19/2020,31160,12/12/2020,155424,5359821,2.9
Ohio,12/26/2020,28811,12/19/2020,153423,5359821,2.86
Ohio,01/02/2021,29726,12/26/2020,171027,5359821,3.19
Ohio,01/09/2021,37335,01/02/2021,211822,5363490,3.95
Ohio,01/16/2021,43000,01/09/2021,207466,5363490,3.87
Ohio,01/23/2021,50002,01/16/2021,208222,5363490,3.88
Ohio,01/30/2021,47821,01/23/2021,161040,5363490,3
Ohio,02/06/2021,140488,01/30/2021,164536,5363490,3.07
Ohio,02/13/2021,147051,02/06/2021,174614,5363490,3.26
Ohio,02/20/2021,101862,02/13/2021,191787,5363490,3.58
Ohio,02/27/2021,120506,02/20/2021,192240,5363490,3.58
Ohio,03/06/2021,128192,02/27/2021,182820,5363490,3.41
Ohio,03/13/2021,115205,03/06/2021,186212,5363490,3.47
Ohio,03/20/2021,69397,03/13/2021,197400,5363490,3.68
Ohio,03/27/2021,54518,03/20/2021,184255,5363490,3.44
Ohio,04/03/2021,45160,03/27/2021,158737,5363490,2.96
Ohio,04/10/2021,23329,04/03/2021,142930,5200311,2.75
Ohio,04/17/2021,22361,04/10/2021,128267,5200311,2.47
Ohio,04/24/2021,21541,04/17/2021,121405,5200311,2.33
Ohio,05/01/2021,18697,04/24/2021,115209,5200311,2.22
Ohio,05/08/2021,20068,05/01/2021,111002,5200311,2.13
Ohio,05/15/2021,17575,05/08/2021,107224,5200311,2.06
Ohio,05/22/2021,13731,05/15/2021,100280,5200311,1.93
Ohio,05/29/2021,14013,05/22/2021,93195,5200311,1.79
Ohio,06/05/2021,16309,05/29/2021,89553,5200311,1.72
Ohio,06/12/2021,15946,06/05/2021,88285,5200311,1.7
Ohio,06/19/2021,12991,06/12/2021,86151,5200311,1.66
Ohio,06/26/2021,10518,06/19/2021,79496,5200311,1.53
Ohio,07/03/2021,10931,06/26/2021,76044,5200311,1.46
Ohio,07/10/2021,9971,07/03/2021,70861,5112993,1.39
Ohio,07/17/2021,12642,07/10/2021,69940,5112993,1.37
Ohio,07/24/2021,10645,07/17/2021,68010,5112993,1.33
Ohio,07/31/2021,10764,07/24/2021,62996,5112993,1.23
Ohio,08/07/2021,10614,07/31/2021,61503,5112993,1.2
Ohio,08/14/2021,9701,08/07/2021,61559,5112993,1.2
Ohio,08/21/2021,8186,08/14/2021,56625,5112993,1.11
Ohio,08/28/2021,13749,08/21/2021,55284,5112993,1.08
Ohio,09/04/2021,13583,08/28/2021,53608,5112993,1.05
Ohio,09/11/2021,8918,09/04/2021,52558,5112993,1.03
Ohio,09/18/2021,13065,09/11/2021,101744,5112993,1.99
Ohio,09/25/2021,10212,09/18/2021,78406,5112993,1.53
Ohio,10/02/2021,9259,09/25/2021,47026,5112993,0.92
Ohio,10/09/2021,9866,10/02/2021,47950,5042263,0.95
Ohio,10/16/2021,7579,10/09/2021,44236,5042263,0.88
Ohio,10/23/2021,7060,10/16/2021,41016,5042263,0.81
Ohio,10/30/2021,7392,10/23/2021,38640,5042263,0.77
Ohio,11/06/2021,11238,10/30/2021,42454,5042263,0.84
Ohio,11/13/2021,7923,11/06/2021,40505,5042263,0.8
Ohio,11/20/2021,7223,11/13/2021,38942,5042263,0.77
Ohio,11/27/2021,7523,11/20/2021,31336,5042263,0.62
Ohio,12/04/2021,9311,11/27/2021,39529,5042263,0.78
Ohio,12/11/2021,9134,12/04/2021,39356,5042263,0.78
Ohio,12/18/2021,9351,12/11/2021,41347,5042263,0.82
Ohio,12/25/2021,11966,12/18/2021,42268,5042263,0.84
Ohio,01/01/2022,12358,12/25/2021,48648,5042263,0.96
Ohio,01/08/2022,17482,01/01/2022,56754,4980020,1.14
Ohio,01/15/2022,15412,01/08/2022,59424,4980020,1.19
Ohio,01/22/2022,15171,01/15/2022,59237,4980020,1.19
Ohio,01/29/2022,10324,01/22/2022,59285,4980020,1.19
Ohio,02/05/2022,9727,01/29/2022,57473,4980020,1.15
Ohio,02/12/2022,15119,02/05/2022,59436,4980020,1.19
Ohio,02/19/2022,12907,02/12/2022,59299,4980020,1.19
Ohio,02/26/2022,10809,02/19/2022,59343,4980020,1.19
Ohio,03/05/2022,11926,02/26/2022,56429,4980020,1.13
Ohio,03/12/2022,13473,03/05/2022,52760,4980020,1.06
Ohio,03/19/2022,12602,03/12/2022,51199,4980020,1.03
Ohio,03/26/2022,16182,03/19/2022,47668,4980020,0.96
Ohio,04/02/2022,17691,03/26/2022,47305,4980020,0.95
Ohio,04/09/2022,13805,04/02/2022,50563,5085747,0.99
Ohio,04/16/2022,10903,04/09/2022,44924,5085747,0.88
Ohio,04/23/2022,8294,04/16/2022,41296,5085747,0.81
Ohio,04/30/2022,6276,04/23/2022,36233,5085747,0.71
Ohio,05/07/2022,7048,04/30/2022,33407,5085747,0.66
Ohio,05/14/2022,8237,05/07/2022,30307,5085747,0.6
Ohio,05/21/2022,8317,05/14/2022,30269,5085747,0.6
Ohio,05/28/2022,8827,05/21/2022,28703,5085747,0.56
Ohio,06/04/2022,9531,05/28/2022,29079,5085747,0.57
Ohio,06/11/2022,11303,06/04/2022,31670,5085747,0.62
Ohio,06/18/2022,10901,06/11/2022,33348,5085747,0.66
Ohio,06/25/2022,13489,06/18/2022,32704,5085747,0.64
Ohio,07/02/2022,12491,06/25/2022,35052,5085747,0.69
Ohio,07/09/2022,14765,07/02/2022,35108,5129146,0.68
Ohio,07/16/2022,11132,07/09/2022,38427,5129146,0.75
Ohio,07/23/2022,9261,07/16/2022,35676,5129146,0.7
Ohio,07/30/2022,7621,07/23/2022,33378,5129146,0.65
Ohio,08/06/2022,7907,07/30/2022,33582,5129146,0.65
Ohio,08/13/2022,6248,08/06/2022,32829,5129146,0.64
Ohio,08/20/2022,6316,08/13/2022,31395,5129146,0.61
Ohio,08/27/2022,6025,08/20/2022,29908,5129146,0.58
Ohio,09/03/2022,6684,08/27/2022,28001,5129146,0.55
Ohio,09/10/2022,5960,09/03/2022,27735,5129146,0.54
Ohio,09/17/2022,6424,09/10/2022,28050,5129146,0.55
Ohio,09/24/2022,8010,09/17/2022,27436,5129146,0.53
Ohio,10/01/2022,7256,09/24/2022,28294,5129146,0.55
Ohio,10/08/2022,7282,10/01/2022,27212,5166548,0.53
Ohio,10/15/2022,5967,10/08/2022,27889,5166548,0.54
Ohio,10/22/2022,6426,10/15/2022,28429,5166548,0.55
Ohio,10/29/2022,6441,10/22/2022,27886,5166548,0.54
Ohio,11/05/2022,7481,10/29/2022,28098,5166548,0.54
Ohio,11/12/2022,7668,11/05/2022,29152,5166548,0.56
Ohio,11/19/2022,10078,11/12/2022,32101,5166548,0.62
Ohio,11/26/2022,10656,11/19/2022,33568,5166548,0.65
Ohio,12/03/2022,13090,11/26/2022,39300,5166548,0.76
Ohio,12/10/2022,13094,12/03/2022,42732,5166548,0.83
Ohio,12/17/2022,11288,12/10/2022,46506,5166548,0.9
Ohio,12/24/2022,13314,12/17/2022,48673,5166548,0.94
Ohio,12/31/2022,13800,12/24/2022,53540,5166548,1.04
Ohio,01/07/2023,14058,12/31/2022,60699,5166548,1.17
Ohio,01/14/2023,13460,01/07/2023,61753,5207101,1.19
Ohio,01/21/2023,9064,01/14/2023,60929,5207101,1.17
Ohio,01/28/2023,7959,01/21/2023,60851,5207101,1.17
Ohio,02/04/2023,11487,01/28/2023,61561,5207101,1.18
Ohio,02/11/2023,13342,02/04/2023,62398,5207101,1.2
Ohio,02/18/2023,12799,02/11/2023,61872,5207101,1.19
Ohio,02/25/2023,11525,02/18/2023,61111,5207101,1.17
Ohio,03/04/2023,12734,02/25/2023,60895,5207101,1.17
Ohio,03/11/2023,15135,03/04/2023,59185,5207101,1.14
Ohio,03/18/2023,14824,03/11/2023,57215,5207101,1.1
Ohio,03/25/2023,15759,03/18/2023,56989,5207101,1.09
Ohio,04/01/2023,13265,03/25/2023,55240,5207101,1.06
Ohio,04/08/2023,10127,04/01/2023,51854,5250112,0.99
Ohio,04/15/2023,9049,04/08/2023,48935,5250112,0.93
Ohio,04/22/2023,5813,04/15/2023,45288,5250112,0.86
Ohio,04/29/2023,5308,04/22/2023,42628,5250112,0.81
Ohio,05/06/2023,6312,04/29/2023,39839,5250112,0.76
Ohio,05/13/2023,7920,05/06/2023,40057,5250112,0.76
Ohio,05/20/2023,8213,05/13/2023,39040,5250112,0.74
Ohio,05/27/2023,10372,05/20/2023,39203,5250112,0.75
Ohio,06/03/2023,16819,05/27/2023,39380,5250112,0.75
Ohio,06/10/2023,17346,06/03/2023,43202,5250112,0.82
Ohio,06/17/2023,15960,06/10/2023,44821,5250112,0.85
Ohio,06/24/2023,18319,06/17/2023,45607,5250112,0.87
Ohio,07/01/2023,21347,06/24/2023,46321,5250112,0.88
Ohio,07/08/2023,23130,07/01/2023,43028,5286065,0.81
Ohio,07/15/2023,22440,07/08/2023,44513,5286065,0.84
Ohio,07/22/2023,21458,07/15/2023,41413,5286065,0.78
Ohio,07/29/2023,18506,07/22/2023,43706,5286065,0.83
Ohio,08/05/2023,23912,07/29/2023,42342,5286065,0.8
Ohio,08/12/2023,23912,08/05/2023,42606,5286065,0.81
Ohio,08/19/2023,18007,08/12/2023,42106,5286065,0.8
Ohio,08/26/2023,13375,08/19/2023,38047,5286065,0.72
Ohio,09/02/2023,10616,08/26/2023,36409,5286065,0.69
Ohio,09/09/2023,7191,09/02/2023,35215,5286065,0.67
Ohio,09/16/2023,7061,09/09/2023,34724,5286065,0.66
Ohio,09/23/2023,8483,09/16/2023,33677,5286065,0.64
Ohio,09/30/2023,6955,09/23/2023,35211,5286065,0.67
Ohio,10/07/2023,6109,09/30/2023,35404,5286065,0.67
Ohio,10/14/2023,5835,10/07/2023,36237,5313605,0.68
Ohio,10/21/2023,6232,10/14/2023,37549,5313605,0.71
Ohio,10/28/2023,5933,10/21/2023,37599,5313605,0.71
Ohio,11/04/2023,6469,10/28/2023,38219,5313605,0.72
Ohio,11/11/2023,6932,11/04/2023,37994,5313605,0.72
Ohio,11/18/2023,7559,11/11/2023,39017,5313605,0.73
Ohio,11/25/2023,8689,11/18/2023,38613,5313605,0.73
Ohio,12/02/2023,9381,11/25/2023,45109,5313605,0.85
Ohio,12/09/2023,8313,12/02/2023,45464,5313605,0.86
Ohio,12/16/2023,9617,12/09/2023,47844,5313605,0.9
Ohio,12/23/2023,12329,12/16/2023,49527,5313605,0.93
Ohio,12/30/2023,12055,12/23/2023,52878,5313605,1
Ohio,01/06/2024,10515,12/30/2023,59915,5313605,1.13
Ohio,01/13/2024,11312,01/06/2024,60485,5340987,1.13
Ohio,01/20/2024,9574,01/13/2024,60777,5340987,1.14
Ohio,01/27/2024,9811,01/20/2024,62102,5340987,1.16
Ohio,02/03/2024,5721,01/27/2024,62171,5340987,1.16
Ohio,02/10/2024,5369,02/03/2024,58836,5340987,1.1
Ohio,02/17/2024,6284,02/10/2024,58288,5340987,1.09
Ohio,02/24/2024,5853,02/17/2024,57554,5340987,1.08
Ohio,03/02/2024,5649,02/24/2024,56408,5340987,1.06
Ohio,03/09/2024,4196,03/02/2024,54395,5340987,1.02
Ohio,03/16/2024,4258,03/09/2024,52430,5340987,0.98
Ohio,03/23/2024,5043,03/16/2024,50665,5340987,0.95
Ohio,03/30/2024,6228,03/23/2024,49245,5340987,0.92
Ohio,04/06/2024,5698,03/30/2024,48216,5340987,0.9
Ohio,04/13/2024,4542,04/06/2024,46612,5362820,0.87
Ohio,04/20/2024,4690,04/13/2024,43712,5362820,0.82
Ohio,04/27/2024,5030,04/20/2024,40771,5362820,0.76
Ohio,05/04/2024,5719,04/27/2024,38957,5362820,0.73
Ohio,05/11/2024,5694,05/04/2024,38495,5362820,0.72
Ohio,05/18/2024,5194,05/11/2024,38049,5362820,0.71
Ohio,05/25/2024,4648,05/18/2024,37458,5362820,0.7
Ohio,06/01/2024,6340,05/25/2024,37063,5362820,0.69
Ohio,06/08/2024,6390,06/01/2024,39303,5362820,0.73
Ohio,06/15/2024,5956,06/08/2024,40671,5362820,0.76
Ohio,06/22/2024,5162,06/15/2024,40890,5362820,0.76
Ohio,06/29/2024,5891,06/22/2024,43385,5362820,0.81
Ohio,07/06/2024,7495,06/29/2024,40950,5362820,0.76
Ohio,07/13/2024,9117,07/06/2024,44817,5382178,0.83
Ohio,07/20/2024,7769,07/13/2024,46517,5382178,0.86
Ohio,07/27/2024,5392,07/20/2024,48051,5382178,0.89
Ohio,08/03/2024,5487,07/27/2024,44374,5382178,0.82
Ohio,08/10/2024,5456,08/03/2024,43865,5382178,0.82
Ohio,08/17/2024,4963,08/10/2024,43225,5382178,0.8
Ohio,08/24/2024,4808,08/17/2024,41656,5382178,0.77
Ohio,08/31/2024,5614,08/24/2024,39908,5382178,0.74
Ohio,09/07/2024,4528,08/31/2024,38979,5382178,0.72
Ohio,09/14/2024,5038,09/07/2024,39191,5382178,0.73
Ohio,09/21/2024,5622,09/14/2024,38881,5382178,0.72
Ohio,09/28/2024,5218,09/21/2024,39620,5382178,0.74
Ohio,10/05/2024,9866,09/28/2024,38726,5382178,0.72
Ohio,10/12/2024,7310,10/05/2024,42982,5397644,0.8
Ohio,10/19/2024,5478,10/12/2024,44044,5397644,0.82
Ohio,10/26/2024,6184,10/19/2024,42214,5397644,0.78
Ohio,11/02/2024,8095,10/26/2024,43612,5397644,0.81
Ohio,11/09/2024,7790,11/02/2024,46132,5397644,0.85
Ohio,11/16/2024,6665,11/09/2024,46691,5397644,0.87
Ohio,11/23/2024,8153,11/16/2024,44573,5397644,0.83
Ohio,11/30/2024,7345,11/23/2024,45218,5397644,0.84
Ohio,12/07/2024,10578,11/30/2024,51403,5397644,0.95
Ohio,12/14/2024,8640,12/07/2024,54595,5397644,1.01
Ohio,12/21/2024,9339,12/14/2024,57159,5397644,1.06
Ohio,12/28/2024,12428,12/21/2024,58888,5397644,1.09
Ohio,01/04/2025,9394,12/28/2024,68276,5397644,1.26
Ohio,01/11/2025,13940,01/04/2025,72288,5408325,1.34
Ohio,01/18/2025,8626,01/11/2025,74983,5408325,1.39
Ohio,01/25/2025,7274,01/18/2025,71271,5408325,1.32
Ohio,02/01/2025,7564,01/25/2025,71897,5408325,1.33
Ohio,02/08/2025,6469,02/01/2025,70415,5408325,1.3
Ohio,02/15/2025,6044,02/08/2025,69766,5408325,1.29
Ohio,02/22/2025,6650,02/15/2025,68393,5408325,1.26
Ohio,03/01/2025,6549,02/22/2025,68480,5408325,1.27
Ohio,03/08/2025,5883,03/01/2025,66599,5408325,1.23
Ohio,03/15/2025,5468,03/08/2025,64451,5408325,1.19
Ohio,03/22/2025,5729,03/15/2025,62107,5408325,1.15
Ohio,03/29/2025,6133,03/22/2025,59936,5408325,1.11
Ohio,04/05/2025,6191,03/29/2025,58702,5408325,1.09
Ohio,04/12/2025,5711,04/05/2025,56706,5418611,1.05
Oklahoma,01/04/2020,2943,12/28/2019,18080,1560077,1.16
Oklahoma,01/11/2020,2034,01/04/2020,19387,1565634,1.24
Oklahoma,01/18/2020,1981,01/11/2020,17467,1565634,1.12
Oklahoma,01/25/2020,1830,01/18/2020,17291,1565634,1.1
Oklahoma,02/01/2020,1779,01/25/2020,17451,1565634,1.11
Oklahoma,02/08/2020,1715,02/01/2020,17757,1565634,1.13
Oklahoma,02/15/2020,1633,02/08/2020,17513,1565634,1.12
Oklahoma,02/22/2020,1509,02/15/2020,17269,1565634,1.1
Oklahoma,02/29/2020,1458,02/22/2020,16929,1565634,1.08
Oklahoma,03/07/2020,1569,02/29/2020,17067,1565634,1.09
Oklahoma,03/14/2020,1836,03/07/2020,16482,1565634,1.05
Oklahoma,03/21/2020,21926,03/14/2020,16854,1565634,1.08
Oklahoma,03/28/2020,47744,03/21/2020,25268,1565634,1.61
Oklahoma,04/04/2020,60534,03/28/2020,55029,1565634,3.51
Oklahoma,04/11/2020,54481,04/04/2020,88330,1568967,5.63
Oklahoma,04/18/2020,46696,04/11/2020,112311,1568967,7.16
Oklahoma,04/25/2020,52500,04/18/2020,134550,1568967,8.58
Oklahoma,05/02/2020,93885,04/25/2020,154671,1568967,9.86
Oklahoma,05/09/2020,39079,05/02/2020,178122,1568967,11.35
Oklahoma,05/16/2020,33440,05/09/2020,135229,1568967,8.62
Oklahoma,05/23/2020,43714,05/16/2020,139196,1568967,8.87
Oklahoma,05/30/2020,60376,05/23/2020,172309,1568967,10.98
Oklahoma,06/06/2020,77525,05/30/2020,156795,1568967,9.99
Oklahoma,06/13/2020,84779,06/06/2020,173361,1568967,11.05
Oklahoma,06/20/2020,58613,06/13/2020,182191,1568967,11.61
Oklahoma,06/27/2020,18405,06/20/2020,165298,1568967,10.54
Oklahoma,07/04/2020,9423,06/27/2020,131034,1568967,8.35
Oklahoma,07/11/2020,9680,07/04/2020,131932,1570740,8.4
Oklahoma,07/18/2020,9879,07/11/2020,127134,1570740,8.09
Oklahoma,07/25/2020,8927,07/18/2020,127617,1570740,8.12
Oklahoma,08/01/2020,6609,07/25/2020,123121,1570740,7.84
Oklahoma,08/08/2020,5687,08/01/2020,129971,1570740,8.27
Oklahoma,08/15/2020,6561,08/08/2020,123305,1570740,7.85
Oklahoma,08/22/2020,6064,08/15/2020,122513,1570740,7.8
Oklahoma,08/29/2020,6019,08/22/2020,119571,1570740,7.61
Oklahoma,09/05/2020,6602,08/29/2020,118719,1570740,7.56
Oklahoma,09/12/2020,5596,09/05/2020,110907,1570740,7.06
Oklahoma,09/19/2020,5434,09/12/2020,104908,1570740,6.68
Oklahoma,09/26/2020,5258,09/19/2020,97912,1570740,6.23
Oklahoma,10/03/2020,5780,09/26/2020,88127,1570740,5.61
Oklahoma,10/10/2020,5531,10/03/2020,82382,1569855,5.25
Oklahoma,10/17/2020,5277,10/10/2020,73321,1569855,4.67
Oklahoma,10/24/2020,5015,10/17/2020,67861,1569855,4.32
Oklahoma,10/31/2020,4953,10/24/2020,59138,1569855,3.77
Oklahoma,11/07/2020,4470,10/31/2020,59257,1569855,3.77
Oklahoma,11/14/2020,4618,11/07/2020,51551,1569855,3.28
Oklahoma,11/21/2020,5834,11/14/2020,49032,1569855,3.12
Oklahoma,11/28/2020,3541,11/21/2020,45225,1569855,2.88
Oklahoma,12/05/2020,6168,11/28/2020,47184,1569855,3.01
Oklahoma,12/12/2020,5297,12/05/2020,45006,1569855,2.87
Oklahoma,12/19/2020,5215,12/12/2020,42791,1569855,2.73
Oklahoma,12/26/2020,5031,12/19/2020,39132,1569855,2.49
Oklahoma,01/02/2021,6059,12/26/2020,42157,1569855,2.69
Oklahoma,01/09/2021,7017,01/02/2021,41475,1537564,2.7
Oklahoma,01/16/2021,7144,01/09/2021,40059,1537564,2.61
Oklahoma,01/23/2021,6254,01/16/2021,38274,1537564,2.49
Oklahoma,01/30/2021,7667,01/23/2021,36364,1537564,2.37
Oklahoma,02/06/2021,7201,01/30/2021,37651,1537564,2.45
Oklahoma,02/13/2021,6774,02/06/2021,34061,1537564,2.22
Oklahoma,02/20/2021,5981,02/13/2021,35118,1537564,2.28
Oklahoma,02/27/2021,7193,02/20/2021,35394,1537564,2.3
Oklahoma,03/06/2021,7076,02/27/2021,34533,1537564,2.25
Oklahoma,03/13/2021,6913,03/06/2021,41554,1537564,2.7
Oklahoma,03/20/2021,6894,03/13/2021,43695,1537564,2.84
Oklahoma,03/27/2021,9082,03/20/2021,42506,1537564,2.76
Oklahoma,04/03/2021,13852,03/27/2021,42160,1537564,2.74
Oklahoma,04/10/2021,17997,04/03/2021,38018,1514353,2.51
Oklahoma,04/17/2021,16756,04/10/2021,36678,1514353,2.42
Oklahoma,04/24/2021,17369,04/17/2021,37433,1514353,2.47
Oklahoma,05/01/2021,10977,04/24/2021,37602,1514353,2.48
Oklahoma,05/08/2021,9475,05/01/2021,36602,1514353,2.42
Oklahoma,05/15/2021,8644,05/08/2021,34254,1514353,2.26
Oklahoma,05/22/2021,8360,05/15/2021,32708,1514353,2.16
Oklahoma,05/29/2021,12722,05/22/2021,33446,1514353,2.21
Oklahoma,06/05/2021,8934,05/29/2021,35797,1514353,2.36
Oklahoma,06/12/2021,10614,06/05/2021,35665,1514353,2.36
Oklahoma,06/19/2021,9161,06/12/2021,34392,1514353,2.27
Oklahoma,06/26/2021,9231,06/19/2021,34714,1514353,2.29
Oklahoma,07/03/2021,6770,06/26/2021,36109,1514353,2.38
Oklahoma,07/10/2021,7787,07/03/2021,40315,1496100,2.69
Oklahoma,07/17/2021,4394,07/10/2021,37285,1496100,2.49
Oklahoma,07/24/2021,3723,07/17/2021,32354,1496100,2.16
Oklahoma,07/31/2021,3533,07/24/2021,29690,1496100,1.98
Oklahoma,08/07/2021,3838,07/31/2021,30107,1496100,2.01
Oklahoma,08/14/2021,3986,08/07/2021,29345,1496100,1.96
Oklahoma,08/21/2021,3146,08/14/2021,27549,1496100,1.84
Oklahoma,08/28/2021,2676,08/21/2021,25275,1496100,1.69
Oklahoma,09/04/2021,2680,08/28/2021,23879,1496100,1.6
Oklahoma,09/11/2021,3435,09/04/2021,22077,1496100,1.48
Oklahoma,09/18/2021,2171,09/11/2021,21320,1496100,1.43
Oklahoma,09/25/2021,2090,09/18/2021,19394,1496100,1.3
Oklahoma,10/02/2021,2312,09/25/2021,18527,1496100,1.24
Oklahoma,10/09/2021,2443,10/02/2021,17592,1480565,1.19
Oklahoma,10/16/2021,2186,10/09/2021,16727,1480565,1.13
Oklahoma,10/23/2021,3442,10/16/2021,16938,1480565,1.14
Oklahoma,10/30/2021,2118,10/23/2021,15960,1480565,1.08
Oklahoma,11/06/2021,2020,10/30/2021,15357,1480565,1.04
Oklahoma,11/13/2021,1828,11/06/2021,14478,1480565,0.98
Oklahoma,11/20/2021,3318,11/13/2021,14646,1480565,0.99
Oklahoma,11/27/2021,1716,11/20/2021,13402,1480565,0.91
Oklahoma,12/04/2021,2112,11/27/2021,15454,1480565,1.04
Oklahoma,12/11/2021,1769,12/04/2021,13999,1480565,0.95
Oklahoma,12/18/2021,2716,12/11/2021,13410,1480565,0.91
Oklahoma,12/25/2021,1762,12/18/2021,12894,1480565,0.87
Oklahoma,01/01/2022,1826,12/25/2021,13679,1480565,0.92
Oklahoma,01/08/2022,2760,01/01/2022,14177,1497817,0.95
Oklahoma,01/15/2022,2240,01/08/2022,13020,1497817,0.87
Oklahoma,01/22/2022,2141,01/15/2022,13097,1497817,0.87
Oklahoma,01/29/2022,2079,01/22/2022,12862,1497817,0.86
Oklahoma,02/05/2022,1719,01/29/2022,12689,1497817,0.85
Oklahoma,02/12/2022,1740,02/05/2022,12720,1497817,0.85
Oklahoma,02/19/2022,1601,02/12/2022,12507,1497817,0.84
Oklahoma,02/26/2022,1439,02/19/2022,11929,1497817,0.8
Oklahoma,03/05/2022,1555,02/26/2022,12005,1497817,0.8
Oklahoma,03/12/2022,1861,03/05/2022,11847,1497817,0.79
Oklahoma,03/19/2022,2261,03/12/2022,11622,1497817,0.78
Oklahoma,03/26/2022,2946,03/19/2022,11921,1497817,0.8
Oklahoma,04/02/2022,2712,03/26/2022,12167,1497817,0.81
Oklahoma,04/09/2022,1936,04/02/2022,11865,1507667,0.79
Oklahoma,04/16/2022,1778,04/09/2022,11419,1507667,0.76
Oklahoma,04/23/2022,1928,04/16/2022,11135,1507667,0.74
Oklahoma,04/30/2022,2235,04/23/2022,10853,1507667,0.72
Oklahoma,05/07/2022,1714,04/30/2022,11398,1507667,0.76
Oklahoma,05/14/2022,1890,05/07/2022,11266,1507667,0.75
Oklahoma,05/21/2022,1818,05/14/2022,10189,1507667,0.68
Oklahoma,05/28/2022,2571,05/21/2022,10205,1507667,0.68
Oklahoma,06/04/2022,1973,05/28/2022,11011,1507667,0.73
Oklahoma,06/11/2022,1915,06/04/2022,10925,1507667,0.72
Oklahoma,06/18/2022,1581,06/11/2022,11039,1507667,0.73
Oklahoma,06/25/2022,1249,06/18/2022,10917,1507667,0.72
Oklahoma,07/02/2022,1749,06/25/2022,10827,1507667,0.72
Oklahoma,07/09/2022,2108,07/02/2022,10759,1517169,0.71
Oklahoma,07/16/2022,2679,07/09/2022,11185,1517169,0.74
Oklahoma,07/23/2022,2481,07/16/2022,11443,1517169,0.75
Oklahoma,07/30/2022,3478,07/23/2022,11455,1517169,0.76
Oklahoma,08/06/2022,2557,07/30/2022,11261,1517169,0.74
Oklahoma,08/13/2022,3976,08/06/2022,11375,1517169,0.75
Oklahoma,08/20/2022,2802,08/13/2022,10851,1517169,0.72
Oklahoma,08/27/2022,1542,08/20/2022,10301,1517169,0.68
Oklahoma,09/03/2022,3477,08/27/2022,10166,1517169,0.67
Oklahoma,09/10/2022,1748,09/03/2022,9947,1517169,0.66
Oklahoma,09/17/2022,1484,09/10/2022,9957,1517169,0.66
Oklahoma,09/24/2022,969,09/17/2022,8919,1517169,0.59
Oklahoma,10/01/2022,1031,09/24/2022,9298,1517169,0.61
Oklahoma,10/08/2022,1076,10/01/2022,9055,1529093,0.59
Oklahoma,10/15/2022,1013,10/08/2022,9118,1529093,0.6
Oklahoma,10/22/2022,1275,10/15/2022,9366,1529093,0.61
Oklahoma,10/29/2022,1142,10/22/2022,9222,1529093,0.6
Oklahoma,11/05/2022,1094,10/29/2022,9299,1529093,0.61
Oklahoma,11/12/2022,931,11/05/2022,9072,1529093,0.59
Oklahoma,11/19/2022,1378,11/12/2022,9521,1529093,0.62
Oklahoma,11/26/2022,1123,11/19/2022,9437,1529093,0.62
Oklahoma,12/03/2022,1321,11/26/2022,10325,1529093,0.68
Oklahoma,12/10/2022,1274,12/03/2022,9883,1529093,0.65
Oklahoma,12/17/2022,1486,12/10/2022,10095,1529093,0.66
Oklahoma,12/24/2022,1445,12/17/2022,9994,1529093,0.65
Oklahoma,12/31/2022,1214,12/24/2022,10631,1529093,0.7
Oklahoma,01/07/2023,1733,12/31/2022,11021,1529093,0.72
Oklahoma,01/14/2023,1482,01/07/2023,10821,1529093,0.71
Oklahoma,01/21/2023,1215,01/14/2023,10288,1529093,0.67
Oklahoma,01/28/2023,1276,01/21/2023,10550,1529093,0.69
Oklahoma,02/04/2023,1198,01/28/2023,10598,1529093,0.69
Oklahoma,02/11/2023,1356,02/04/2023,10702,1529093,0.7
Oklahoma,02/18/2023,1727,02/11/2023,10358,1529093,0.68
Oklahoma,02/25/2023,1139,02/18/2023,10573,1529093,0.69
Oklahoma,03/04/2023,839,02/25/2023,10474,1529093,0.68
Oklahoma,03/11/2023,1311,03/04/2023,10277,1529093,0.67
Oklahoma,03/18/2023,1313,03/11/2023,10104,1529093,0.66
Oklahoma,03/25/2023,1145,03/18/2023,10486,1529093,0.69
Oklahoma,04/01/2023,1019,03/25/2023,10150,1529093,0.66
Oklahoma,04/08/2023,1218,04/01/2023,10011,1529093,0.65
Oklahoma,04/15/2023,1162,04/08/2023,10117,1529093,0.66
Oklahoma,04/22/2023,1117,04/15/2023,10126,1529093,0.66
Oklahoma,04/29/2023,1363,04/22/2023,9954,1529093,0.65
Oklahoma,05/06/2023,1497,04/29/2023,10213,1529093,0.67
Oklahoma,05/13/2023,1426,05/06/2023,10104,1529093,0.66
Oklahoma,05/20/2023,1726,05/13/2023,10054,1529093,0.66
Oklahoma,05/27/2023,1634,05/20/2023,10306,1529093,0.67
Oklahoma,06/03/2023,1479,05/27/2023,10404,1529093,0.68
Oklahoma,06/10/2023,1399,06/03/2023,10617,1529093,0.69
Oklahoma,06/17/2023,1289,06/10/2023,10550,1529093,0.69
Oklahoma,06/24/2023,1268,06/17/2023,10274,1529093,0.67
Oklahoma,07/01/2023,1427,06/24/2023,10510,1529093,0.69
Oklahoma,07/08/2023,2147,07/01/2023,10355,1571264,0.66
Oklahoma,07/15/2023,1336,07/08/2023,10908,1571264,0.69
Oklahoma,07/22/2023,1429,07/15/2023,10425,1571264,0.66
Oklahoma,07/29/2023,1340,07/22/2023,10544,1571264,0.67
Oklahoma,08/05/2023,1458,07/29/2023,10357,1571264,0.66
Oklahoma,08/12/2023,1360,08/05/2023,10306,1571264,0.66
Oklahoma,08/19/2023,1158,08/12/2023,9785,1571264,0.62
Oklahoma,08/26/2023,1442,08/19/2023,9635,1571264,0.61
Oklahoma,09/02/2023,1315,08/26/2023,9509,1571264,0.61
Oklahoma,09/09/2023,1191,09/02/2023,9530,1571264,0.61
Oklahoma,09/16/2023,1055,09/09/2023,9239,1571264,0.59
Oklahoma,09/23/2023,1146,09/16/2023,9177,1571264,0.58
Oklahoma,09/30/2023,1308,09/23/2023,9078,1571264,0.58
Oklahoma,10/07/2023,1319,09/30/2023,9211,1586259,0.58
Oklahoma,10/14/2023,1234,10/07/2023,9241,1586259,0.58
Oklahoma,10/21/2023,1291,10/14/2023,9302,1586259,0.59
Oklahoma,10/28/2023,1437,10/21/2023,9292,1586259,0.59
Oklahoma,11/04/2023,1329,10/28/2023,9645,1586259,0.61
Oklahoma,11/11/2023,1207,11/04/2023,9495,1586259,0.6
Oklahoma,11/18/2023,1389,11/11/2023,9521,1586259,0.6
Oklahoma,11/25/2023,1220,11/18/2023,9087,1586259,0.57
Oklahoma,12/02/2023,1693,11/25/2023,10294,1586259,0.65
Oklahoma,12/09/2023,1327,12/02/2023,9671,1586259,0.61
Oklahoma,12/16/2023,2356,12/09/2023,9609,1586259,0.61
Oklahoma,12/23/2023,1817,12/16/2023,9902,1586259,0.62
Oklahoma,12/30/2023,1186,12/23/2023,10591,1586259,0.67
Oklahoma,01/06/2024,2400,12/30/2023,10787,1598924,0.67
Oklahoma,01/13/2024,1713,01/06/2024,11288,1598924,0.71
Oklahoma,01/20/2024,1408,01/13/2024,10977,1598924,0.69
Oklahoma,01/27/2024,1428,01/20/2024,10998,1598924,0.69
Oklahoma,02/03/2024,1212,01/27/2024,10360,1598924,0.65
Oklahoma,02/10/2024,1287,02/03/2024,10030,1598924,0.63
Oklahoma,02/17/2024,3089,02/10/2024,9781,1598924,0.61
Oklahoma,02/24/2024,1146,02/17/2024,10604,1598924,0.66
Oklahoma,03/02/2024,1184,02/24/2024,9705,1598924,0.61
Oklahoma,03/09/2024,1124,03/02/2024,9565,1598924,0.6
Oklahoma,03/16/2024,1195,03/09/2024,9405,1598924,0.59
Oklahoma,03/23/2024,1394,03/16/2024,9244,1598924,0.58
Oklahoma,03/30/2024,1150,03/23/2024,9439,1598924,0.59
Oklahoma,04/06/2024,1242,03/30/2024,9191,1635345,0.56
Oklahoma,04/13/2024,1156,04/06/2024,9081,1635345,0.56
Oklahoma,04/20/2024,1239,04/13/2024,9141,1635345,0.56
Oklahoma,04/27/2024,1240,04/20/2024,9246,1635345,0.57
Oklahoma,05/04/2024,1412,04/27/2024,9475,1635345,0.58
Oklahoma,05/11/2024,1301,05/04/2024,9459,1635345,0.58
Oklahoma,05/18/2024,1635,05/11/2024,9367,1635345,0.57
Oklahoma,05/25/2024,1790,05/18/2024,9609,1635345,0.59
Oklahoma,06/01/2024,1381,05/25/2024,9980,1635345,0.61
Oklahoma,06/08/2024,1504,06/01/2024,10287,1635345,0.63
Oklahoma,06/15/2024,1306,06/08/2024,10471,1635345,0.64
Oklahoma,06/22/2024,1311,06/15/2024,10485,1635345,0.64
Oklahoma,06/29/2024,2053,06/22/2024,10702,1635345,0.65
Oklahoma,07/06/2024,1215,06/29/2024,10899,1618122,0.67
Oklahoma,07/13/2024,1436,07/06/2024,11276,1618122,0.7
Oklahoma,07/20/2024,1237,07/13/2024,11256,1618122,0.7
Oklahoma,07/27/2024,1181,07/20/2024,10944,1618122,0.68
Oklahoma,08/03/2024,1329,07/27/2024,10817,1618122,0.67
Oklahoma,08/10/2024,1287,08/03/2024,10671,1618122,0.66
Oklahoma,08/17/2024,1250,08/10/2024,10604,1618122,0.66
Oklahoma,08/24/2024,1198,08/17/2024,10168,1618122,0.63
Oklahoma,08/31/2024,1383,08/24/2024,9890,1618122,0.61
Oklahoma,09/07/2024,1109,08/31/2024,9697,1618122,0.6
Oklahoma,09/14/2024,1177,09/07/2024,9754,1618122,0.6
Oklahoma,09/21/2024,1192,09/14/2024,9555,1618122,0.59
Oklahoma,09/28/2024,1411,09/21/2024,9407,1618122,0.58
Oklahoma,10/05/2024,1409,09/28/2024,9412,1624447,0.58
Oklahoma,10/12/2024,1502,10/05/2024,9289,1624447,0.57
Oklahoma,10/19/2024,1259,10/12/2024,9202,1624447,0.57
Oklahoma,10/26/2024,1278,10/19/2024,9460,1624447,0.58
Oklahoma,11/02/2024,1225,10/26/2024,9319,1624447,0.57
Oklahoma,11/09/2024,1305,11/02/2024,9303,1624447,0.57
Oklahoma,11/16/2024,1391,11/09/2024,9287,1624447,0.57
Oklahoma,11/23/2024,1399,11/16/2024,9386,1624447,0.58
Oklahoma,11/30/2024,1138,11/23/2024,9343,1624447,0.58
Oklahoma,12/07/2024,1283,11/30/2024,10051,1624447,0.62
Oklahoma,12/14/2024,1265,12/07/2024,9550,1624447,0.59
Oklahoma,12/21/2024,1547,12/14/2024,9475,1624447,0.58
Oklahoma,12/28/2024,1191,12/21/2024,9726,1624447,0.6
Oklahoma,01/04/2025,1493,12/28/2024,10846,1629393,0.67
Oklahoma,01/11/2025,1451,01/04/2025,10772,1629393,0.66
Oklahoma,01/18/2025,1586,01/11/2025,10309,1629393,0.63
Oklahoma,01/25/2025,1341,01/18/2025,9979,1629393,0.61
Oklahoma,02/01/2025,1330,01/25/2025,10358,1629393,0.64
Oklahoma,02/08/2025,1337,02/01/2025,10373,1629393,0.64
Oklahoma,02/15/2025,1252,02/08/2025,10182,1629393,0.62
Oklahoma,02/22/2025,1224,02/15/2025,10142,1629393,0.62
Oklahoma,03/01/2025,1257,02/22/2025,10347,1629393,0.64
Oklahoma,03/08/2025,1267,03/01/2025,9898,1629393,0.61
Oklahoma,03/15/2025,1330,03/08/2025,9930,1629393,0.61
Oklahoma,03/22/2025,1351,03/15/2025,9989,1629393,0.61
Oklahoma,03/29/2025,1199,03/22/2025,10293,1632954,0.63
Oklahoma,04/05/2025,1692,03/29/2025,10009,1632954,0.61
Oklahoma,04/12/2025,2548,04/05/2025,10025,1632954,0.61
Oregon,01/04/2020,6714,12/28/2019,35451,1898680,1.87
Oregon,01/11/2020,6215,01/04/2020,36039,1906429,1.89
Oregon,01/18/2020,4051,01/11/2020,31604,1906429,1.66
Oregon,01/25/2020,4457,01/18/2020,32306,1906429,1.69
Oregon,02/01/2020,4853,01/25/2020,31876,1906429,1.67
Oregon,02/08/2020,4953,02/01/2020,31658,1906429,1.66
Oregon,02/15/2020,4284,02/08/2020,31167,1906429,1.63
Oregon,02/22/2020,3514,02/15/2020,30548,1906429,1.6
Oregon,02/29/2020,3936,02/22/2020,30165,1906429,1.58
Oregon,03/07/2020,4154,02/29/2020,29517,1906429,1.55
Oregon,03/14/2020,4269,03/07/2020,29002,1906429,1.52
Oregon,03/21/2020,30054,03/14/2020,30523,1906429,1.6
Oregon,03/28/2020,47498,03/21/2020,63930,1906429,3.35
Oregon,04/04/2020,62788,03/28/2020,118729,1906429,6.23
Oregon,04/11/2020,54581,04/04/2020,176154,1914153,9.2
Oregon,04/18/2020,37209,04/11/2020,217039,1914153,11.34
Oregon,04/25/2020,49300,04/18/2020,284486,1914153,14.86
Oregon,05/02/2020,48120,04/25/2020,308989,1914153,16.14
Oregon,05/09/2020,33936,05/02/2020,309543,1914153,16.17
Oregon,05/16/2020,23539,05/09/2020,290151,1914153,15.16
Oregon,05/23/2020,28452,05/16/2020,293081,1914153,15.31
Oregon,05/30/2020,20565,05/23/2020,256759,1914153,13.41
Oregon,06/06/2020,24508,05/30/2020,275768,1914153,14.41
Oregon,06/13/2020,24645,06/06/2020,251869,1914153,13.16
Oregon,06/20/2020,16274,06/13/2020,224476,1914153,11.73
Oregon,06/27/2020,11195,06/20/2020,216513,1914153,11.31
Oregon,07/04/2020,10343,06/27/2020,203600,1914153,10.64
Oregon,07/11/2020,11713,07/04/2020,206756,1921964,10.76
Oregon,07/18/2020,10152,07/11/2020,196415,1921964,10.22
Oregon,07/25/2020,9417,07/18/2020,190993,1921964,9.94
Oregon,08/01/2020,7275,07/25/2020,189136,1921964,9.84
Oregon,08/08/2020,6505,08/01/2020,175153,1921964,9.11
Oregon,08/15/2020,5233,08/08/2020,169905,1921964,8.84
Oregon,08/22/2020,5152,08/15/2020,164103,1921964,8.54
Oregon,08/29/2020,5114,08/22/2020,158480,1921964,8.25
Oregon,09/05/2020,5228,08/29/2020,154413,1921964,8.03
Oregon,09/12/2020,4804,09/05/2020,139312,1921964,7.25
Oregon,09/19/2020,8055,09/12/2020,154948,1921964,8.06
Oregon,09/26/2020,5738,09/19/2020,152643,1921964,7.94
Oregon,10/03/2020,4408,09/26/2020,127675,1921964,6.64
Oregon,10/10/2020,4773,10/03/2020,115121,1928744,5.97
Oregon,10/17/2020,4767,10/10/2020,103211,1928744,5.35
Oregon,10/24/2020,4529,10/17/2020,95814,1928744,4.97
Oregon,10/31/2020,4020,10/24/2020,87170,1928744,4.52
Oregon,11/07/2020,4445,10/31/2020,79353,1928744,4.11
Oregon,11/14/2020,5788,11/07/2020,76208,1928744,3.95
Oregon,11/21/2020,9910,11/14/2020,78758,1928744,4.08
Oregon,11/28/2020,15371,11/21/2020,76492,1928744,3.97
Oregon,12/05/2020,15753,11/28/2020,86426,1928744,4.48
Oregon,12/12/2020,10464,12/05/2020,84711,1928744,4.39
Oregon,12/19/2020,10261,12/12/2020,82863,1928744,4.3
Oregon,12/26/2020,11018,12/19/2020,81984,1928744,4.25
Oregon,01/02/2021,12810,12/26/2020,87988,1928744,4.56
Oregon,01/09/2021,12896,01/02/2021,99607,1873069,5.32
Oregon,01/16/2021,10523,01/09/2021,98779,1873069,5.27
Oregon,01/23/2021,8915,01/16/2021,80630,1873069,4.3
Oregon,01/30/2021,9276,01/23/2021,84374,1873069,4.5
Oregon,02/06/2021,8847,01/30/2021,81207,1873069,4.34
Oregon,02/13/2021,7684,02/06/2021,76808,1873069,4.1
Oregon,02/20/2021,7446,02/13/2021,70809,1873069,3.78
Oregon,02/27/2021,8165,02/20/2021,72949,1873069,3.89
Oregon,03/06/2021,7115,02/27/2021,69222,1873069,3.7
Oregon,03/13/2021,6839,03/06/2021,64856,1873069,3.46
Oregon,03/20/2021,7912,03/13/2021,60612,1873069,3.24
Oregon,03/27/2021,9790,03/20/2021,56576,1873069,3.02
Oregon,04/03/2021,9485,03/27/2021,58944,1873069,3.15
Oregon,04/10/2021,8379,04/03/2021,60109,1837802,3.27
Oregon,04/17/2021,7326,04/10/2021,56142,1837802,3.05
Oregon,04/24/2021,11390,04/17/2021,60129,1837802,3.27
Oregon,05/01/2021,10993,04/24/2021,58994,1837802,3.21
Oregon,05/08/2021,9714,05/01/2021,56232,1837802,3.06
Oregon,05/15/2021,9235,05/08/2021,58487,1837802,3.18
Oregon,05/22/2021,8354,05/15/2021,55538,1837802,3.02
Oregon,05/29/2021,6532,05/22/2021,56301,1837802,3.06
Oregon,06/05/2021,6162,05/29/2021,51772,1837802,2.82
Oregon,06/12/2021,5650,06/05/2021,52875,1837802,2.88
Oregon,06/19/2021,5212,06/12/2021,50396,1837802,2.74
Oregon,06/26/2021,6049,06/19/2021,51534,1837802,2.8
Oregon,07/03/2021,6995,06/26/2021,51204,1837802,2.79
Oregon,07/10/2021,5613,07/03/2021,45953,1804907,2.55
Oregon,07/17/2021,4727,07/10/2021,44702,1804907,2.48
Oregon,07/24/2021,4316,07/17/2021,42883,1804907,2.38
Oregon,07/31/2021,4419,07/24/2021,43434,1804907,2.41
Oregon,08/07/2021,6021,07/31/2021,41894,1804907,2.32
Oregon,08/14/2021,5616,08/07/2021,41242,1804907,2.28
Oregon,08/21/2021,6993,08/14/2021,42454,1804907,2.35
Oregon,08/28/2021,5307,08/21/2021,41712,1804907,2.31
Oregon,09/04/2021,5112,08/28/2021,41446,1804907,2.3
Oregon,09/11/2021,4523,09/04/2021,37178,1804907,2.06
Oregon,09/18/2021,7936,09/11/2021,58320,1804907,3.23
Oregon,09/25/2021,6207,09/18/2021,49331,1804907,2.73
Oregon,10/02/2021,4390,09/25/2021,42968,1804907,2.38
Oregon,10/09/2021,4478,10/02/2021,39065,1773567,2.2
Oregon,10/16/2021,4179,10/09/2021,36136,1773567,2.04
Oregon,10/23/2021,4409,10/16/2021,34449,1773567,1.94
Oregon,10/30/2021,4380,10/23/2021,33920,1773567,1.91
Oregon,11/06/2021,4546,10/30/2021,32851,1773567,1.85
Oregon,11/13/2021,4210,11/06/2021,32659,1773567,1.84
Oregon,11/20/2021,4419,11/13/2021,32463,1773567,1.83
Oregon,11/27/2021,3582,11/20/2021,29689,1773567,1.67
Oregon,12/04/2021,6027,11/27/2021,34017,1773567,1.92
Oregon,12/11/2021,4045,12/04/2021,30467,1773567,1.72
Oregon,12/18/2021,4575,12/11/2021,30962,1773567,1.75
Oregon,12/25/2021,4895,12/18/2021,29922,1773567,1.69
Oregon,01/01/2022,7336,12/25/2021,33723,1773567,1.9
Oregon,01/08/2022,9471,01/01/2022,42057,1810497,2.32
Oregon,01/15/2022,5386,01/08/2022,34871,1810497,1.93
Oregon,01/22/2022,5037,01/15/2022,31639,1810497,1.75
Oregon,01/29/2022,4596,01/22/2022,31339,1810497,1.73
Oregon,02/05/2022,4277,01/29/2022,30096,1810497,1.66
Oregon,02/12/2022,3822,02/05/2022,28591,1810497,1.58
Oregon,02/19/2022,3425,02/12/2022,27453,1810497,1.52
Oregon,02/26/2022,3330,02/19/2022,26717,1810497,1.48
Oregon,03/05/2022,3859,02/26/2022,26415,1810497,1.46
Oregon,03/12/2022,3321,03/05/2022,26006,1810497,1.44
Oregon,03/19/2022,3151,03/12/2022,25258,1810497,1.4
Oregon,03/26/2022,3505,03/19/2022,23728,1810497,1.31
Oregon,04/02/2022,3607,03/26/2022,23499,1810497,1.3
Oregon,04/09/2022,3406,04/02/2022,21677,1831557,1.18
Oregon,04/16/2022,3544,04/09/2022,21431,1831557,1.17
Oregon,04/23/2022,3732,04/16/2022,21799,1831557,1.19
Oregon,04/30/2022,3198,04/23/2022,21564,1831557,1.18
Oregon,05/07/2022,3295,04/30/2022,20817,1831557,1.14
Oregon,05/14/2022,3110,05/07/2022,20665,1831557,1.13
Oregon,05/21/2022,3093,05/14/2022,20303,1831557,1.11
Oregon,05/28/2022,2997,05/21/2022,19907,1831557,1.09
Oregon,06/04/2022,3159,05/28/2022,19327,1831557,1.06
Oregon,06/11/2022,3357,06/04/2022,20124,1831557,1.1
Oregon,06/18/2022,3337,06/11/2022,19698,1831557,1.08
Oregon,06/25/2022,3671,06/18/2022,19699,1831557,1.08
Oregon,07/02/2022,4261,06/25/2022,20268,1831557,1.11
Oregon,07/09/2022,4032,07/02/2022,20460,1850267,1.11
Oregon,07/16/2022,3835,07/09/2022,21921,1850267,1.18
Oregon,07/23/2022,3167,07/16/2022,21153,1850267,1.14
Oregon,07/30/2022,3332,07/23/2022,20991,1850267,1.13
Oregon,08/06/2022,3431,07/30/2022,21016,1850267,1.14
Oregon,08/13/2022,3385,08/06/2022,21271,1850267,1.15
Oregon,08/20/2022,3176,08/13/2022,21559,1850267,1.17
Oregon,08/27/2022,3298,08/20/2022,20754,1850267,1.12
Oregon,09/03/2022,3079,08/27/2022,20320,1850267,1.1
Oregon,09/10/2022,2652,09/03/2022,19582,1850267,1.06
Oregon,09/17/2022,3519,09/10/2022,19265,1850267,1.04
Oregon,09/24/2022,3041,09/17/2022,19373,1850267,1.05
Oregon,10/01/2022,3243,09/24/2022,18641,1850267,1.01
Oregon,10/08/2022,3831,10/01/2022,18697,1873461,1
Oregon,10/15/2022,2998,10/08/2022,19839,1873461,1.06
Oregon,10/22/2022,3100,10/15/2022,19885,1873461,1.06
Oregon,10/29/2022,4641,10/22/2022,20075,1873461,1.07
Oregon,11/05/2022,3365,10/29/2022,21440,1873461,1.14
Oregon,11/12/2022,3843,11/05/2022,21333,1873461,1.14
Oregon,11/19/2022,5629,11/12/2022,23196,1873461,1.24
Oregon,11/26/2022,4506,11/19/2022,22625,1873461,1.21
Oregon,12/03/2022,5947,11/26/2022,27089,1873461,1.45
Oregon,12/10/2022,4584,12/03/2022,25631,1873461,1.37
Oregon,12/17/2022,4712,12/10/2022,25892,1873461,1.38
Oregon,12/24/2022,6369,12/17/2022,26495,1873461,1.41
Oregon,12/31/2022,7208,12/24/2022,29768,1873461,1.59
Oregon,01/07/2023,5683,12/31/2022,33068,1873461,1.77
Oregon,01/14/2023,5726,01/07/2023,31088,1890079,1.64
Oregon,01/21/2023,4597,01/14/2023,31056,1890079,1.64
Oregon,01/28/2023,5398,01/21/2023,31894,1890079,1.69
Oregon,02/04/2023,4706,01/28/2023,32468,1890079,1.72
Oregon,02/11/2023,4781,02/04/2023,33085,1890079,1.75
Oregon,02/18/2023,4247,02/11/2023,32757,1890079,1.73
Oregon,02/25/2023,4406,02/18/2023,32066,1890079,1.7
Oregon,03/04/2023,5682,02/25/2023,33661,1890079,1.78
Oregon,03/11/2023,4549,03/04/2023,33216,1890079,1.76
Oregon,03/18/2023,4211,03/11/2023,32046,1890079,1.7
Oregon,03/25/2023,3921,03/18/2023,31781,1890079,1.68
Oregon,04/01/2023,4973,03/25/2023,31525,1890079,1.67
Oregon,04/08/2023,6073,04/01/2023,32601,1905019,1.71
Oregon,04/15/2023,4871,04/08/2023,32576,1905019,1.71
Oregon,04/22/2023,3937,04/15/2023,31370,1905019,1.65
Oregon,04/29/2023,4006,04/22/2023,31181,1905019,1.64
Oregon,05/06/2023,4383,04/29/2023,30697,1905019,1.61
Oregon,05/13/2023,4116,05/06/2023,30195,1905019,1.59
Oregon,05/20/2023,3551,05/13/2023,29746,1905019,1.56
Oregon,05/27/2023,4190,05/20/2023,29848,1905019,1.57
Oregon,06/03/2023,3740,05/27/2023,29687,1905019,1.56
Oregon,06/10/2023,4195,06/03/2023,29918,1905019,1.57
Oregon,06/17/2023,4467,06/10/2023,29789,1905019,1.56
Oregon,06/24/2023,5178,06/17/2023,29761,1905019,1.56
Oregon,07/01/2023,5180,06/24/2023,31793,1905019,1.67
Oregon,07/08/2023,4729,07/01/2023,31781,1916458,1.66
Oregon,07/15/2023,6083,07/08/2023,35515,1916458,1.85
Oregon,07/22/2023,4546,07/15/2023,34753,1916458,1.81
Oregon,07/29/2023,4232,07/22/2023,34737,1916458,1.81
Oregon,08/05/2023,5129,07/29/2023,35559,1916458,1.86
Oregon,08/12/2023,4270,08/05/2023,35632,1916458,1.86
Oregon,08/19/2023,3884,08/12/2023,33979,1916458,1.77
Oregon,08/26/2023,4774,08/19/2023,34415,1916458,1.8
Oregon,09/02/2023,3970,08/26/2023,32736,1916458,1.71
Oregon,09/09/2023,3464,09/02/2023,30128,1916458,1.57
Oregon,09/16/2023,4021,09/09/2023,29237,1916458,1.53
Oregon,09/23/2023,3540,09/16/2023,28496,1916458,1.49
Oregon,09/30/2023,3519,09/23/2023,28525,1916458,1.49
Oregon,10/07/2023,3695,09/30/2023,28288,1916458,1.48
Oregon,10/14/2023,3164,10/07/2023,27302,1930346,1.41
Oregon,10/21/2023,6961,10/14/2023,29868,1930346,1.55
Oregon,10/28/2023,6556,10/21/2023,29933,1930346,1.55
Oregon,11/04/2023,4027,10/28/2023,29719,1930346,1.54
Oregon,11/11/2023,2664,11/04/2023,29134,1930346,1.51
Oregon,11/18/2023,6125,11/11/2023,31188,1930346,1.62
Oregon,11/25/2023,3145,11/18/2023,29943,1930346,1.55
Oregon,12/02/2023,8551,11/25/2023,35072,1930346,1.82
Oregon,12/09/2023,5153,12/02/2023,32888,1930346,1.7
Oregon,12/16/2023,4791,12/09/2023,33533,1930346,1.74
Oregon,12/23/2023,7049,12/16/2023,33345,1930346,1.73
Oregon,12/30/2023,5813,12/23/2023,34592,1930346,1.79
Oregon,01/06/2024,6029,12/30/2023,38507,1930346,1.99
Oregon,01/13/2024,7140,01/06/2024,36884,1941994,1.9
Oregon,01/20/2024,4752,01/13/2024,35681,1941994,1.84
Oregon,01/27/2024,10210,01/20/2024,41363,1941994,2.13
Oregon,02/03/2024,5649,01/27/2024,37165,1941994,1.91
Oregon,02/10/2024,4708,02/03/2024,36272,1941994,1.87
Oregon,02/17/2024,4686,02/10/2024,35655,1941994,1.84
Oregon,02/24/2024,3863,02/17/2024,34598,1941994,1.78
Oregon,03/02/2024,2800,02/24/2024,33371,1941994,1.72
Oregon,03/09/2024,5016,03/02/2024,27081,1941994,1.39
Oregon,03/16/2024,3365,03/09/2024,27708,1941994,1.43
Oregon,03/23/2024,4305,03/16/2024,27378,1941994,1.41
Oregon,03/30/2024,4547,03/23/2024,27188,1941994,1.4
Oregon,04/06/2024,5404,03/30/2024,28507,1941994,1.47
Oregon,04/13/2024,6801,04/06/2024,26682,1949388,1.37
Oregon,04/20/2024,5089,04/13/2024,26118,1949388,1.34
Oregon,04/27/2024,3360,04/20/2024,25857,1949388,1.33
Oregon,05/04/2024,3660,04/27/2024,25636,1949388,1.32
Oregon,05/11/2024,3665,05/04/2024,25414,1949388,1.3
Oregon,05/18/2024,3277,05/11/2024,25137,1949388,1.29
Oregon,05/25/2024,3195,05/18/2024,24533,1949388,1.26
Oregon,06/01/2024,3079,05/25/2024,24448,1949388,1.25
Oregon,06/08/2024,3714,06/01/2024,24108,1949388,1.24
Oregon,06/15/2024,4007,06/08/2024,24007,1949388,1.23
Oregon,06/22/2024,4975,06/15/2024,24210,1949388,1.24
Oregon,06/29/2024,5379,06/22/2024,26264,1949388,1.35
Oregon,07/06/2024,4826,06/29/2024,26972,1949388,1.38
Oregon,07/13/2024,4733,07/06/2024,28952,1955797,1.48
Oregon,07/20/2024,3359,07/13/2024,28285,1955797,1.45
Oregon,07/27/2024,3570,07/20/2024,28271,1955797,1.45
Oregon,08/03/2024,3394,07/27/2024,28337,1955797,1.45
Oregon,08/10/2024,3557,08/03/2024,28085,1955797,1.44
Oregon,08/17/2024,3222,08/10/2024,27878,1955797,1.43
Oregon,08/24/2024,3238,08/17/2024,27478,1955797,1.4
Oregon,08/31/2024,3249,08/24/2024,26832,1955797,1.37
Oregon,09/07/2024,3199,08/31/2024,25259,1955797,1.29
Oregon,09/14/2024,3618,09/07/2024,24485,1955797,1.25
Oregon,09/21/2024,3289,09/14/2024,24111,1955797,1.23
Oregon,09/28/2024,3499,09/21/2024,24127,1955797,1.23
Oregon,10/05/2024,4083,09/28/2024,24256,1955797,1.24
Oregon,10/12/2024,3826,10/05/2024,24781,1962221,1.26
Oregon,10/19/2024,3598,10/12/2024,25170,1962221,1.28
Oregon,10/26/2024,3986,10/19/2024,25733,1962221,1.31
Oregon,11/02/2024,4335,10/26/2024,26371,1962221,1.34
Oregon,11/09/2024,4637,11/02/2024,27489,1962221,1.4
Oregon,11/16/2024,4184,11/09/2024,27709,1962221,1.41
Oregon,11/23/2024,5223,11/16/2024,28883,1962221,1.47
Oregon,11/30/2024,4899,11/23/2024,29399,1962221,1.5
Oregon,12/07/2024,6407,11/30/2024,32528,1962221,1.66
Oregon,12/14/2024,4641,12/07/2024,30672,1962221,1.56
Oregon,12/21/2024,5492,12/14/2024,31132,1962221,1.59
Oregon,12/28/2024,6265,12/21/2024,31613,1962221,1.61
Oregon,01/04/2025,8832,12/28/2024,37820,1962221,1.93
Oregon,01/11/2025,5878,01/04/2025,38655,1957034,1.98
Oregon,01/18/2025,4864,01/11/2025,33651,1957034,1.72
Oregon,01/25/2025,4451,01/18/2025,33311,1957034,1.7
Oregon,02/01/2025,4848,01/25/2025,33827,1957034,1.73
Oregon,02/08/2025,5224,02/01/2025,34066,1957034,1.74
Oregon,02/15/2025,5172,02/08/2025,35227,1957034,1.8
Oregon,02/22/2025,4360,02/15/2025,35518,1957034,1.81
Oregon,03/01/2025,4101,02/22/2025,34616,1957034,1.77
Oregon,03/08/2025,4235,03/01/2025,33705,1957034,1.72
Oregon,03/15/2025,4262,03/08/2025,33622,1957034,1.72
Oregon,03/22/2025,4839,03/15/2025,33817,1957034,1.73
Oregon,03/29/2025,5041,03/22/2025,33552,1957034,1.71
Oregon,04/05/2025,6372,03/29/2025,35526,1957034,1.82
Oregon,04/12/2025,4503,04/05/2025,32656,1958718,1.67
Pennsylvania,01/04/2020,27298,12/28/2019,135411,5787653,2.34
Pennsylvania,01/11/2020,26356,01/04/2020,163882,5800562,2.83
Pennsylvania,01/18/2020,16218,01/11/2020,142326,5800562,2.45
Pennsylvania,01/25/2020,13359,01/18/2020,140027,5800562,2.41
Pennsylvania,02/01/2020,15893,01/25/2020,135951,5800562,2.34
Pennsylvania,02/08/2020,14425,02/01/2020,142004,5800562,2.45
Pennsylvania,02/15/2020,13583,02/08/2020,136149,5800562,2.35
Pennsylvania,02/22/2020,12631,02/15/2020,142306,5800562,2.45
Pennsylvania,02/29/2020,12045,02/22/2020,135095,5800562,2.33
Pennsylvania,03/07/2020,12227,02/29/2020,136931,5800562,2.36
Pennsylvania,03/14/2020,15439,03/07/2020,128842,5800562,2.22
Pennsylvania,03/21/2020,363000,03/14/2020,128029,5800562,2.21
Pennsylvania,03/28/2020,374056,03/21/2020,135708,5800562,2.34
Pennsylvania,04/04/2020,239077,03/28/2020,566464,5800562,9.77
Pennsylvania,04/11/2020,172733,04/04/2020,614196,5814461,10.56
Pennsylvania,04/18/2020,124633,04/11/2020,1074660,5814461,18.48
Pennsylvania,04/25/2020,82414,04/18/2020,915249,5814461,15.74
Pennsylvania,05/02/2020,58240,04/25/2020,1233299,5814461,21.21
Pennsylvania,05/09/2020,50299,05/02/2020,1049464,5814461,18.05
Pennsylvania,05/16/2020,41673,05/09/2020,1008886,5814461,17.35
Pennsylvania,05/23/2020,55374,05/16/2020,907252,5814461,15.6
Pennsylvania,05/30/2020,42266,05/23/2020,1019571,5814461,17.54
Pennsylvania,06/06/2020,45049,05/30/2020,846788,5814461,14.56
Pennsylvania,06/13/2020,44341,06/06/2020,913810,5814461,15.72
Pennsylvania,06/20/2020,42577,06/13/2020,748874,5814461,12.88
Pennsylvania,06/27/2020,45261,06/20/2020,809609,5814461,13.92
Pennsylvania,07/04/2020,44086,06/27/2020,651160,5814461,11.2
Pennsylvania,07/11/2020,44798,07/04/2020,815282,5827122,13.99
Pennsylvania,07/18/2020,37986,07/11/2020,670901,5827122,11.51
Pennsylvania,07/25/2020,35808,07/18/2020,753353,5827122,12.93
Pennsylvania,08/01/2020,29371,07/25/2020,633057,5827122,10.86
Pennsylvania,08/08/2020,27094,08/01/2020,673093,5827122,11.55
Pennsylvania,08/15/2020,25584,08/08/2020,593016,5827122,10.18
Pennsylvania,08/22/2020,27510,08/15/2020,629881,5827122,10.81
Pennsylvania,08/29/2020,24883,08/22/2020,561665,5827122,9.64
Pennsylvania,09/05/2020,22626,08/29/2020,582821,5827122,10
Pennsylvania,09/12/2020,21747,09/05/2020,542128,5827122,9.3
Pennsylvania,09/19/2020,22762,09/12/2020,541280,5827122,9.29
Pennsylvania,09/26/2020,22955,09/19/2020,482699,5827122,8.28
Pennsylvania,10/03/2020,19844,09/26/2020,447940,5827122,7.69
Pennsylvania,10/10/2020,20251,10/03/2020,399193,5764460,6.93
Pennsylvania,10/17/2020,19223,10/10/2020,363487,5764460,6.31
Pennsylvania,10/24/2020,19974,10/17/2020,334369,5764460,5.8
Pennsylvania,10/31/2020,23742,10/24/2020,310150,5764460,5.38
Pennsylvania,11/07/2020,23051,10/31/2020,368869,5764460,6.4
Pennsylvania,11/14/2020,22756,11/07/2020,283910,5764460,4.93
Pennsylvania,11/21/2020,26983,11/14/2020,305942,5764460,5.31
Pennsylvania,11/28/2020,23878,11/21/2020,264601,5764460,4.59
Pennsylvania,12/05/2020,40833,11/28/2020,318365,5764460,5.52
Pennsylvania,12/12/2020,39258,12/05/2020,313427,5764460,5.44
Pennsylvania,12/19/2020,47305,12/12/2020,332439,5764460,5.77
Pennsylvania,12/26/2020,38279,12/19/2020,300889,5764460,5.22
Pennsylvania,01/02/2021,38647,12/26/2020,371754,5764460,6.45
Pennsylvania,01/09/2021,41424,01/02/2021,358826,4994641,7.18
Pennsylvania,01/16/2021,32921,01/09/2021,348134,4994641,6.97
Pennsylvania,01/23/2021,26580,01/16/2021,320923,4994641,6.43
Pennsylvania,01/30/2021,30424,01/23/2021,341603,4994641,6.84
Pennsylvania,02/06/2021,31730,01/30/2021,318600,4994641,6.38
Pennsylvania,02/13/2021,28417,02/06/2021,324160,4994641,6.49
Pennsylvania,02/20/2021,25051,02/13/2021,316054,4994641,6.33
Pennsylvania,02/27/2021,24106,02/20/2021,308232,4994641,6.17
Pennsylvania,03/06/2021,20837,02/27/2021,302385,4994641,6.05
Pennsylvania,03/13/2021,19938,03/06/2021,287259,4994641,5.75
Pennsylvania,03/20/2021,19748,03/13/2021,273316,4994641,5.47
Pennsylvania,03/27/2021,21571,03/20/2021,249044,4994641,4.99
Pennsylvania,04/03/2021,23360,03/27/2021,228084,4994641,4.57
Pennsylvania,04/10/2021,22454,04/03/2021,224696,5331371,4.21
Pennsylvania,04/17/2021,22356,04/10/2021,210518,5331371,3.95
Pennsylvania,04/24/2021,24287,04/17/2021,218711,5331371,4.1
Pennsylvania,05/01/2021,21960,04/24/2021,214640,5331371,4.03
Pennsylvania,05/08/2021,24116,05/01/2021,212896,5331371,3.99
Pennsylvania,05/15/2021,22906,05/08/2021,209101,5331371,3.92
Pennsylvania,05/22/2021,24253,05/15/2021,205159,5331371,3.85
Pennsylvania,05/29/2021,31317,05/22/2021,205416,5331371,3.85
Pennsylvania,06/05/2021,7684,05/29/2021,206277,5331371,3.87
Pennsylvania,06/12/2021,28939,06/05/2021,127919,5331371,2.4
Pennsylvania,06/19/2021,42955,06/12/2021,173705,5331371,3.26
Pennsylvania,06/26/2021,26640,06/19/2021,159880,5331371,3
Pennsylvania,07/03/2021,31936,06/26/2021,169118,5331371,3.17
Pennsylvania,07/10/2021,36255,07/03/2021,163682,5387892,3.04
Pennsylvania,07/17/2021,38591,07/10/2021,183097,5387892,3.4
Pennsylvania,07/24/2021,16772,07/17/2021,159736,5387892,2.96
Pennsylvania,07/31/2021,10810,07/24/2021,103529,5387892,1.92
Pennsylvania,08/07/2021,9631,07/31/2021,110744,5387892,2.06
Pennsylvania,08/14/2021,9425,08/07/2021,123045,5387892,2.28
Pennsylvania,08/21/2021,9097,08/14/2021,116345,5387892,2.16
Pennsylvania,08/28/2021,10377,08/21/2021,114714,5387892,2.13
Pennsylvania,09/04/2021,9755,08/28/2021,108743,5387892,2.02
Pennsylvania,09/11/2021,9912,09/04/2021,98844,5387892,1.83
Pennsylvania,09/18/2021,11139,09/11/2021,101696,5387892,1.89
Pennsylvania,09/25/2021,11588,09/18/2021,119341,5387892,2.21
Pennsylvania,10/02/2021,13473,09/25/2021,123367,5387892,2.29
Pennsylvania,10/09/2021,14588,10/02/2021,119000,5295889,2.25
Pennsylvania,10/16/2021,10596,10/09/2021,100322,5295889,1.89
Pennsylvania,10/23/2021,9309,10/16/2021,103379,5295889,1.95
Pennsylvania,10/30/2021,8280,10/23/2021,91765,5295889,1.73
Pennsylvania,11/06/2021,7329,10/30/2021,96712,5295889,1.83
Pennsylvania,11/13/2021,9316,11/06/2021,95235,5295889,1.8
Pennsylvania,11/20/2021,10530,11/13/2021,105688,5295889,2
Pennsylvania,11/27/2021,9662,11/20/2021,80246,5295889,1.52
Pennsylvania,12/04/2021,11891,11/27/2021,100429,5295889,1.9
Pennsylvania,12/11/2021,12282,12/04/2021,85149,5295889,1.61
Pennsylvania,12/18/2021,7907,12/11/2021,80546,5295889,1.52
Pennsylvania,12/25/2021,10904,12/18/2021,80162,5295889,1.51
Pennsylvania,01/01/2022,17240,12/25/2021,84378,5295889,1.59
Pennsylvania,01/08/2022,19333,01/01/2022,99957,5433719,1.84
Pennsylvania,01/15/2022,18757,01/08/2022,94843,5433719,1.75
Pennsylvania,01/22/2022,10925,01/15/2022,95443,5433719,1.76
Pennsylvania,01/29/2022,13476,01/22/2022,103528,5433719,1.91
Pennsylvania,02/05/2022,11970,01/29/2022,105197,5433719,1.94
Pennsylvania,02/12/2022,10280,02/05/2022,97854,5433719,1.8
Pennsylvania,02/19/2022,9536,02/12/2022,101580,5433719,1.87
Pennsylvania,02/26/2022,9207,02/19/2022,97069,5433719,1.79
Pennsylvania,03/05/2022,7120,02/26/2022,96892,5433719,1.78
Pennsylvania,03/12/2022,7363,03/05/2022,98143,5433719,1.81
Pennsylvania,03/19/2022,7775,03/12/2022,91531,5433719,1.68
Pennsylvania,03/26/2022,7098,03/19/2022,86989,5433719,1.6
Pennsylvania,04/02/2022,8582,03/26/2022,80467,5433719,1.48
Pennsylvania,04/09/2022,10197,04/02/2022,80238,5493161,1.46
Pennsylvania,04/16/2022,9073,04/09/2022,71844,5493161,1.31
Pennsylvania,04/23/2022,8939,04/16/2022,71693,5493161,1.31
Pennsylvania,04/30/2022,8351,04/23/2022,72269,5493161,1.32
Pennsylvania,05/07/2022,8135,04/30/2022,59159,5493161,1.08
Pennsylvania,05/14/2022,10291,05/07/2022,66769,5493161,1.22
Pennsylvania,05/21/2022,11113,05/14/2022,64764,5493161,1.18
Pennsylvania,05/28/2022,6389,05/21/2022,69911,5493161,1.27
Pennsylvania,06/04/2022,7475,05/28/2022,72036,5493161,1.31
Pennsylvania,06/11/2022,10079,06/04/2022,74102,5493161,1.35
Pennsylvania,06/18/2022,10298,06/11/2022,76983,5493161,1.4
Pennsylvania,06/25/2022,8705,06/18/2022,79693,5493161,1.45
Pennsylvania,07/02/2022,7779,06/25/2022,77783,5493161,1.42
Pennsylvania,07/09/2022,9806,07/02/2022,82498,5551216,1.49
Pennsylvania,07/16/2022,8483,07/09/2022,86954,5551216,1.57
Pennsylvania,07/23/2022,7128,07/16/2022,82986,5551216,1.49
Pennsylvania,07/30/2022,6731,07/23/2022,81648,5551216,1.47
Pennsylvania,08/06/2022,7203,07/30/2022,86299,5551216,1.55
Pennsylvania,08/13/2022,6593,08/06/2022,80440,5551216,1.45
Pennsylvania,08/20/2022,6301,08/13/2022,85716,5551216,1.54
Pennsylvania,08/27/2022,6354,08/20/2022,73124,5551216,1.32
Pennsylvania,09/03/2022,7415,08/27/2022,67873,5551216,1.22
Pennsylvania,09/10/2022,6060,09/03/2022,60118,5551216,1.08
Pennsylvania,09/17/2022,6071,09/10/2022,66088,5551216,1.19
Pennsylvania,09/24/2022,5854,09/17/2022,55635,5551216,1
Pennsylvania,10/01/2022,6021,09/24/2022,55461,5551216,1
Pennsylvania,10/08/2022,7910,10/01/2022,57215,5612690,1.02
Pennsylvania,10/15/2022,7087,10/08/2022,54095,5612690,0.96
Pennsylvania,10/22/2022,8166,10/15/2022,56776,5612690,1.01
Pennsylvania,10/29/2022,8340,10/22/2022,57939,5612690,1.03
Pennsylvania,11/05/2022,9146,10/29/2022,58049,5612690,1.03
Pennsylvania,11/12/2022,9753,11/05/2022,58852,5612690,1.05
Pennsylvania,11/19/2022,11982,11/12/2022,62956,5612690,1.12
Pennsylvania,11/26/2022,11640,11/19/2022,61209,5612690,1.09
Pennsylvania,12/03/2022,14873,11/26/2022,74959,5612690,1.34
Pennsylvania,12/10/2022,12204,12/03/2022,76671,5612690,1.37
Pennsylvania,12/17/2022,12664,12/10/2022,77954,5612690,1.39
Pennsylvania,12/24/2022,14390,12/17/2022,80390,5612690,1.43
Pennsylvania,12/31/2022,16791,12/24/2022,85174,5612690,1.52
Pennsylvania,01/07/2023,17097,12/31/2022,100455,5612690,1.79
Pennsylvania,01/14/2023,14378,01/07/2023,98386,5671879,1.73
Pennsylvania,01/21/2023,11678,01/14/2023,97706,5671879,1.72
Pennsylvania,01/28/2023,12088,01/21/2023,99751,5671879,1.76
Pennsylvania,02/04/2023,11593,01/28/2023,102136,5671879,1.8
Pennsylvania,02/11/2023,8999,02/04/2023,102110,5671879,1.8
Pennsylvania,02/18/2023,9495,02/11/2023,100067,5671879,1.76
Pennsylvania,02/25/2023,9092,02/18/2023,100063,5671879,1.76
Pennsylvania,03/04/2023,9519,02/25/2023,100229,5671879,1.77
Pennsylvania,03/11/2023,9405,03/04/2023,97810,5671879,1.72
Pennsylvania,03/18/2023,8767,03/11/2023,94416,5671879,1.66
Pennsylvania,03/25/2023,8928,03/18/2023,93879,5671879,1.66
Pennsylvania,04/01/2023,8248,03/25/2023,92370,5671879,1.63
Pennsylvania,04/08/2023,11169,04/01/2023,85623,5727435,1.49
Pennsylvania,04/15/2023,9380,04/08/2023,81271,5727435,1.42
Pennsylvania,04/22/2023,8511,04/15/2023,76616,5727435,1.34
Pennsylvania,04/29/2023,9503,04/22/2023,73085,5727435,1.28
Pennsylvania,05/06/2023,10069,04/29/2023,72676,5727435,1.27
Pennsylvania,05/13/2023,9327,05/06/2023,72557,5727435,1.27
Pennsylvania,05/20/2023,9867,05/13/2023,72438,5727435,1.26
Pennsylvania,05/27/2023,9534,05/20/2023,73383,5727435,1.28
Pennsylvania,06/03/2023,11603,05/27/2023,73771,5727435,1.29
Pennsylvania,06/10/2023,15058,06/03/2023,78068,5727435,1.36
Pennsylvania,06/17/2023,15271,06/10/2023,84354,5727435,1.47
Pennsylvania,06/24/2023,12080,06/17/2023,90692,5727435,1.58
Pennsylvania,07/01/2023,11653,06/24/2023,96196,5727435,1.68
Pennsylvania,07/08/2023,13047,07/01/2023,93489,5763899,1.62
Pennsylvania,07/15/2023,13688,07/08/2023,102399,5763899,1.78
Pennsylvania,07/22/2023,10872,07/15/2023,100932,5763899,1.75
Pennsylvania,07/29/2023,10574,07/22/2023,101198,5763899,1.76
Pennsylvania,08/05/2023,11854,07/29/2023,103097,5763899,1.79
Pennsylvania,08/12/2023,10699,08/05/2023,104147,5763899,1.81
Pennsylvania,08/19/2023,9955,08/12/2023,103280,5763899,1.79
Pennsylvania,08/26/2023,9566,08/19/2023,102365,5763899,1.78
Pennsylvania,09/02/2023,9659,08/26/2023,94490,5763899,1.64
Pennsylvania,09/09/2023,8850,09/02/2023,84160,5763899,1.46
Pennsylvania,09/16/2023,8985,09/09/2023,81989,5763899,1.42
Pennsylvania,09/23/2023,8900,09/16/2023,79802,5763899,1.38
Pennsylvania,09/30/2023,8884,09/23/2023,78997,5763899,1.37
Pennsylvania,10/07/2023,9041,09/30/2023,75820,5763899,1.32
Pennsylvania,10/14/2023,8929,10/07/2023,77193,5797351,1.33
Pennsylvania,10/21/2023,10222,10/14/2023,78220,5797351,1.35
Pennsylvania,10/28/2023,10537,10/21/2023,79732,5797351,1.38
Pennsylvania,11/04/2023,12241,10/28/2023,80889,5797351,1.4
Pennsylvania,11/11/2023,11525,11/04/2023,82007,5797351,1.41
Pennsylvania,11/18/2023,12534,11/11/2023,86631,5797351,1.49
Pennsylvania,11/25/2023,13143,11/18/2023,85471,5797351,1.47
Pennsylvania,12/02/2023,18430,11/25/2023,99752,5797351,1.72
Pennsylvania,12/09/2023,14119,12/02/2023,99375,5797351,1.71
Pennsylvania,12/16/2023,13531,12/09/2023,100743,5797351,1.74
Pennsylvania,12/23/2023,15860,12/16/2023,103217,5797351,1.78
Pennsylvania,12/30/2023,20405,12/23/2023,106731,5797351,1.84
Pennsylvania,01/06/2024,18839,12/30/2023,126282,5797351,2.18
Pennsylvania,01/13/2024,15004,01/06/2024,117449,5823972,2.02
Pennsylvania,01/20/2024,14828,01/13/2024,117834,5823972,2.02
Pennsylvania,01/27/2024,15429,01/20/2024,124514,5823972,2.14
Pennsylvania,02/03/2024,12354,01/27/2024,121701,5823972,2.09
Pennsylvania,02/10/2024,10877,02/03/2024,119106,5823972,2.05
Pennsylvania,02/17/2024,10609,02/10/2024,118103,5823972,2.03
Pennsylvania,02/24/2024,10171,02/17/2024,117684,5823972,2.02
Pennsylvania,03/02/2024,10450,02/24/2024,117459,5823972,2.02
Pennsylvania,03/09/2024,10543,03/02/2024,115117,5823972,1.98
Pennsylvania,03/16/2024,9803,03/09/2024,111591,5823972,1.92
Pennsylvania,03/23/2024,9498,03/16/2024,107042,5823972,1.84
Pennsylvania,03/30/2024,11411,03/23/2024,102346,5823972,1.76
Pennsylvania,04/06/2024,13194,03/30/2024,102747,5823972,1.76
Pennsylvania,04/13/2024,11590,04/06/2024,99683,5842027,1.71
Pennsylvania,04/20/2024,8827,04/13/2024,90253,5842027,1.54
Pennsylvania,04/27/2024,9060,04/20/2024,86337,5842027,1.48
Pennsylvania,05/04/2024,9388,04/27/2024,83498,5842027,1.43
Pennsylvania,05/11/2024,10312,05/04/2024,83359,5842027,1.43
Pennsylvania,05/18/2024,10332,05/11/2024,84280,5842027,1.44
Pennsylvania,05/25/2024,9514,05/18/2024,84612,5842027,1.45
Pennsylvania,06/01/2024,11080,05/25/2024,84551,5842027,1.45
Pennsylvania,06/08/2024,15211,06/01/2024,88139,5842027,1.51
Pennsylvania,06/15/2024,14996,06/08/2024,93453,5842027,1.6
Pennsylvania,06/22/2024,12542,06/15/2024,100227,5842027,1.72
Pennsylvania,06/29/2024,12087,06/22/2024,106666,5842027,1.83
Pennsylvania,07/06/2024,11342,06/29/2024,104151,5842027,1.78
Pennsylvania,07/13/2024,13500,07/06/2024,111389,5860880,1.9
Pennsylvania,07/20/2024,10611,07/13/2024,108283,5860880,1.85
Pennsylvania,07/27/2024,10334,07/20/2024,108422,5860880,1.85
Pennsylvania,08/03/2024,10592,07/27/2024,108957,5860880,1.86
Pennsylvania,08/10/2024,9988,08/03/2024,108749,5860880,1.86
Pennsylvania,08/17/2024,9287,08/10/2024,108189,5860880,1.85
Pennsylvania,08/24/2024,8807,08/17/2024,105713,5860880,1.8
Pennsylvania,08/31/2024,9531,08/24/2024,98282,5860880,1.68
Pennsylvania,09/07/2024,8648,08/31/2024,86841,5860880,1.48
Pennsylvania,09/14/2024,8444,09/07/2024,83063,5860880,1.42
Pennsylvania,09/21/2024,8083,09/14/2024,80224,5860880,1.37
Pennsylvania,09/28/2024,8595,09/21/2024,78534,5860880,1.34
Pennsylvania,10/05/2024,9804,09/28/2024,78652,5860880,1.34
Pennsylvania,10/12/2024,11183,10/05/2024,78070,5875352,1.33
Pennsylvania,10/19/2024,9670,10/12/2024,78617,5875352,1.34
Pennsylvania,10/26/2024,10033,10/19/2024,80027,5875352,1.36
Pennsylvania,11/02/2024,10557,10/26/2024,80479,5875352,1.37
Pennsylvania,11/09/2024,11607,11/02/2024,80807,5875352,1.38
Pennsylvania,11/16/2024,11654,11/09/2024,82695,5875352,1.41
Pennsylvania,11/23/2024,14439,11/16/2024,85686,5875352,1.46
Pennsylvania,11/30/2024,15081,11/23/2024,87372,5875352,1.49
Pennsylvania,12/07/2024,19731,11/30/2024,101348,5875352,1.72
Pennsylvania,12/14/2024,14885,12/07/2024,101301,5875352,1.72
Pennsylvania,12/21/2024,15732,12/14/2024,102794,5875352,1.75
Pennsylvania,12/28/2024,21159,12/21/2024,101923,5875352,1.73
Pennsylvania,01/04/2025,20337,12/28/2024,125306,5875352,2.13
Pennsylvania,01/11/2025,19414,01/04/2025,131996,5888821,2.24
Pennsylvania,01/18/2025,15702,01/11/2025,119994,5888821,2.04
Pennsylvania,01/25/2025,14787,01/18/2025,120055,5888821,2.04
Pennsylvania,02/01/2025,15426,01/25/2025,126819,5888821,2.15
Pennsylvania,02/08/2025,12482,02/01/2025,120278,5888821,2.04
Pennsylvania,02/15/2025,11372,02/08/2025,118934,5888821,2.02
Pennsylvania,02/22/2025,11885,02/15/2025,118988,5888821,2.02
Pennsylvania,03/01/2025,11189,02/22/2025,119692,5888821,2.03
Pennsylvania,03/08/2025,10780,03/01/2025,114941,5888821,1.95
Pennsylvania,03/15/2025,9903,03/08/2025,111643,5888821,1.9
Pennsylvania,03/22/2025,9338,03/15/2025,105612,5888821,1.79
Pennsylvania,03/29/2025,8583,03/22/2025,100748,5888821,1.71
Pennsylvania,04/05/2025,9337,03/29/2025,97174,5888821,1.65
Pennsylvania,04/12/2025,11195,04/05/2025,92572,5902066,1.57
Puerto Rico,01/04/2020,853,12/28/2019,17194,848044,2.03
Puerto Rico,01/11/2020,836,01/04/2020,15746,852292,1.85
Puerto Rico,01/18/2020,3124,01/11/2020,22291,852292,2.62
Puerto Rico,01/25/2020,2335,01/18/2020,22725,852292,2.67
Puerto Rico,02/01/2020,1998,01/25/2020,23857,852292,2.8
Puerto Rico,02/08/2020,1770,02/01/2020,23157,852292,2.72
Puerto Rico,02/15/2020,1588,02/08/2020,21114,852292,2.48
Puerto Rico,02/22/2020,1390,02/15/2020,20765,852292,2.44
Puerto Rico,02/29/2020,1296,02/22/2020,19480,852292,2.29
Puerto Rico,03/07/2020,1343,02/29/2020,18657,852292,2.19
Puerto Rico,03/14/2020,1172,03/07/2020,18704,852292,2.19
Puerto Rico,03/21/2020,20148,03/14/2020,15239,852292,1.79
Puerto Rico,03/28/2020,45137,03/21/2020,16539,852292,1.94
Puerto Rico,04/04/2020,66236,03/28/2020,47190,852292,5.54
Puerto Rico,04/11/2020,42074,04/04/2020,86474,856124,10.1
Puerto Rico,04/18/2020,26447,04/11/2020,109801,856124,12.83
Puerto Rico,04/25/2020,17273,04/18/2020,153466,856124,17.93
Puerto Rico,05/02/2020,20430,04/25/2020,142731,856124,16.67
Puerto Rico,05/09/2020,15067,05/02/2020,164034,856124,19.16
Puerto Rico,05/16/2020,10923,05/09/2020,152823,856124,17.85
Puerto Rico,05/23/2020,13521,05/16/2020,194272,856124,22.69
Puerto Rico,05/30/2020,7236,05/23/2020,162538,856124,18.99
Puerto Rico,06/06/2020,8820,05/30/2020,180722,856124,21.11
Puerto Rico,06/13/2020,8097,06/06/2020,175974,856124,20.55
Puerto Rico,06/20/2020,9160,06/13/2020,196503,856124,22.95
Puerto Rico,06/27/2020,10228,06/20/2020,217712,856124,25.43
Puerto Rico,07/04/2020,11257,06/27/2020,229039,856124,26.75
Puerto Rico,07/11/2020,7945,07/04/2020,223340,859886,25.97
Puerto Rico,07/18/2020,7017,07/11/2020,211358,859886,24.58
Puerto Rico,07/25/2020,6715,07/18/2020,202321,859886,23.53
Puerto Rico,08/01/2020,2253,07/25/2020,164500,859886,19.13
Puerto Rico,08/08/2020,5854,08/01/2020,186239,859886,21.66
Puerto Rico,08/15/2020,2990,08/08/2020,164841,859886,19.17
Puerto Rico,08/22/2020,2356,08/15/2020,138142,859886,16.07
Puerto Rico,08/29/2020,1825,08/22/2020,143792,859886,16.72
Puerto Rico,09/05/2020,1374,08/29/2020,121281,859886,14.1
Puerto Rico,09/12/2020,1185,09/05/2020,121202,859886,14.1
Puerto Rico,09/19/2020,1149,09/12/2020,110490,859886,12.85
Puerto Rico,09/26/2020,763,09/19/2020,105030,859886,12.21
Puerto Rico,10/03/2020,1265,09/26/2020,90705,859886,10.55
Puerto Rico,10/10/2020,1346,10/03/2020,80474,861782,9.34
Puerto Rico,10/17/2020,1249,10/10/2020,63740,861782,7.4
Puerto Rico,10/24/2020,1200,10/17/2020,65498,861782,7.6
Puerto Rico,10/31/2020,1231,10/24/2020,59108,861782,6.86
Puerto Rico,11/07/2020,851,10/31/2020,48361,861782,5.61
Puerto Rico,11/14/2020,1141,11/07/2020,47184,861782,5.48
Puerto Rico,11/21/2020,1113,11/14/2020,47429,861782,5.5
Puerto Rico,11/28/2020,969,11/21/2020,38249,861782,4.44
Puerto Rico,12/05/2020,1350,11/28/2020,48409,861782,5.62
Puerto Rico,12/12/2020,1273,12/05/2020,45185,861782,5.24
Puerto Rico,12/19/2020,1119,12/12/2020,64948,861782,7.54
Puerto Rico,12/26/2020,1093,12/19/2020,67548,861782,7.84
Puerto Rico,01/02/2021,1239,12/26/2020,36070,861782,4.19
Puerto Rico,01/09/2021,1935,01/02/2021,48595,836949,5.81
Puerto Rico,01/16/2021,1694,01/09/2021,46936,836949,5.61
Puerto Rico,01/23/2021,1433,01/16/2021,40633,836949,4.85
Puerto Rico,01/30/2021,1058,01/23/2021,36941,836949,4.41
Puerto Rico,02/06/2021,1409,01/30/2021,32944,836949,3.94
Puerto Rico,02/13/2021,1516,02/06/2021,31802,836949,3.8
Puerto Rico,02/20/2021,1275,02/13/2021,28927,836949,3.46
Puerto Rico,02/27/2021,1279,02/20/2021,32678,836949,3.9
Puerto Rico,03/06/2021,1279,02/27/2021,27134,836949,3.24
Puerto Rico,03/13/2021,1266,03/06/2021,29744,836949,3.55
Puerto Rico,03/20/2021,1592,03/13/2021,41209,836949,4.92
Puerto Rico,03/27/2021,1674,03/20/2021,50083,836949,5.98
Puerto Rico,04/03/2021,1471,03/27/2021,30759,836949,3.68
Puerto Rico,04/10/2021,2302,04/03/2021,27899,823593,3.39
Puerto Rico,04/17/2021,2169,04/10/2021,25686,823593,3.12
Puerto Rico,04/24/2021,1953,04/17/2021,23923,823593,2.9
Puerto Rico,05/01/2021,2777,04/24/2021,35925,823593,4.36
Puerto Rico,05/08/2021,2969,05/01/2021,37778,823593,4.59
Puerto Rico,05/15/2021,2024,05/08/2021,35628,823593,4.33
Puerto Rico,05/22/2021,2367,05/15/2021,36670,823593,4.45
Puerto Rico,05/29/2021,2469,05/22/2021,33472,823593,4.06
Puerto Rico,06/05/2021,3029,05/29/2021,28563,823593,3.47
Puerto Rico,06/12/2021,3074,06/05/2021,31802,823593,3.86
Puerto Rico,06/19/2021,4028,06/12/2021,32108,823593,3.9
Puerto Rico,06/26/2021,8126,06/19/2021,37230,823593,4.52
Puerto Rico,07/03/2021,14848,06/26/2021,39700,823593,4.82
Puerto Rico,07/10/2021,10914,07/03/2021,38192,813687,4.69
Puerto Rico,07/17/2021,7010,07/10/2021,41952,813687,5.16
Puerto Rico,07/24/2021,5367,07/17/2021,41252,813687,5.07
Puerto Rico,07/31/2021,2388,07/24/2021,38049,813687,4.68
Puerto Rico,08/07/2021,2459,07/31/2021,39899,813687,4.9
Puerto Rico,08/14/2021,2132,08/07/2021,39749,813687,4.89
Puerto Rico,08/21/2021,2095,08/14/2021,38962,813687,4.79
Puerto Rico,08/28/2021,1637,08/21/2021,39177,813687,4.81
Puerto Rico,09/04/2021,1638,08/28/2021,36453,813687,4.48
Puerto Rico,09/11/2021,917,09/04/2021,35635,813687,4.38
Puerto Rico,09/18/2021,1041,09/11/2021,38011,813687,4.67
Puerto Rico,09/25/2021,970,09/18/2021,36799,813687,4.52
Puerto Rico,10/02/2021,910,09/25/2021,35223,813687,4.33
Puerto Rico,10/09/2021,1092,10/02/2021,34291,806272,4.25
Puerto Rico,10/16/2021,920,10/09/2021,29625,806272,3.67
Puerto Rico,10/23/2021,1000,10/16/2021,34151,806272,4.24
Puerto Rico,10/30/2021,820,10/23/2021,30000,806272,3.72
Puerto Rico,11/06/2021,879,10/30/2021,27851,806272,3.45
Puerto Rico,11/13/2021,781,11/06/2021,21802,806272,2.7
Puerto Rico,11/20/2021,766,11/13/2021,21408,806272,2.66
Puerto Rico,11/27/2021,646,11/20/2021,18306,806272,2.27
Puerto Rico,12/04/2021,999,11/27/2021,21278,806272,2.64
Puerto Rico,12/11/2021,876,12/04/2021,20423,806272,2.53
Puerto Rico,12/18/2021,1021,12/11/2021,21441,806272,2.66
Puerto Rico,12/25/2021,1109,12/18/2021,16155,806272,2
Puerto Rico,01/01/2022,780,12/25/2021,11213,806272,1.39
Puerto Rico,01/08/2022,1076,01/01/2022,14896,828168,1.8
Puerto Rico,01/15/2022,1549,01/08/2022,17287,828168,2.09
Puerto Rico,01/22/2022,1371,01/15/2022,16342,828168,1.97
Puerto Rico,01/29/2022,1586,01/22/2022,17089,828168,2.06
Puerto Rico,02/05/2022,1243,01/29/2022,16903,828168,2.04
Puerto Rico,02/12/2022,1152,02/05/2022,15494,828168,1.87
Puerto Rico,02/19/2022,865,02/12/2022,14959,828168,1.81
Puerto Rico,02/26/2022,842,02/19/2022,11645,828168,1.41
Puerto Rico,03/05/2022,937,02/26/2022,12816,828168,1.55
Puerto Rico,03/12/2022,936,03/05/2022,14887,828168,1.8
Puerto Rico,03/19/2022,909,03/12/2022,12830,828168,1.55
Puerto Rico,03/26/2022,841,03/19/2022,12857,828168,1.55
Puerto Rico,04/02/2022,892,03/26/2022,13983,828168,1.69
Puerto Rico,04/09/2022,866,04/02/2022,10931,842755,1.3
Puerto Rico,04/16/2022,916,04/09/2022,10686,842755,1.27
Puerto Rico,04/23/2022,1224,04/16/2022,12685,842755,1.51
Puerto Rico,04/30/2022,1212,04/23/2022,13168,842755,1.56
Puerto Rico,05/07/2022,1099,04/30/2022,11591,842755,1.38
Puerto Rico,05/14/2022,1157,05/07/2022,12033,842755,1.43
Puerto Rico,05/21/2022,1046,05/14/2022,12007,842755,1.42
Puerto Rico,05/28/2022,1234,05/21/2022,11646,842755,1.38
Puerto Rico,06/04/2022,1676,05/28/2022,11207,842755,1.33
Puerto Rico,06/11/2022,1870,06/04/2022,13518,842755,1.6
Puerto Rico,06/18/2022,2730,06/11/2022,13687,842755,1.62
Puerto Rico,06/25/2022,1985,06/18/2022,15915,842755,1.89
Puerto Rico,07/02/2022,1875,06/25/2022,15803,842755,1.88
Puerto Rico,07/09/2022,1906,07/02/2022,17758,857504,2.07
Puerto Rico,07/16/2022,2012,07/09/2022,18070,857504,2.11
Puerto Rico,07/23/2022,1338,07/16/2022,19261,857504,2.25
Puerto Rico,07/30/2022,955,07/23/2022,17216,857504,2.01
Puerto Rico,08/06/2022,1436,07/30/2022,19416,857504,2.26
Puerto Rico,08/13/2022,1406,08/06/2022,18505,857504,2.16
Puerto Rico,08/20/2022,1089,08/13/2022,16902,857504,1.97
Puerto Rico,08/27/2022,1095,08/20/2022,14606,857504,1.7
Puerto Rico,09/03/2022,1169,08/27/2022,14378,857504,1.68
Puerto Rico,09/10/2022,1086,09/03/2022,13629,857504,1.59
Puerto Rico,09/17/2022,1087,09/10/2022,14555,857504,1.7
Puerto Rico,09/24/2022,696,09/17/2022,6958,857504,0.81
Puerto Rico,10/01/2022,5052,09/24/2022,17559,857504,2.05
Puerto Rico,10/08/2022,4621,10/01/2022,8575,872601,0.98
Puerto Rico,10/15/2022,3086,10/08/2022,21705,872601,2.49
Puerto Rico,10/22/2022,2576,10/15/2022,17955,872601,2.06
Puerto Rico,10/29/2022,2204,10/22/2022,16584,872601,1.9
Puerto Rico,11/05/2022,1917,10/29/2022,18062,872601,2.07
Puerto Rico,11/12/2022,1694,11/05/2022,15752,872601,1.81
Puerto Rico,11/19/2022,1728,11/12/2022,18675,872601,2.14
Puerto Rico,11/26/2022,1203,11/19/2022,15822,872601,1.81
Puerto Rico,12/03/2022,2112,11/26/2022,17377,872601,1.99
Puerto Rico,12/10/2022,1484,12/03/2022,18619,872601,2.13
Puerto Rico,12/17/2022,1214,12/10/2022,17354,872601,1.99
Puerto Rico,12/24/2022,1375,12/17/2022,16328,872601,1.87
Puerto Rico,12/31/2022,1445,12/24/2022,16210,872601,1.86
Puerto Rico,01/07/2023,1125,12/31/2022,17432,885547,1.97
Puerto Rico,01/14/2023,1838,01/07/2023,18290,885547,2.07
Puerto Rico,01/21/2023,1583,01/14/2023,18870,885547,2.13
Puerto Rico,01/28/2023,1415,01/21/2023,17913,885547,2.02
Puerto Rico,02/04/2023,1465,01/28/2023,17823,885547,2.01
Puerto Rico,02/11/2023,1406,02/04/2023,17682,885547,2
Puerto Rico,02/18/2023,1016,02/11/2023,16815,885547,1.9
Puerto Rico,02/25/2023,980,02/18/2023,16244,885547,1.83
Puerto Rico,03/04/2023,1075,02/25/2023,15643,885547,1.77
Puerto Rico,03/11/2023,1134,03/04/2023,16972,885547,1.92
Puerto Rico,03/18/2023,968,03/11/2023,13862,885547,1.57
Puerto Rico,03/25/2023,996,03/18/2023,15230,885547,1.72
Puerto Rico,04/01/2023,1087,03/25/2023,16135,885547,1.82
Puerto Rico,04/08/2023,1066,04/01/2023,13818,885547,1.56
Puerto Rico,04/15/2023,1375,04/08/2023,14766,895414,1.65
Puerto Rico,04/22/2023,1198,04/15/2023,14431,895414,1.61
Puerto Rico,04/29/2023,1089,04/22/2023,14456,895414,1.61
Puerto Rico,05/06/2023,1217,04/29/2023,13283,895414,1.48
Puerto Rico,05/13/2023,1030,05/06/2023,13422,895414,1.5
Puerto Rico,05/20/2023,1117,05/13/2023,14167,895414,1.58
Puerto Rico,05/27/2023,1344,05/20/2023,13695,895414,1.53
Puerto Rico,06/03/2023,1734,05/27/2023,13629,895414,1.52
Puerto Rico,06/10/2023,2065,06/03/2023,14171,895414,1.58
Puerto Rico,06/17/2023,3353,06/10/2023,15800,895414,1.76
Puerto Rico,06/24/2023,2073,06/17/2023,19193,895414,2.14
Puerto Rico,07/01/2023,2178,06/24/2023,19424,895414,2.17
Puerto Rico,07/08/2023,2272,07/01/2023,21203,895414,2.37
Puerto Rico,07/15/2023,1964,07/08/2023,21568,903902,2.39
Puerto Rico,07/22/2023,1952,07/15/2023,23915,903902,2.65
Puerto Rico,07/29/2023,1199,07/22/2023,20128,903902,2.23
Puerto Rico,08/05/2023,1847,07/29/2023,23359,903902,2.58
Puerto Rico,08/12/2023,1654,08/05/2023,22098,903902,2.44
Puerto Rico,08/19/2023,1410,08/12/2023,19818,903902,2.19
Puerto Rico,08/26/2023,1232,08/19/2023,18677,903902,2.07
Puerto Rico,09/02/2023,1421,08/26/2023,17252,903902,1.91
Puerto Rico,09/09/2023,1436,09/02/2023,16933,903902,1.87
Puerto Rico,09/16/2023,1491,09/09/2023,16647,903902,1.84
Puerto Rico,09/23/2023,1377,09/16/2023,16696,903902,1.85
Puerto Rico,09/30/2023,1509,09/23/2023,16888,903902,1.87
Puerto Rico,10/07/2023,1965,09/30/2023,16593,903902,1.84
Puerto Rico,10/14/2023,1531,10/07/2023,16500,907991,1.82
Puerto Rico,10/21/2023,1426,10/14/2023,17406,907991,1.92
Puerto Rico,10/28/2023,1258,10/21/2023,16992,907991,1.87
Puerto Rico,11/04/2023,1155,10/28/2023,17008,907991,1.87
Puerto Rico,11/11/2023,1207,11/04/2023,16927,907991,1.86
Puerto Rico,11/18/2023,1095,11/11/2023,15496,907991,1.71
Puerto Rico,11/25/2023,813,11/18/2023,15546,907991,1.71
Puerto Rico,12/02/2023,1361,11/25/2023,17116,907991,1.89
Puerto Rico,12/09/2023,1285,12/02/2023,17633,907991,1.94
Puerto Rico,12/16/2023,1270,12/09/2023,17232,907991,1.9
Puerto Rico,12/23/2023,1851,12/16/2023,16363,907991,1.8
Puerto Rico,12/30/2023,1884,12/23/2023,16579,907991,1.83
Puerto Rico,01/06/2024,1418,12/30/2023,16176,907991,1.78
Puerto Rico,01/13/2024,1968,01/06/2024,20133,911881,2.21
Puerto Rico,01/20/2024,1461,01/13/2024,18811,911881,2.06
Puerto Rico,01/27/2024,1341,01/20/2024,18576,911881,2.04
Puerto Rico,02/03/2024,1459,01/27/2024,16868,911881,1.85
Puerto Rico,02/10/2024,1298,02/03/2024,16331,911881,1.79
Puerto Rico,02/17/2024,1017,02/10/2024,15705,911881,1.72
Puerto Rico,02/24/2024,1000,02/17/2024,15409,911881,1.69
Puerto Rico,03/02/2024,1098,02/24/2024,15907,911881,1.74
Puerto Rico,03/09/2024,1148,03/02/2024,15723,911881,1.72
Puerto Rico,03/16/2024,949,03/09/2024,15461,911881,1.7
Puerto Rico,03/23/2024,850,03/16/2024,14217,911881,1.56
Puerto Rico,03/30/2024,857,03/23/2024,14127,911881,1.55
Puerto Rico,04/06/2024,1180,03/30/2024,14482,911881,1.59
Puerto Rico,04/13/2024,1132,04/06/2024,14689,915646,1.6
Puerto Rico,04/20/2024,1124,04/13/2024,13786,915646,1.51
Puerto Rico,04/27/2024,1079,04/20/2024,13223,915646,1.44
Puerto Rico,05/04/2024,1149,04/27/2024,12853,915646,1.4
Puerto Rico,05/11/2024,1053,05/04/2024,13465,915646,1.47
Puerto Rico,05/18/2024,1028,05/11/2024,13151,915646,1.44
Puerto Rico,05/25/2024,1093,05/18/2024,12655,915646,1.38
Puerto Rico,06/01/2024,645,05/25/2024,12811,915646,1.4
Puerto Rico,06/08/2024,2672,06/01/2024,12769,915646,1.39
Puerto Rico,06/15/2024,2688,06/08/2024,14148,915646,1.55
Puerto Rico,06/22/2024,2021,06/15/2024,17057,915646,1.86
Puerto Rico,06/29/2024,1982,06/22/2024,18828,915646,2.06
Puerto Rico,07/06/2024,2703,06/29/2024,17953,915646,1.96
Puerto Rico,07/13/2024,2531,07/06/2024,21913,917311,2.39
Puerto Rico,07/20/2024,2175,07/13/2024,22426,917311,2.44
Puerto Rico,07/27/2024,1655,07/20/2024,22256,917311,2.43
Puerto Rico,08/03/2024,1748,07/27/2024,23148,917311,2.52
Puerto Rico,08/10/2024,1686,08/03/2024,23841,917311,2.6
Puerto Rico,08/17/2024,907,08/10/2024,19091,917311,2.08
Puerto Rico,08/24/2024,1530,08/17/2024,21369,917311,2.33
Puerto Rico,08/31/2024,1375,08/24/2024,18239,917311,1.99
Puerto Rico,09/07/2024,1282,08/31/2024,17472,917311,1.9
Puerto Rico,09/14/2024,1436,09/07/2024,17937,917311,1.96
Puerto Rico,09/21/2024,1384,09/14/2024,17468,917311,1.9
Puerto Rico,09/28/2024,1271,09/21/2024,17660,917311,1.93
Puerto Rico,10/05/2024,1329,09/28/2024,16634,917311,1.81
Puerto Rico,10/12/2024,1465,10/05/2024,17310,921385,1.88
Puerto Rico,10/19/2024,1202,10/12/2024,16930,921385,1.84
Puerto Rico,10/26/2024,1202,10/19/2024,16799,921385,1.82
Puerto Rico,11/02/2024,977,10/26/2024,17208,921385,1.87
Puerto Rico,11/09/2024,1080,11/02/2024,17400,921385,1.89
Puerto Rico,11/16/2024,1042,11/09/2024,16882,921385,1.83
Puerto Rico,11/23/2024,1127,11/16/2024,17949,921385,1.95
Puerto Rico,11/30/2024,913,11/23/2024,16398,921385,1.78
Puerto Rico,12/07/2024,1312,11/30/2024,17022,921385,1.85
Puerto Rico,12/14/2024,1284,12/07/2024,17577,921385,1.91
Puerto Rico,12/21/2024,1261,12/14/2024,15063,921385,1.63
Puerto Rico,12/28/2024,1369,12/21/2024,13738,921385,1.49
Puerto Rico,01/04/2025,997,12/28/2024,15369,921385,1.67
Puerto Rico,01/11/2025,1884,01/04/2025,18736,924333,2.03
Puerto Rico,01/18/2025,1830,01/11/2025,19501,924333,2.11
Puerto Rico,01/25/2025,1555,01/18/2025,18232,924333,1.97
Puerto Rico,02/01/2025,1421,01/25/2025,17644,924333,1.91
Puerto Rico,02/08/2025,1461,02/01/2025,16712,924333,1.81
Puerto Rico,02/15/2025,1196,02/08/2025,16125,924333,1.74
Puerto Rico,02/22/2025,1055,02/15/2025,15911,924333,1.72
Puerto Rico,03/01/2025,1125,02/22/2025,16433,924333,1.78
Puerto Rico,03/08/2025,1020,03/01/2025,15284,924333,1.65
Puerto Rico,03/15/2025,999,03/08/2025,15467,924333,1.67
Puerto Rico,03/22/2025,1012,03/15/2025,12914,924333,1.4
Puerto Rico,03/29/2025,1076,03/22/2025,15173,924333,1.64
Puerto Rico,04/05/2025,1295,03/29/2025,15135,924333,1.64
Puerto Rico,04/12/2025,1320,04/05/2025,15674,925870,1.69
Rhode Island,01/04/2020,1972,12/28/2019,12109,471911,2.57
Rhode Island,01/11/2020,1817,01/04/2020,12299,472874,2.6
Rhode Island,01/18/2020,1194,01/11/2020,10987,472874,2.32
Rhode Island,01/25/2020,1048,01/18/2020,10750,472874,2.27
Rhode Island,02/01/2020,971,01/25/2020,11042,472874,2.34
Rhode Island,02/08/2020,959,02/01/2020,11051,472874,2.34
Rhode Island,02/15/2020,996,02/08/2020,11164,472874,2.36
Rhode Island,02/22/2020,1921,02/15/2020,11199,472874,2.37
Rhode Island,02/29/2020,874,02/22/2020,12384,472874,2.62
Rhode Island,03/07/2020,700,02/29/2020,11130,472874,2.35
Rhode Island,03/14/2020,1108,03/07/2020,10692,472874,2.26
Rhode Island,03/21/2020,35847,03/14/2020,10857,472874,2.3
Rhode Island,03/28/2020,27800,03/21/2020,31847,472874,6.73
Rhode Island,04/04/2020,28243,03/28/2020,56038,472874,11.85
Rhode Island,04/11/2020,22509,04/04/2020,70935,473597,14.98
Rhode Island,04/18/2020,18078,04/11/2020,79140,473597,16.71
Rhode Island,04/25/2020,13084,04/18/2020,96663,473597,20.41
Rhode Island,05/02/2020,9088,04/25/2020,97573,473597,20.6
Rhode Island,05/09/2020,6245,05/02/2020,94083,473597,19.87
Rhode Island,05/16/2020,3883,05/09/2020,89247,473597,18.84
Rhode Island,05/23/2020,2937,05/16/2020,87966,473597,18.57
Rhode Island,05/30/2020,2748,05/23/2020,78496,473597,16.57
Rhode Island,06/06/2020,3518,05/30/2020,76946,473597,16.25
Rhode Island,06/13/2020,2641,06/06/2020,73083,473597,15.43
Rhode Island,06/20/2020,4014,06/13/2020,69236,473597,14.62
Rhode Island,06/27/2020,3229,06/20/2020,67100,473597,14.17
Rhode Island,07/04/2020,3436,06/27/2020,66304,473597,14
Rhode Island,07/11/2020,3133,07/04/2020,65377,474428,13.78
Rhode Island,07/18/2020,3258,07/11/2020,63177,474428,13.32
Rhode Island,07/25/2020,3635,07/18/2020,63285,474428,13.34
Rhode Island,08/01/2020,3722,07/25/2020,60470,474428,12.75
Rhode Island,08/08/2020,3324,08/01/2020,55965,474428,11.8
Rhode Island,08/15/2020,2683,08/08/2020,51095,474428,10.77
Rhode Island,08/22/2020,3186,08/15/2020,49423,474428,10.42
Rhode Island,08/29/2020,3680,08/22/2020,47405,474428,9.99
Rhode Island,09/05/2020,3251,08/29/2020,44829,474428,9.45
Rhode Island,09/12/2020,3026,09/05/2020,45841,474428,9.66
Rhode Island,09/19/2020,2830,09/12/2020,38774,474428,8.17
Rhode Island,09/26/2020,3098,09/19/2020,31964,474428,6.74
Rhode Island,10/03/2020,2801,09/26/2020,26879,474428,5.67
Rhode Island,10/10/2020,3059,10/03/2020,22523,474882,4.74
Rhode Island,10/17/2020,2437,10/10/2020,19638,474882,4.14
Rhode Island,10/24/2020,3127,10/17/2020,17947,474882,3.78
Rhode Island,10/31/2020,3172,10/24/2020,16470,474882,3.47
Rhode Island,11/07/2020,2437,10/31/2020,15766,474882,3.32
Rhode Island,11/14/2020,2836,11/07/2020,14945,474882,3.15
Rhode Island,11/21/2020,3543,11/14/2020,15459,474882,3.26
Rhode Island,11/28/2020,3932,11/21/2020,14707,474882,3.1
Rhode Island,12/05/2020,5261,11/28/2020,15849,474882,3.34
Rhode Island,12/12/2020,5617,12/05/2020,17645,474882,3.72
Rhode Island,12/19/2020,6769,12/12/2020,19264,474882,4.06
Rhode Island,12/26/2020,5572,12/19/2020,19829,474882,4.18
Rhode Island,01/02/2021,5612,12/26/2020,20920,474882,4.41
Rhode Island,01/09/2021,7799,01/02/2021,23015,453539,5.07
Rhode Island,01/16/2021,10797,01/09/2021,23980,453539,5.29
Rhode Island,01/23/2021,11695,01/16/2021,23731,453539,5.23
Rhode Island,01/30/2021,16379,01/23/2021,25483,453539,5.62
Rhode Island,02/06/2021,17724,01/30/2021,27681,453539,6.1
Rhode Island,02/13/2021,11595,02/06/2021,28311,453539,6.24
Rhode Island,02/20/2021,8260,02/13/2021,23153,453539,5.1
Rhode Island,02/27/2021,5787,02/20/2021,22155,453539,4.88
Rhode Island,03/06/2021,4826,02/27/2021,20590,453539,4.54
Rhode Island,03/13/2021,4227,03/06/2021,19307,453539,4.26
Rhode Island,03/20/2021,3853,03/13/2021,17951,453539,3.96
Rhode Island,03/27/2021,4536,03/20/2021,17675,453539,3.9
Rhode Island,04/03/2021,5317,03/27/2021,17941,453539,3.96
Rhode Island,04/10/2021,4973,04/03/2021,17887,442230,4.04
Rhode Island,04/17/2021,5666,04/10/2021,17786,442230,4.02
Rhode Island,04/24/2021,8041,04/17/2021,17864,442230,4.04
Rhode Island,05/01/2021,7764,04/24/2021,20379,442230,4.61
Rhode Island,05/08/2021,7521,05/01/2021,19151,442230,4.33
Rhode Island,05/15/2021,8313,05/08/2021,19989,442230,4.52
Rhode Island,05/22/2021,8957,05/15/2021,20387,442230,4.61
Rhode Island,05/29/2021,9610,05/22/2021,19879,442230,4.5
Rhode Island,06/05/2021,9046,05/29/2021,19972,442230,4.52
Rhode Island,06/12/2021,9237,06/05/2021,21379,442230,4.83
Rhode Island,06/19/2021,7551,06/12/2021,22534,442230,5.1
Rhode Island,06/26/2021,8009,06/19/2021,20403,442230,4.61
Rhode Island,07/03/2021,9065,06/26/2021,18572,442230,4.2
Rhode Island,07/10/2021,4258,07/03/2021,17064,433198,3.94
Rhode Island,07/17/2021,3971,07/10/2021,16358,433198,3.78
Rhode Island,07/24/2021,2304,07/17/2021,17138,433198,3.96
Rhode Island,07/31/2021,3589,07/24/2021,13812,433198,3.19
Rhode Island,08/07/2021,3070,07/31/2021,13642,433198,3.15
Rhode Island,08/14/2021,3062,08/07/2021,13022,433198,3.01
Rhode Island,08/21/2021,1834,08/14/2021,13363,433198,3.08
Rhode Island,08/28/2021,1891,08/21/2021,13135,433198,3.03
Rhode Island,09/04/2021,2186,08/28/2021,12553,433198,2.9
Rhode Island,09/11/2021,837,09/04/2021,11571,433198,2.67
Rhode Island,09/18/2021,826,09/11/2021,10208,433198,2.36
Rhode Island,09/25/2021,977,09/18/2021,9487,433198,2.19
Rhode Island,10/02/2021,975,09/25/2021,9213,433198,2.13
Rhode Island,10/09/2021,1244,10/02/2021,8844,425152,2.08
Rhode Island,10/16/2021,802,10/09/2021,8360,425152,1.97
Rhode Island,10/23/2021,946,10/16/2021,8231,425152,1.94
Rhode Island,10/30/2021,1114,10/23/2021,8037,425152,1.89
Rhode Island,11/06/2021,865,10/30/2021,7863,425152,1.85
Rhode Island,11/13/2021,549,11/06/2021,7563,425152,1.78
Rhode Island,11/20/2021,753,11/13/2021,7319,425152,1.72
Rhode Island,11/27/2021,756,11/20/2021,6912,425152,1.63
Rhode Island,12/04/2021,946,11/27/2021,7302,425152,1.72
Rhode Island,12/11/2021,933,12/04/2021,7158,425152,1.68
Rhode Island,12/18/2021,1097,12/11/2021,7341,425152,1.73
Rhode Island,12/25/2021,2266,12/18/2021,7780,425152,1.83
Rhode Island,01/01/2022,1978,12/25/2021,8981,425152,2.11
Rhode Island,01/08/2022,1554,01/01/2022,10978,440459,2.49
Rhode Island,01/15/2022,2018,01/08/2022,10870,440459,2.47
Rhode Island,01/22/2022,1247,01/15/2022,10766,440459,2.44
Rhode Island,01/29/2022,1000,01/22/2022,11032,440459,2.5
Rhode Island,02/05/2022,849,01/29/2022,10669,440459,2.42
Rhode Island,02/12/2022,1037,02/05/2022,10745,440459,2.44
Rhode Island,02/19/2022,1001,02/12/2022,10597,440459,2.41
Rhode Island,02/26/2022,2041,02/19/2022,10508,440459,2.39
Rhode Island,03/05/2022,817,02/26/2022,11894,440459,2.7
Rhode Island,03/12/2022,754,03/05/2022,10232,440459,2.32
Rhode Island,03/19/2022,648,03/12/2022,9741,440459,2.21
Rhode Island,03/26/2022,594,03/19/2022,9119,440459,2.07
Rhode Island,04/02/2022,692,03/26/2022,8404,440459,1.91
Rhode Island,04/09/2022,872,04/02/2022,7604,447171,1.7
Rhode Island,04/16/2022,1240,04/09/2022,6944,447171,1.55
Rhode Island,04/23/2022,2016,04/16/2022,6381,447171,1.43
Rhode Island,04/30/2022,808,04/23/2022,7960,447171,1.78
Rhode Island,05/07/2022,658,04/30/2022,6087,447171,1.36
Rhode Island,05/14/2022,588,05/07/2022,5753,447171,1.29
Rhode Island,05/21/2022,716,05/14/2022,5508,447171,1.23
Rhode Island,05/28/2022,583,05/21/2022,5546,447171,1.24
Rhode Island,06/04/2022,587,05/28/2022,5493,447171,1.23
Rhode Island,06/11/2022,671,06/04/2022,5624,447171,1.26
Rhode Island,06/18/2022,887,06/11/2022,5613,447171,1.26
Rhode Island,06/25/2022,1695,06/18/2022,5808,447171,1.3
Rhode Island,07/02/2022,1536,06/25/2022,6984,447171,1.56
Rhode Island,07/09/2022,1052,07/02/2022,7746,452254,1.71
Rhode Island,07/16/2022,912,07/09/2022,8375,452254,1.85
Rhode Island,07/23/2022,634,07/16/2022,8210,452254,1.82
Rhode Island,07/30/2022,755,07/23/2022,8084,452254,1.79
Rhode Island,08/06/2022,860,07/30/2022,8278,452254,1.83
Rhode Island,08/13/2022,521,08/06/2022,8267,452254,1.83
Rhode Island,08/20/2022,740,08/13/2022,8073,452254,1.79
Rhode Island,08/27/2022,745,08/20/2022,8071,452254,1.78
Rhode Island,09/03/2022,669,08/27/2022,8012,452254,1.77
Rhode Island,09/10/2022,612,09/03/2022,6516,452254,1.44
Rhode Island,09/17/2022,712,09/10/2022,5609,452254,1.24
Rhode Island,09/24/2022,651,09/17/2022,5394,452254,1.19
Rhode Island,10/01/2022,579,09/24/2022,5467,452254,1.21
Rhode Island,10/08/2022,614,10/01/2022,5301,427116,1.24
Rhode Island,10/15/2022,500,10/08/2022,5215,427116,1.22
Rhode Island,10/22/2022,529,10/15/2022,5255,427116,1.23
Rhode Island,10/29/2022,807,10/22/2022,5087,427116,1.19
Rhode Island,11/05/2022,797,10/29/2022,5839,427116,1.37
Rhode Island,11/12/2022,505,11/05/2022,5378,427116,1.26
Rhode Island,11/19/2022,1027,11/12/2022,5678,427116,1.33
Rhode Island,11/26/2022,969,11/19/2022,5762,427116,1.35
Rhode Island,12/03/2022,1014,11/26/2022,6501,427116,1.52
Rhode Island,12/10/2022,1076,12/03/2022,6686,427116,1.57
Rhode Island,12/17/2022,1598,12/10/2022,7126,427116,1.67
Rhode Island,12/24/2022,1828,12/17/2022,7698,427116,1.8
Rhode Island,12/31/2022,2385,12/24/2022,8458,427116,1.98
Rhode Island,01/07/2023,1873,12/31/2022,11180,427116,2.62
Rhode Island,01/14/2023,2113,01/07/2023,11229,462779,2.43
Rhode Island,01/21/2023,1197,01/14/2023,11227,462779,2.43
Rhode Island,01/28/2023,1090,01/21/2023,11275,462779,2.44
Rhode Island,02/04/2023,1252,01/28/2023,11714,462779,2.53
Rhode Island,02/11/2023,885,02/04/2023,11631,462779,2.51
Rhode Island,02/18/2023,1162,02/11/2023,11506,462779,2.49
Rhode Island,02/25/2023,2372,02/18/2023,11760,462779,2.54
Rhode Island,03/04/2023,685,02/25/2023,13477,462779,2.91
Rhode Island,03/11/2023,770,03/04/2023,11582,462779,2.5
Rhode Island,03/18/2023,846,03/11/2023,11205,462779,2.42
Rhode Island,03/25/2023,706,03/18/2023,10893,462779,2.35
Rhode Island,04/01/2023,590,03/25/2023,10278,462779,2.22
Rhode Island,04/08/2023,1120,04/01/2023,9562,462779,2.07
Rhode Island,04/15/2023,2178,04/08/2023,8801,467116,1.88
Rhode Island,04/22/2023,752,04/15/2023,9915,467116,2.12
Rhode Island,04/29/2023,690,04/22/2023,7705,467116,1.65
Rhode Island,05/06/2023,794,04/29/2023,7322,467116,1.57
Rhode Island,05/13/2023,803,05/06/2023,7042,467116,1.51
Rhode Island,05/20/2023,703,05/13/2023,6936,467116,1.48
Rhode Island,05/27/2023,697,05/20/2023,6974,467116,1.49
Rhode Island,06/03/2023,637,05/27/2023,6824,467116,1.46
Rhode Island,06/10/2023,862,06/03/2023,6873,467116,1.47
Rhode Island,06/17/2023,860,06/10/2023,6964,467116,1.49
Rhode Island,06/24/2023,1787,06/17/2023,7055,467116,1.51
Rhode Island,07/01/2023,1951,06/24/2023,8485,467116,1.82
Rhode Island,07/08/2023,1200,07/01/2023,9441,467116,2.02
Rhode Island,07/15/2023,956,07/08/2023,10261,470037,2.18
Rhode Island,07/22/2023,685,07/15/2023,10147,470037,2.16
Rhode Island,07/29/2023,731,07/22/2023,9691,470037,2.06
Rhode Island,08/05/2023,787,07/29/2023,9521,470037,2.03
Rhode Island,08/12/2023,829,08/05/2023,9756,470037,2.08
Rhode Island,08/19/2023,693,08/12/2023,9632,470037,2.05
Rhode Island,08/26/2023,756,08/19/2023,9784,470037,2.08
Rhode Island,09/02/2023,711,08/26/2023,9879,470037,2.1
Rhode Island,09/09/2023,491,09/02/2023,8567,470037,1.82
Rhode Island,09/16/2023,789,09/09/2023,7592,470037,1.62
Rhode Island,09/23/2023,689,09/16/2023,6902,470037,1.47
Rhode Island,09/30/2023,678,09/23/2023,6870,470037,1.46
Rhode Island,10/07/2023,683,09/30/2023,6875,470037,1.46
Rhode Island,10/14/2023,596,10/07/2023,6857,472756,1.45
Rhode Island,10/21/2023,765,10/14/2023,6922,472756,1.46
Rhode Island,10/28/2023,808,10/21/2023,6985,472756,1.48
Rhode Island,11/04/2023,783,10/28/2023,7073,472756,1.5
Rhode Island,11/11/2023,871,11/04/2023,7112,472756,1.5
Rhode Island,11/18/2023,841,11/11/2023,7354,472756,1.56
Rhode Island,11/25/2023,1007,11/18/2023,7350,472756,1.55
Rhode Island,12/02/2023,1353,11/25/2023,8195,472756,1.73
Rhode Island,12/09/2023,1076,12/02/2023,8288,472756,1.75
Rhode Island,12/16/2023,1337,12/09/2023,8510,472756,1.8
Rhode Island,12/23/2023,1667,12/16/2023,9137,472756,1.93
Rhode Island,12/30/2023,3100,12/23/2023,9918,472756,2.1
Rhode Island,01/06/2024,1982,12/30/2023,13034,472756,2.76
Rhode Island,01/13/2024,1732,01/06/2024,12456,473819,2.63
Rhode Island,01/20/2024,1242,01/13/2024,12455,473819,2.63
Rhode Island,01/27/2024,1329,01/20/2024,12745,473819,2.69
Rhode Island,02/03/2024,1094,01/27/2024,12891,473819,2.72
Rhode Island,02/10/2024,1087,02/03/2024,12883,473819,2.72
Rhode Island,02/17/2024,769,02/10/2024,12729,473819,2.69
Rhode Island,02/24/2024,2705,02/17/2024,12852,473819,2.71
Rhode Island,03/02/2024,750,02/24/2024,14540,473819,3.07
Rhode Island,03/09/2024,738,03/02/2024,12680,473819,2.68
Rhode Island,03/16/2024,719,03/09/2024,12243,473819,2.58
Rhode Island,03/23/2024,770,03/16/2024,11912,473819,2.51
Rhode Island,03/30/2024,785,03/23/2024,11428,473819,2.41
Rhode Island,04/06/2024,616,03/30/2024,10777,473819,2.27
Rhode Island,04/13/2024,743,04/06/2024,9980,475226,2.1
Rhode Island,04/20/2024,2480,04/13/2024,9059,475226,1.91
Rhode Island,04/27/2024,854,04/20/2024,10624,475226,2.24
Rhode Island,05/04/2024,692,04/27/2024,8446,475226,1.78
Rhode Island,05/11/2024,614,05/04/2024,8020,475226,1.69
Rhode Island,05/18/2024,687,05/11/2024,7762,475226,1.63
Rhode Island,05/25/2024,803,05/18/2024,7758,475226,1.63
Rhode Island,06/01/2024,748,05/25/2024,7701,475226,1.62
Rhode Island,06/08/2024,817,06/01/2024,7841,475226,1.65
Rhode Island,06/15/2024,988,06/08/2024,7816,475226,1.64
Rhode Island,06/22/2024,1798,06/15/2024,8155,475226,1.72
Rhode Island,06/29/2024,1658,06/22/2024,9394,475226,1.98
Rhode Island,07/06/2024,1468,06/29/2024,10329,475226,2.17
Rhode Island,07/13/2024,1416,07/06/2024,11683,427164,2.74
Rhode Island,07/20/2024,695,07/13/2024,11192,427164,2.62
Rhode Island,07/27/2024,662,07/20/2024,11181,427164,2.62
Rhode Island,08/03/2024,910,07/27/2024,10996,427164,2.57
Rhode Island,08/10/2024,747,08/03/2024,11046,427164,2.59
Rhode Island,08/17/2024,625,08/10/2024,10792,427164,2.53
Rhode Island,08/24/2024,605,08/17/2024,10824,427164,2.53
Rhode Island,08/31/2024,848,08/24/2024,10911,427164,2.55
Rhode Island,09/07/2024,751,08/31/2024,9583,427164,2.24
Rhode Island,09/14/2024,780,09/07/2024,8361,427164,1.96
Rhode Island,09/21/2024,627,09/14/2024,7677,427164,1.8
Rhode Island,09/28/2024,638,09/21/2024,7674,427164,1.8
Rhode Island,10/05/2024,677,09/28/2024,7594,427164,1.78
Rhode Island,10/12/2024,751,10/05/2024,7561,477902,1.58
Rhode Island,10/19/2024,668,10/12/2024,7541,477902,1.58
Rhode Island,10/26/2024,558,10/19/2024,7725,477902,1.62
Rhode Island,11/02/2024,799,10/26/2024,7541,477902,1.58
Rhode Island,11/09/2024,729,11/02/2024,7632,477902,1.6
Rhode Island,11/16/2024,794,11/09/2024,7874,477902,1.65
Rhode Island,11/23/2024,1320,11/16/2024,8235,477902,1.72
Rhode Island,11/30/2024,1206,11/23/2024,8545,477902,1.79
Rhode Island,12/07/2024,1273,11/30/2024,9142,477902,1.91
Rhode Island,12/14/2024,1414,12/07/2024,9434,477902,1.97
Rhode Island,12/21/2024,1735,12/14/2024,10118,477902,2.12
Rhode Island,12/28/2024,3234,12/21/2024,10754,477902,2.25
Rhode Island,01/04/2025,2102,12/28/2024,14085,477902,2.95
Rhode Island,01/11/2025,1955,01/04/2025,15448,479861,3.22
Rhode Island,01/18/2025,1928,01/11/2025,13930,479861,2.9
Rhode Island,01/25/2025,1288,01/18/2025,13525,479861,2.82
Rhode Island,02/01/2025,1069,01/25/2025,14010,479861,2.92
Rhode Island,02/08/2025,995,02/01/2025,13958,479861,2.91
Rhode Island,02/15/2025,909,02/08/2025,14032,479861,2.92
Rhode Island,02/22/2025,2990,02/15/2025,14072,479861,2.93
Rhode Island,03/01/2025,1006,02/22/2025,16151,479861,3.37
Rhode Island,03/08/2025,878,03/01/2025,14254,479861,2.97
Rhode Island,03/15/2025,893,03/08/2025,13741,479861,2.86
Rhode Island,03/22/2025,913,03/15/2025,13279,479861,2.77
Rhode Island,03/29/2025,725,03/22/2025,12877,479861,2.68
Rhode Island,04/05/2025,723,03/29/2025,11992,479861,2.5
Rhode Island,04/12/2025,882,04/05/2025,11289,481411,2.34
South Carolina,01/04/2020,7471,12/28/2019,18922,2070232,0.91
South Carolina,01/11/2020,4629,01/04/2020,21587,2077535,1.04
South Carolina,01/18/2020,3126,01/11/2020,18780,2077535,0.9
South Carolina,01/25/2020,2248,01/18/2020,17113,2077535,0.82
South Carolina,02/01/2020,2099,01/25/2020,17061,2077535,0.82
South Carolina,02/08/2020,2054,02/01/2020,16669,2077535,0.8
South Carolina,02/15/2020,2088,02/08/2020,16547,2077535,0.8
South Carolina,02/22/2020,1824,02/15/2020,16239,2077535,0.78
South Carolina,02/29/2020,1977,02/22/2020,15779,2077535,0.76
South Carolina,03/07/2020,1889,02/29/2020,15341,2077535,0.74
South Carolina,03/14/2020,2093,03/07/2020,15032,2077535,0.72
South Carolina,03/21/2020,31826,03/14/2020,15111,2077535,0.73
South Carolina,03/28/2020,66475,03/21/2020,30341,2077535,1.46
South Carolina,04/04/2020,86573,03/28/2020,75521,2077535,3.64
South Carolina,04/11/2020,89147,04/04/2020,126994,2087060,6.08
South Carolina,04/18/2020,74362,04/11/2020,179769,2087060,8.61
South Carolina,04/25/2020,66438,04/18/2020,240956,2087060,11.55
South Carolina,05/02/2020,47673,04/25/2020,260409,2087060,12.48
South Carolina,05/09/2020,33191,05/02/2020,268701,2087060,12.87
South Carolina,05/16/2020,29899,05/09/2020,256676,2087060,12.3
South Carolina,05/23/2020,25380,05/16/2020,241793,2087060,11.59
South Carolina,05/30/2020,18910,05/23/2020,214814,2087060,10.29
South Carolina,06/06/2020,23188,05/30/2020,212570,2087060,10.19
South Carolina,06/13/2020,19853,06/06/2020,200903,2087060,9.63
South Carolina,06/20/2020,17611,06/13/2020,198224,2087060,9.5
South Carolina,06/27/2020,17654,06/20/2020,197125,2087060,9.45
South Carolina,07/04/2020,16015,06/27/2020,187282,2087060,8.97
South Carolina,07/11/2020,19272,07/04/2020,201097,2093284,9.61
South Carolina,07/18/2020,14307,07/11/2020,200340,2093284,9.57
South Carolina,07/25/2020,12195,07/18/2020,197886,2093284,9.45
South Carolina,08/01/2020,8909,07/25/2020,191064,2093284,9.13
South Carolina,08/08/2020,5896,08/01/2020,170983,2093284,8.17
South Carolina,08/15/2020,7231,08/08/2020,161012,2093284,7.69
South Carolina,08/22/2020,5496,08/15/2020,143801,2093284,6.87
South Carolina,08/29/2020,5000,08/22/2020,128226,2093284,6.13
South Carolina,09/05/2020,5085,08/29/2020,115428,2093284,5.51
South Carolina,09/12/2020,4261,09/05/2020,101456,2093284,4.85
South Carolina,09/19/2020,4906,09/12/2020,94304,2093284,4.51
South Carolina,09/26/2020,4905,09/19/2020,85052,2093284,4.06
South Carolina,10/03/2020,4908,09/26/2020,75968,2093284,3.63
South Carolina,10/10/2020,4667,10/03/2020,70120,2095065,3.35
South Carolina,10/17/2020,3890,10/10/2020,66012,2095065,3.15
South Carolina,10/24/2020,3675,10/17/2020,61400,2095065,2.93
South Carolina,10/31/2020,3260,10/24/2020,55863,2095065,2.67
South Carolina,11/07/2020,3461,10/31/2020,52316,2095065,2.5
South Carolina,11/14/2020,3286,11/07/2020,49008,2095065,2.34
South Carolina,11/21/2020,3361,11/14/2020,46887,2095065,2.24
South Carolina,11/28/2020,2567,11/21/2020,41769,2095065,1.99
South Carolina,12/05/2020,4774,11/28/2020,46371,2095065,2.21
South Carolina,12/12/2020,3581,12/05/2020,42376,2095065,2.02
South Carolina,12/19/2020,3445,12/12/2020,40878,2095065,1.95
South Carolina,12/26/2020,4317,12/19/2020,40354,2095065,1.93
South Carolina,01/02/2021,8778,12/26/2020,46633,2095065,2.23
South Carolina,01/09/2021,8048,01/02/2021,51045,2039769,2.5
South Carolina,01/16/2021,6319,01/09/2021,49090,2039769,2.41
South Carolina,01/23/2021,4813,01/16/2021,47506,2039769,2.33
South Carolina,01/30/2021,4453,01/23/2021,49950,2039769,2.45
South Carolina,02/06/2021,6339,01/30/2021,47634,2039769,2.34
South Carolina,02/13/2021,4287,02/06/2021,45666,2039769,2.24
South Carolina,02/20/2021,3525,02/13/2021,42674,2039769,2.09
South Carolina,02/27/2021,3903,02/20/2021,43518,2039769,2.13
South Carolina,03/06/2021,5480,02/27/2021,41899,2039769,2.05
South Carolina,03/13/2021,2769,03/06/2021,38746,2039769,1.9
South Carolina,03/20/2021,3197,03/13/2021,36365,2039769,1.78
South Carolina,03/27/2021,3146,03/20/2021,34470,2039769,1.69
South Carolina,04/03/2021,4992,03/27/2021,37421,2039769,1.83
South Carolina,04/10/2021,5131,04/03/2021,38434,2018676,1.9
South Carolina,04/17/2021,5053,04/10/2021,39810,2018676,1.97
South Carolina,04/24/2021,3091,04/17/2021,40844,2018676,2.02
South Carolina,05/01/2021,2899,04/24/2021,39552,2018676,1.96
South Carolina,05/08/2021,3123,05/01/2021,39328,2018676,1.95
South Carolina,05/15/2021,2588,05/08/2021,38176,2018676,1.89
South Carolina,05/22/2021,2083,05/15/2021,38107,2018676,1.89
South Carolina,05/29/2021,1987,05/22/2021,38379,2018676,1.9
South Carolina,06/05/2021,1894,05/29/2021,34192,2018676,1.69
South Carolina,06/12/2021,1735,06/05/2021,36842,2018676,1.83
South Carolina,06/19/2021,1673,06/12/2021,33305,2018676,1.65
South Carolina,06/26/2021,1676,06/19/2021,33489,2018676,1.66
South Carolina,07/03/2021,2194,06/26/2021,32389,2018676,1.6
South Carolina,07/10/2021,2518,07/03/2021,46007,2000235,2.3
South Carolina,07/17/2021,2496,07/10/2021,42714,2000235,2.14
South Carolina,07/24/2021,1503,07/17/2021,37023,2000235,1.85
South Carolina,07/31/2021,1363,07/24/2021,36016,2000235,1.8
South Carolina,08/07/2021,1445,07/31/2021,34672,2000235,1.73
South Carolina,08/14/2021,1439,08/07/2021,32394,2000235,1.62
South Carolina,08/21/2021,1576,08/14/2021,30621,2000235,1.53
South Carolina,08/28/2021,1321,08/21/2021,30621,2000235,1.53
South Carolina,09/04/2021,1262,08/28/2021,26864,2000235,1.34
South Carolina,09/11/2021,2456,09/04/2021,26145,2000235,1.31
South Carolina,09/18/2021,1625,09/11/2021,24474,2000235,1.22
South Carolina,09/25/2021,1132,09/18/2021,22281,2000235,1.11
South Carolina,10/02/2021,1160,09/25/2021,20659,2000235,1.03
South Carolina,10/09/2021,1311,10/02/2021,19307,1983514,0.97
South Carolina,10/16/2021,1060,10/09/2021,17761,1983514,0.9
South Carolina,10/23/2021,1247,10/16/2021,16249,1983514,0.82
South Carolina,10/30/2021,1126,10/23/2021,14870,1983514,0.75
South Carolina,11/06/2021,1311,10/30/2021,13435,1983514,0.68
South Carolina,11/13/2021,1241,11/06/2021,12598,1983514,0.64
South Carolina,11/20/2021,1263,11/13/2021,13154,1983514,0.66
South Carolina,11/27/2021,775,11/20/2021,11281,1983514,0.57
South Carolina,12/04/2021,1788,11/27/2021,12702,1983514,0.64
South Carolina,12/11/2021,1271,12/04/2021,11475,1983514,0.58
South Carolina,12/18/2021,1204,12/11/2021,11434,1983514,0.58
South Carolina,12/25/2021,1135,12/18/2021,11031,1983514,0.56
South Carolina,01/01/2022,3711,12/25/2021,14185,1983514,0.72
South Carolina,01/08/2022,4056,01/01/2022,16153,1983514,0.81
South Carolina,01/15/2022,2112,01/08/2022,14134,1983514,0.71
South Carolina,01/22/2022,1147,01/15/2022,12063,1983514,0.61
South Carolina,01/29/2022,1488,01/22/2022,12197,1983514,0.61
South Carolina,02/05/2022,1585,01/29/2022,12352,1983514,0.62
South Carolina,02/12/2022,1044,02/05/2022,11585,1983514,0.58
South Carolina,02/19/2022,1118,02/12/2022,11098,1983514,0.56
South Carolina,02/26/2022,864,02/19/2022,10270,1983514,0.52
South Carolina,03/05/2022,1722,02/26/2022,10057,1983514,0.51
South Carolina,03/12/2022,1610,03/05/2022,9462,1983514,0.48
South Carolina,03/19/2022,1642,03/12/2022,9617,1983514,0.48
South Carolina,03/26/2022,1581,03/19/2022,9174,1983514,0.46
South Carolina,04/02/2022,1521,03/26/2022,8830,1983514,0.45
South Carolina,04/09/2022,2103,04/02/2022,8794,1983514,0.44
South Carolina,04/16/2022,1759,04/09/2022,8761,1983514,0.44
South Carolina,04/23/2022,2387,04/16/2022,9510,1983514,0.48
South Carolina,04/30/2022,1874,04/23/2022,9482,1983514,0.48
South Carolina,05/07/2022,1799,04/30/2022,9336,1983514,0.47
South Carolina,05/14/2022,1875,05/07/2022,9527,1983514,0.48
South Carolina,05/21/2022,1743,05/14/2022,9999,1983514,0.5
South Carolina,05/28/2022,1913,05/21/2022,10296,2037383,0.51
South Carolina,06/04/2022,2140,05/28/2022,10335,2037383,0.51
South Carolina,06/11/2022,2666,06/04/2022,11583,2037383,0.57
South Carolina,06/18/2022,1935,06/11/2022,11735,2037383,0.58
South Carolina,06/25/2022,1975,06/18/2022,11381,2037383,0.56
South Carolina,07/02/2022,1787,06/25/2022,11373,2037383,0.56
South Carolina,07/09/2022,2399,07/02/2022,11424,2054725,0.56
South Carolina,07/16/2022,5548,07/09/2022,14275,2054725,0.69
South Carolina,07/23/2022,2378,07/16/2022,12755,2054725,0.62
South Carolina,07/30/2022,2163,07/23/2022,12998,2054725,0.63
South Carolina,08/06/2022,2842,07/30/2022,13600,2054725,0.66
South Carolina,08/13/2022,1995,08/06/2022,12718,2054725,0.62
South Carolina,08/20/2022,1857,08/13/2022,12399,2054725,0.6
South Carolina,08/27/2022,2147,08/20/2022,12057,2054725,0.59
South Carolina,09/03/2022,1885,08/27/2022,11872,2054725,0.58
South Carolina,09/10/2022,1772,09/03/2022,11567,2054725,0.56
South Carolina,09/17/2022,2404,09/10/2022,12024,2054725,0.59
South Carolina,09/24/2022,1716,09/17/2022,11252,2054725,0.55
South Carolina,10/01/2022,1634,09/24/2022,10537,2054725,0.51
South Carolina,10/08/2022,2160,10/01/2022,10536,2077331,0.51
South Carolina,10/15/2022,2239,10/08/2022,10753,2077331,0.52
South Carolina,10/22/2022,2188,10/15/2022,11252,2077331,0.54
South Carolina,10/29/2022,1717,10/22/2022,10503,2077331,0.51
South Carolina,11/05/2022,1946,10/29/2022,10883,2077331,0.52
South Carolina,11/12/2022,1976,11/05/2022,10622,2077331,0.51
South Carolina,11/19/2022,2452,11/12/2022,11395,2077331,0.55
South Carolina,11/26/2022,1361,11/19/2022,11269,2077331,0.54
South Carolina,12/03/2022,2802,11/26/2022,12436,2077331,0.6
South Carolina,12/10/2022,2410,12/03/2022,12181,2077331,0.59
South Carolina,12/17/2022,2460,12/10/2022,12444,2077331,0.6
South Carolina,12/24/2022,2566,12/17/2022,12450,2077331,0.6
South Carolina,12/31/2022,3279,12/24/2022,14276,2077331,0.69
South Carolina,01/07/2023,5284,12/31/2022,17626,2077331,0.85
South Carolina,01/14/2023,3059,01/07/2023,15110,2100144,0.72
South Carolina,01/21/2023,2258,01/14/2023,14018,2100144,0.67
South Carolina,01/28/2023,2358,01/21/2023,13867,2100144,0.66
South Carolina,02/04/2023,2135,01/28/2023,13616,2100144,0.65
South Carolina,02/11/2023,2093,02/04/2023,13847,2100144,0.66
South Carolina,02/18/2023,1784,02/11/2023,13504,2100144,0.64
South Carolina,02/25/2023,1690,02/18/2023,13010,2100144,0.62
South Carolina,03/04/2023,1815,02/25/2023,12778,2100144,0.61
South Carolina,03/11/2023,1900,03/04/2023,12494,2100144,0.59
South Carolina,03/18/2023,2126,03/11/2023,12921,2100144,0.62
South Carolina,03/25/2023,1573,03/18/2023,12595,2100144,0.6
South Carolina,04/01/2023,1784,03/25/2023,12711,2100144,0.61
South Carolina,04/08/2023,2191,04/01/2023,12198,2125385,0.57
South Carolina,04/15/2023,2879,04/08/2023,13413,2125385,0.63
South Carolina,04/22/2023,2332,04/15/2023,13215,2125385,0.62
South Carolina,04/29/2023,2041,04/22/2023,13104,2125385,0.62
South Carolina,05/06/2023,1965,04/29/2023,12267,2125385,0.58
South Carolina,05/13/2023,2033,05/06/2023,12152,2125385,0.57
South Carolina,05/20/2023,2335,05/13/2023,12870,2125385,0.61
South Carolina,05/27/2023,2209,05/20/2023,12991,2125385,0.61
South Carolina,06/03/2023,2527,05/27/2023,13291,2125385,0.63
South Carolina,06/10/2023,3909,06/03/2023,14945,2125385,0.7
South Carolina,06/17/2023,2237,06/10/2023,14020,2125385,0.66
South Carolina,06/24/2023,2003,06/17/2023,14450,2125385,0.68
South Carolina,07/01/2023,2108,06/24/2023,14615,2125385,0.69
South Carolina,07/08/2023,2474,07/01/2023,14715,2144903,0.69
South Carolina,07/15/2023,4850,07/08/2023,18036,2144903,0.84
South Carolina,07/22/2023,2305,07/15/2023,15417,2144903,0.72
South Carolina,07/29/2023,2064,07/22/2023,15285,2144903,0.71
South Carolina,08/05/2023,2341,07/29/2023,15477,2144903,0.72
South Carolina,08/12/2023,1842,08/05/2023,14802,2144903,0.69
South Carolina,08/19/2023,1955,08/12/2023,14615,2144903,0.68
South Carolina,08/26/2023,1885,08/19/2023,13940,2144903,0.65
South Carolina,09/02/2023,1956,08/26/2023,13449,2144903,0.63
South Carolina,09/09/2023,1714,09/02/2023,13423,2144903,0.63
South Carolina,09/16/2023,2817,09/09/2023,14253,2144903,0.66
South Carolina,09/23/2023,1618,09/16/2023,13058,2144903,0.61
South Carolina,09/30/2023,1660,09/23/2023,12990,2144903,0.61
South Carolina,10/07/2023,2001,09/30/2023,12680,2144903,0.59
South Carolina,10/14/2023,1765,10/07/2023,12805,2163082,0.59
South Carolina,10/21/2023,2093,10/14/2023,13120,2163082,0.61
South Carolina,10/28/2023,2127,10/21/2023,12958,2163082,0.6
South Carolina,11/04/2023,2029,10/28/2023,13243,2163082,0.61
South Carolina,11/11/2023,1984,11/04/2023,13129,2163082,0.61
South Carolina,11/18/2023,1997,11/11/2023,13287,2163082,0.61
South Carolina,11/25/2023,1348,11/18/2023,12851,2163082,0.59
South Carolina,12/02/2023,4079,11/25/2023,15392,2163082,0.71
South Carolina,12/09/2023,2395,12/02/2023,13617,2163082,0.63
South Carolina,12/16/2023,2173,12/09/2023,13815,2163082,0.64
South Carolina,12/23/2023,2516,12/16/2023,13724,2163082,0.63
South Carolina,12/30/2023,2001,12/23/2023,15088,2163082,0.7
South Carolina,01/06/2024,6166,12/30/2023,19067,2163082,0.88
South Carolina,01/13/2024,3124,01/06/2024,16268,2179102,0.75
South Carolina,01/20/2024,2069,01/13/2024,14978,2179102,0.69
South Carolina,01/27/2024,2600,01/20/2024,15407,2179102,0.71
South Carolina,02/03/2024,2220,01/27/2024,15336,2179102,0.7
South Carolina,02/10/2024,1924,02/03/2024,15049,2179102,0.69
South Carolina,02/17/2024,1777,02/10/2024,14860,2179102,0.68
South Carolina,02/24/2024,1776,02/17/2024,14519,2179102,0.67
South Carolina,03/02/2024,1783,02/24/2024,13990,2179102,0.64
South Carolina,03/09/2024,1752,03/02/2024,13723,2179102,0.63
South Carolina,03/16/2024,1795,03/09/2024,13622,2179102,0.63
South Carolina,03/23/2024,1791,03/16/2024,13264,2179102,0.61
South Carolina,03/30/2024,1637,03/23/2024,13183,2179102,0.6
South Carolina,04/06/2024,2591,03/30/2024,13582,2179102,0.62
South Carolina,04/13/2024,2609,04/06/2024,13710,2193039,0.63
South Carolina,04/20/2024,2354,04/13/2024,13600,2193039,0.62
South Carolina,04/27/2024,2107,04/20/2024,13421,2193039,0.61
South Carolina,05/04/2024,1956,04/27/2024,13223,2193039,0.6
South Carolina,05/11/2024,2016,05/04/2024,13131,2193039,0.6
South Carolina,05/18/2024,1988,05/11/2024,13618,2193039,0.62
South Carolina,05/25/2024,2085,05/18/2024,13713,2193039,0.63
South Carolina,06/01/2024,2029,05/25/2024,13977,2193039,0.64
South Carolina,06/08/2024,2690,06/01/2024,14743,2193039,0.67
South Carolina,06/15/2024,2189,06/08/2024,15073,2193039,0.69
South Carolina,06/22/2024,2063,06/15/2024,15430,2193039,0.7
South Carolina,06/29/2024,2515,06/22/2024,15885,2193039,0.72
South Carolina,07/06/2024,2499,06/29/2024,15833,2193039,0.72
South Carolina,07/13/2024,4912,07/06/2024,19440,2207448,0.88
South Carolina,07/20/2024,3011,07/13/2024,17726,2207448,0.8
South Carolina,07/27/2024,2098,07/20/2024,17152,2207448,0.78
South Carolina,08/03/2024,2086,07/27/2024,16572,2207448,0.75
South Carolina,08/10/2024,1945,08/03/2024,16137,2207448,0.73
South Carolina,08/17/2024,2590,08/10/2024,16216,2207448,0.73
South Carolina,08/24/2024,2115,08/17/2024,14902,2207448,0.68
South Carolina,08/31/2024,1917,08/24/2024,14395,2207448,0.65
South Carolina,09/07/2024,1601,08/31/2024,14114,2207448,0.64
South Carolina,09/14/2024,2309,09/07/2024,14408,2207448,0.65
South Carolina,09/21/2024,1668,09/14/2024,13638,2207448,0.62
South Carolina,09/28/2024,1368,09/21/2024,13353,2207448,0.6
South Carolina,10/05/2024,2628,09/28/2024,13131,2207448,0.59
South Carolina,10/12/2024,3407,10/05/2024,14524,2218973,0.65
South Carolina,10/19/2024,2542,10/12/2024,13988,2218973,0.63
South Carolina,10/26/2024,1986,10/19/2024,13821,2218973,0.62
South Carolina,11/02/2024,2029,10/26/2024,13654,2218973,0.62
South Carolina,11/09/2024,1923,11/02/2024,13519,2218973,0.61
South Carolina,11/16/2024,1253,11/09/2024,13634,2218973,0.61
South Carolina,11/23/2024,1553,11/16/2024,13875,2218973,0.63
South Carolina,11/30/2024,1347,11/23/2024,13530,2218973,0.61
South Carolina,12/07/2024,3110,11/30/2024,15239,2218973,0.69
South Carolina,12/14/2024,2129,12/07/2024,14030,2218973,0.63
South Carolina,12/21/2024,2614,12/14/2024,14232,2218973,0.64
South Carolina,12/28/2024,2216,12/21/2024,14559,2218973,0.66
South Carolina,01/04/2025,5060,12/28/2024,18634,2218973,0.84
South Carolina,01/11/2025,5218,01/04/2025,20083,2176112,0.92
South Carolina,01/18/2025,2437,01/11/2025,16893,2176112,0.78
South Carolina,01/25/2025,1750,01/18/2025,15720,2176112,0.72
South Carolina,02/01/2025,2199,01/25/2025,16311,2176112,0.75
South Carolina,02/08/2025,2345,02/01/2025,15370,2176112,0.71
South Carolina,02/15/2025,2055,02/08/2025,15232,2176112,0.7
South Carolina,02/22/2025,2018,02/15/2025,15073,2176112,0.69
South Carolina,03/01/2025,1929,02/22/2025,14929,2176112,0.69
South Carolina,03/08/2025,2061,03/01/2025,14361,2176112,0.66
South Carolina,03/15/2025,1886,03/08/2025,14384,2176112,0.66
South Carolina,03/22/2025,1886,03/15/2025,14101,2176112,0.65
South Carolina,03/29/2025,1771,03/22/2025,14009,2176112,0.64
South Carolina,04/05/2025,2059,03/29/2025,13918,2176112,0.64
South Carolina,04/12/2025,2557,04/05/2025,13865,2184962,0.63
South Dakota,01/04/2020,398,12/28/2019,2798,416296,0.67
South Dakota,01/11/2020,468,01/04/2020,2970,417030,0.71
South Dakota,01/18/2020,338,01/11/2020,2995,417030,0.72
South Dakota,01/25/2020,291,01/18/2020,3071,417030,0.74
South Dakota,02/01/2020,217,01/25/2020,3155,417030,0.76
South Dakota,02/08/2020,223,02/01/2020,3117,417030,0.75
South Dakota,02/15/2020,194,02/08/2020,3196,417030,0.77
South Dakota,02/22/2020,191,02/15/2020,3164,417030,0.76
South Dakota,02/29/2020,159,02/22/2020,3116,417030,0.75
South Dakota,03/07/2020,185,02/29/2020,3059,417030,0.73
South Dakota,03/14/2020,190,03/07/2020,2870,417030,0.69
South Dakota,03/21/2020,1761,03/14/2020,2674,417030,0.64
South Dakota,03/28/2020,6801,03/21/2020,3538,417030,0.85
South Dakota,04/04/2020,8138,03/28/2020,7568,417030,1.81
South Dakota,04/11/2020,6359,04/04/2020,14431,417997,3.45
South Dakota,04/18/2020,5295,04/11/2020,19664,417997,4.7
South Dakota,04/25/2020,5535,04/18/2020,22707,417997,5.43
South Dakota,05/02/2020,3929,04/25/2020,23791,417997,5.69
South Dakota,05/09/2020,5269,05/02/2020,23388,417997,5.6
South Dakota,05/16/2020,3891,05/09/2020,25186,417997,6.03
South Dakota,05/23/2020,3471,05/16/2020,22454,417997,5.37
South Dakota,05/30/2020,1498,05/23/2020,19629,417997,4.7
South Dakota,06/06/2020,880,05/30/2020,20573,417997,4.92
South Dakota,06/13/2020,1065,06/06/2020,18649,417997,4.46
South Dakota,06/20/2020,910,06/13/2020,17163,417997,4.11
South Dakota,06/27/2020,644,06/20/2020,17142,417997,4.1
South Dakota,07/04/2020,835,06/27/2020,15942,417997,3.81
South Dakota,07/11/2020,1216,07/04/2020,18722,418749,4.47
South Dakota,07/18/2020,772,07/11/2020,16600,418749,3.96
South Dakota,07/25/2020,808,07/18/2020,15643,418749,3.74
South Dakota,08/01/2020,775,07/25/2020,15464,418749,3.69
South Dakota,08/08/2020,973,08/01/2020,14715,418749,3.51
South Dakota,08/15/2020,784,08/08/2020,8949,418749,2.14
South Dakota,08/22/2020,802,08/15/2020,9117,418749,2.18
South Dakota,08/29/2020,630,08/22/2020,10778,418749,2.57
South Dakota,09/05/2020,585,08/29/2020,9165,418749,2.19
South Dakota,09/12/2020,376,09/05/2020,6673,418749,1.59
South Dakota,09/19/2020,551,09/12/2020,6950,418749,1.66
South Dakota,09/26/2020,267,09/19/2020,6167,418749,1.47
South Dakota,10/03/2020,444,09/26/2020,5078,418749,1.21
South Dakota,10/10/2020,443,10/03/2020,5469,419422,1.3
South Dakota,10/17/2020,485,10/10/2020,4320,419422,1.03
South Dakota,10/24/2020,482,10/17/2020,4539,419422,1.08
South Dakota,10/31/2020,856,10/24/2020,3813,419422,0.91
South Dakota,11/07/2020,568,10/31/2020,3856,419422,0.92
South Dakota,11/14/2020,513,11/07/2020,3480,419422,0.83
South Dakota,11/21/2020,746,11/14/2020,3837,419422,0.91
South Dakota,11/28/2020,436,11/21/2020,3015,419422,0.72
South Dakota,12/05/2020,904,11/28/2020,3924,419422,0.94
South Dakota,12/12/2020,926,12/05/2020,3844,419422,0.92
South Dakota,12/19/2020,770,12/12/2020,4226,419422,1.01
South Dakota,12/26/2020,655,12/19/2020,3684,419422,0.88
South Dakota,01/02/2021,603,12/26/2020,4746,419422,1.13
South Dakota,01/09/2021,985,01/02/2021,6199,411469,1.51
South Dakota,01/16/2021,750,01/09/2021,5675,411469,1.38
South Dakota,01/23/2021,580,01/16/2021,4916,411469,1.19
South Dakota,01/30/2021,611,01/23/2021,5356,411469,1.3
South Dakota,02/06/2021,646,01/30/2021,5579,411469,1.36
South Dakota,02/13/2021,608,02/06/2021,5661,411469,1.38
South Dakota,02/20/2021,496,02/13/2021,5499,411469,1.34
South Dakota,02/27/2021,441,02/20/2021,5966,411469,1.45
South Dakota,03/06/2021,298,02/27/2021,5671,411469,1.38
South Dakota,03/13/2021,355,03/06/2021,4952,411469,1.2
South Dakota,03/20/2021,295,03/13/2021,4827,411469,1.17
South Dakota,03/27/2021,299,03/20/2021,4849,411469,1.18
South Dakota,04/03/2021,314,03/27/2021,3742,411469,0.91
South Dakota,04/10/2021,290,04/03/2021,3138,407526,0.77
South Dakota,04/17/2021,335,04/10/2021,3094,407526,0.76
South Dakota,04/24/2021,388,04/17/2021,2948,407526,0.72
South Dakota,05/01/2021,264,04/24/2021,3202,407526,0.79
South Dakota,05/08/2021,305,05/01/2021,2639,407526,0.65
South Dakota,05/15/2021,409,05/08/2021,2523,407526,0.62
South Dakota,05/22/2021,232,05/15/2021,2483,407526,0.61
South Dakota,05/29/2021,263,05/22/2021,2165,407526,0.53
South Dakota,06/05/2021,253,05/29/2021,1594,407526,0.39
South Dakota,06/12/2021,306,06/05/2021,1965,407526,0.48
South Dakota,06/19/2021,216,06/12/2021,2473,407526,0.61
South Dakota,06/26/2021,188,06/19/2021,1724,407526,0.42
South Dakota,07/03/2021,233,06/26/2021,1668,407526,0.41
South Dakota,07/10/2021,264,07/03/2021,1580,405490,0.39
South Dakota,07/17/2021,195,07/10/2021,1595,405490,0.39
South Dakota,07/24/2021,161,07/17/2021,1378,405490,0.34
South Dakota,07/31/2021,153,07/24/2021,4297,405490,1.06
South Dakota,08/07/2021,194,07/31/2021,1565,405490,0.39
South Dakota,08/14/2021,174,08/07/2021,1491,405490,0.37
South Dakota,08/21/2021,176,08/14/2021,1580,405490,0.39
South Dakota,08/28/2021,140,08/21/2021,1425,405490,0.35
South Dakota,09/04/2021,195,08/28/2021,1366,405490,0.34
South Dakota,09/11/2021,167,09/04/2021,1104,405490,0.27
South Dakota,09/18/2021,170,09/11/2021,1003,405490,0.25
South Dakota,09/25/2021,120,09/18/2021,838,405490,0.21
South Dakota,10/02/2021,132,09/25/2021,734,405490,0.18
South Dakota,10/09/2021,171,10/02/2021,706,403812,0.17
South Dakota,10/16/2021,174,10/09/2021,655,403812,0.16
South Dakota,10/23/2021,180,10/16/2021,724,403812,0.18
South Dakota,10/30/2021,212,10/23/2021,771,403812,0.19
South Dakota,11/06/2021,242,10/30/2021,1015,403812,0.25
South Dakota,11/13/2021,222,11/06/2021,899,403812,0.22
South Dakota,11/20/2021,304,11/13/2021,1009,403812,0.25
South Dakota,11/27/2021,248,11/20/2021,880,403812,0.22
South Dakota,12/04/2021,375,11/27/2021,1364,403812,0.34
South Dakota,12/11/2021,456,12/04/2021,1310,403812,0.32
South Dakota,12/18/2021,489,12/11/2021,1556,403812,0.39
South Dakota,12/25/2021,470,12/18/2021,1718,403812,0.43
South Dakota,01/01/2022,429,12/25/2021,2111,403812,0.52
South Dakota,01/08/2022,557,01/01/2022,2596,411851,0.63
South Dakota,01/15/2022,305,01/08/2022,2724,411851,0.66
South Dakota,01/22/2022,268,01/15/2022,2705,411851,0.66
South Dakota,01/29/2022,222,01/22/2022,2845,411851,0.69
South Dakota,02/05/2022,207,01/29/2022,2835,411851,0.69
South Dakota,02/12/2022,167,02/05/2022,2811,411851,0.68
South Dakota,02/19/2022,180,02/12/2022,2700,411851,0.66
South Dakota,02/26/2022,151,02/19/2022,2672,411851,0.65
South Dakota,03/05/2022,158,02/26/2022,2793,411851,0.68
South Dakota,03/12/2022,157,03/05/2022,2642,411851,0.64
South Dakota,03/19/2022,114,03/12/2022,2510,411851,0.61
South Dakota,03/26/2022,117,03/19/2022,2269,411851,0.55
South Dakota,04/02/2022,110,03/26/2022,1973,411851,0.48
South Dakota,04/09/2022,133,04/02/2022,1770,416203,0.43
South Dakota,04/16/2022,95,04/09/2022,1481,416203,0.36
South Dakota,04/23/2022,140,04/16/2022,1311,416203,0.31
South Dakota,04/30/2022,102,04/23/2022,1068,416203,0.26
South Dakota,05/07/2022,118,04/30/2022,941,416203,0.23
South Dakota,05/14/2022,146,05/07/2022,760,416203,0.18
South Dakota,05/21/2022,142,05/14/2022,712,416203,0.17
South Dakota,05/28/2022,170,05/21/2022,681,416203,0.16
South Dakota,06/04/2022,148,05/28/2022,632,416203,0.15
South Dakota,06/11/2022,165,06/04/2022,734,416203,0.18
South Dakota,06/18/2022,127,06/11/2022,738,416203,0.18
South Dakota,06/25/2022,125,06/18/2022,720,416203,0.17
South Dakota,07/02/2022,126,06/25/2022,717,416203,0.17
South Dakota,07/09/2022,139,07/02/2022,719,419215,0.17
South Dakota,07/16/2022,113,07/09/2022,786,419215,0.19
South Dakota,07/23/2022,120,07/16/2022,765,419215,0.18
South Dakota,07/30/2022,126,07/23/2022,789,419215,0.19
South Dakota,08/06/2022,140,07/30/2022,789,419215,0.19
South Dakota,08/13/2022,130,08/06/2022,782,419215,0.19
South Dakota,08/20/2022,100,08/13/2022,673,419215,0.16
South Dakota,08/27/2022,72,08/20/2022,666,419215,0.16
South Dakota,09/03/2022,110,08/27/2022,551,419215,0.13
South Dakota,09/10/2022,94,09/03/2022,513,419215,0.12
South Dakota,09/17/2022,103,09/10/2022,510,419215,0.12
South Dakota,09/24/2022,119,09/17/2022,631,419215,0.15
South Dakota,10/01/2022,137,09/24/2022,656,419215,0.16
South Dakota,10/08/2022,152,10/01/2022,556,422937,0.13
South Dakota,10/15/2022,147,10/08/2022,521,422937,0.12
South Dakota,10/22/2022,127,10/15/2022,601,422937,0.14
South Dakota,10/29/2022,197,10/22/2022,590,422937,0.14
South Dakota,11/05/2022,209,10/29/2022,671,422937,0.16
South Dakota,11/12/2022,229,11/05/2022,666,422937,0.16
South Dakota,11/19/2022,522,11/12/2022,866,422937,0.2
South Dakota,11/26/2022,257,11/19/2022,1055,422937,0.25
South Dakota,12/03/2022,457,11/26/2022,1327,422937,0.31
South Dakota,12/10/2022,470,12/03/2022,1440,422937,0.34
South Dakota,12/17/2022,333,12/10/2022,1714,422937,0.41
South Dakota,12/24/2022,533,12/17/2022,1962,422937,0.46
South Dakota,12/31/2022,327,12/24/2022,2367,422937,0.56
South Dakota,01/07/2023,397,12/31/2022,2401,422937,0.57
South Dakota,01/14/2023,341,01/07/2023,2532,426015,0.59
South Dakota,01/21/2023,206,01/14/2023,2519,426015,0.59
South Dakota,01/28/2023,222,01/21/2023,2576,426015,0.6
South Dakota,02/04/2023,225,01/28/2023,2625,426015,0.62
South Dakota,02/11/2023,214,02/04/2023,2717,426015,0.64
South Dakota,02/18/2023,202,02/11/2023,2698,426015,0.63
South Dakota,02/25/2023,150,02/18/2023,2618,426015,0.61
South Dakota,03/04/2023,267,02/25/2023,2787,426015,0.65
South Dakota,03/11/2023,213,03/04/2023,2700,426015,0.63
South Dakota,03/18/2023,168,03/11/2023,2713,426015,0.64
South Dakota,03/25/2023,154,03/18/2023,2572,426015,0.6
South Dakota,04/01/2023,132,03/25/2023,2513,426015,0.59
South Dakota,04/08/2023,135,04/01/2023,2220,426015,0.52
South Dakota,04/15/2023,130,04/08/2023,2164,429135,0.5
South Dakota,04/22/2023,115,04/15/2023,1693,429135,0.39
South Dakota,04/29/2023,148,04/22/2023,1290,429135,0.3
South Dakota,05/06/2023,161,04/29/2023,1040,429135,0.24
South Dakota,05/13/2023,151,05/06/2023,833,429135,0.19
South Dakota,05/20/2023,146,05/13/2023,781,429135,0.18
South Dakota,05/27/2023,161,05/20/2023,805,429135,0.19
South Dakota,06/03/2023,163,05/27/2023,816,429135,0.19
South Dakota,06/10/2023,177,06/03/2023,862,429135,0.2
South Dakota,06/17/2023,150,06/10/2023,842,429135,0.2
South Dakota,06/24/2023,105,06/17/2023,888,429135,0.21
South Dakota,07/01/2023,175,06/24/2023,938,429135,0.22
South Dakota,07/08/2023,133,07/01/2023,884,431924,0.2
South Dakota,07/15/2023,129,07/08/2023,973,431924,0.23
South Dakota,07/22/2023,137,07/15/2023,923,431924,0.21
South Dakota,07/29/2023,142,07/22/2023,953,431924,0.22
South Dakota,08/05/2023,232,07/29/2023,898,431924,0.21
South Dakota,08/12/2023,157,08/05/2023,963,431924,0.22
South Dakota,08/19/2023,118,08/12/2023,967,431924,0.22
South Dakota,08/26/2023,126,08/19/2023,878,431924,0.2
South Dakota,09/02/2023,131,08/26/2023,805,431924,0.19
South Dakota,09/09/2023,129,09/02/2023,715,431924,0.17
South Dakota,09/16/2023,118,09/09/2023,802,431924,0.19
South Dakota,09/23/2023,100,09/16/2023,737,431924,0.17
South Dakota,09/30/2023,105,09/23/2023,754,431924,0.17
South Dakota,10/07/2023,157,09/30/2023,727,431924,0.17
South Dakota,10/14/2023,178,10/07/2023,826,434266,0.19
South Dakota,10/21/2023,141,10/14/2023,809,434266,0.19
South Dakota,10/28/2023,180,10/21/2023,796,434266,0.18
South Dakota,11/04/2023,229,10/28/2023,856,434266,0.2
South Dakota,11/11/2023,190,11/04/2023,890,434266,0.2
South Dakota,11/18/2023,324,11/11/2023,1017,434266,0.23
South Dakota,11/25/2023,305,11/18/2023,1055,434266,0.24
South Dakota,12/02/2023,476,11/25/2023,1398,434266,0.32
South Dakota,12/09/2023,462,12/02/2023,1519,434266,0.35
South Dakota,12/16/2023,427,12/09/2023,1769,434266,0.41
South Dakota,12/23/2023,389,12/16/2023,1964,434266,0.45
South Dakota,12/30/2023,365,12/23/2023,2118,434266,0.49
South Dakota,01/06/2024,352,12/30/2023,2561,434266,0.59
South Dakota,01/13/2024,474,01/06/2024,2576,436723,0.59
South Dakota,01/20/2024,395,01/13/2024,2663,436723,0.61
South Dakota,01/27/2024,263,01/20/2024,2909,436723,0.67
South Dakota,02/03/2024,251,01/27/2024,2876,436723,0.66
South Dakota,02/10/2024,236,02/03/2024,2958,436723,0.68
South Dakota,02/17/2024,167,02/10/2024,2888,436723,0.66
South Dakota,02/24/2024,151,02/17/2024,2883,436723,0.66
South Dakota,03/02/2024,141,02/24/2024,2846,436723,0.65
South Dakota,03/09/2024,177,03/02/2024,2744,436723,0.63
South Dakota,03/16/2024,156,03/09/2024,2587,436723,0.59
South Dakota,03/23/2024,135,03/16/2024,2320,436723,0.53
South Dakota,03/30/2024,176,03/23/2024,2134,436723,0.49
South Dakota,04/06/2024,194,03/30/2024,2287,436723,0.52
South Dakota,04/13/2024,186,04/06/2024,1941,438806,0.44
South Dakota,04/20/2024,170,04/13/2024,1700,438806,0.39
South Dakota,04/27/2024,152,04/20/2024,1500,438806,0.34
South Dakota,05/04/2024,149,04/27/2024,1309,438806,0.3
South Dakota,05/11/2024,192,05/04/2024,1236,438806,0.28
South Dakota,05/18/2024,147,05/11/2024,1173,438806,0.27
South Dakota,05/25/2024,217,05/18/2024,1186,438806,0.27
South Dakota,06/01/2024,220,05/25/2024,1154,438806,0.26
South Dakota,06/08/2024,191,06/01/2024,1215,438806,0.28
South Dakota,06/15/2024,166,06/08/2024,1264,438806,0.29
South Dakota,06/22/2024,172,06/15/2024,1255,438806,0.29
South Dakota,06/29/2024,148,06/22/2024,1317,438806,0.3
South Dakota,07/06/2024,156,06/29/2024,1165,441052,0.26
South Dakota,07/13/2024,220,07/06/2024,1378,441052,0.31
South Dakota,07/20/2024,155,07/13/2024,1315,441052,0.3
South Dakota,07/27/2024,160,07/20/2024,1237,441052,0.28
South Dakota,08/03/2024,140,07/27/2024,1237,441052,0.28
South Dakota,08/10/2024,159,08/03/2024,1155,441052,0.26
South Dakota,08/17/2024,155,08/10/2024,1196,441052,0.27
South Dakota,08/24/2024,177,08/17/2024,1081,441052,0.25
South Dakota,08/31/2024,170,08/24/2024,1064,441052,0.24
South Dakota,09/07/2024,150,08/31/2024,1002,441052,0.23
South Dakota,09/14/2024,130,09/07/2024,1066,441052,0.24
South Dakota,09/21/2024,157,09/14/2024,893,441052,0.2
South Dakota,09/28/2024,139,09/21/2024,985,441052,0.22
South Dakota,10/05/2024,227,09/28/2024,1011,441052,0.23
South Dakota,10/12/2024,187,10/05/2024,1013,442931,0.23
South Dakota,10/19/2024,178,10/12/2024,1002,442931,0.23
South Dakota,10/26/2024,203,10/19/2024,1078,442931,0.24
South Dakota,11/02/2024,250,10/26/2024,1089,442931,0.25
South Dakota,11/09/2024,279,11/02/2024,1263,442931,0.29
South Dakota,11/16/2024,261,11/09/2024,1245,442931,0.28
South Dakota,11/23/2024,431,11/16/2024,1431,442931,0.32
South Dakota,11/30/2024,406,11/23/2024,1387,442931,0.31
South Dakota,12/07/2024,618,11/30/2024,1898,442931,0.43
South Dakota,12/14/2024,475,12/07/2024,2227,442931,0.5
South Dakota,12/21/2024,426,12/14/2024,2446,442931,0.55
South Dakota,12/28/2024,296,12/21/2024,2434,442931,0.55
South Dakota,01/04/2025,377,12/28/2024,2817,442931,0.64
South Dakota,01/11/2025,528,01/04/2025,3009,443592,0.68
South Dakota,01/18/2025,330,01/11/2025,3087,443592,0.7
South Dakota,01/25/2025,297,01/18/2025,3055,443592,0.69
South Dakota,02/01/2025,277,01/25/2025,3264,443592,0.74
South Dakota,02/08/2025,268,02/01/2025,3269,443592,0.74
South Dakota,02/15/2025,247,02/08/2025,3176,443592,0.72
South Dakota,02/22/2025,219,02/15/2025,3287,443592,0.74
South Dakota,03/01/2025,200,02/22/2025,3220,443592,0.73
South Dakota,03/08/2025,189,03/01/2025,3029,443592,0.68
South Dakota,03/15/2025,184,03/08/2025,2972,443592,0.67
South Dakota,03/22/2025,175,03/15/2025,2915,443592,0.66
South Dakota,03/29/2025,158,03/22/2025,2632,443592,0.59
South Dakota,04/05/2025,185,03/29/2025,2431,443592,0.55
South Dakota,04/12/2025,171,04/05/2025,2259,443592,0.51
Tennessee,01/04/2020,3084,12/28/2019,22163,3250062,0.68
Tennessee,01/11/2020,3711,01/04/2020,22398,3263988,0.69
Tennessee,01/18/2020,3093,01/11/2020,20441,3263988,0.63
Tennessee,01/25/2020,2484,01/18/2020,20786,3263988,0.64
Tennessee,02/01/2020,2362,01/25/2020,21364,3263988,0.65
Tennessee,02/08/2020,2161,02/01/2020,20670,3263988,0.63
Tennessee,02/15/2020,2140,02/08/2020,20485,3263988,0.63
Tennessee,02/22/2020,1855,02/15/2020,20139,3263988,0.62
Tennessee,02/29/2020,2014,02/22/2020,20413,3263988,0.63
Tennessee,03/07/2020,2032,02/29/2020,19035,3263988,0.58
Tennessee,03/14/2020,2702,03/07/2020,18450,3263988,0.57
Tennessee,03/21/2020,38077,03/14/2020,18350,3263988,0.56
Tennessee,03/28/2020,92500,03/21/2020,37541,3263988,1.15
Tennessee,04/04/2020,112186,03/28/2020,116179,3263988,3.56
Tennessee,04/11/2020,71887,04/04/2020,206472,3278927,6.3
Tennessee,04/18/2020,67226,04/11/2020,279895,3278927,8.54
Tennessee,04/25/2020,42805,04/18/2020,341033,3278927,10.4
Tennessee,05/02/2020,36323,04/25/2020,340249,3278927,10.38
Tennessee,05/09/2020,28377,05/02/2020,343212,3278927,10.47
Tennessee,05/16/2020,27990,05/09/2020,332745,3278927,10.15
Tennessee,05/23/2020,25439,05/16/2020,327768,3278927,10
Tennessee,05/30/2020,22255,05/23/2020,322117,3278927,9.82
Tennessee,06/06/2020,20908,05/30/2020,310065,3278927,9.46
Tennessee,06/13/2020,19413,06/06/2020,297873,3278927,9.08
Tennessee,06/20/2020,20506,06/13/2020,283631,3278927,8.65
Tennessee,06/27/2020,21544,06/20/2020,279199,3278927,8.51
Tennessee,07/04/2020,24920,06/27/2020,273815,3278927,8.35
Tennessee,07/11/2020,22060,07/04/2020,268220,3310273,8.1
Tennessee,07/18/2020,25773,07/11/2020,260009,3310273,7.85
Tennessee,07/25/2020,20091,07/18/2020,258469,3310273,7.81
Tennessee,08/01/2020,12208,07/25/2020,242385,3310273,7.32
Tennessee,08/08/2020,10620,08/01/2020,224750,3310273,6.79
Tennessee,08/15/2020,14413,08/08/2020,219023,3310827,6.62
Tennessee,08/22/2020,11588,08/15/2020,204952,3310827,6.19
Tennessee,08/29/2020,12876,08/22/2020,199408,3310827,6.02
Tennessee,09/05/2020,12310,08/29/2020,192911,3310827,5.83
Tennessee,09/12/2020,11316,09/05/2020,178952,3310827,5.41
Tennessee,09/19/2020,11793,09/12/2020,167778,3310827,5.07
Tennessee,09/26/2020,10311,09/19/2020,151690,3310827,4.58
Tennessee,10/03/2020,10077,09/26/2020,139780,3310827,4.22
Tennessee,10/10/2020,10810,10/03/2020,100911,3322994,3.04
Tennessee,10/17/2020,10412,10/10/2020,88163,3322994,2.65
Tennessee,10/24/2020,8113,10/17/2020,80068,3322994,2.41
Tennessee,10/31/2020,7447,10/24/2020,72550,3322994,2.18
Tennessee,11/07/2020,7727,10/31/2020,65232,3322994,1.96
Tennessee,11/14/2020,6567,11/07/2020,60963,3322994,1.83
Tennessee,11/21/2020,7295,11/14/2020,56609,3322994,1.7
Tennessee,11/28/2020,6186,11/21/2020,50970,3322994,1.53
Tennessee,12/05/2020,6856,11/28/2020,47466,3322994,1.43
Tennessee,12/12/2020,7435,12/05/2020,45186,3322994,1.36
Tennessee,12/19/2020,7386,12/12/2020,44462,3322994,1.34
Tennessee,12/26/2020,10150,12/19/2020,46198,3322994,1.39
Tennessee,01/02/2021,16931,12/26/2020,55815,3322994,1.68
Tennessee,01/09/2021,21954,01/02/2021,58945,3322994,1.77
Tennessee,01/16/2021,19318,01/09/2021,53163,3322994,1.6
Tennessee,01/23/2021,13302,01/16/2021,52317,3317618,1.58
Tennessee,01/30/2021,11497,01/23/2021,54280,3317618,1.64
Tennessee,02/06/2021,10761,01/30/2021,55379,3317618,1.67
Tennessee,02/13/2021,8596,02/06/2021,53974,3317618,1.63
Tennessee,02/20/2021,12583,02/13/2021,51144,3317618,1.54
Tennessee,02/27/2021,10778,02/20/2021,58673,3317618,1.77
Tennessee,03/06/2021,7999,02/27/2021,50633,3317618,1.53
Tennessee,03/13/2021,8277,03/06/2021,47464,3317618,1.43
Tennessee,03/20/2021,6431,03/13/2021,43752,3317618,1.32
Tennessee,03/27/2021,8150,03/20/2021,43961,3317618,1.33
Tennessee,04/03/2021,11407,03/27/2021,44668,3317618,1.35
Tennessee,04/10/2021,11421,04/03/2021,47568,3290111,1.45
Tennessee,04/17/2021,13900,04/10/2021,48744,3290111,1.48
Tennessee,04/24/2021,9837,04/17/2021,53538,3290111,1.63
Tennessee,05/01/2021,8255,04/24/2021,52236,3290111,1.59
Tennessee,05/08/2021,8543,05/01/2021,53223,3290111,1.62
Tennessee,05/15/2021,7721,05/08/2021,53307,3290111,1.62
Tennessee,05/22/2021,6252,05/15/2021,52782,3290111,1.6
Tennessee,05/29/2021,6936,05/22/2021,51763,3290111,1.57
Tennessee,06/05/2021,8095,05/29/2021,52894,3290111,1.61
Tennessee,06/12/2021,6349,06/05/2021,54474,3290111,1.66
Tennessee,06/19/2021,4998,06/12/2021,52998,3290111,1.61
Tennessee,06/26/2021,5186,06/19/2021,52344,3290111,1.59
Tennessee,07/03/2021,6596,06/26/2021,51731,3290111,1.57
Tennessee,07/10/2021,6745,07/03/2021,47969,3270769,1.47
Tennessee,07/17/2021,6147,07/10/2021,48362,3270769,1.48
Tennessee,07/24/2021,7841,07/17/2021,52820,3270769,1.61
Tennessee,07/31/2021,4841,07/24/2021,52687,3270769,1.61
Tennessee,08/07/2021,4989,07/31/2021,47249,3270769,1.44
Tennessee,08/14/2021,4678,08/07/2021,45129,3270769,1.38
Tennessee,08/21/2021,5404,08/14/2021,38821,3270769,1.19
Tennessee,08/28/2021,7258,08/21/2021,37111,3270769,1.13
Tennessee,09/04/2021,5335,08/28/2021,37838,3270769,1.16
Tennessee,09/11/2021,4490,09/04/2021,36139,3270769,1.1
Tennessee,09/18/2021,4317,09/11/2021,32874,3270769,1.01
Tennessee,09/25/2021,4215,09/18/2021,31640,3270769,0.97
Tennessee,10/02/2021,4881,09/25/2021,25567,3270769,0.78
Tennessee,10/09/2021,3892,10/02/2021,25144,3255585,0.77
Tennessee,10/16/2021,5580,10/09/2021,22121,3255585,0.68
Tennessee,10/23/2021,4786,10/16/2021,20728,3255585,0.64
Tennessee,10/30/2021,5584,10/23/2021,22198,3255585,0.68
Tennessee,11/06/2021,7995,10/30/2021,23347,3255585,0.72
Tennessee,11/13/2021,3994,11/06/2021,22743,3255585,0.7
Tennessee,11/20/2021,4179,11/13/2021,20367,3255585,0.63
Tennessee,11/27/2021,4043,11/20/2021,17807,3255585,0.55
Tennessee,12/04/2021,4365,11/27/2021,18782,3255585,0.58
Tennessee,12/11/2021,5070,12/04/2021,15877,3255585,0.49
Tennessee,12/18/2021,4076,12/11/2021,14852,3255585,0.46
Tennessee,12/25/2021,4766,12/18/2021,15064,3255585,0.46
Tennessee,01/01/2022,4092,12/25/2021,15911,3256049,0.49
Tennessee,01/08/2022,9495,01/01/2022,17931,3256049,0.55
Tennessee,01/15/2022,7145,01/08/2022,19535,3256049,0.6
Tennessee,01/22/2022,6128,01/15/2022,18777,3256049,0.58
Tennessee,01/29/2022,5854,01/22/2022,19650,3256049,0.6
Tennessee,02/05/2022,2938,01/29/2022,19652,3256049,0.6
Tennessee,02/12/2022,4675,02/05/2022,18750,3256049,0.58
Tennessee,02/19/2022,2716,02/12/2022,18246,3256049,0.56
Tennessee,02/26/2022,3292,02/19/2022,17373,3256049,0.53
Tennessee,03/05/2022,1936,02/26/2022,15910,3256049,0.49
Tennessee,03/12/2022,1792,03/05/2022,13196,3256049,0.41
Tennessee,03/19/2022,2120,03/12/2022,13063,3256049,0.4
Tennessee,03/26/2022,1885,03/19/2022,12438,3256049,0.38
Tennessee,04/02/2022,2344,03/26/2022,11771,3256049,0.36
Tennessee,04/09/2022,2383,04/02/2022,12225,3295613,0.37
Tennessee,04/16/2022,2159,04/09/2022,11527,3295613,0.35
Tennessee,04/23/2022,1932,04/16/2022,11473,3295613,0.35
Tennessee,04/30/2022,1947,04/23/2022,11183,3295613,0.34
Tennessee,05/07/2022,2186,04/30/2022,10758,3295613,0.33
Tennessee,05/14/2022,2090,05/07/2022,11043,3295959,0.34
Tennessee,05/21/2022,2192,05/14/2022,10964,3295959,0.33
Tennessee,05/28/2022,2599,05/21/2022,11048,3295959,0.34
Tennessee,06/04/2022,3086,05/28/2022,11583,3295959,0.35
Tennessee,06/11/2022,2255,06/04/2022,12841,3295959,0.39
Tennessee,06/18/2022,2195,06/11/2022,13183,3295959,0.4
Tennessee,06/25/2022,2114,06/18/2022,13570,3295959,0.41
Tennessee,07/02/2022,1019,06/25/2022,12410,3295959,0.38
Tennessee,07/09/2022,4734,07/02/2022,11878,3336032,0.36
Tennessee,07/16/2022,4098,07/09/2022,15051,3336032,0.45
Tennessee,07/23/2022,2826,07/16/2022,14717,3336032,0.44
Tennessee,07/30/2022,2698,07/23/2022,14676,3336032,0.44
Tennessee,08/06/2022,2785,07/30/2022,14294,3336032,0.43
Tennessee,08/13/2022,2375,08/06/2022,13698,3336032,0.41
Tennessee,08/20/2022,2188,08/13/2022,12708,3336032,0.38
Tennessee,08/27/2022,2004,08/20/2022,12442,3336032,0.37
Tennessee,09/03/2022,2053,08/27/2022,12493,3336032,0.37
Tennessee,09/10/2022,1707,09/03/2022,12126,3336032,0.36
Tennessee,09/17/2022,1910,09/10/2022,12009,3336032,0.36
Tennessee,09/24/2022,2196,09/17/2022,11793,3336032,0.35
Tennessee,10/01/2022,1916,09/24/2022,12066,3336032,0.36
Tennessee,10/08/2022,2345,10/01/2022,11890,3376432,0.35
Tennessee,10/15/2022,2630,10/08/2022,11579,3376432,0.34
Tennessee,10/22/2022,2002,10/15/2022,12269,3376432,0.36
Tennessee,10/29/2022,1729,10/22/2022,11535,3376432,0.34
Tennessee,11/05/2022,2016,10/29/2022,11372,3376432,0.34
Tennessee,11/12/2022,2037,11/05/2022,11271,3376432,0.33
Tennessee,11/19/2022,2331,11/12/2022,11812,3376432,0.35
Tennessee,11/26/2022,2609,11/19/2022,11589,3376432,0.34
Tennessee,12/03/2022,2682,11/26/2022,13308,3376432,0.39
Tennessee,12/10/2022,2367,12/03/2022,12976,3376432,0.38
Tennessee,12/17/2022,2746,12/10/2022,13277,3376432,0.39
Tennessee,12/24/2022,3586,12/17/2022,13787,3376432,0.41
Tennessee,12/31/2022,3263,12/24/2022,15382,3376432,0.46
Tennessee,01/07/2023,5466,12/31/2022,16976,3376432,0.5
Tennessee,01/14/2023,3194,01/07/2023,17081,3415511,0.5
Tennessee,01/21/2023,2539,01/14/2023,16720,3415511,0.49
Tennessee,01/28/2023,2630,01/21/2023,17071,3415511,0.5
Tennessee,02/04/2023,2472,01/28/2023,17060,3415511,0.5
Tennessee,02/11/2023,2622,02/04/2023,17097,3415511,0.5
Tennessee,02/18/2023,2128,02/11/2023,16742,3415511,0.49
Tennessee,02/25/2023,2071,02/18/2023,16187,3415511,0.47
Tennessee,03/04/2023,2339,02/25/2023,16052,3415511,0.47
Tennessee,03/11/2023,2280,03/04/2023,15756,3415511,0.46
Tennessee,03/18/2023,2793,03/11/2023,14930,3415511,0.44
Tennessee,03/25/2023,2130,03/18/2023,14938,3415511,0.44
Tennessee,04/01/2023,1987,03/25/2023,14456,3415511,0.42
Tennessee,04/08/2023,2407,04/01/2023,13859,3450377,0.4
Tennessee,04/15/2023,2291,04/08/2023,13751,3450377,0.4
Tennessee,04/22/2023,2321,04/15/2023,13861,3450377,0.4
Tennessee,04/29/2023,2179,04/22/2023,12918,3450377,0.37
Tennessee,05/06/2023,2525,04/29/2023,13026,3450377,0.38
Tennessee,05/13/2023,3165,05/06/2023,13230,3450377,0.38
Tennessee,05/20/2023,2838,05/13/2023,14141,3450377,0.41
Tennessee,05/27/2023,3232,05/20/2023,14165,3450377,0.41
Tennessee,06/03/2023,3964,05/27/2023,14858,3450377,0.43
Tennessee,06/10/2023,3248,06/03/2023,16580,3450377,0.48
Tennessee,06/17/2023,2399,06/10/2023,16737,3450377,0.49
Tennessee,06/24/2023,2167,06/17/2023,16029,3450377,0.46
Tennessee,07/01/2023,3635,06/24/2023,16022,3450377,0.46
Tennessee,07/08/2023,3500,07/01/2023,16842,3472589,0.48
Tennessee,07/15/2023,3074,07/08/2023,17475,3472589,0.5
Tennessee,07/22/2023,2395,07/15/2023,17369,3472589,0.5
Tennessee,07/29/2023,2760,07/22/2023,16845,3472589,0.49
Tennessee,08/05/2023,2945,07/29/2023,17310,3472589,0.5
Tennessee,08/12/2023,2479,08/05/2023,16762,3472589,0.48
Tennessee,08/19/2023,2396,08/12/2023,15857,3472589,0.46
Tennessee,08/26/2023,2268,08/19/2023,15366,3472589,0.44
Tennessee,09/02/2023,2451,08/26/2023,15248,3472589,0.44
Tennessee,09/09/2023,2157,09/02/2023,15340,3472589,0.44
Tennessee,09/16/2023,2211,09/09/2023,15691,3472589,0.45
Tennessee,09/23/2023,2310,09/16/2023,15137,3472589,0.44
Tennessee,09/30/2023,2243,09/23/2023,15253,3472589,0.44
Tennessee,10/07/2023,2397,09/30/2023,15040,3472589,0.43
Tennessee,10/14/2023,3508,10/07/2023,14813,3490712,0.42
Tennessee,10/21/2023,2416,10/14/2023,16259,3490712,0.47
Tennessee,10/28/2023,2235,10/21/2023,14735,3490712,0.42
Tennessee,11/04/2023,2539,10/28/2023,14932,3490712,0.43
Tennessee,11/11/2023,2352,11/04/2023,14735,3490712,0.42
Tennessee,11/18/2023,2606,11/11/2023,14972,3490712,0.43
Tennessee,11/25/2023,2521,11/18/2023,14418,3490712,0.41
Tennessee,12/02/2023,4210,11/25/2023,15608,3490712,0.45
Tennessee,12/09/2023,3232,12/02/2023,15880,3490712,0.45
Tennessee,12/16/2023,3166,12/09/2023,16174,3490712,0.46
Tennessee,12/23/2023,3594,12/16/2023,16295,3490712,0.47
Tennessee,12/30/2023,2742,12/23/2023,18226,3490712,0.52
Tennessee,01/06/2024,3302,12/30/2023,19176,3490712,0.55
Tennessee,01/13/2024,4178,01/06/2024,18751,3499338,0.54
Tennessee,01/20/2024,3131,01/13/2024,18223,3499338,0.52
Tennessee,01/27/2024,3322,01/20/2024,20134,3499338,0.58
Tennessee,02/03/2024,2735,01/27/2024,19093,3499338,0.55
Tennessee,02/10/2024,2409,02/03/2024,18085,3499338,0.52
Tennessee,02/17/2024,2899,02/10/2024,16495,3499338,0.47
Tennessee,02/24/2024,2966,02/17/2024,14800,3499338,0.42
Tennessee,03/02/2024,2802,02/24/2024,16783,3499338,0.48
Tennessee,03/09/2024,2578,03/02/2024,17530,3499338,0.5
Tennessee,03/16/2024,3116,03/09/2024,17431,3499338,0.5
Tennessee,03/23/2024,2742,03/16/2024,17861,3499338,0.51
Tennessee,03/30/2024,2619,03/23/2024,17353,3499338,0.5
Tennessee,04/06/2024,3162,03/30/2024,17375,3499338,0.5
Tennessee,04/13/2024,3621,04/06/2024,17169,3110631,0.55
Tennessee,04/20/2024,3676,04/13/2024,17163,3110631,0.55
Tennessee,04/27/2024,3344,04/20/2024,17616,3110631,0.57
Tennessee,05/04/2024,3297,04/27/2024,17891,3110631,0.58
Tennessee,05/11/2024,3108,05/04/2024,18830,3110631,0.61
Tennessee,05/18/2024,3118,05/11/2024,19301,3110631,0.62
Tennessee,05/25/2024,4998,05/18/2024,19558,3110631,0.63
Tennessee,06/01/2024,3703,05/25/2024,21547,3110631,0.69
Tennessee,06/08/2024,3424,06/01/2024,21610,3110631,0.69
Tennessee,06/15/2024,2866,06/08/2024,22355,3110631,0.72
Tennessee,06/22/2024,2638,06/15/2024,22572,3110631,0.73
Tennessee,06/29/2024,3254,06/22/2024,22970,3110631,0.74
Tennessee,07/06/2024,4420,06/29/2024,23311,3110631,0.75
Tennessee,07/13/2024,3483,07/06/2024,24491,3109309,0.79
Tennessee,07/20/2024,4252,07/13/2024,24694,3109309,0.79
Tennessee,07/27/2024,2764,07/20/2024,23254,3109309,0.75
Tennessee,08/03/2024,2757,07/27/2024,22073,3109309,0.71
Tennessee,08/10/2024,2892,08/03/2024,21123,3109309,0.68
Tennessee,08/17/2024,2806,08/10/2024,19627,3109309,0.63
Tennessee,08/24/2024,2608,08/17/2024,18598,3109309,0.6
Tennessee,08/31/2024,2669,08/24/2024,17952,3109309,0.58
Tennessee,09/07/2024,2532,08/31/2024,17348,3109309,0.56
Tennessee,09/14/2024,2918,09/07/2024,16959,3109309,0.55
Tennessee,09/21/2024,2748,09/14/2024,16630,3109309,0.53
Tennessee,09/28/2024,2531,09/21/2024,16206,3109309,0.52
Tennessee,10/05/2024,4386,09/28/2024,15862,3109309,0.51
Tennessee,10/12/2024,4284,10/05/2024,16230,3118903,0.52
Tennessee,10/19/2024,3055,10/12/2024,16777,3118903,0.54
Tennessee,10/26/2024,2756,10/19/2024,16117,3118903,0.52
Tennessee,11/02/2024,2716,10/26/2024,15151,3118903,0.49
Tennessee,11/09/2024,3017,11/02/2024,14913,3118903,0.48
Tennessee,11/16/2024,2777,11/09/2024,14959,3118903,0.48
Tennessee,11/23/2024,2774,11/16/2024,14912,3118903,0.48
Tennessee,11/30/2024,2916,11/23/2024,14553,3118903,0.47
Tennessee,12/07/2024,4289,11/30/2024,15398,3118903,0.49
Tennessee,12/14/2024,3124,12/07/2024,15909,3118903,0.51
Tennessee,12/21/2024,5142,12/14/2024,15701,3118903,0.5
Tennessee,12/28/2024,3730,12/21/2024,16112,3118903,0.52
Tennessee,01/04/2025,3581,12/28/2024,17831,3118903,0.57
Tennessee,01/11/2025,5480,01/04/2025,18155,3126185,0.58
Tennessee,01/18/2025,3862,01/11/2025,17988,3126185,0.58
Tennessee,01/25/2025,2835,01/18/2025,18254,3126185,0.58
Tennessee,02/01/2025,2998,01/25/2025,17903,3126185,0.57
Tennessee,02/08/2025,2892,02/01/2025,17811,3126185,0.57
Tennessee,02/15/2025,5658,02/08/2025,17703,3126185,0.57
Tennessee,02/22/2025,3108,02/15/2025,19157,3126185,0.61
Tennessee,03/01/2025,2735,02/22/2025,17516,3126185,0.56
Tennessee,03/08/2025,2842,03/01/2025,16888,3126185,0.54
Tennessee,03/15/2025,2606,03/08/2025,16355,3126185,0.52
Tennessee,03/22/2025,3035,03/15/2025,15762,3126185,0.5
Tennessee,03/29/2025,2807,03/22/2025,15629,3126185,0.5
Tennessee,04/05/2025,5472,03/29/2025,15019,3126185,0.48
Tennessee,04/12/2025,2850,04/05/2025,16466,3129350,0.53
Texas,01/04/2020,12367,12/28/2019,141473,12168097,1.16
Texas,01/11/2020,21902,01/04/2020,140768,12236594,1.15
Texas,01/18/2020,15783,01/11/2020,145126,12236594,1.19
Texas,01/25/2020,13070,01/18/2020,132656,12236594,1.08
Texas,02/01/2020,13818,01/25/2020,140826,12236594,1.15
Texas,02/08/2020,13869,02/01/2020,128666,12236594,1.05
Texas,02/15/2020,12790,02/08/2020,133475,12236594,1.09
Texas,02/22/2020,12047,02/15/2020,127275,12236594,1.04
Texas,02/29/2020,12692,02/22/2020,133247,12236594,1.09
Texas,03/07/2020,14355,02/29/2020,125252,12236594,1.02
Texas,03/14/2020,16176,03/07/2020,127905,12236594,1.05
Texas,03/21/2020,155426,03/14/2020,126427,12236594,1.03
Texas,03/28/2020,276185,03/21/2020,144697,12236594,1.18
Texas,04/04/2020,315167,03/28/2020,374656,12236594,3.06
Texas,04/11/2020,274257,04/04/2020,632470,12304547,5.14
Texas,04/18/2020,280761,04/11/2020,911923,12304547,7.41
Texas,04/25/2020,254084,04/18/2020,962122,12304547,7.82
Texas,05/02/2020,243935,04/25/2020,1133324,12304547,9.21
Texas,05/09/2020,141553,05/02/2020,1181609,12304547,9.6
Texas,05/16/2020,134065,05/09/2020,1300576,12304547,10.57
Texas,05/23/2020,127717,05/16/2020,1272557,12304547,10.34
Texas,05/30/2020,106677,05/23/2020,1401773,12304547,11.39
Texas,06/06/2020,89676,05/30/2020,1215507,12304547,9.88
Texas,06/13/2020,94723,06/06/2020,1297296,12304547,10.54
Texas,06/20/2020,89547,06/13/2020,1221813,12304547,9.93
Texas,06/27/2020,96593,06/20/2020,1301714,12304547,10.58
Texas,07/04/2020,117099,06/27/2020,1237931,12304547,10.06
Texas,07/11/2020,105516,07/04/2020,1313086,12372188,10.61
Texas,07/18/2020,87908,07/11/2020,1247269,12372188,10.08
Texas,07/25/2020,76804,07/18/2020,1338900,12372188,10.82
Texas,08/01/2020,62709,07/25/2020,1228250,12372188,9.93
Texas,08/08/2020,52304,08/01/2020,1221540,12372188,9.87
Texas,08/15/2020,61400,08/08/2020,1101708,12372188,8.9
Texas,08/22/2020,52152,08/15/2020,1091961,12372188,8.83
Texas,08/29/2020,56673,08/22/2020,1017360,12372188,8.22
Texas,09/05/2020,65291,08/29/2020,1043117,12372188,8.43
Texas,09/12/2020,49386,09/05/2020,976588,12372188,7.89
Texas,09/19/2020,48426,09/12/2020,953168,12372188,7.7
Texas,09/26/2020,41351,09/19/2020,902269,12372188,7.29
Texas,10/03/2020,42338,09/26/2020,803025,12372188,6.49
Texas,10/10/2020,44692,10/03/2020,718231,12428366,5.78
Texas,10/17/2020,45308,10/10/2020,682194,12428366,5.49
Texas,10/24/2020,35195,10/17/2020,607655,12428366,4.89
Texas,10/31/2020,37601,10/24/2020,558341,12428366,4.49
Texas,11/07/2020,33667,10/31/2020,528651,12428366,4.25
Texas,11/14/2020,38883,11/07/2020,497520,12428366,4
Texas,11/21/2020,38915,11/14/2020,460857,12428366,3.71
Texas,11/28/2020,24792,11/21/2020,354191,12428366,2.85
Texas,12/05/2020,47521,11/28/2020,374452,12428366,3.01
Texas,12/12/2020,38645,12/05/2020,388906,12428366,3.13
Texas,12/19/2020,34979,12/12/2020,431599,12428366,3.47
Texas,12/26/2020,31448,12/19/2020,367766,12428366,2.96
Texas,01/02/2021,45989,12/26/2020,363910,12428366,2.93
Texas,01/09/2021,64721,01/02/2021,357646,12180973,2.94
Texas,01/16/2021,55551,01/09/2021,365485,12180973,3
Texas,01/23/2021,53848,01/16/2021,343257,12180973,2.82
Texas,01/30/2021,52577,01/23/2021,341375,12180973,2.8
Texas,02/06/2021,47022,01/30/2021,337647,12180973,2.77
Texas,02/13/2021,35786,02/06/2021,354852,12180973,2.91
Texas,02/20/2021,36401,02/13/2021,326288,12180973,2.68
Texas,02/27/2021,56298,02/20/2021,318548,12180973,2.62
Texas,03/06/2021,49366,02/27/2021,315582,12180973,2.59
Texas,03/13/2021,73858,03/06/2021,359539,12180973,2.95
Texas,03/20/2021,81457,03/13/2021,296868,12180973,2.44
Texas,03/27/2021,87313,03/20/2021,320564,12180973,2.63
Texas,04/03/2021,83988,03/27/2021,299526,12180973,2.46
Texas,04/10/2021,66552,04/03/2021,277388,11994349,2.31
Texas,04/17/2021,46516,04/10/2021,283654,11994349,2.36
Texas,04/24/2021,33843,04/17/2021,270498,11994349,2.26
Texas,05/01/2021,30225,04/24/2021,249368,11994349,2.08
Texas,05/08/2021,31342,05/01/2021,252080,11994349,2.1
Texas,05/15/2021,27568,05/08/2021,228786,11994349,1.91
Texas,05/22/2021,25041,05/15/2021,215765,11994349,1.8
Texas,05/29/2021,21927,05/22/2021,206486,11994349,1.72
Texas,06/05/2021,18628,05/29/2021,187438,11994349,1.56
Texas,06/12/2021,21755,06/05/2021,196601,11994349,1.64
Texas,06/19/2021,23569,06/12/2021,195891,11994349,1.63
Texas,06/26/2021,19571,06/19/2021,197679,11994349,1.65
Texas,07/03/2021,24216,06/26/2021,213690,11994349,1.78
Texas,07/10/2021,34307,07/03/2021,157043,11848728,1.33
Texas,07/17/2021,45037,07/10/2021,199928,11848728,1.69
Texas,07/24/2021,33883,07/17/2021,194094,11848728,1.64
Texas,07/31/2021,30138,07/24/2021,210422,11848728,1.78
Texas,08/07/2021,31042,07/31/2021,190232,11848728,1.61
Texas,08/14/2021,23375,08/07/2021,191169,11848728,1.61
Texas,08/21/2021,20335,08/14/2021,179271,11848728,1.51
Texas,08/28/2021,20240,08/21/2021,172926,11848728,1.46
Texas,09/04/2021,20327,08/28/2021,161734,11848728,1.36
Texas,09/11/2021,16692,09/04/2021,160016,11848728,1.35
Texas,09/18/2021,16861,09/11/2021,139207,11848728,1.17
Texas,09/25/2021,21486,09/18/2021,150317,11848728,1.27
Texas,10/02/2021,19110,09/25/2021,131490,11848728,1.11
Texas,10/09/2021,18903,10/02/2021,139019,11720739,1.19
Texas,10/16/2021,16825,10/09/2021,127771,11720739,1.09
Texas,10/23/2021,16036,10/16/2021,129462,11720739,1.1
Texas,10/30/2021,15106,10/23/2021,124690,11720739,1.06
Texas,11/06/2021,16125,10/30/2021,128851,11720739,1.1
Texas,11/13/2021,15488,11/06/2021,119443,11720739,1.02
Texas,11/20/2021,15910,11/13/2021,118513,11720739,1.01
Texas,11/27/2021,10463,11/20/2021,109436,11720739,0.93
Texas,12/04/2021,19102,11/27/2021,127705,11720739,1.09
Texas,12/11/2021,15016,12/04/2021,110122,11720739,0.94
Texas,12/18/2021,15191,12/11/2021,116458,11720739,0.99
Texas,12/25/2021,11236,12/18/2021,101705,11720739,0.87
Texas,01/01/2022,13400,12/25/2021,114202,11720739,0.97
Texas,01/08/2022,23837,01/01/2022,117922,11928614,0.99
Texas,01/15/2022,19064,01/08/2022,117419,11928614,0.98
Texas,01/22/2022,15147,01/15/2022,112375,11928614,0.94
Texas,01/29/2022,15932,01/22/2022,114688,11928614,0.96
Texas,02/05/2022,14424,01/29/2022,107474,11928614,0.9
Texas,02/12/2022,13945,02/05/2022,105765,11928614,0.89
Texas,02/19/2022,13220,02/12/2022,104556,11928614,0.88
Texas,02/26/2022,12402,02/19/2022,100896,11928614,0.85
Texas,03/05/2022,13338,02/26/2022,98806,11928614,0.83
Texas,03/12/2022,13639,03/05/2022,95934,11928614,0.8
Texas,03/19/2022,13160,03/12/2022,96445,11928614,0.81
Texas,03/26/2022,15411,03/19/2022,99428,11928614,0.83
Texas,04/02/2022,12924,03/26/2022,94918,11928614,0.8
Texas,04/09/2022,15541,04/02/2022,90749,12110926,0.75
Texas,04/16/2022,13211,04/09/2022,91018,12110926,0.75
Texas,04/23/2022,13096,04/16/2022,96511,12110926,0.8
Texas,04/30/2022,12977,04/23/2022,91908,12110926,0.76
Texas,05/07/2022,13429,04/30/2022,94313,12110926,0.78
Texas,05/14/2022,13890,05/07/2022,88376,12110926,0.73
Texas,05/21/2022,14316,05/14/2022,94723,12110926,0.78
Texas,05/28/2022,14219,05/21/2022,91310,12110926,0.75
Texas,06/04/2022,14431,05/28/2022,94494,12110926,0.78
Texas,06/11/2022,15256,06/04/2022,93923,12110926,0.78
Texas,06/18/2022,16606,06/11/2022,104271,12110926,0.86
Texas,06/25/2022,14532,06/18/2022,99290,12110926,0.82
Texas,07/02/2022,15024,06/25/2022,105271,12110926,0.87
Texas,07/09/2022,15332,07/02/2022,95812,12299016,0.78
Texas,07/16/2022,16746,07/09/2022,106496,12299016,0.87
Texas,07/23/2022,15002,07/16/2022,107676,12299016,0.88
Texas,07/30/2022,14117,07/23/2022,108904,12299016,0.89
Texas,08/06/2022,14840,07/30/2022,105799,12299016,0.86
Texas,08/13/2022,14223,08/06/2022,104204,12299016,0.85
Texas,08/20/2022,14228,08/13/2022,103953,12299016,0.85
Texas,08/27/2022,13998,08/20/2022,102734,12299016,0.84
Texas,09/03/2022,14561,08/27/2022,102360,12299016,0.83
Texas,09/10/2022,12068,09/03/2022,94569,12299016,0.77
Texas,09/17/2022,12518,09/10/2022,101390,12299016,0.82
Texas,09/24/2022,12316,09/17/2022,98191,12299016,0.8
Texas,10/01/2022,12118,09/24/2022,100031,12299016,0.81
Texas,10/08/2022,14500,10/01/2022,94515,12493289,0.76
Texas,10/15/2022,12924,10/08/2022,92626,12493289,0.74
Texas,10/22/2022,12991,10/15/2022,96263,12493289,0.77
Texas,10/29/2022,13057,10/22/2022,94917,12493289,0.76
Texas,11/05/2022,15472,10/29/2022,97059,12493289,0.78
Texas,11/12/2022,14381,11/05/2022,91688,12493289,0.73
Texas,11/19/2022,15862,11/12/2022,102245,12493289,0.82
Texas,11/26/2022,11251,11/19/2022,95686,12493289,0.77
Texas,12/03/2022,19890,11/26/2022,118463,12493289,0.95
Texas,12/10/2022,15936,12/03/2022,101902,12493289,0.82
Texas,12/17/2022,14995,12/10/2022,116445,12493289,0.93
Texas,12/24/2022,13540,12/17/2022,107275,12493289,0.86
Texas,12/31/2022,10288,12/24/2022,118414,12493289,0.95
Texas,01/07/2023,20466,12/31/2022,122014,12680071,0.96
Texas,01/14/2023,17945,01/07/2023,122643,12680071,0.97
Texas,01/21/2023,15487,01/14/2023,121034,12680071,0.95
Texas,01/28/2023,15806,01/21/2023,122831,12680071,0.97
Texas,02/04/2023,14947,01/28/2023,121057,12680071,0.95
Texas,02/11/2023,15649,02/04/2023,120758,12680071,0.95
Texas,02/18/2023,14540,02/11/2023,122936,12680071,0.97
Texas,02/25/2023,13114,02/18/2023,120789,12680071,0.95
Texas,03/04/2023,14183,02/25/2023,121206,12680071,0.96
Texas,03/11/2023,14514,03/04/2023,115837,12680071,0.91
Texas,03/18/2023,13954,03/11/2023,121142,12680071,0.96
Texas,03/25/2023,15764,03/18/2023,124947,12680071,0.99
Texas,04/01/2023,14466,03/25/2023,124180,12680071,0.98
Texas,04/08/2023,17447,04/01/2023,121763,12865648,0.95
Texas,04/15/2023,14646,04/08/2023,122231,12865648,0.95
Texas,04/22/2023,14467,04/15/2023,127621,12865648,0.99
Texas,04/29/2023,14282,04/22/2023,124861,12865648,0.97
Texas,05/06/2023,15989,04/29/2023,126278,12865648,0.98
Texas,05/13/2023,16093,05/06/2023,122651,12865648,0.95
Texas,05/20/2023,18901,05/13/2023,129033,12865648,1
Texas,05/27/2023,20130,05/20/2023,128811,12865648,1
Texas,06/03/2023,19513,05/27/2023,131008,12865648,1.02
Texas,06/10/2023,26840,06/03/2023,130707,12865648,1.02
Texas,06/17/2023,28476,06/10/2023,144746,12865648,1.13
Texas,06/24/2023,19514,06/17/2023,143028,12865648,1.11
Texas,07/01/2023,16388,06/24/2023,148863,12865648,1.16
Texas,07/08/2023,15719,07/01/2023,139003,13017980,1.07
Texas,07/15/2023,16986,07/08/2023,149314,13017980,1.15
Texas,07/22/2023,15498,07/15/2023,146350,13017980,1.12
Texas,07/29/2023,14396,07/22/2023,149606,13017980,1.15
Texas,08/05/2023,16633,07/29/2023,143115,13017980,1.1
Texas,08/12/2023,14992,08/05/2023,142944,13017980,1.1
Texas,08/19/2023,14864,08/12/2023,143935,13017980,1.11
Texas,08/26/2023,14198,08/19/2023,141427,13017980,1.09
Texas,09/02/2023,13858,08/26/2023,139387,13017980,1.07
Texas,09/09/2023,12465,09/02/2023,128598,13017980,0.99
Texas,09/16/2023,13452,09/09/2023,135282,13017980,1.04
Texas,09/23/2023,12968,09/16/2023,131645,13017980,1.01
Texas,09/30/2023,13421,09/23/2023,134632,13017980,1.03
Texas,10/07/2023,16300,09/30/2023,129289,13017980,0.99
Texas,10/14/2023,13192,10/07/2023,127629,13017980,0.98
Texas,10/21/2023,14336,10/14/2023,132089,13017980,1.01
Texas,10/28/2023,14666,10/21/2023,128954,13017980,0.99
Texas,11/04/2023,16188,10/28/2023,130568,13017980,1
Texas,11/11/2023,17535,11/04/2023,126776,13169333,0.96
Texas,11/18/2023,16639,11/11/2023,133726,13169333,1.02
Texas,11/25/2023,11079,11/18/2023,128763,13169333,0.98
Texas,12/02/2023,19400,11/25/2023,149874,13169333,1.14
Texas,12/09/2023,15685,12/02/2023,131889,13169333,1
Texas,12/16/2023,15192,12/09/2023,144754,13169333,1.1
Texas,12/23/2023,13980,12/16/2023,138465,13169333,1.05
Texas,12/30/2023,8159,12/23/2023,140186,13169333,1.06
Texas,01/06/2024,17496,12/30/2023,150488,13300629,1.13
Texas,01/13/2024,19929,01/06/2024,149848,13300629,1.13
Texas,01/20/2024,14293,01/13/2024,145716,13300629,1.1
Texas,01/27/2024,15193,01/20/2024,149462,13300629,1.12
Texas,02/03/2024,16707,01/27/2024,142329,13300629,1.07
Texas,02/10/2024,15276,02/03/2024,139224,13300629,1.05
Texas,02/17/2024,14253,02/10/2024,139640,13300629,1.05
Texas,02/24/2024,13132,02/17/2024,142859,13300629,1.07
Texas,03/02/2024,15234,02/24/2024,140900,13300629,1.06
Texas,03/09/2024,15626,03/02/2024,139420,13300629,1.05
Texas,03/16/2024,14770,03/09/2024,136204,13300629,1.02
Texas,03/23/2024,17044,03/16/2024,149776,13300629,1.13
Texas,03/30/2024,13796,03/23/2024,139143,13300629,1.05
Texas,04/06/2024,15319,03/30/2024,143261,13394532,1.07
Texas,04/13/2024,15075,04/06/2024,127633,13411206,0.95
Texas,04/20/2024,15525,04/13/2024,143625,13411206,1.07
Texas,04/27/2024,14387,04/20/2024,138279,13411206,1.03
Texas,05/04/2024,15640,04/27/2024,142417,13411206,1.06
Texas,05/11/2024,15717,05/04/2024,134981,13411206,1.01
Texas,05/18/2024,16515,05/11/2024,144508,13411206,1.08
Texas,05/25/2024,16709,05/18/2024,140928,13411206,1.05
Texas,06/01/2024,14887,05/25/2024,145782,13411206,1.09
Texas,06/08/2024,17196,06/01/2024,148748,13411206,1.11
Texas,06/15/2024,18213,06/08/2024,154170,13411206,1.15
Texas,06/22/2024,15718,06/15/2024,152278,13411206,1.14
Texas,06/29/2024,15605,06/22/2024,157834,13411206,1.18
Texas,07/06/2024,13796,06/29/2024,148081,13533321,1.09
Texas,07/13/2024,25723,07/06/2024,155865,13533321,1.15
Texas,07/20/2024,31685,07/13/2024,154230,13533321,1.14
Texas,07/27/2024,25078,07/20/2024,176918,13533321,1.31
Texas,08/03/2024,19898,07/27/2024,160587,13533321,1.19
Texas,08/10/2024,18460,08/03/2024,163057,13533321,1.2
Texas,08/17/2024,16508,08/10/2024,156008,13533321,1.15
Texas,08/24/2024,14993,08/17/2024,159538,13533321,1.18
Texas,08/31/2024,13597,08/24/2024,149764,13533321,1.11
Texas,09/07/2024,13341,08/31/2024,146906,13533321,1.09
Texas,09/14/2024,15557,09/07/2024,143098,13533321,1.06
Texas,09/21/2024,14107,09/14/2024,147033,13533321,1.09
Texas,09/28/2024,13575,09/21/2024,142578,13533321,1.05
Texas,10/05/2024,14894,09/28/2024,142879,13563337,1.05
Texas,10/12/2024,15780,10/05/2024,135143,13563337,1
Texas,10/19/2024,13915,10/12/2024,138613,13563337,1.02
Texas,10/26/2024,14672,10/19/2024,141073,13563337,1.04
Texas,11/02/2024,15309,10/26/2024,139812,13563337,1.03
Texas,11/09/2024,16584,11/02/2024,135867,13563337,1
Texas,11/16/2024,15424,11/09/2024,138236,13563337,1.02
Texas,11/23/2024,16936,11/16/2024,143760,13563337,1.06
Texas,11/30/2024,10940,11/23/2024,135079,13563337,1
Texas,12/07/2024,20951,11/30/2024,158256,13563337,1.17
Texas,12/14/2024,15546,12/07/2024,143229,13563337,1.06
Texas,12/21/2024,15338,12/14/2024,156229,13563337,1.15
Texas,12/28/2024,6987,12/21/2024,134185,13563337,0.99
Texas,01/04/2025,12799,12/28/2024,161718,13633306,1.19
Texas,01/11/2025,24238,01/04/2025,154085,13633306,1.13
Texas,01/18/2025,16915,01/11/2025,161796,13633306,1.19
Texas,01/25/2025,14563,01/18/2025,147113,13633306,1.08
Texas,02/01/2025,15361,01/25/2025,156594,13633306,1.15
Texas,02/08/2025,16222,02/01/2025,143734,13633306,1.05
Texas,02/15/2025,15718,02/08/2025,149037,13633306,1.09
Texas,02/22/2025,14541,02/15/2025,144088,13633306,1.06
Texas,03/01/2025,16315,02/22/2025,152580,13633306,1.12
Texas,03/08/2025,17785,03/01/2025,141664,13633306,1.04
Texas,03/15/2025,19243,03/08/2025,147524,13633306,1.08
Texas,03/22/2025,17469,03/15/2025,146243,13633306,1.07
Texas,03/29/2025,16704,03/22/2025,159597,13633306,1.17
Texas,04/05/2025,16791,03/29/2025,147218,13630178,1.08
Texas,04/12/2025,17215,04/05/2025,151387,13630178,1.11
Utah,01/04/2020,1518,12/28/2019,11328,1454279,0.78
Utah,01/11/2020,1834,01/04/2020,11787,1459679,0.81
Utah,01/18/2020,1458,01/11/2020,12061,1459679,0.83
Utah,01/25/2020,1271,01/18/2020,12061,1459679,0.83
Utah,02/01/2020,1290,01/25/2020,11872,1459679,0.81
Utah,02/08/2020,1303,02/01/2020,12187,1459679,0.83
Utah,02/15/2020,1097,02/08/2020,12131,1459679,0.83
Utah,02/22/2020,1008,02/15/2020,11960,1459679,0.82
Utah,02/29/2020,885,02/22/2020,11451,1459679,0.78
Utah,03/07/2020,1015,02/29/2020,11077,1459679,0.76
Utah,03/14/2020,1305,03/07/2020,10701,1459679,0.73
Utah,03/21/2020,19690,03/14/2020,10826,1459679,0.74
Utah,03/28/2020,28532,03/21/2020,24635,1459679,1.69
Utah,04/04/2020,33040,03/28/2020,45161,1459679,3.09
Utah,04/11/2020,24515,04/04/2020,72798,1474336,4.94
Utah,04/18/2020,19649,04/11/2020,88281,1474336,5.99
Utah,04/25/2020,11738,04/18/2020,89495,1474336,6.07
Utah,05/02/2020,8992,04/25/2020,92872,1474336,6.3
Utah,05/09/2020,7076,05/02/2020,91591,1474336,6.21
Utah,05/16/2020,6228,05/09/2020,86298,1474336,5.85
Utah,05/23/2020,5405,05/16/2020,82054,1474336,5.57
Utah,05/30/2020,4948,05/23/2020,79316,1474336,5.38
Utah,06/06/2020,5382,05/30/2020,78145,1474336,5.3
Utah,06/13/2020,4803,06/06/2020,75383,1474336,5.11
Utah,06/20/2020,4915,06/13/2020,73619,1474336,4.99
Utah,06/27/2020,4965,06/20/2020,72216,1474336,4.9
Utah,07/04/2020,4802,06/27/2020,70639,1474336,4.79
Utah,07/11/2020,4792,07/04/2020,69999,1483888,4.72
Utah,07/18/2020,4483,07/11/2020,68097,1483888,4.59
Utah,07/25/2020,3709,07/18/2020,66351,1483888,4.47
Utah,08/01/2020,3098,07/25/2020,64015,1483888,4.31
Utah,08/08/2020,2881,08/01/2020,57868,1483888,3.9
Utah,08/15/2020,2983,08/08/2020,51910,1483888,3.5
Utah,08/22/2020,2980,08/15/2020,46806,1483888,3.15
Utah,08/29/2020,2587,08/22/2020,40081,1483888,2.7
Utah,09/05/2020,2593,08/29/2020,34778,1483888,2.34
Utah,09/12/2020,2283,09/05/2020,30858,1483888,2.08
Utah,09/19/2020,2545,09/12/2020,28362,1483888,1.91
Utah,09/26/2020,2460,09/19/2020,25803,1483888,1.74
Utah,10/03/2020,2575,09/26/2020,23562,1483888,1.59
Utah,10/10/2020,2726,10/03/2020,21265,1486205,1.43
Utah,10/17/2020,2490,10/10/2020,19081,1486205,1.28
Utah,10/24/2020,2371,10/17/2020,17474,1486205,1.18
Utah,10/31/2020,2360,10/24/2020,16327,1486205,1.1
Utah,11/07/2020,2600,10/31/2020,15242,1486205,1.03
Utah,11/14/2020,3111,11/07/2020,14612,1486205,0.98
Utah,11/21/2020,3046,11/14/2020,14690,1486205,0.99
Utah,11/28/2020,2385,11/21/2020,14246,1486205,0.96
Utah,12/05/2020,3305,11/28/2020,14501,1486205,0.98
Utah,12/12/2020,3080,12/05/2020,14442,1486205,0.97
Utah,12/19/2020,3014,12/12/2020,14582,1486205,0.98
Utah,12/26/2020,2729,12/19/2020,14603,1486205,0.98
Utah,01/02/2021,2975,12/26/2020,15685,1486205,1.06
Utah,01/09/2021,3825,01/02/2021,16459,1471433,1.12
Utah,01/16/2021,3304,01/09/2021,16412,1471433,1.12
Utah,01/23/2021,2924,01/16/2021,16564,1471433,1.13
Utah,01/30/2021,3065,01/23/2021,16818,1471433,1.14
Utah,02/06/2021,3268,01/30/2021,16855,1471433,1.15
Utah,02/13/2021,2770,02/06/2021,16560,1471433,1.13
Utah,02/20/2021,2527,02/13/2021,16054,1471433,1.09
Utah,02/27/2021,2222,02/20/2021,15885,1471433,1.08
Utah,03/06/2021,2442,02/27/2021,15151,1471433,1.03
Utah,03/13/2021,2269,03/06/2021,14540,1471433,0.99
Utah,03/20/2021,2576,03/13/2021,14082,1471433,0.96
Utah,03/27/2021,3255,03/20/2021,13004,1471433,0.88
Utah,04/03/2021,4089,03/27/2021,12621,1471433,0.86
Utah,04/10/2021,4352,04/03/2021,12242,1465032,0.84
Utah,04/17/2021,8412,04/10/2021,11903,1465032,0.81
Utah,04/24/2021,6569,04/17/2021,12359,1465032,0.84
Utah,05/01/2021,3729,04/24/2021,13570,1465032,0.93
Utah,05/08/2021,3340,05/01/2021,13262,1465032,0.91
Utah,05/15/2021,3042,05/08/2021,13142,1465032,0.9
Utah,05/22/2021,3301,05/15/2021,12978,1465032,0.89
Utah,05/29/2021,3103,05/22/2021,11222,1465032,0.77
Utah,06/05/2021,2490,05/29/2021,10615,1465032,0.72
Utah,06/12/2021,2143,06/05/2021,10264,1465032,0.7
Utah,06/19/2021,2622,06/12/2021,9933,1465032,0.68
Utah,06/26/2021,2397,06/19/2021,9740,1465032,0.66
Utah,07/03/2021,1848,06/26/2021,9163,1465032,0.63
Utah,07/10/2021,1583,07/03/2021,10969,1465650,0.75
Utah,07/17/2021,1512,07/10/2021,9855,1465650,0.67
Utah,07/24/2021,1409,07/17/2021,9171,1465650,0.63
Utah,07/31/2021,1572,07/24/2021,8770,1465650,0.6
Utah,08/07/2021,2300,07/31/2021,8467,1465650,0.58
Utah,08/14/2021,1857,08/07/2021,8449,1465650,0.58
Utah,08/21/2021,1590,08/14/2021,8013,1465650,0.55
Utah,08/28/2021,1447,08/21/2021,7699,1465650,0.53
Utah,09/04/2021,1392,08/28/2021,7384,1465650,0.5
Utah,09/11/2021,1090,09/04/2021,6961,1465650,0.47
Utah,09/18/2021,1160,09/11/2021,6650,1465650,0.45
Utah,09/25/2021,1223,09/18/2021,6465,1465650,0.44
Utah,10/02/2021,1184,09/25/2021,6277,1465650,0.43
Utah,10/09/2021,1367,10/02/2021,5984,1470769,0.41
Utah,10/16/2021,1451,10/09/2021,5878,1470769,0.4
Utah,10/23/2021,1157,10/16/2021,5963,1470769,0.41
Utah,10/30/2021,1214,10/23/2021,5807,1470769,0.39
Utah,11/06/2021,1421,10/30/2021,5783,1470769,0.39
Utah,11/13/2021,1479,11/06/2021,5938,1470769,0.4
Utah,11/20/2021,1397,11/13/2021,5988,1470769,0.41
Utah,11/27/2021,1058,11/20/2021,5975,1470769,0.41
Utah,12/04/2021,1751,11/27/2021,6257,1470769,0.43
Utah,12/11/2021,1777,12/04/2021,6621,1470769,0.45
Utah,12/18/2021,1866,12/11/2021,7147,1470769,0.49
Utah,12/25/2021,1478,12/18/2021,7536,1470769,0.51
Utah,01/01/2022,1670,12/25/2021,8041,1470769,0.55
Utah,01/08/2022,1780,01/01/2022,8946,1504807,0.59
Utah,01/15/2022,1292,01/08/2022,10772,1504807,0.72
Utah,01/22/2022,1005,01/15/2022,10358,1504807,0.69
Utah,01/29/2022,875,01/22/2022,9989,1504807,0.66
Utah,02/05/2022,933,01/29/2022,9572,1504807,0.64
Utah,02/12/2022,842,02/05/2022,9218,1504807,0.61
Utah,02/19/2022,1296,02/12/2022,8837,1504807,0.59
Utah,02/26/2022,1332,02/19/2022,8551,1504807,0.57
Utah,03/05/2022,1448,02/26/2022,8356,1504807,0.56
Utah,03/12/2022,1332,03/05/2022,7860,1504807,0.52
Utah,03/19/2022,1295,03/12/2022,7610,1504807,0.51
Utah,03/26/2022,1637,03/19/2022,6969,1504807,0.46
Utah,04/02/2022,1814,03/26/2022,6511,1504807,0.43
Utah,04/09/2022,1544,04/02/2022,6285,1527130,0.41
Utah,04/16/2022,1586,04/09/2022,5697,1527130,0.37
Utah,04/23/2022,1644,04/16/2022,5702,1527130,0.37
Utah,04/30/2022,1413,04/23/2022,5534,1527130,0.36
Utah,05/07/2022,1460,04/30/2022,5493,1527130,0.36
Utah,05/14/2022,1343,05/07/2022,5415,1527130,0.35
Utah,05/21/2022,1377,05/14/2022,5353,1527130,0.35
Utah,05/28/2022,1291,05/21/2022,5384,1527130,0.35
Utah,06/04/2022,1158,05/28/2022,5442,1527130,0.36
Utah,06/11/2022,1232,06/04/2022,5380,1527130,0.35
Utah,06/18/2022,1205,06/11/2022,5516,1527130,0.36
Utah,06/25/2022,1113,06/18/2022,5542,1527130,0.36
Utah,07/02/2022,1338,06/25/2022,5580,1527130,0.37
Utah,07/09/2022,1229,07/02/2022,5749,1544313,0.37
Utah,07/16/2022,1303,07/09/2022,5960,1544313,0.39
Utah,07/23/2022,1282,07/16/2022,5997,1544313,0.39
Utah,07/30/2022,1227,07/23/2022,5956,1544313,0.39
Utah,08/06/2022,1263,07/30/2022,5919,1544313,0.38
Utah,08/13/2022,1216,08/06/2022,5946,1544313,0.39
Utah,08/20/2022,1103,08/13/2022,5957,1544313,0.39
Utah,08/27/2022,1059,08/20/2022,5916,1544313,0.38
Utah,09/03/2022,1131,08/27/2022,5855,1544313,0.38
Utah,09/10/2022,942,09/03/2022,5749,1544313,0.37
Utah,09/17/2022,1109,09/10/2022,5741,1544313,0.37
Utah,09/24/2022,1033,09/17/2022,5763,1544313,0.37
Utah,10/01/2022,1161,09/24/2022,5761,1544313,0.37
Utah,10/08/2022,1306,10/01/2022,5833,1563949,0.37
Utah,10/15/2022,1334,10/08/2022,5972,1563949,0.38
Utah,10/22/2022,1303,10/15/2022,6218,1563949,0.4
Utah,10/29/2022,1386,10/22/2022,6435,1563949,0.41
Utah,11/05/2022,1671,10/29/2022,6658,1563949,0.43
Utah,11/12/2022,1733,11/05/2022,7078,1563949,0.45
Utah,11/19/2022,1864,11/12/2022,7562,1563949,0.48
Utah,11/26/2022,1354,11/19/2022,7773,1563949,0.5
Utah,12/03/2022,2256,11/26/2022,8362,1563949,0.53
Utah,12/10/2022,2280,12/03/2022,9228,1563949,0.59
Utah,12/17/2022,2236,12/10/2022,10119,1563949,0.65
Utah,12/24/2022,1669,12/17/2022,10896,1563949,0.7
Utah,12/31/2022,1561,12/24/2022,11191,1563949,0.72
Utah,01/07/2023,2465,12/31/2022,11993,1563949,0.77
Utah,01/14/2023,2245,01/07/2023,12790,1581572,0.81
Utah,01/21/2023,1909,01/14/2023,13022,1581572,0.82
Utah,01/28/2023,2259,01/21/2023,13603,1581572,0.86
Utah,02/04/2023,2216,01/28/2023,13628,1581572,0.86
Utah,02/11/2023,2013,02/04/2023,13801,1581572,0.87
Utah,02/18/2023,1604,02/11/2023,13524,1581572,0.86
Utah,02/25/2023,1460,02/18/2023,13171,1581572,0.83
Utah,03/04/2023,1618,02/25/2023,13250,1581572,0.84
Utah,03/11/2023,1481,03/04/2023,12898,1581572,0.82
Utah,03/18/2023,1546,03/11/2023,12565,1581572,0.79
Utah,03/25/2023,1504,03/18/2023,12073,1581572,0.76
Utah,04/01/2023,1514,03/25/2023,12058,1581572,0.76
Utah,04/08/2023,1936,04/01/2023,11579,1598914,0.72
Utah,04/15/2023,1663,04/08/2023,11673,1598914,0.73
Utah,04/22/2023,1661,04/15/2023,10571,1598914,0.66
Utah,04/29/2023,1477,04/22/2023,10437,1598914,0.65
Utah,05/06/2023,1469,04/29/2023,10271,1598914,0.64
Utah,05/13/2023,1488,05/06/2023,9946,1598914,0.62
Utah,05/20/2023,1346,05/13/2023,9944,1598914,0.62
Utah,05/27/2023,1382,05/20/2023,9813,1598914,0.61
Utah,06/03/2023,1282,05/27/2023,9780,1598914,0.61
Utah,06/10/2023,1516,06/03/2023,9637,1598914,0.6
Utah,06/17/2023,1437,06/10/2023,9748,1598914,0.61
Utah,06/24/2023,1171,06/17/2023,9568,1598914,0.6
Utah,07/01/2023,1499,06/24/2023,9516,1598914,0.6
Utah,07/08/2023,1598,07/01/2023,9442,1581572,0.6
Utah,07/15/2023,1757,07/08/2023,9801,1581572,0.62
Utah,07/22/2023,1560,07/15/2023,9808,1581572,0.62
Utah,07/29/2023,1334,07/22/2023,9804,1581572,0.62
Utah,08/05/2023,1788,07/29/2023,9691,1581572,0.61
Utah,08/12/2023,1497,08/05/2023,9934,1581572,0.63
Utah,08/19/2023,1529,08/12/2023,9912,1581572,0.63
Utah,08/26/2023,1429,08/19/2023,9843,1581572,0.62
Utah,09/02/2023,1553,08/26/2023,9773,1581572,0.62
Utah,09/09/2023,1296,09/02/2023,9719,1581572,0.61
Utah,09/16/2023,1354,09/09/2023,9562,1581572,0.6
Utah,09/23/2023,1421,09/16/2023,9594,1581572,0.61
Utah,09/30/2023,1438,09/23/2023,9612,1581572,0.61
Utah,10/07/2023,1633,09/30/2023,9626,1581572,0.61
Utah,10/14/2023,1594,10/07/2023,9878,1623690,0.61
Utah,10/21/2023,1580,10/14/2023,9997,1623690,0.62
Utah,10/28/2023,1828,10/21/2023,10126,1623690,0.62
Utah,11/04/2023,1828,10/28/2023,10279,1623690,0.63
Utah,11/11/2023,2111,11/04/2023,10470,1623690,0.64
Utah,11/18/2023,1624,11/11/2023,9901,1623690,0.61
Utah,11/25/2023,1343,11/18/2023,10041,1623690,0.62
Utah,12/02/2023,1945,11/25/2023,10656,1623690,0.66
Utah,12/09/2023,1717,12/02/2023,11020,1623690,0.68
Utah,12/16/2023,1400,12/09/2023,11386,1623690,0.7
Utah,12/23/2023,1138,12/16/2023,11123,1623690,0.69
Utah,12/30/2023,942,12/23/2023,11254,1623690,0.69
Utah,01/06/2024,1312,12/30/2023,12003,1623690,0.74
Utah,01/13/2024,1735,01/06/2024,12954,1634507,0.79
Utah,01/20/2024,1289,01/13/2024,12638,1634507,0.77
Utah,01/27/2024,1316,01/20/2024,12759,1634507,0.78
Utah,02/03/2024,1308,01/27/2024,12773,1634507,0.78
Utah,02/10/2024,1212,02/03/2024,12699,1634507,0.78
Utah,02/17/2024,1177,02/10/2024,12861,1634507,0.79
Utah,02/24/2024,966,02/17/2024,12391,1634507,0.76
Utah,03/02/2024,1235,02/24/2024,15037,1634507,0.92
Utah,03/09/2024,1412,03/02/2024,14373,1634507,0.88
Utah,03/16/2024,1327,03/09/2024,14041,1634507,0.86
Utah,03/23/2024,1266,03/16/2024,13495,1634507,0.83
Utah,03/30/2024,1191,03/23/2024,12863,1634507,0.79
Utah,04/06/2024,1292,03/30/2024,12577,1634507,0.77
Utah,04/13/2024,1517,04/06/2024,11752,1642830,0.72
Utah,04/20/2024,1657,04/13/2024,11348,1642830,0.69
Utah,04/27/2024,1364,04/20/2024,11386,1642830,0.69
Utah,05/04/2024,1638,04/27/2024,11261,1642830,0.69
Utah,05/11/2024,1481,05/04/2024,11343,1642830,0.69
Utah,05/18/2024,1415,05/11/2024,11289,1642830,0.69
Utah,05/25/2024,1287,05/18/2024,11238,1642830,0.68
Utah,06/01/2024,1106,05/25/2024,11098,1642830,0.68
Utah,06/08/2024,1481,06/01/2024,10914,1642830,0.66
Utah,06/15/2024,1372,06/08/2024,10891,1642830,0.66
Utah,06/22/2024,1414,06/15/2024,10812,1642830,0.66
Utah,06/29/2024,1550,06/22/2024,10944,1642830,0.67
Utah,07/06/2024,1297,06/29/2024,10935,1642830,0.67
Utah,07/13/2024,1557,07/06/2024,11276,1650993,0.68
Utah,07/20/2024,1306,07/13/2024,11183,1650993,0.68
Utah,07/27/2024,936,07/20/2024,11002,1650993,0.67
Utah,08/03/2024,1348,07/27/2024,10917,1650993,0.66
Utah,08/10/2024,1387,08/03/2024,10814,1650993,0.65
Utah,08/17/2024,1301,08/10/2024,10898,1650993,0.66
Utah,08/24/2024,1310,08/17/2024,10755,1650993,0.65
Utah,08/31/2024,1269,08/24/2024,10676,1650993,0.65
Utah,09/07/2024,1268,08/31/2024,10592,1650993,0.64
Utah,09/14/2024,1312,09/07/2024,10620,1650993,0.64
Utah,09/21/2024,1250,09/14/2024,10510,1650993,0.64
Utah,09/28/2024,1280,09/21/2024,10356,1650993,0.63
Utah,10/05/2024,1511,09/28/2024,10402,1650993,0.63
Utah,10/12/2024,1501,10/05/2024,10515,1657526,0.63
Utah,10/19/2024,1434,10/12/2024,10644,1657526,0.64
Utah,10/26/2024,1474,10/19/2024,10876,1657526,0.66
Utah,11/02/2024,1517,10/26/2024,10751,1657526,0.65
Utah,11/09/2024,1384,11/02/2024,10863,1657526,0.66
Utah,11/16/2024,1922,11/09/2024,11201,1657526,0.68
Utah,11/23/2024,2123,11/16/2024,11548,1657526,0.7
Utah,11/30/2024,1792,11/23/2024,11800,1657526,0.71
Utah,12/07/2024,2448,11/30/2024,12683,1657526,0.77
Utah,12/14/2024,2119,12/07/2024,13128,1657526,0.79
Utah,12/21/2024,1885,12/14/2024,13657,1657526,0.82
Utah,12/28/2024,1494,12/21/2024,13573,1657526,0.82
Utah,01/04/2025,1573,12/28/2024,14654,1657526,0.88
Utah,01/11/2025,2336,01/04/2025,15343,1662092,0.92
Utah,01/18/2025,2041,01/11/2025,15362,1662092,0.92
Utah,01/25/2025,1628,01/18/2025,15437,1662092,0.93
Utah,02/01/2025,1697,01/25/2025,15700,1662092,0.94
Utah,02/08/2025,1653,02/01/2025,15601,1662092,0.94
Utah,02/15/2025,1489,02/08/2025,15649,1662092,0.94
Utah,02/22/2025,1492,02/15/2025,15380,1662092,0.93
Utah,03/01/2025,1542,02/22/2025,15394,1662092,0.93
Utah,03/08/2025,1557,03/01/2025,15070,1662092,0.91
Utah,03/15/2025,1484,03/08/2025,14899,1662092,0.9
Utah,03/22/2025,1349,03/15/2025,14294,1662092,0.86
Utah,03/29/2025,1251,03/22/2025,13954,1662092,0.84
Utah,04/05/2025,1407,03/29/2025,13090,1662092,0.79
Utah,04/12/2025,1610,04/05/2025,12869,1732582,0.74
Vermont,01/04/2020,680,12/28/2019,5417,303175,1.79
Vermont,01/11/2020,649,01/04/2020,5609,303508,1.85
Vermont,01/18/2020,755,01/11/2020,4961,303508,1.63
Vermont,01/25/2020,518,01/18/2020,4986,303508,1.64
Vermont,02/01/2020,481,01/25/2020,5006,303508,1.65
Vermont,02/08/2020,475,02/01/2020,4824,303508,1.59
Vermont,02/15/2020,543,02/08/2020,4931,303508,1.62
Vermont,02/22/2020,610,02/15/2020,4872,303508,1.61
Vermont,02/29/2020,863,02/22/2020,5039,303508,1.66
Vermont,03/07/2020,446,02/29/2020,5219,303508,1.72
Vermont,03/14/2020,659,03/07/2020,4896,303508,1.61
Vermont,03/21/2020,3784,03/14/2020,4810,303508,1.58
Vermont,03/28/2020,14633,03/21/2020,13797,303508,4.55
Vermont,04/04/2020,16474,03/28/2020,21953,303508,7.23
Vermont,04/11/2020,9662,04/04/2020,31204,303379,10.29
Vermont,04/18/2020,6598,04/11/2020,64313,303379,21.2
Vermont,04/25/2020,5117,04/18/2020,76457,303379,25.2
Vermont,05/02/2020,3875,04/25/2020,60535,303379,19.95
Vermont,05/09/2020,2913,05/02/2020,57040,303379,18.8
Vermont,05/16/2020,2199,05/09/2020,55103,303379,18.16
Vermont,05/23/2020,1552,05/16/2020,50285,303379,16.57
Vermont,05/30/2020,1465,05/23/2020,46316,303379,15.27
Vermont,06/06/2020,1650,05/30/2020,45207,303379,14.9
Vermont,06/13/2020,1859,06/06/2020,43338,303379,14.29
Vermont,06/20/2020,1389,06/13/2020,42681,303379,14.07
Vermont,06/27/2020,2163,06/20/2020,42420,303379,13.98
Vermont,07/04/2020,1876,06/27/2020,39089,303379,12.88
Vermont,07/11/2020,1830,07/04/2020,38335,303295,12.64
Vermont,07/18/2020,1637,07/11/2020,38405,303295,12.66
Vermont,07/25/2020,1519,07/18/2020,37797,303295,12.46
Vermont,08/01/2020,1260,07/25/2020,35847,303295,11.82
Vermont,08/08/2020,904,08/01/2020,31783,303295,10.48
Vermont,08/15/2020,723,08/08/2020,29962,303295,9.88
Vermont,08/22/2020,686,08/15/2020,28390,303295,9.36
Vermont,08/29/2020,749,08/22/2020,26970,303295,8.89
Vermont,09/05/2020,731,08/29/2020,25575,303295,8.43
Vermont,09/12/2020,612,09/05/2020,23961,303295,7.9
Vermont,09/19/2020,644,09/12/2020,22541,303295,7.43
Vermont,09/26/2020,601,09/19/2020,20616,303295,6.8
Vermont,10/03/2020,606,09/26/2020,17676,303295,5.83
Vermont,10/10/2020,543,10/03/2020,15460,302674,5.11
Vermont,10/17/2020,601,10/10/2020,13438,302674,4.44
Vermont,10/24/2020,706,10/17/2020,12535,302674,4.14
Vermont,10/31/2020,750,10/24/2020,11555,302674,3.82
Vermont,11/07/2020,805,10/31/2020,11209,302674,3.7
Vermont,11/14/2020,860,11/07/2020,10825,302674,3.58
Vermont,11/21/2020,1479,11/14/2020,11150,302674,3.68
Vermont,11/28/2020,1255,11/21/2020,10082,302674,3.33
Vermont,12/05/2020,2013,11/28/2020,11938,302674,3.94
Vermont,12/12/2020,1434,12/05/2020,11909,302674,3.93
Vermont,12/19/2020,1318,12/12/2020,11913,302674,3.94
Vermont,12/26/2020,1097,12/19/2020,10088,302674,3.33
Vermont,01/02/2021,1800,12/26/2020,12194,302674,4.03
Vermont,01/09/2021,1830,01/02/2021,12506,289774,4.32
Vermont,01/16/2021,1853,01/09/2021,13257,289774,4.57
Vermont,01/23/2021,1459,01/16/2021,12908,289774,4.45
Vermont,01/30/2021,1276,01/23/2021,13241,289774,4.57
Vermont,02/06/2021,1156,01/30/2021,13150,289774,4.54
Vermont,02/13/2021,999,02/06/2021,12834,289774,4.43
Vermont,02/20/2021,777,02/13/2021,12295,289774,4.24
Vermont,02/27/2021,1003,02/20/2021,12087,289774,4.17
Vermont,03/06/2021,990,02/27/2021,12195,289774,4.21
Vermont,03/13/2021,846,03/06/2021,11691,289774,4.03
Vermont,03/20/2021,782,03/13/2021,11074,289774,3.82
Vermont,03/27/2021,1511,03/20/2021,10548,289774,3.64
Vermont,04/03/2021,1761,03/27/2021,10041,289774,3.47
Vermont,04/10/2021,2252,04/03/2021,11407,281699,4.05
Vermont,04/17/2021,2541,04/10/2021,11594,281699,4.12
Vermont,04/24/2021,5230,04/17/2021,11522,281699,4.09
Vermont,05/01/2021,6372,04/24/2021,12595,281699,4.47
Vermont,05/08/2021,537,05/01/2021,12135,281699,4.31
Vermont,05/15/2021,358,05/08/2021,10177,281699,3.61
Vermont,05/22/2021,358,05/15/2021,8502,281699,3.02
Vermont,05/29/2021,372,05/22/2021,7617,281699,2.7
Vermont,06/05/2021,347,05/29/2021,6473,281699,2.3
Vermont,06/12/2021,388,06/05/2021,6204,281699,2.2
Vermont,06/19/2021,509,06/12/2021,5926,281699,2.1
Vermont,06/26/2021,431,06/19/2021,5967,281699,2.12
Vermont,07/03/2021,445,06/26/2021,5932,281699,2.11
Vermont,07/10/2021,373,07/03/2021,5598,275462,2.03
Vermont,07/17/2021,319,07/10/2021,5470,275462,1.99
Vermont,07/24/2021,298,07/17/2021,5186,275462,1.88
Vermont,07/31/2021,257,07/24/2021,5096,275462,1.85
Vermont,08/07/2021,312,07/31/2021,4991,275462,1.81
Vermont,08/14/2021,344,08/07/2021,4900,275462,1.78
Vermont,08/21/2021,249,08/14/2021,4547,275462,1.65
Vermont,08/28/2021,341,08/21/2021,4670,275462,1.7
Vermont,09/04/2021,394,08/28/2021,3981,275462,1.45
Vermont,09/11/2021,315,09/04/2021,3553,275462,1.29
Vermont,09/18/2021,348,09/11/2021,3357,275462,1.22
Vermont,09/25/2021,364,09/18/2021,3098,275462,1.12
Vermont,10/02/2021,333,09/25/2021,2885,275462,1.05
Vermont,10/09/2021,354,10/02/2021,2561,269424,0.95
Vermont,10/16/2021,389,10/09/2021,2193,269424,0.81
Vermont,10/23/2021,364,10/16/2021,2254,269424,0.84
Vermont,10/30/2021,426,10/23/2021,2144,269424,0.8
Vermont,11/06/2021,522,10/30/2021,2181,269424,0.81
Vermont,11/13/2021,447,11/06/2021,2270,269424,0.84
Vermont,11/20/2021,539,11/13/2021,2502,269424,0.93
Vermont,11/27/2021,709,11/20/2021,2180,269424,0.81
Vermont,12/04/2021,829,11/27/2021,3083,269424,1.14
Vermont,12/11/2021,645,12/04/2021,2812,269424,1.04
Vermont,12/18/2021,525,12/11/2021,3071,269424,1.14
Vermont,12/25/2021,804,12/18/2021,2952,269424,1.1
Vermont,01/01/2022,995,12/25/2021,3661,269424,1.36
Vermont,01/08/2022,908,01/01/2022,4291,277326,1.55
Vermont,01/15/2022,710,01/08/2022,4223,277326,1.52
Vermont,01/22/2022,511,01/15/2022,3963,277326,1.43
Vermont,01/29/2022,501,01/22/2022,4350,277326,1.57
Vermont,02/05/2022,427,01/29/2022,4131,277326,1.49
Vermont,02/12/2022,409,02/05/2022,4067,277326,1.47
Vermont,02/19/2022,369,02/12/2022,4016,277326,1.45
Vermont,02/26/2022,607,02/19/2022,3932,277326,1.42
Vermont,03/05/2022,387,02/26/2022,4126,277326,1.49
Vermont,03/12/2022,356,03/05/2022,3801,277326,1.37
Vermont,03/19/2022,329,03/12/2022,3524,277326,1.27
Vermont,03/26/2022,297,03/19/2022,3344,277326,1.21
Vermont,04/02/2022,303,03/26/2022,3194,277326,1.15
Vermont,04/09/2022,424,04/02/2022,2948,281547,1.05
Vermont,04/16/2022,387,04/09/2022,2750,281547,0.98
Vermont,04/23/2022,662,04/16/2022,2475,281547,0.88
Vermont,04/30/2022,346,04/23/2022,2729,281547,0.97
Vermont,05/07/2022,301,04/30/2022,2179,281547,0.77
Vermont,05/14/2022,264,05/07/2022,2096,281547,0.74
Vermont,05/21/2022,314,05/14/2022,1935,281547,0.69
Vermont,05/28/2022,214,05/21/2022,1946,281547,0.69
Vermont,06/04/2022,254,05/28/2022,1809,281547,0.64
Vermont,06/11/2022,248,06/04/2022,1811,281547,0.64
Vermont,06/18/2022,446,06/11/2022,1727,281547,0.61
Vermont,06/25/2022,521,06/18/2022,1863,281547,0.66
Vermont,07/02/2022,288,06/25/2022,2088,281547,0.74
Vermont,07/09/2022,263,07/02/2022,2050,284146,0.72
Vermont,07/16/2022,251,07/09/2022,2152,284146,0.76
Vermont,07/23/2022,214,07/16/2022,2086,284146,0.73
Vermont,07/30/2022,239,07/23/2022,2016,284146,0.71
Vermont,08/06/2022,230,07/30/2022,2094,284146,0.74
Vermont,08/13/2022,255,08/06/2022,2061,284146,0.73
Vermont,08/20/2022,441,08/13/2022,2028,284146,0.71
Vermont,08/27/2022,313,08/20/2022,2250,284146,0.79
Vermont,09/03/2022,206,08/27/2022,1816,284146,0.64
Vermont,09/10/2022,189,09/03/2022,1433,284146,0.5
Vermont,09/17/2022,201,09/10/2022,1380,284146,0.49
Vermont,09/24/2022,200,09/17/2022,1367,284146,0.48
Vermont,10/01/2022,184,09/24/2022,1360,284146,0.48
Vermont,10/08/2022,254,10/01/2022,1366,287221,0.48
Vermont,10/15/2022,226,10/08/2022,1396,287221,0.49
Vermont,10/22/2022,243,10/15/2022,1419,287221,0.49
Vermont,10/29/2022,303,10/22/2022,1410,287221,0.49
Vermont,11/05/2022,404,10/29/2022,1541,287221,0.54
Vermont,11/12/2022,280,11/05/2022,1648,287221,0.57
Vermont,11/19/2022,448,11/12/2022,1891,287221,0.66
Vermont,11/26/2022,497,11/19/2022,1775,287221,0.62
Vermont,12/03/2022,595,11/26/2022,2480,287221,0.86
Vermont,12/10/2022,438,12/03/2022,2392,287221,0.83
Vermont,12/17/2022,479,12/10/2022,2560,287221,0.89
Vermont,12/24/2022,775,12/17/2022,2661,287221,0.93
Vermont,12/31/2022,928,12/24/2022,3059,287221,1.07
Vermont,01/07/2023,555,12/31/2022,3804,287221,1.32
Vermont,01/14/2023,540,01/07/2023,3710,289687,1.28
Vermont,01/21/2023,394,01/14/2023,3635,289687,1.25
Vermont,01/28/2023,415,01/21/2023,3848,289687,1.33
Vermont,02/04/2023,373,01/28/2023,3891,289687,1.34
Vermont,02/11/2023,333,02/04/2023,3792,289687,1.31
Vermont,02/18/2023,322,02/11/2023,3760,289687,1.3
Vermont,02/25/2023,436,02/18/2023,3620,289687,1.25
Vermont,03/04/2023,574,02/25/2023,3916,289687,1.35
Vermont,03/11/2023,288,03/04/2023,3832,289687,1.32
Vermont,03/18/2023,352,03/11/2023,3683,289687,1.27
Vermont,03/25/2023,299,03/18/2023,3525,289687,1.22
Vermont,04/01/2023,295,03/25/2023,3380,289687,1.17
Vermont,04/08/2023,428,04/01/2023,3242,291419,1.11
Vermont,04/15/2023,359,04/08/2023,3095,291419,1.06
Vermont,04/22/2023,764,04/15/2023,2854,291419,0.98
Vermont,04/29/2023,569,04/22/2023,3074,291419,1.05
Vermont,05/06/2023,388,04/29/2023,2771,291419,0.95
Vermont,05/13/2023,234,05/06/2023,2467,291419,0.85
Vermont,05/20/2023,261,05/13/2023,2359,291419,0.81
Vermont,05/27/2023,220,05/20/2023,2294,291419,0.79
Vermont,06/03/2023,154,05/27/2023,2076,291419,0.71
Vermont,06/10/2023,238,06/03/2023,2088,291419,0.72
Vermont,06/17/2023,306,06/10/2023,1938,291419,0.67
Vermont,06/24/2023,546,06/17/2023,1973,291419,0.68
Vermont,07/01/2023,321,06/24/2023,2308,291419,0.79
Vermont,07/08/2023,251,07/01/2023,2375,293111,0.81
Vermont,07/15/2023,357,07/08/2023,2455,293111,0.84
Vermont,07/22/2023,596,07/15/2023,2667,293111,0.91
Vermont,07/29/2023,402,07/22/2023,2949,293111,1.01
Vermont,08/05/2023,430,07/29/2023,2944,293111,1
Vermont,08/12/2023,352,08/05/2023,3021,293111,1.03
Vermont,08/19/2023,457,08/12/2023,2948,293111,1.01
Vermont,08/26/2023,264,08/19/2023,2737,293111,0.93
Vermont,09/02/2023,211,08/26/2023,2509,293111,0.86
Vermont,09/09/2023,152,09/02/2023,2020,293111,0.69
Vermont,09/16/2023,184,09/09/2023,1865,293111,0.64
Vermont,09/23/2023,222,09/16/2023,1803,293111,0.62
Vermont,09/30/2023,224,09/23/2023,1828,293111,0.62
Vermont,10/07/2023,241,09/30/2023,1774,293111,0.61
Vermont,10/14/2023,203,10/07/2023,1772,295421,0.6
Vermont,10/21/2023,229,10/14/2023,1775,295421,0.6
Vermont,10/28/2023,238,10/21/2023,1778,295421,0.6
Vermont,11/04/2023,374,10/28/2023,1826,295421,0.62
Vermont,11/11/2023,281,11/04/2023,1818,295421,0.62
Vermont,11/18/2023,406,11/11/2023,2140,295421,0.72
Vermont,11/25/2023,525,11/18/2023,2026,295421,0.69
Vermont,12/02/2023,511,11/25/2023,2666,295421,0.9
Vermont,12/09/2023,453,12/02/2023,2466,295421,0.83
Vermont,12/16/2023,309,12/09/2023,2607,295421,0.88
Vermont,12/23/2023,555,12/16/2023,2804,295421,0.95
Vermont,12/30/2023,498,12/23/2023,2768,295421,0.94
Vermont,01/06/2024,466,12/30/2023,3177,295421,1.08
Vermont,01/13/2024,609,01/06/2024,3740,297202,1.26
Vermont,01/20/2024,367,01/13/2024,3790,297202,1.28
Vermont,01/27/2024,472,01/20/2024,4081,297202,1.37
Vermont,02/03/2024,397,01/27/2024,3903,297202,1.31
Vermont,02/10/2024,391,02/03/2024,3806,297202,1.28
Vermont,02/17/2024,316,02/10/2024,3667,297202,1.23
Vermont,02/24/2024,418,02/17/2024,3539,297202,1.19
Vermont,03/02/2024,602,02/24/2024,3638,297202,1.22
Vermont,03/09/2024,313,03/02/2024,3673,297202,1.24
Vermont,03/16/2024,378,03/09/2024,3434,297202,1.16
Vermont,03/23/2024,280,03/16/2024,3090,297202,1.04
Vermont,03/30/2024,242,03/23/2024,3074,297202,1.03
Vermont,04/06/2024,423,03/30/2024,2916,297202,0.98
Vermont,04/13/2024,429,04/06/2024,2882,298368,0.97
Vermont,04/20/2024,454,04/13/2024,2841,298368,0.95
Vermont,04/27/2024,488,04/20/2024,2557,298368,0.86
Vermont,05/04/2024,440,04/27/2024,2569,298368,0.86
Vermont,05/11/2024,345,05/04/2024,2304,298368,0.77
Vermont,05/18/2024,281,05/11/2024,2222,298368,0.74
Vermont,05/25/2024,301,05/18/2024,2162,298368,0.72
Vermont,06/01/2024,253,05/25/2024,2143,298368,0.72
Vermont,06/08/2024,278,06/01/2024,2097,298368,0.7
Vermont,06/15/2024,256,06/08/2024,2024,298368,0.68
Vermont,06/22/2024,949,06/15/2024,1979,298368,0.66
Vermont,06/29/2024,415,06/22/2024,2657,298368,0.89
Vermont,07/06/2024,295,06/29/2024,2380,298368,0.8
Vermont,07/13/2024,305,07/06/2024,2510,299526,0.84
Vermont,07/20/2024,238,07/13/2024,2324,299526,0.78
Vermont,07/27/2024,232,07/20/2024,2458,299526,0.82
Vermont,08/03/2024,288,07/27/2024,2356,299526,0.79
Vermont,08/10/2024,263,08/03/2024,2330,299526,0.78
Vermont,08/17/2024,188,08/10/2024,2114,299526,0.71
Vermont,08/24/2024,260,08/17/2024,2256,299526,0.75
Vermont,08/31/2024,220,08/24/2024,2157,299526,0.72
Vermont,09/07/2024,187,08/31/2024,1697,299526,0.57
Vermont,09/14/2024,200,09/07/2024,1640,299526,0.55
Vermont,09/21/2024,200,09/14/2024,1572,299526,0.52
Vermont,09/28/2024,181,09/21/2024,1565,299526,0.52
Vermont,10/05/2024,213,09/28/2024,1587,299526,0.53
Vermont,10/12/2024,217,10/05/2024,1550,300200,0.52
Vermont,10/19/2024,283,10/12/2024,1589,300200,0.53
Vermont,10/26/2024,316,10/19/2024,1650,300200,0.55
Vermont,11/02/2024,320,10/26/2024,1764,300200,0.59
Vermont,11/09/2024,374,11/02/2024,1924,300200,0.64
Vermont,11/16/2024,322,11/09/2024,1944,300200,0.65
Vermont,11/23/2024,435,11/16/2024,2159,300200,0.72
Vermont,11/30/2024,599,11/23/2024,1966,300200,0.65
Vermont,12/07/2024,613,11/30/2024,2681,300200,0.89
Vermont,12/14/2024,501,12/07/2024,2547,300200,0.85
Vermont,12/21/2024,614,12/14/2024,2768,300200,0.92
Vermont,12/28/2024,898,12/21/2024,2843,300200,0.95
Vermont,01/04/2025,561,12/28/2024,3722,300200,1.24
Vermont,01/11/2025,615,01/04/2025,3989,300545,1.33
Vermont,01/18/2025,436,01/11/2025,3710,300545,1.23
Vermont,01/25/2025,391,01/18/2025,3691,300545,1.23
Vermont,02/01/2025,348,01/25/2025,3735,300545,1.24
Vermont,02/08/2025,370,02/01/2025,3655,300545,1.22
Vermont,02/15/2025,327,02/08/2025,3758,300545,1.25
Vermont,02/22/2025,415,02/15/2025,3679,300545,1.22
Vermont,03/01/2025,671,02/22/2025,3813,300545,1.27
Vermont,03/08/2025,395,03/01/2025,3947,300545,1.31
Vermont,03/15/2025,397,03/08/2025,3800,300545,1.26
Vermont,03/22/2025,294,03/15/2025,3610,300545,1.2
Vermont,03/29/2025,313,03/22/2025,3447,300545,1.15
Vermont,04/05/2025,449,03/29/2025,3295,300545,1.1
Vermont,04/12/2025,432,04/05/2025,3182,301286,1.06
Virgin Islands,01/04/2020,10,12/28/2019,468,33306,1.41
Virgin Islands,01/11/2020,24,01/04/2020,534,34238,1.56
Virgin Islands,01/18/2020,40,01/11/2020,562,34238,1.64
Virgin Islands,01/25/2020,44,01/18/2020,552,34238,1.61
Virgin Islands,02/01/2020,35,01/25/2020,516,34238,1.51
Virgin Islands,02/08/2020,45,02/01/2020,522,34238,1.52
Virgin Islands,02/15/2020,40,02/08/2020,508,34238,1.48
Virgin Islands,02/22/2020,55,02/15/2020,508,34238,1.48
Virgin Islands,02/29/2020,37,02/22/2020,562,34238,1.64
Virgin Islands,03/07/2020,64,02/29/2020,586,34238,1.71
Virgin Islands,03/14/2020,44,03/07/2020,592,34238,1.73
Virgin Islands,03/21/2020,123,03/14/2020,584,34238,1.71
Virgin Islands,03/28/2020,250,03/21/2020,512,34238,1.5
Virgin Islands,04/04/2020,72,03/28/2020,658,34238,1.92
Virgin Islands,04/11/2020,6,04/04/2020,776,35422,2.19
Virgin Islands,04/18/2020,13,04/11/2020,1322,35422,3.73
Virgin Islands,04/25/2020,103,04/18/2020,1468,35422,4.14
Virgin Islands,05/02/2020,45,04/25/2020,1882,35422,5.31
Virgin Islands,05/09/2020,70,05/02/2020,2812,35422,7.94
Virgin Islands,05/16/2020,66,05/09/2020,3572,35422,10.08
Virgin Islands,05/23/2020,47,05/16/2020,4534,35422,12.8
Virgin Islands,05/30/2020,32,05/23/2020,4642,35422,13.1
Virgin Islands,06/06/2020,32,05/30/2020,5564,35422,15.71
Virgin Islands,06/13/2020,53,06/06/2020,5734,35422,16.19
Virgin Islands,06/20/2020,63,06/13/2020,6294,35422,17.77
Virgin Islands,06/27/2020,57,06/20/2020,6194,35422,17.49
Virgin Islands,07/04/2020,38,06/27/2020,4638,35422,13.09
Virgin Islands,07/11/2020,70,07/04/2020,5574,36677,15.2
Virgin Islands,07/18/2020,110,07/11/2020,5330,36677,14.53
Virgin Islands,07/25/2020,48,07/18/2020,4842,36677,13.2
Virgin Islands,08/01/2020,20,07/25/2020,3518,36677,9.59
Virgin Islands,08/08/2020,41,08/01/2020,5048,36677,13.76
Virgin Islands,08/15/2020,227,08/08/2020,4710,36677,12.84
Virgin Islands,08/22/2020,193,08/15/2020,4318,36677,11.77
Virgin Islands,08/29/2020,363,08/22/2020,4618,36677,12.59
Virgin Islands,09/05/2020,327,08/29/2020,3746,36677,10.21
Virgin Islands,09/12/2020,192,09/05/2020,4130,36677,11.26
Virgin Islands,09/19/2020,309,09/12/2020,4358,36677,11.88
Virgin Islands,09/26/2020,346,09/19/2020,4440,36677,12.11
Virgin Islands,10/03/2020,255,09/26/2020,3190,36677,8.7
Virgin Islands,10/10/2020,163,10/03/2020,2438,37542,6.49
Virgin Islands,10/17/2020,133,10/10/2020,2198,37542,5.85
Virgin Islands,10/24/2020,127,10/17/2020,3586,37542,9.55
Virgin Islands,10/31/2020,101,10/24/2020,2668,37542,7.11
Virgin Islands,11/07/2020,66,10/31/2020,1698,37542,4.52
Virgin Islands,11/14/2020,81,11/07/2020,2572,37542,6.85
Virgin Islands,11/21/2020,80,11/14/2020,2964,37542,7.9
Virgin Islands,11/28/2020,53,11/21/2020,1410,37542,3.76
Virgin Islands,12/05/2020,60,11/28/2020,2018,37542,5.38
Virgin Islands,12/12/2020,81,12/05/2020,3118,37542,8.31
Virgin Islands,12/19/2020,60,12/12/2020,2556,37542,6.81
Virgin Islands,12/26/2020,52,12/19/2020,1524,37542,4.06
Virgin Islands,01/02/2021,27,12/26/2020,1984,37542,5.28
Virgin Islands,01/09/2021,49,01/02/2021,1836,37088,4.95
Virgin Islands,01/16/2021,58,01/09/2021,2546,37088,6.86
Virgin Islands,01/23/2021,60,01/16/2021,1706,37088,4.6
Virgin Islands,01/30/2021,227,01/23/2021,2002,37088,5.4
Virgin Islands,02/06/2021,168,01/30/2021,2438,37088,6.57
Virgin Islands,02/13/2021,168,02/06/2021,2330,37088,6.28
Virgin Islands,02/20/2021,131,02/13/2021,1800,37088,4.85
Virgin Islands,02/27/2021,131,02/20/2021,1740,37088,4.69
Virgin Islands,03/06/2021,163,02/27/2021,1882,37088,5.07
Virgin Islands,03/13/2021,214,03/06/2021,2062,37088,5.56
Virgin Islands,03/20/2021,192,03/13/2021,1468,37088,3.96
Virgin Islands,03/27/2021,113,03/20/2021,2074,37088,5.59
Virgin Islands,04/03/2021,86,03/27/2021,928,37088,2.5
Virgin Islands,04/10/2021,130,04/03/2021,1358,36521,3.72
Virgin Islands,04/17/2021,193,04/10/2021,1166,36521,3.19
Virgin Islands,04/24/2021,195,04/17/2021,1780,36521,4.87
Virgin Islands,05/01/2021,209,04/24/2021,1316,36521,3.6
Virgin Islands,05/08/2021,197,05/01/2021,1458,36521,3.99
Virgin Islands,05/15/2021,208,05/08/2021,840,36521,2.3
Virgin Islands,05/22/2021,460,05/15/2021,1006,36521,2.75
Virgin Islands,05/29/2021,216,05/22/2021,720,36521,1.97
Virgin Islands,06/05/2021,194,05/29/2021,878,36521,2.4
Virgin Islands,06/12/2021,182,06/05/2021,708,36521,1.94
Virgin Islands,06/19/2021,125,06/12/2021,684,36521,1.87
Virgin Islands,06/26/2021,176,06/19/2021,904,36521,2.48
Virgin Islands,07/03/2021,293,06/26/2021,990,36521,2.71
Virgin Islands,07/10/2021,205,07/03/2021,1706,35747,4.77
Virgin Islands,07/17/2021,182,07/10/2021,618,35747,1.73
Virgin Islands,07/24/2021,232,07/17/2021,1052,35747,2.94
Virgin Islands,07/31/2021,175,07/24/2021,844,35747,2.36
Virgin Islands,08/07/2021,161,07/31/2021,1068,35747,2.99
Virgin Islands,08/14/2021,134,08/07/2021,978,35747,2.74
Virgin Islands,08/21/2021,152,08/14/2021,960,35747,2.69
Virgin Islands,08/28/2021,142,08/21/2021,934,35747,2.61
Virgin Islands,09/04/2021,134,08/28/2021,946,35747,2.65
Virgin Islands,09/11/2021,116,09/04/2021,792,35747,2.22
Virgin Islands,09/18/2021,116,09/11/2021,1096,35747,3.07
Virgin Islands,09/25/2021,124,09/18/2021,758,35747,2.12
Virgin Islands,10/02/2021,141,09/25/2021,1016,35747,2.84
Virgin Islands,10/09/2021,145,10/02/2021,736,34730,2.12
Virgin Islands,10/16/2021,109,10/09/2021,830,34730,2.39
Virgin Islands,10/23/2021,93,10/16/2021,866,34730,2.49
Virgin Islands,10/30/2021,94,10/23/2021,866,34730,2.49
Virgin Islands,11/06/2021,86,10/30/2021,756,34730,2.18
Virgin Islands,11/13/2021,59,11/06/2021,1040,34730,2.99
Virgin Islands,11/20/2021,54,11/13/2021,1148,34730,3.31
Virgin Islands,11/27/2021,50,11/20/2021,522,34730,1.5
Virgin Islands,12/04/2021,49,11/27/2021,954,34730,2.75
Virgin Islands,12/11/2021,45,12/04/2021,1020,34730,2.94
Virgin Islands,12/18/2021,55,12/11/2021,864,34730,2.49
Virgin Islands,12/25/2021,41,12/18/2021,898,34730,2.59
Virgin Islands,01/01/2022,40,12/25/2021,568,34730,1.64
Virgin Islands,01/08/2022,54,01/01/2022,534,34981,1.53
Virgin Islands,01/15/2022,45,01/08/2022,614,34981,1.76
Virgin Islands,01/22/2022,44,01/15/2022,1036,34981,2.96
Virgin Islands,01/29/2022,61,01/22/2022,872,34981,2.49
Virgin Islands,02/05/2022,75,01/29/2022,714,34981,2.04
Virgin Islands,02/12/2022,63,02/05/2022,838,34981,2.4
Virgin Islands,02/19/2022,53,02/12/2022,538,34981,1.54
Virgin Islands,02/26/2022,30,02/19/2022,484,34981,1.38
Virgin Islands,03/05/2022,46,02/26/2022,570,34981,1.63
Virgin Islands,03/12/2022,56,03/05/2022,488,34981,1.4
Virgin Islands,03/19/2022,36,03/12/2022,406,34981,1.16
Virgin Islands,03/26/2022,23,03/19/2022,598,34981,1.71
Virgin Islands,04/02/2022,30,03/26/2022,526,34981,1.5
Virgin Islands,04/09/2022,32,04/02/2022,520,34965,1.49
Virgin Islands,04/16/2022,25,04/09/2022,312,34965,0.89
Virgin Islands,04/23/2022,29,04/16/2022,358,34965,1.02
Virgin Islands,04/30/2022,27,04/23/2022,212,34965,0.61
Virgin Islands,05/07/2022,38,04/30/2022,402,34965,1.15
Virgin Islands,05/14/2022,37,05/07/2022,426,34965,1.22
Virgin Islands,05/21/2022,37,05/14/2022,426,34965,1.22
Virgin Islands,05/28/2022,34,05/21/2022,432,34965,1.24
Virgin Islands,06/04/2022,71,05/28/2022,258,34965,0.74
Virgin Islands,06/11/2022,63,06/04/2022,282,34965,0.81
Virgin Islands,06/18/2022,45,06/11/2022,262,34965,0.75
Virgin Islands,06/25/2022,34,06/18/2022,236,34965,0.67
Virgin Islands,07/02/2022,43,06/25/2022,328,34965,0.94
Virgin Islands,07/09/2022,45,07/02/2022,248,34936,0.71
Virgin Islands,07/16/2022,39,07/09/2022,444,34936,1.27
Virgin Islands,07/23/2022,60,07/16/2022,292,34936,0.84
Virgin Islands,07/30/2022,39,07/23/2022,364,34936,1.04
Virgin Islands,08/06/2022,33,07/30/2022,320,34936,0.92
Virgin Islands,08/13/2022,32,08/06/2022,352,34936,1.01
Virgin Islands,08/20/2022,59,08/13/2022,378,34936,1.08
Virgin Islands,08/27/2022,41,08/20/2022,308,34936,0.88
Virgin Islands,09/03/2022,61,08/27/2022,340,34936,0.97
Virgin Islands,09/10/2022,70,09/03/2022,262,34936,0.75
Virgin Islands,09/17/2022,58,09/10/2022,282,34936,0.81
Virgin Islands,09/24/2022,55,09/17/2022,284,34936,0.81
Virgin Islands,10/01/2022,49,09/24/2022,270,34936,0.77
Virgin Islands,10/08/2022,36,10/01/2022,336,34928,0.96
Virgin Islands,10/15/2022,27,10/08/2022,274,34928,0.78
Virgin Islands,10/22/2022,23,10/15/2022,320,34928,0.92
Virgin Islands,10/29/2022,30,10/22/2022,222,34928,0.64
Virgin Islands,11/05/2022,25,10/29/2022,192,34928,0.55
Virgin Islands,11/12/2022,19,11/05/2022,226,34928,0.65
Virgin Islands,11/19/2022,23,11/12/2022,292,34928,0.84
Virgin Islands,11/26/2022,14,11/19/2022,150,34928,0.43
Virgin Islands,12/03/2022,28,11/26/2022,244,34928,0.7
Virgin Islands,12/10/2022,21,12/03/2022,176,34928,0.5
Virgin Islands,12/17/2022,19,12/10/2022,214,34928,0.61
Virgin Islands,12/24/2022,14,12/17/2022,188,34928,0.54
Virgin Islands,12/31/2022,19,12/24/2022,152,34928,0.44
Virgin Islands,01/07/2023,4,12/31/2022,58,34928,0.17
Virgin Islands,01/14/2023,26,01/07/2023,210,34534,0.61
Virgin Islands,01/21/2023,31,01/14/2023,162,34534,0.47
Virgin Islands,01/28/2023,26,01/21/2023,196,34534,0.57
Virgin Islands,02/04/2023,25,01/28/2023,222,34534,0.64
Virgin Islands,02/11/2023,32,02/04/2023,204,34534,0.59
Virgin Islands,02/18/2023,32,02/11/2023,182,34534,0.53
Virgin Islands,02/25/2023,21,02/18/2023,190,34534,0.55
Virgin Islands,03/04/2023,31,02/25/2023,190,34534,0.55
Virgin Islands,03/11/2023,31,03/04/2023,206,34534,0.6
Virgin Islands,03/18/2023,27,03/11/2023,188,34534,0.54
Virgin Islands,03/25/2023,31,03/18/2023,206,34534,0.6
Virgin Islands,04/01/2023,31,03/25/2023,162,34534,0.47
Virgin Islands,04/08/2023,19,04/01/2023,204,34445,0.59
Virgin Islands,04/15/2023,24,04/08/2023,150,34445,0.44
Virgin Islands,04/22/2023,36,04/15/2023,228,34445,0.66
Virgin Islands,04/29/2023,18,04/22/2023,146,34445,0.42
Virgin Islands,05/06/2023,32,04/29/2023,170,34445,0.49
Virgin Islands,05/13/2023,35,05/06/2023,198,34445,0.57
Virgin Islands,05/20/2023,44,05/13/2023,200,34445,0.58
Virgin Islands,05/27/2023,33,05/20/2023,220,34445,0.64
Virgin Islands,06/03/2023,31,05/27/2023,214,34445,0.62
Virgin Islands,06/10/2023,32,06/03/2023,200,34445,0.58
Virgin Islands,06/17/2023,32,06/10/2023,214,34445,0.62
Virgin Islands,06/24/2023,35,06/17/2023,222,34445,0.64
Virgin Islands,07/01/2023,39,06/24/2023,258,34445,0.75
Virgin Islands,07/08/2023,23,07/01/2023,240,34476,0.7
Virgin Islands,07/15/2023,34,07/08/2023,218,34476,0.63
Virgin Islands,07/22/2023,57,07/15/2023,224,34476,0.65
Virgin Islands,07/29/2023,21,07/22/2023,266,34476,0.77
Virgin Islands,08/05/2023,22,07/29/2023,246,34476,0.71
Virgin Islands,08/12/2023,37,08/05/2023,244,34476,0.71
Virgin Islands,08/19/2023,44,08/12/2023,274,34476,0.79
Virgin Islands,08/26/2023,45,08/19/2023,270,34476,0.78
Virgin Islands,09/02/2023,65,08/26/2023,244,34476,0.71
Virgin Islands,09/09/2023,82,09/02/2023,302,34476,0.88
Virgin Islands,09/16/2023,77,09/09/2023,240,34476,0.7
Virgin Islands,09/23/2023,68,09/16/2023,360,34476,1.04
Virgin Islands,09/30/2023,50,09/23/2023,278,34476,0.81
Virgin Islands,10/07/2023,32,09/30/2023,368,34476,1.07
Virgin Islands,10/14/2023,20,10/07/2023,282,34776,0.81
Virgin Islands,10/21/2023,41,10/14/2023,292,34776,0.84
Virgin Islands,10/28/2023,30,10/21/2023,274,34776,0.79
Virgin Islands,11/04/2023,24,10/28/2023,262,34776,0.75
Virgin Islands,11/11/2023,15,11/04/2023,262,34776,0.75
Virgin Islands,11/18/2023,23,11/11/2023,262,34776,0.75
Virgin Islands,11/25/2023,18,11/18/2023,202,34776,0.58
Virgin Islands,12/02/2023,282,11/25/2023,286,34776,0.82
Virgin Islands,12/09/2023,21,12/02/2023,192,34776,0.55
Virgin Islands,12/16/2023,30,12/09/2023,240,34776,0.69
Virgin Islands,12/23/2023,23,12/16/2023,204,34776,0.59
Virgin Islands,12/30/2023,10,12/23/2023,176,34776,0.51
Virgin Islands,01/06/2024,7,12/30/2023,154,34776,0.44
Virgin Islands,01/13/2024,37,01/06/2024,196,35380,0.55
Virgin Islands,01/20/2024,27,01/13/2024,194,35380,0.55
Virgin Islands,01/27/2024,35,01/20/2024,222,35380,0.63
Virgin Islands,02/03/2024,26,01/27/2024,252,35380,0.71
Virgin Islands,02/10/2024,21,02/03/2024,184,35380,0.52
Virgin Islands,02/17/2024,32,02/10/2024,196,35380,0.55
Virgin Islands,02/24/2024,11,02/17/2024,70,35380,0.2
Virgin Islands,03/02/2024,40,02/24/2024,306,35380,0.86
Virgin Islands,03/09/2024,45,03/02/2024,206,35380,0.58
Virgin Islands,03/16/2024,35,03/09/2024,268,35380,0.76
Virgin Islands,03/23/2024,36,03/16/2024,250,35380,0.71
Virgin Islands,03/30/2024,25,03/23/2024,214,35380,0.6
Virgin Islands,04/06/2024,22,03/30/2024,256,35380,0.72
Virgin Islands,04/13/2024,23,04/06/2024,248,35646,0.7
Virgin Islands,04/20/2024,15,04/13/2024,198,35646,0.56
Virgin Islands,04/27/2024,25,04/20/2024,236,35646,0.66
Virgin Islands,05/04/2024,18,04/27/2024,162,35646,0.45
Virgin Islands,05/11/2024,19,05/04/2024,290,35646,0.81
Virgin Islands,05/18/2024,18,05/11/2024,228,35646,0.64
Virgin Islands,05/25/2024,22,05/18/2024,216,35646,0.61
Virgin Islands,06/01/2024,24,05/25/2024,210,35646,0.59
Virgin Islands,06/08/2024,53,06/01/2024,218,35646,0.61
Virgin Islands,06/15/2024,34,06/08/2024,258,35646,0.72
Virgin Islands,06/22/2024,32,06/15/2024,274,35646,0.77
Virgin Islands,06/29/2024,35,06/22/2024,208,35646,0.58
Virgin Islands,07/06/2024,18,06/29/2024,166,35646,0.47
Virgin Islands,07/13/2024,32,07/06/2024,310,35767,0.87
Virgin Islands,07/20/2024,39,07/13/2024,298,35767,0.83
Virgin Islands,07/27/2024,282,07/20/2024,324,35767,0.91
Virgin Islands,08/03/2024,33,07/27/2024,266,35767,0.74
Virgin Islands,08/10/2024,23,08/03/2024,254,35767,0.71
Virgin Islands,08/17/2024,21,08/10/2024,250,35767,0.7
Virgin Islands,08/24/2024,73,08/17/2024,292,35767,0.82
Virgin Islands,08/31/2024,78,08/24/2024,294,35767,0.82
Virgin Islands,09/07/2024,68,08/31/2024,344,35767,0.96
Virgin Islands,09/14/2024,61,09/07/2024,344,35767,0.96
Virgin Islands,09/21/2024,80,09/14/2024,400,35767,1.12
Virgin Islands,09/28/2024,56,09/21/2024,404,35767,1.13
Virgin Islands,10/05/2024,64,09/28/2024,432,35767,1.21
Virgin Islands,10/12/2024,52,10/05/2024,356,35923,0.99
Virgin Islands,10/19/2024,35,10/12/2024,312,35923,0.87
Virgin Islands,10/26/2024,60,10/19/2024,386,35923,1.07
Virgin Islands,11/02/2024,19,10/26/2024,380,35923,1.06
Virgin Islands,11/09/2024,32,11/02/2024,366,35923,1.02
Virgin Islands,11/16/2024,24,11/09/2024,346,35923,0.96
Virgin Islands,11/23/2024,46,11/16/2024,282,35923,0.79
Virgin Islands,11/30/2024,29,11/23/2024,276,35923,0.77
Virgin Islands,12/07/2024,32,11/30/2024,286,35923,0.8
Virgin Islands,12/14/2024,40,12/07/2024,294,35923,0.82
Virgin Islands,12/21/2024,20,12/14/2024,258,35923,0.72
Virgin Islands,12/28/2024,10,12/21/2024,224,35923,0.62
Virgin Islands,01/04/2025,11,12/28/2024,196,35923,0.55
Virgin Islands,01/11/2025,22,01/04/2025,242,35968,0.67
Virgin Islands,01/18/2025,43,01/11/2025,256,35968,0.71
Virgin Islands,01/25/2025,31,01/18/2025,246,35968,0.68
Virgin Islands,02/01/2025,42,01/25/2025,236,35968,0.66
Virgin Islands,02/08/2025,37,02/01/2025,218,35968,0.61
Virgin Islands,02/15/2025,39,02/08/2025,224,35968,0.62
Virgin Islands,02/22/2025,38,02/15/2025,222,35968,0.62
Virgin Islands,03/01/2025,49,02/22/2025,286,35968,0.8
Virgin Islands,03/08/2025,35,03/01/2025,270,35968,0.75
Virgin Islands,03/15/2025,24,03/08/2025,254,35968,0.71
Virgin Islands,03/22/2025,22,03/15/2025,248,35968,0.69
Virgin Islands,03/29/2025,29,03/22/2025,232,35968,0.65
Virgin Islands,04/05/2025,24,03/29/2025,276,35968,0.77
Virgin Islands,04/12/2025,21,04/05/2025,270,35930,0.75
Virginia,01/04/2020,3188,12/28/2019,22171,3722198,0.6
Virginia,01/11/2020,3643,01/04/2020,23577,3731069,0.63
Virginia,01/18/2020,2831,01/11/2020,22218,3731069,0.6
Virginia,01/25/2020,3059,01/18/2020,21661,3731069,0.58
Virginia,02/01/2020,2575,01/25/2020,22263,3731069,0.6
Virginia,02/08/2020,3097,02/01/2020,22049,3731069,0.59
Virginia,02/15/2020,2693,02/08/2020,22481,3731069,0.6
Virginia,02/22/2020,2079,02/15/2020,22493,3731069,0.6
Virginia,02/29/2020,3267,02/22/2020,22203,3731069,0.6
Virginia,03/07/2020,2527,02/29/2020,22714,3731069,0.61
Virginia,03/14/2020,2706,03/07/2020,21336,3731069,0.57
Virginia,03/21/2020,46277,03/14/2020,21628,3731069,0.58
Virginia,03/28/2020,112497,03/21/2020,41827,3731069,1.12
Virginia,04/04/2020,147369,03/28/2020,133184,3731069,3.57
Virginia,04/11/2020,104619,04/04/2020,236791,3731069,6.35
Virginia,04/18/2020,82729,04/11/2020,297993,3739821,7.97
Virginia,04/25/2020,72488,04/18/2020,341295,3739821,9.13
Virginia,05/02/2020,59631,04/25/2020,376689,3739821,10.07
Virginia,05/09/2020,52139,05/02/2020,392673,3739821,10.5
Virginia,05/16/2020,44699,05/09/2020,403557,3739821,10.79
Virginia,05/23/2020,39242,05/16/2020,402926,3739821,10.77
Virginia,05/30/2020,31379,05/23/2020,398411,3739821,10.65
Virginia,06/06/2020,29231,05/30/2020,396056,3739821,10.59
Virginia,06/13/2020,27186,06/06/2020,386893,3739821,10.35
Virginia,06/20/2020,25293,06/13/2020,375579,3739821,10.04
Virginia,06/27/2020,31955,06/20/2020,366714,3739821,9.81
Virginia,07/04/2020,31825,06/27/2020,378607,3739821,10.12
Virginia,07/11/2020,32292,07/04/2020,372070,3751738,9.92
Virginia,07/18/2020,37946,07/11/2020,357098,3751738,9.52
Virginia,07/25/2020,42966,07/18/2020,344826,3751738,9.19
Virginia,08/01/2020,23918,07/25/2020,331401,3751738,8.83
Virginia,08/08/2020,13265,08/01/2020,264410,3751738,7.05
Virginia,08/15/2020,15151,08/08/2020,265225,3751738,7.07
Virginia,08/22/2020,11436,08/15/2020,249745,3751738,6.66
Virginia,08/29/2020,10305,08/22/2020,233467,3751738,6.22
Virginia,09/05/2020,11135,08/29/2020,217485,3751738,5.8
Virginia,09/12/2020,10100,09/05/2020,201616,3751738,5.37
Virginia,09/19/2020,10582,09/12/2020,188195,3751738,5.02
Virginia,09/26/2020,9377,09/19/2020,173717,3751738,4.63
Virginia,10/03/2020,10843,09/26/2020,160764,3751738,4.29
Virginia,10/10/2020,9110,10/03/2020,142220,3762558,3.78
Virginia,10/17/2020,11365,10/10/2020,129300,3762558,3.44
Virginia,10/24/2020,12352,10/17/2020,127621,3762558,3.39
Virginia,10/31/2020,10350,10/24/2020,99711,3762558,2.65
Virginia,11/07/2020,9909,10/31/2020,91960,3762558,2.44
Virginia,11/14/2020,11088,11/07/2020,85129,3762558,2.26
Virginia,11/21/2020,12234,11/14/2020,81138,3762558,2.16
Virginia,11/28/2020,8606,11/21/2020,72305,3762558,1.92
Virginia,12/05/2020,16654,11/28/2020,73804,3762558,1.96
Virginia,12/12/2020,14509,12/05/2020,68019,3762558,1.81
Virginia,12/19/2020,14640,12/12/2020,67478,3762558,1.79
Virginia,12/26/2020,11890,12/19/2020,63443,3762558,1.69
Virginia,01/02/2021,19530,12/26/2020,63588,3762558,1.69
Virginia,01/09/2021,28227,01/02/2021,63687,3664486,1.74
Virginia,01/16/2021,21073,01/09/2021,63839,3664486,1.74
Virginia,01/23/2021,18312,01/16/2021,67298,3664486,1.84
Virginia,01/30/2021,18177,01/23/2021,67337,3664486,1.84
Virginia,02/06/2021,14203,01/30/2021,65091,3664486,1.78
Virginia,02/13/2021,14901,02/06/2021,62624,3664486,1.71
Virginia,02/20/2021,11944,02/13/2021,64575,3664486,1.76
Virginia,02/27/2021,12155,02/20/2021,63998,3664486,1.75
Virginia,03/06/2021,13736,02/27/2021,62269,3664486,1.7
Virginia,03/13/2021,15525,03/06/2021,59976,3664486,1.64
Virginia,03/20/2021,17560,03/13/2021,58233,3664486,1.59
Virginia,03/27/2021,28244,03/20/2021,57072,3664486,1.56
Virginia,04/03/2021,28526,03/27/2021,57344,3664486,1.56
Virginia,04/10/2021,5034,04/03/2021,57371,3604990,1.59
Virginia,04/17/2021,13751,04/10/2021,55273,3604990,1.53
Virginia,04/24/2021,37356,04/17/2021,54281,3604990,1.51
Virginia,05/01/2021,12231,04/24/2021,55195,3604990,1.53
Virginia,05/08/2021,11270,05/01/2021,57844,3604990,1.6
Virginia,05/15/2021,10642,05/08/2021,60413,3604990,1.68
Virginia,05/22/2021,9843,05/15/2021,54163,3604990,1.5
Virginia,05/29/2021,8090,05/22/2021,52228,3604990,1.45
Virginia,06/05/2021,7210,05/29/2021,50261,3604990,1.39
Virginia,06/12/2021,7849,06/05/2021,44793,3604990,1.24
Virginia,06/19/2021,6905,06/12/2021,42878,3604990,1.19
Virginia,06/26/2021,8196,06/19/2021,40225,3604990,1.12
Virginia,07/03/2021,6825,06/26/2021,37790,3604990,1.05
Virginia,07/10/2021,5952,07/03/2021,36337,3614272,1.01
Virginia,07/17/2021,6304,07/10/2021,35202,3614272,0.97
Virginia,07/24/2021,6178,07/17/2021,33603,3614272,0.93
Virginia,07/31/2021,6029,07/24/2021,31960,3614272,0.88
Virginia,08/07/2021,10226,07/31/2021,31739,3614272,0.88
Virginia,08/14/2021,16593,08/07/2021,35081,3614272,0.97
Virginia,08/21/2021,11923,08/14/2021,37075,3614272,1.03
Virginia,08/28/2021,7777,08/21/2021,46471,3614272,1.29
Virginia,09/04/2021,6179,08/28/2021,44435,3614272,1.23
Virginia,09/11/2021,3822,09/04/2021,40624,3614272,1.12
Virginia,09/18/2021,15962,09/11/2021,37569,3614272,1.04
Virginia,09/25/2021,8717,09/18/2021,47241,3614272,1.31
Virginia,10/02/2021,9360,09/25/2021,44019,3614272,1.22
Virginia,10/09/2021,9347,10/02/2021,46467,3557288,1.31
Virginia,10/16/2021,1967,10/09/2021,58421,3557288,1.64
Virginia,10/23/2021,2570,10/16/2021,44840,3557288,1.26
Virginia,10/30/2021,1088,10/23/2021,31564,3557288,0.89
Virginia,11/06/2021,1290,10/30/2021,24922,3557288,0.7
Virginia,11/13/2021,391,11/06/2021,13407,3557288,0.38
Virginia,11/20/2021,13094,11/13/2021,7312,3557288,0.21
Virginia,11/27/2021,6546,11/20/2021,13917,3557288,0.39
Virginia,12/04/2021,3450,11/27/2021,14598,3557288,0.41
Virginia,12/11/2021,3310,12/04/2021,38389,3557288,1.08
Virginia,12/18/2021,3387,12/11/2021,44270,3557288,1.24
Virginia,12/25/2021,1204,12/18/2021,4904,3557288,0.14
Virginia,01/01/2022,1813,12/25/2021,11262,3557288,0.32
Virginia,01/08/2022,2443,01/01/2022,8190,3623287,0.23
Virginia,01/15/2022,2849,01/08/2022,7059,3623287,0.19
Virginia,01/22/2022,1940,01/15/2022,7543,3623287,0.21
Virginia,01/29/2022,2157,01/22/2022,7439,3623287,0.21
Virginia,02/05/2022,1995,01/29/2022,7180,3623287,0.2
Virginia,02/12/2022,1973,02/05/2022,7238,3623287,0.2
Virginia,02/19/2022,1610,02/12/2022,7258,3623287,0.2
Virginia,02/26/2022,1418,02/19/2022,6811,3623287,0.19
Virginia,03/05/2022,1829,02/26/2022,6510,3623287,0.18
Virginia,03/12/2022,1854,03/05/2022,6684,3623287,0.18
Virginia,03/19/2022,1546,03/12/2022,6954,3623287,0.19
Virginia,03/26/2022,1627,03/19/2022,6684,3623287,0.18
Virginia,04/02/2022,1838,03/26/2022,6707,3623287,0.19
Virginia,04/09/2022,1933,04/02/2022,6971,3661815,0.19
Virginia,04/16/2022,1861,04/09/2022,7030,3661815,0.19
Virginia,04/23/2022,1845,04/16/2022,7252,3661815,0.2
Virginia,04/30/2022,1932,04/23/2022,7253,3661815,0.2
Virginia,05/07/2022,1370,04/30/2022,7509,3661815,0.21
Virginia,05/14/2022,1301,05/07/2022,8511,3661815,0.23
Virginia,05/21/2022,1206,05/14/2022,9564,3661815,0.26
Virginia,05/28/2022,1376,05/21/2022,9426,3661815,0.26
Virginia,06/04/2022,1131,05/28/2022,9768,3661815,0.27
Virginia,06/11/2022,1498,06/04/2022,9101,3661815,0.25
Virginia,06/18/2022,2003,06/11/2022,9653,3661815,0.26
Virginia,06/25/2022,1554,06/18/2022,10016,3661815,0.27
Virginia,07/02/2022,827,06/25/2022,9834,3661815,0.27
Virginia,07/09/2022,1710,07/02/2022,10108,3692261,0.27
Virginia,07/16/2022,2066,07/09/2022,10636,3692261,0.29
Virginia,07/23/2022,2349,07/16/2022,10914,3692261,0.3
Virginia,07/30/2022,2363,07/23/2022,11842,3692261,0.32
Virginia,08/06/2022,2579,07/30/2022,12476,3692261,0.34
Virginia,08/13/2022,2983,08/06/2022,12499,3692261,0.34
Virginia,08/20/2022,2814,08/13/2022,12543,3692261,0.34
Virginia,08/27/2022,2205,08/20/2022,13486,3692261,0.37
Virginia,09/03/2022,1895,08/27/2022,11955,3692261,0.32
Virginia,09/10/2022,1670,09/03/2022,10296,3692261,0.28
Virginia,09/17/2022,1382,09/10/2022,9494,3692261,0.26
Virginia,09/24/2022,953,09/17/2022,9563,3692261,0.26
Virginia,10/01/2022,610,09/24/2022,8754,3692261,0.24
Virginia,10/08/2022,482,10/01/2022,6172,3677290,0.17
Virginia,10/15/2022,377,10/08/2022,6159,3677290,0.17
Virginia,10/22/2022,614,10/15/2022,6152,3677290,0.17
Virginia,10/29/2022,766,10/22/2022,6375,3677290,0.17
Virginia,11/05/2022,757,10/29/2022,6951,3677290,0.19
Virginia,11/12/2022,601,11/05/2022,7158,3677290,0.19
Virginia,11/19/2022,925,11/12/2022,7490,3677290,0.2
Virginia,11/26/2022,488,11/19/2022,7347,3677290,0.2
Virginia,12/03/2022,1211,11/26/2022,7899,3677290,0.21
Virginia,12/10/2022,1346,12/03/2022,8620,3677290,0.23
Virginia,12/17/2022,1457,12/10/2022,9027,3677290,0.25
Virginia,12/24/2022,1189,12/17/2022,9286,3677290,0.25
Virginia,12/31/2022,1361,12/24/2022,9545,3677290,0.26
Virginia,01/07/2023,1958,12/31/2022,10089,3677290,0.27
Virginia,01/14/2023,2656,01/07/2023,10677,3706696,0.29
Virginia,01/21/2023,1948,01/14/2023,11371,3706696,0.31
Virginia,01/28/2023,1920,01/21/2023,11624,3706696,0.31
Virginia,02/04/2023,1829,01/28/2023,11699,3706696,0.32
Virginia,02/11/2023,1815,02/04/2023,11801,3706696,0.32
Virginia,02/18/2023,1597,02/11/2023,11675,3706696,0.31
Virginia,02/25/2023,1385,02/18/2023,11785,3706696,0.32
Virginia,03/04/2023,1886,02/25/2023,11615,3706696,0.31
Virginia,03/11/2023,1700,03/04/2023,11837,3706696,0.32
Virginia,03/18/2023,1623,03/11/2023,11781,3706696,0.32
Virginia,03/25/2023,1876,03/18/2023,11758,3706696,0.32
Virginia,04/01/2023,1563,03/25/2023,11823,3706696,0.32
Virginia,04/08/2023,1558,04/01/2023,11681,3736698,0.31
Virginia,04/15/2023,1760,04/08/2023,11672,3736698,0.31
Virginia,04/22/2023,1838,04/15/2023,11830,3736698,0.32
Virginia,04/29/2023,2734,04/22/2023,12390,3736698,0.33
Virginia,05/06/2023,3336,04/29/2023,12769,3736698,0.34
Virginia,05/13/2023,2621,05/06/2023,12724,3736698,0.34
Virginia,05/20/2023,2470,05/13/2023,12736,3736698,0.34
Virginia,05/27/2023,2401,05/20/2023,12821,3736698,0.34
Virginia,06/03/2023,2317,05/27/2023,12685,3736698,0.34
Virginia,06/10/2023,3142,06/03/2023,12788,3736698,0.34
Virginia,06/17/2023,2486,06/10/2023,13107,3736698,0.35
Virginia,06/24/2023,2038,06/17/2023,13381,3736698,0.36
Virginia,07/01/2023,2487,06/24/2023,13313,3736698,0.36
Virginia,07/08/2023,2816,07/01/2023,13296,3677290,0.36
Virginia,07/15/2023,2424,07/08/2023,13696,3677290,0.37
Virginia,07/22/2023,2293,07/15/2023,13714,3677290,0.37
Virginia,07/29/2023,2269,07/22/2023,13727,3677290,0.37
Virginia,08/05/2023,2520,07/29/2023,13678,3677290,0.37
Virginia,08/12/2023,3460,08/05/2023,13710,3677290,0.37
Virginia,08/19/2023,2311,08/12/2023,13715,3677290,0.37
Virginia,08/26/2023,2777,08/19/2023,13258,3677290,0.36
Virginia,09/02/2023,2568,08/26/2023,13092,3677290,0.36
Virginia,09/09/2023,2118,09/02/2023,13027,3677290,0.35
Virginia,09/16/2023,1487,09/09/2023,13286,3677290,0.36
Virginia,09/23/2023,1417,09/16/2023,12830,3677290,0.35
Virginia,09/30/2023,1748,09/23/2023,12595,3677290,0.34
Virginia,10/07/2023,1378,09/30/2023,12360,3677290,0.34
Virginia,10/14/2023,1655,10/07/2023,12355,3706696,0.33
Virginia,10/21/2023,1481,10/14/2023,12204,3706696,0.33
Virginia,10/28/2023,1800,10/21/2023,12337,3706696,0.33
Virginia,11/04/2023,1730,10/28/2023,12341,3706696,0.33
Virginia,11/11/2023,1711,11/04/2023,12283,3706696,0.33
Virginia,11/18/2023,1770,11/11/2023,12083,3706696,0.33
Virginia,11/25/2023,1104,11/18/2023,11522,3706696,0.31
Virginia,12/02/2023,1945,11/25/2023,11984,3706696,0.32
Virginia,12/09/2023,1669,12/02/2023,12007,3706696,0.32
Virginia,12/16/2023,1717,12/09/2023,12258,3706696,0.33
Virginia,12/23/2023,2019,12/16/2023,12341,3706696,0.33
Virginia,12/30/2023,2070,12/23/2023,12357,3706696,0.33
Virginia,01/06/2024,2782,12/30/2023,12827,3706696,0.35
Virginia,01/13/2024,2883,01/06/2024,13415,3736698,0.36
Virginia,01/20/2024,2576,01/13/2024,13999,3736698,0.37
Virginia,01/27/2024,2541,01/20/2024,14586,3736698,0.39
Virginia,02/03/2024,2536,01/27/2024,14987,3736698,0.4
Virginia,02/10/2024,2571,02/03/2024,15511,3736698,0.42
Virginia,02/17/2024,2272,02/10/2024,15817,3736698,0.42
Virginia,02/24/2024,1996,02/17/2024,15736,3736698,0.42
Virginia,03/02/2024,2174,02/24/2024,15827,3736698,0.42
Virginia,03/09/2024,2229,03/02/2024,15629,3736698,0.42
Virginia,03/16/2024,1904,03/09/2024,15612,3736698,0.42
Virginia,03/23/2024,2098,03/16/2024,15497,3736698,0.41
Virginia,03/30/2024,2081,03/23/2024,15302,3736698,0.41
Virginia,04/06/2024,2288,03/30/2024,15351,3736698,0.41
Virginia,04/13/2024,2238,04/06/2024,15263,3762973,0.41
Virginia,04/20/2024,2331,04/13/2024,15254,3762973,0.41
Virginia,04/27/2024,2266,04/20/2024,15518,3762973,0.41
Virginia,05/04/2024,2497,04/27/2024,15546,3762973,0.41
Virginia,05/11/2024,2386,05/04/2024,15847,3762973,0.42
Virginia,05/18/2024,2224,05/11/2024,15851,3762973,0.42
Virginia,05/25/2024,2066,05/18/2024,15907,3762973,0.42
Virginia,06/01/2024,1998,05/25/2024,15923,3762973,0.42
Virginia,06/08/2024,2531,06/01/2024,15761,3762973,0.42
Virginia,06/15/2024,2325,06/08/2024,16034,3762973,0.43
Virginia,06/22/2024,2205,06/15/2024,16046,3762973,0.43
Virginia,06/29/2024,2112,06/22/2024,16433,3762973,0.44
Virginia,07/06/2024,2136,06/29/2024,16471,3762973,0.44
Virginia,07/13/2024,2433,07/06/2024,16886,3793998,0.45
Virginia,07/20/2024,2045,07/13/2024,16721,3793998,0.44
Virginia,07/27/2024,2682,07/20/2024,16858,3793998,0.44
Virginia,08/03/2024,1937,07/27/2024,16893,3793998,0.45
Virginia,08/10/2024,2294,08/03/2024,16675,3793998,0.44
Virginia,08/17/2024,2702,08/10/2024,16290,3793998,0.43
Virginia,08/24/2024,2185,08/17/2024,16311,3793998,0.43
Virginia,08/31/2024,1826,08/24/2024,15589,3793998,0.41
Virginia,09/07/2024,2129,08/31/2024,15006,3793998,0.4
Virginia,09/14/2024,2164,09/07/2024,14749,3793998,0.39
Virginia,09/21/2024,2852,09/14/2024,14880,3793998,0.39
Virginia,09/28/2024,2371,09/21/2024,15395,3793998,0.41
Virginia,10/05/2024,3025,09/28/2024,15137,3793998,0.4
Virginia,10/12/2024,3202,10/05/2024,15480,3821851,0.41
Virginia,10/19/2024,3039,10/12/2024,15663,3821851,0.41
Virginia,10/26/2024,2215,10/19/2024,16007,3821851,0.42
Virginia,11/02/2024,2359,10/26/2024,15431,3821851,0.4
Virginia,11/09/2024,2408,11/02/2024,15404,3821851,0.4
Virginia,11/16/2024,2265,11/09/2024,15438,3821851,0.4
Virginia,11/23/2024,2244,11/16/2024,15554,3821851,0.41
Virginia,11/30/2024,1284,11/23/2024,15070,3821851,0.39
Virginia,12/07/2024,2764,11/30/2024,15318,3821851,0.4
Virginia,12/14/2024,2417,12/07/2024,15657,3821851,0.41
Virginia,12/21/2024,2230,12/14/2024,16104,3821851,0.42
Virginia,12/28/2024,1468,12/21/2024,15712,3821851,0.41
Virginia,01/04/2025,2314,12/28/2024,15983,3821851,0.42
Virginia,01/11/2025,3407,01/04/2025,16539,3841982,0.43
Virginia,01/18/2025,2858,01/11/2025,17161,3841982,0.45
Virginia,01/25/2025,2522,01/18/2025,17203,3841982,0.45
Virginia,02/01/2025,2606,01/25/2025,17201,3841982,0.45
Virginia,02/08/2025,3202,02/01/2025,17288,3841982,0.45
Virginia,02/15/2025,2899,02/08/2025,17579,3841982,0.46
Virginia,02/22/2025,2473,02/15/2025,18179,3841982,0.47
Virginia,03/01/2025,2881,02/22/2025,17671,3841982,0.46
Virginia,03/08/2025,4036,03/01/2025,17681,3841982,0.46
Virginia,03/15/2025,3141,03/08/2025,18349,3841982,0.48
Virginia,03/22/2025,2683,03/15/2025,18013,3841982,0.47
Virginia,03/29/2025,2575,03/22/2025,17625,3841982,0.46
Virginia,04/05/2025,3714,03/29/2025,17598,3841982,0.46
Virginia,04/12/2025,3270,04/05/2025,18459,3907228,0.47
Washington,01/04/2020,10024,12/28/2019,70363,3317884,2.12
Washington,01/11/2020,9069,01/04/2020,70214,3333838,2.11
Washington,01/18/2020,9079,01/11/2020,65903,3333838,1.98
Washington,01/25/2020,8072,01/18/2020,67705,3333838,2.03
Washington,02/01/2020,6619,01/25/2020,65260,3333838,1.96
Washington,02/08/2020,7161,02/01/2020,64144,3333838,1.92
Washington,02/15/2020,6311,02/08/2020,61819,3333838,1.85
Washington,02/22/2020,5585,02/15/2020,59819,3333838,1.79
Washington,02/29/2020,5770,02/22/2020,58586,3333838,1.76
Washington,03/07/2020,6616,02/29/2020,56513,3333838,1.7
Washington,03/14/2020,14240,03/07/2020,55588,3333838,1.67
Washington,03/21/2020,129909,03/14/2020,62623,3333838,1.88
Washington,03/28/2020,182849,03/21/2020,158025,3333838,4.74
Washington,04/04/2020,171252,03/28/2020,309411,3333838,9.28
Washington,04/11/2020,144455,04/04/2020,442936,3351028,13.22
Washington,04/18/2020,83475,04/11/2020,535185,3351028,15.97
Washington,04/25/2020,139505,04/18/2020,573374,3351028,17.11
Washington,05/02/2020,102216,04/25/2020,604048,3351028,18.03
Washington,05/09/2020,110831,05/02/2020,739795,3351028,22.08
Washington,05/16/2020,140119,05/09/2020,1045456,3351028,31.2
Washington,05/23/2020,49436,05/16/2020,593287,3351028,17.7
Washington,05/30/2020,31929,05/23/2020,479768,3351028,14.32
Washington,06/06/2020,30677,05/30/2020,438156,3351028,13.08
Washington,06/13/2020,30217,06/06/2020,410204,3351028,12.24
Washington,06/20/2020,30793,06/13/2020,418459,3351028,12.49
Washington,06/27/2020,33266,06/20/2020,416604,3351028,12.43
Washington,07/04/2020,29506,06/27/2020,380975,3351028,11.37
Washington,07/11/2020,45622,07/04/2020,387558,3383128,11.46
Washington,07/18/2020,33361,07/11/2020,375988,3383128,11.11
Washington,07/25/2020,30653,07/18/2020,356149,3383128,10.53
Washington,08/01/2020,26486,07/25/2020,347205,3383128,10.26
Washington,08/08/2020,22991,08/01/2020,308568,3383128,9.12
Washington,08/15/2020,24005,08/08/2020,299672,3383128,8.86
Washington,08/22/2020,21404,08/15/2020,284224,3383128,8.4
Washington,08/29/2020,22286,08/22/2020,277631,3383128,8.21
Washington,09/05/2020,24459,08/29/2020,271917,3383128,8.04
Washington,09/12/2020,21168,09/05/2020,263245,3383128,7.78
Washington,09/19/2020,23105,09/12/2020,254002,3383128,7.51
Washington,09/26/2020,21002,09/19/2020,236928,3383128,7
Washington,10/03/2020,18528,09/26/2020,208017,3383128,6.15
Washington,10/10/2020,25631,10/03/2020,190215,3403434,5.59
Washington,10/17/2020,19980,10/10/2020,177627,3403434,5.22
Washington,10/24/2020,18025,10/17/2020,165664,3403434,4.87
Washington,10/31/2020,18863,10/24/2020,160730,3403434,4.72
Washington,11/07/2020,26546,10/31/2020,152131,3403434,4.47
Washington,11/14/2020,17642,11/07/2020,150485,3403434,4.42
Washington,11/21/2020,31141,11/14/2020,158090,3403434,4.65
Washington,11/28/2020,23260,11/21/2020,160893,3403434,4.73
Washington,12/05/2020,25623,11/28/2020,175224,3403434,5.15
Washington,12/12/2020,20523,12/05/2020,170449,3403434,5.01
Washington,12/19/2020,18369,12/12/2020,166402,3403434,4.89
Washington,12/26/2020,19901,12/19/2020,173308,3403434,5.09
Washington,01/02/2021,30851,12/26/2020,190007,3403434,5.58
Washington,01/09/2021,28278,01/02/2021,182287,3321710,5.49
Washington,01/16/2021,20401,01/09/2021,168151,3321710,5.06
Washington,01/23/2021,17328,01/16/2021,162856,3321710,4.9
Washington,01/30/2021,16765,01/23/2021,162039,3321710,4.88
Washington,02/06/2021,16254,01/30/2021,158407,3321710,4.77
Washington,02/13/2021,14158,02/06/2021,148427,3321710,4.47
Washington,02/20/2021,14631,02/13/2021,141976,3321710,4.27
Washington,02/27/2021,13502,02/20/2021,139141,3321710,4.19
Washington,03/06/2021,12234,02/27/2021,130265,3321710,3.92
Washington,03/13/2021,12163,03/06/2021,123687,3321710,3.72
Washington,03/20/2021,11877,03/13/2021,115562,3321710,3.48
Washington,03/27/2021,11836,03/20/2021,102372,3321710,3.08
Washington,04/03/2021,12221,03/27/2021,94721,3321710,2.85
Washington,04/10/2021,17601,04/03/2021,90520,3259444,2.78
Washington,04/17/2021,13570,04/10/2021,83596,3259444,2.56
Washington,04/24/2021,11914,04/17/2021,77911,3259444,2.39
Washington,05/01/2021,10780,04/24/2021,76346,3259444,2.34
Washington,05/08/2021,16891,05/01/2021,73089,3259444,2.24
Washington,05/15/2021,19914,05/08/2021,93892,3259444,2.88
Washington,05/22/2021,11894,05/15/2021,78827,3259444,2.42
Washington,05/29/2021,10317,05/22/2021,66688,3259444,2.05
Washington,06/05/2021,9134,05/29/2021,62410,3259444,1.91
Washington,06/12/2021,7136,06/05/2021,62117,3259444,1.91
Washington,06/19/2021,7802,06/12/2021,66668,3259444,2.05
Washington,06/26/2021,7725,06/19/2021,73724,3259444,2.26
Washington,07/03/2021,6129,06/26/2021,78781,3259444,2.42
Washington,07/10/2021,5749,07/03/2021,75332,3192223,2.36
Washington,07/17/2021,5356,07/10/2021,71139,3192223,2.23
Washington,07/24/2021,4776,07/17/2021,68959,3192223,2.16
Washington,07/31/2021,5081,07/24/2021,68172,3192223,2.14
Washington,08/07/2021,5614,07/31/2021,67233,3192223,2.11
Washington,08/14/2021,5716,08/07/2021,62683,3192223,1.96
Washington,08/21/2021,5540,08/14/2021,59962,3192223,1.88
Washington,08/28/2021,5246,08/21/2021,57101,3192223,1.79
Washington,09/04/2021,5389,08/28/2021,56648,3192223,1.77
Washington,09/11/2021,5100,09/04/2021,52509,3192223,1.64
Washington,09/18/2021,5012,09/11/2021,77449,3192223,2.43
Washington,09/25/2021,5096,09/18/2021,69642,3192223,2.18
Washington,10/02/2021,4989,09/25/2021,62279,3192223,1.95
Washington,10/09/2021,5326,10/02/2021,56782,3138443,1.81
Washington,10/16/2021,4914,10/09/2021,52616,3138443,1.68
Washington,10/23/2021,5777,10/16/2021,49002,3138443,1.56
Washington,10/30/2021,5594,10/23/2021,48907,3138443,1.56
Washington,11/06/2021,6128,10/30/2021,49177,3138443,1.57
Washington,11/13/2021,5290,11/06/2021,45512,3138443,1.45
Washington,11/20/2021,5830,11/13/2021,48514,3138443,1.55
Washington,11/27/2021,5076,11/20/2021,40849,3138443,1.3
Washington,12/04/2021,6974,11/27/2021,53493,3138443,1.7
Washington,12/11/2021,5383,12/04/2021,49714,3138443,1.58
Washington,12/18/2021,6186,12/11/2021,50758,3138443,1.62
Washington,12/25/2021,7188,12/18/2021,48378,3138443,1.54
Washington,01/01/2022,11814,12/25/2021,54298,3138443,1.73
Washington,01/08/2022,11593,01/01/2022,67829,3192474,2.12
Washington,01/15/2022,5577,01/08/2022,62050,3192474,1.94
Washington,01/22/2022,4859,01/15/2022,57959,3192474,1.82
Washington,01/29/2022,4983,01/22/2022,55956,3192474,1.75
Washington,02/05/2022,4974,01/29/2022,53665,3192474,1.68
Washington,02/12/2022,4739,02/05/2022,51811,3192474,1.62
Washington,02/19/2022,4455,02/12/2022,48978,3192474,1.53
Washington,02/26/2022,4445,02/19/2022,48007,3192474,1.5
Washington,03/05/2022,5295,02/26/2022,48261,3192474,1.51
Washington,03/12/2022,4303,03/05/2022,45316,3192474,1.42
Washington,03/19/2022,3951,03/12/2022,43892,3192474,1.37
Washington,03/26/2022,4257,03/19/2022,42285,3192474,1.32
Washington,04/02/2022,4309,03/26/2022,40360,3192474,1.26
Washington,04/09/2022,4703,04/02/2022,38660,3234311,1.2
Washington,04/16/2022,4526,04/09/2022,39154,3234311,1.21
Washington,04/23/2022,4051,04/16/2022,37280,3234311,1.15
Washington,04/30/2022,3768,04/23/2022,35876,3234311,1.11
Washington,05/07/2022,4037,04/30/2022,35218,3234311,1.09
Washington,05/14/2022,3885,05/07/2022,34326,3234311,1.06
Washington,05/21/2022,3583,05/14/2022,34246,3234311,1.06
Washington,05/28/2022,3943,05/21/2022,33259,3234311,1.03
Washington,06/04/2022,3715,05/28/2022,32172,3234311,0.99
Washington,06/11/2022,3915,06/04/2022,32573,3234311,1.01
Washington,06/18/2022,3898,06/11/2022,32116,3234311,0.99
Washington,06/25/2022,4425,06/18/2022,31381,3234311,0.97
Washington,07/02/2022,4350,06/25/2022,32248,3234311,1
Washington,07/09/2022,4183,07/02/2022,31293,3279681,0.95
Washington,07/16/2022,3884,07/09/2022,32214,3279681,0.98
Washington,07/23/2022,3414,07/16/2022,32789,3279681,1
Washington,07/30/2022,3786,07/23/2022,32933,3279681,1
Washington,08/06/2022,4059,07/30/2022,32892,3279681,1
Washington,08/13/2022,3901,08/06/2022,33384,3279681,1.02
Washington,08/20/2022,3876,08/13/2022,33342,3279681,1.02
Washington,08/27/2022,3698,08/20/2022,33732,3279681,1.03
Washington,09/03/2022,3900,08/27/2022,33256,3279681,1.01
Washington,09/10/2022,3643,09/03/2022,31954,3279681,0.97
Washington,09/17/2022,3875,09/10/2022,32628,3279681,0.99
Washington,09/24/2022,3510,09/17/2022,32389,3279681,0.99
Washington,10/01/2022,3741,09/24/2022,31940,3279681,0.97
Washington,10/08/2022,4826,10/01/2022,32166,3330821,0.97
Washington,10/15/2022,4482,10/08/2022,33222,3330821,1
Washington,10/22/2022,4186,10/15/2022,33902,3330821,1.02
Washington,10/29/2022,4879,10/22/2022,34628,3330821,1.04
Washington,11/05/2022,5914,10/29/2022,36792,3330821,1.1
Washington,11/12/2022,5911,11/05/2022,36267,3330821,1.09
Washington,11/19/2022,6733,11/12/2022,41370,3330821,1.24
Washington,11/26/2022,5777,11/19/2022,36977,3330821,1.11
Washington,12/03/2022,8560,11/26/2022,49404,3330821,1.48
Washington,12/10/2022,6851,12/03/2022,50506,3330821,1.52
Washington,12/17/2022,6147,12/10/2022,52194,3330821,1.57
Washington,12/24/2022,8344,12/17/2022,53681,3330821,1.61
Washington,12/31/2022,8368,12/24/2022,58531,3330821,1.76
Washington,01/07/2023,7053,12/31/2022,61504,3330821,1.85
Washington,01/14/2023,5524,01/07/2023,58849,3372285,1.75
Washington,01/21/2023,5456,01/14/2023,57232,3372285,1.7
Washington,01/28/2023,5502,01/21/2023,58089,3372285,1.72
Washington,02/04/2023,5339,01/28/2023,57902,3372285,1.72
Washington,02/11/2023,5586,02/04/2023,57912,3372285,1.72
Washington,02/18/2023,5067,02/11/2023,56660,3372285,1.68
Washington,02/25/2023,4940,02/18/2023,55888,3372285,1.66
Washington,03/04/2023,5953,02/25/2023,57709,3372285,1.71
Washington,03/11/2023,5133,03/04/2023,56324,3372285,1.67
Washington,03/18/2023,4815,03/11/2023,55479,3372285,1.65
Washington,03/25/2023,5036,03/18/2023,54479,3372285,1.62
Washington,04/01/2023,4981,03/25/2023,53515,3372285,1.59
Washington,04/08/2023,6079,04/01/2023,52714,3409638,1.55
Washington,04/15/2023,5504,04/08/2023,54096,3409638,1.59
Washington,04/22/2023,4990,04/15/2023,53679,3409638,1.57
Washington,04/29/2023,4526,04/22/2023,52759,3409638,1.55
Washington,05/06/2023,5123,04/29/2023,51600,3409638,1.51
Washington,05/13/2023,4977,05/06/2023,51033,3409638,1.5
Washington,05/20/2023,4912,05/13/2023,50320,3409638,1.48
Washington,05/27/2023,4795,05/20/2023,50609,3409638,1.48
Washington,06/03/2023,4666,05/27/2023,49534,3409638,1.45
Washington,06/10/2023,4901,06/03/2023,50760,3409638,1.49
Washington,06/17/2023,5040,06/10/2023,49494,3409638,1.45
Washington,06/24/2023,5359,06/17/2023,49125,3409638,1.44
Washington,07/01/2023,5476,06/24/2023,49889,3409638,1.46
Washington,07/08/2023,5484,07/01/2023,48608,3439156,1.41
Washington,07/15/2023,5831,07/08/2023,54087,3439156,1.57
Washington,07/22/2023,4109,07/15/2023,51984,3439156,1.51
Washington,07/29/2023,4106,07/22/2023,51320,3439156,1.49
Washington,08/05/2023,5295,07/29/2023,51944,3439156,1.51
Washington,08/12/2023,4636,08/05/2023,52165,3439156,1.52
Washington,08/19/2023,4327,08/12/2023,51693,3439156,1.5
Washington,08/26/2023,4081,08/19/2023,51489,3439156,1.5
Washington,09/02/2023,4527,08/26/2023,51448,3439156,1.5
Washington,09/09/2023,4663,09/02/2023,49741,3439156,1.45
Washington,09/16/2023,4907,09/09/2023,51066,3439156,1.48
Washington,09/23/2023,4645,09/16/2023,50185,3439156,1.46
Washington,09/30/2023,4911,09/23/2023,50305,3439156,1.46
Washington,10/07/2023,5837,09/30/2023,50197,3464156,1.45
Washington,10/14/2023,5287,10/07/2023,51040,3464156,1.47
Washington,10/21/2023,5840,10/14/2023,51911,3464156,1.5
Washington,10/28/2023,5936,10/21/2023,52997,3464156,1.53
Washington,11/04/2023,6814,10/28/2023,53873,3464156,1.56
Washington,11/11/2023,6580,11/04/2023,52316,3464156,1.51
Washington,11/18/2023,6989,11/11/2023,58162,3464156,1.68
Washington,11/25/2023,5768,11/18/2023,50641,3464156,1.46
Washington,12/02/2023,8048,11/25/2023,65226,3464156,1.88
Washington,12/09/2023,6969,12/02/2023,64334,3464156,1.86
Washington,12/16/2023,6802,12/09/2023,66250,3464156,1.91
Washington,12/23/2023,7440,12/16/2023,66086,3464156,1.91
Washington,12/30/2023,7270,12/23/2023,65598,3464156,1.89
Washington,01/06/2024,8667,12/30/2023,73609,3464156,2.12
Washington,01/13/2024,6677,01/06/2024,72521,3484178,2.08
Washington,01/20/2024,7105,01/13/2024,70747,3484178,2.03
Washington,01/27/2024,7193,01/20/2024,74178,3484178,2.13
Washington,02/03/2024,5636,01/27/2024,72016,3484178,2.07
Washington,02/10/2024,5727,02/03/2024,70955,3484178,2.04
Washington,02/17/2024,5372,02/10/2024,69271,3484178,1.99
Washington,02/24/2024,5118,02/17/2024,67780,3484178,1.95
Washington,03/02/2024,5394,02/24/2024,67654,3484178,1.94
Washington,03/09/2024,5685,03/02/2024,66500,3484178,1.91
Washington,03/16/2024,5088,03/09/2024,64631,3484178,1.85
Washington,03/23/2024,5100,03/16/2024,62969,3484178,1.81
Washington,03/30/2024,5099,03/23/2024,62286,3484178,1.79
Washington,04/06/2024,5912,03/30/2024,61296,3484178,1.76
Washington,04/13/2024,5571,04/06/2024,60730,3496172,1.74
Washington,04/20/2024,5083,04/13/2024,59425,3496172,1.7
Washington,04/27/2024,4918,04/20/2024,58480,3496172,1.67
Washington,05/04/2024,5183,04/27/2024,57684,3496172,1.65
Washington,05/11/2024,5321,05/04/2024,57310,3496172,1.64
Washington,05/18/2024,5101,05/11/2024,56265,3496172,1.61
Washington,05/25/2024,5115,05/18/2024,61201,3496172,1.75
Washington,06/01/2024,4643,05/25/2024,61025,3496172,1.75
Washington,06/08/2024,5146,06/01/2024,61563,3496172,1.76
Washington,06/15/2024,4874,06/08/2024,59459,3496172,1.7
Washington,06/22/2024,5252,06/15/2024,58359,3496172,1.67
Washington,06/29/2024,5503,06/22/2024,59881,3496172,1.71
Washington,07/06/2024,5829,06/29/2024,58942,3496172,1.69
Washington,07/13/2024,5916,07/06/2024,63408,3506160,1.81
Washington,07/20/2024,3909,07/13/2024,60604,3506160,1.73
Washington,07/27/2024,4298,07/20/2024,60198,3506160,1.72
Washington,08/03/2024,4850,07/27/2024,60115,3506160,1.71
Washington,08/10/2024,4901,08/03/2024,60762,3506160,1.73
Washington,08/17/2024,4730,08/10/2024,60822,3506160,1.73
Washington,08/24/2024,4208,08/17/2024,59887,3506160,1.71
Washington,08/31/2024,4607,08/24/2024,59832,3506160,1.71
Washington,09/07/2024,4770,08/31/2024,58719,3506160,1.67
Washington,09/14/2024,4914,09/07/2024,58739,3506160,1.68
Washington,09/21/2024,5510,09/14/2024,57878,3506160,1.65
Washington,09/28/2024,6402,09/21/2024,59089,3506160,1.69
Washington,10/05/2024,8117,09/28/2024,61654,3506160,1.76
Washington,10/12/2024,8543,10/05/2024,62563,3513041,1.78
Washington,10/19/2024,7531,10/12/2024,62455,3513041,1.78
Washington,10/26/2024,6833,10/19/2024,58493,3513041,1.67
Washington,11/02/2024,6469,10/26/2024,58973,3513041,1.68
Washington,11/09/2024,7175,11/02/2024,60049,3513041,1.71
Washington,11/16/2024,6656,11/09/2024,67346,3513041,1.92
Washington,11/23/2024,7537,11/16/2024,69188,3513041,1.97
Washington,11/30/2024,6480,11/23/2024,69436,3513041,1.98
Washington,12/07/2024,8297,11/30/2024,77388,3513041,2.2
Washington,12/14/2024,5854,12/07/2024,75143,3513041,2.14
Washington,12/21/2024,7478,12/14/2024,75689,3513041,2.15
Washington,12/28/2024,8872,12/21/2024,76894,3513041,2.19
Washington,01/04/2025,10729,12/28/2024,88856,3513041,2.53
Washington,01/11/2025,6852,01/04/2025,88739,3522305,2.52
Washington,01/18/2025,5837,01/11/2025,84319,3522305,2.39
Washington,01/25/2025,6278,01/18/2025,80769,3522305,2.29
Washington,02/01/2025,6474,01/25/2025,83191,3522305,2.36
Washington,02/08/2025,7114,02/01/2025,84356,3522305,2.39
Washington,02/15/2025,7849,02/08/2025,86472,3522305,2.45
Washington,02/22/2025,5849,02/15/2025,84091,3522305,2.39
Washington,03/01/2025,5990,02/22/2025,85449,3522305,2.43
Washington,03/08/2025,6121,03/01/2025,82422,3522305,2.34
Washington,03/15/2025,5283,03/08/2025,81456,3522305,2.31
Washington,03/22/2025,5661,03/15/2025,80259,3522305,2.28
Washington,03/29/2025,5505,03/22/2025,79351,3522305,2.25
Washington,04/05/2025,6528,03/29/2025,78306,3522305,2.22
Washington,04/12/2025,6364,04/05/2025,78291,3531827,2.22
West Virginia,01/04/2020,1564,12/28/2019,15887,670192,2.37
West Virginia,01/11/2020,2638,01/04/2020,18026,670051,2.69
West Virginia,01/18/2020,1895,01/11/2020,17681,670051,2.64
West Virginia,01/25/2020,1290,01/18/2020,16745,670051,2.5
West Virginia,02/01/2020,1364,01/25/2020,16905,670051,2.52
West Virginia,02/08/2020,1206,02/01/2020,16588,670051,2.48
West Virginia,02/15/2020,1172,02/08/2020,16856,670051,2.52
West Virginia,02/22/2020,1207,02/15/2020,17355,670051,2.59
West Virginia,02/29/2020,1108,02/22/2020,16797,670051,2.51
West Virginia,03/07/2020,1033,02/29/2020,16110,670051,2.4
West Virginia,03/14/2020,865,03/07/2020,15394,670051,2.3
West Virginia,03/21/2020,3536,03/14/2020,14154,670051,2.11
West Virginia,03/28/2020,14523,03/21/2020,21145,670051,3.16
West Virginia,04/04/2020,14494,03/28/2020,36690,670051,5.48
West Virginia,04/11/2020,14944,04/04/2020,48597,667871,7.28
West Virginia,04/18/2020,46755,04/11/2020,96128,667871,14.39
West Virginia,04/25/2020,29818,04/18/2020,146566,667871,21.95
West Virginia,05/02/2020,13227,04/25/2020,110377,667871,16.53
West Virginia,05/09/2020,6045,05/02/2020,107405,667871,16.08
West Virginia,05/16/2020,5026,05/09/2020,98794,667871,14.79
West Virginia,05/23/2020,4904,05/16/2020,93086,667871,13.94
West Virginia,05/30/2020,4685,05/23/2020,84610,667871,12.67
West Virginia,06/06/2020,4413,05/30/2020,83162,667871,12.45
West Virginia,06/13/2020,4327,06/06/2020,75236,667871,11.27
West Virginia,06/20/2020,3756,06/13/2020,70276,667871,10.52
West Virginia,06/27/2020,3532,06/20/2020,69096,667871,10.35
West Virginia,07/04/2020,3330,06/27/2020,65556,667871,9.82
West Virginia,07/11/2020,4070,07/04/2020,64342,664212,9.69
West Virginia,07/18/2020,3758,07/11/2020,65680,664212,9.89
West Virginia,07/25/2020,3123,07/18/2020,64365,664212,9.69
West Virginia,08/01/2020,2506,07/25/2020,62696,664212,9.44
West Virginia,08/08/2020,1981,08/01/2020,57763,664212,8.7
West Virginia,08/15/2020,2414,08/08/2020,54525,664212,8.21
West Virginia,08/22/2020,2082,08/15/2020,52079,664212,7.84
West Virginia,08/29/2020,2026,08/22/2020,49892,664212,7.51
West Virginia,09/05/2020,2113,08/29/2020,47742,664212,7.19
West Virginia,09/12/2020,1881,09/05/2020,45891,664212,6.91
West Virginia,09/19/2020,2224,09/12/2020,45429,664212,6.84
West Virginia,09/26/2020,1903,09/19/2020,40892,664212,6.16
West Virginia,10/03/2020,1958,09/26/2020,35220,664212,5.3
West Virginia,10/10/2020,2138,10/03/2020,30712,662540,4.64
West Virginia,10/17/2020,1940,10/10/2020,26469,662540,4
West Virginia,10/24/2020,2091,10/17/2020,24485,662540,3.7
West Virginia,10/31/2020,2023,10/24/2020,23054,662540,3.48
West Virginia,11/07/2020,1804,10/31/2020,21388,662540,3.23
West Virginia,11/14/2020,1938,11/07/2020,20602,662540,3.11
West Virginia,11/21/2020,2166,11/14/2020,20017,662540,3.02
West Virginia,11/28/2020,1628,11/21/2020,18097,662540,2.73
West Virginia,12/05/2020,3059,11/28/2020,20995,662540,3.17
West Virginia,12/12/2020,3407,12/05/2020,21697,662540,3.27
West Virginia,12/19/2020,2503,12/12/2020,20076,662540,3.03
West Virginia,12/26/2020,2112,12/19/2020,18541,662540,2.8
West Virginia,01/02/2021,2428,12/26/2020,20461,662540,3.09
West Virginia,01/09/2021,3653,01/02/2021,22836,640790,3.56
West Virginia,01/16/2021,3407,01/09/2021,21833,640790,3.41
West Virginia,01/23/2021,2908,01/16/2021,21513,640790,3.36
West Virginia,01/30/2021,2920,01/23/2021,22257,640790,3.47
West Virginia,02/06/2021,2722,01/30/2021,21907,640790,3.42
West Virginia,02/13/2021,2502,02/06/2021,22854,640790,3.57
West Virginia,02/20/2021,2795,02/13/2021,21196,640790,3.31
West Virginia,02/27/2021,7793,02/20/2021,23519,640790,3.67
West Virginia,03/06/2021,7543,02/27/2021,21478,640790,3.35
West Virginia,03/13/2021,4222,03/06/2021,21294,640790,3.32
West Virginia,03/20/2021,5196,03/13/2021,18529,640790,2.89
West Virginia,03/27/2021,5644,03/20/2021,18407,640790,2.87
West Virginia,04/03/2021,5179,03/27/2021,18709,640790,2.92
West Virginia,04/10/2021,5533,04/03/2021,18746,627287,2.99
West Virginia,04/17/2021,5381,04/10/2021,17413,627287,2.78
West Virginia,04/24/2021,8065,04/17/2021,16601,627287,2.65
West Virginia,05/01/2021,5098,04/24/2021,17209,627287,2.74
West Virginia,05/08/2021,5622,05/01/2021,17424,627287,2.78
West Virginia,05/15/2021,6529,05/08/2021,18294,627287,2.92
West Virginia,05/22/2021,3966,05/15/2021,17220,627287,2.75
West Virginia,05/29/2021,2594,05/22/2021,16221,627287,2.59
West Virginia,06/05/2021,1544,05/29/2021,14100,627287,2.25
West Virginia,06/12/2021,1724,06/05/2021,14858,627287,2.37
West Virginia,06/19/2021,1394,06/12/2021,13749,627287,2.19
West Virginia,06/26/2021,1423,06/19/2021,13176,627287,2.1
West Virginia,07/03/2021,1151,06/26/2021,13868,627287,2.21
West Virginia,07/10/2021,1027,07/03/2021,12153,617794,1.97
West Virginia,07/17/2021,981,07/10/2021,12213,617794,1.98
West Virginia,07/24/2021,874,07/17/2021,11381,617794,1.84
West Virginia,07/31/2021,836,07/24/2021,10783,617794,1.75
West Virginia,08/07/2021,1408,07/31/2021,10305,617794,1.67
West Virginia,08/14/2021,986,08/07/2021,10257,617794,1.66
West Virginia,08/21/2021,938,08/14/2021,10014,617794,1.62
West Virginia,08/28/2021,1090,08/21/2021,9986,617794,1.62
West Virginia,09/04/2021,1212,08/28/2021,9785,617794,1.58
West Virginia,09/11/2021,903,09/04/2021,8371,617794,1.35
West Virginia,09/18/2021,876,09/11/2021,8227,617794,1.33
West Virginia,09/25/2021,822,09/18/2021,7586,617794,1.23
West Virginia,10/02/2021,749,09/25/2021,6939,617794,1.12
West Virginia,10/09/2021,872,10/02/2021,6453,608925,1.06
West Virginia,10/16/2021,812,10/09/2021,6305,608925,1.04
West Virginia,10/23/2021,842,10/16/2021,6378,608925,1.05
West Virginia,10/30/2021,839,10/23/2021,6253,608925,1.03
West Virginia,11/06/2021,985,10/30/2021,6468,608925,1.06
West Virginia,11/13/2021,859,11/06/2021,6748,608925,1.11
West Virginia,11/20/2021,921,11/13/2021,6617,608925,1.09
West Virginia,11/27/2021,607,11/20/2021,6279,608925,1.03
West Virginia,12/04/2021,1741,11/27/2021,8747,608925,1.44
West Virginia,12/11/2021,1758,12/04/2021,8799,608925,1.45
West Virginia,12/18/2021,1093,12/11/2021,7954,608925,1.31
West Virginia,12/25/2021,808,12/18/2021,7411,608925,1.22
West Virginia,01/01/2022,1010,12/25/2021,8114,608925,1.33
West Virginia,01/08/2022,2142,01/01/2022,9455,621272,1.52
West Virginia,01/15/2022,1841,01/08/2022,10532,621272,1.7
West Virginia,01/22/2022,1381,01/15/2022,9410,621272,1.51
West Virginia,01/29/2022,1692,01/22/2022,11634,621272,1.87
West Virginia,02/05/2022,1498,01/29/2022,12198,621272,1.96
West Virginia,02/12/2022,1105,02/05/2022,11387,621272,1.83
West Virginia,02/19/2022,868,02/12/2022,9246,621272,1.49
West Virginia,02/26/2022,725,02/19/2022,8580,621272,1.38
West Virginia,03/05/2022,708,02/26/2022,8365,621272,1.35
West Virginia,03/12/2022,641,03/05/2022,7840,621272,1.26
West Virginia,03/19/2022,568,03/12/2022,7459,621272,1.2
West Virginia,03/26/2022,558,03/19/2022,6902,621272,1.11
West Virginia,04/02/2022,581,03/26/2022,6343,621272,1.02
West Virginia,04/09/2022,800,04/02/2022,6243,628137,0.99
West Virginia,04/16/2022,662,04/09/2022,5890,628137,0.94
West Virginia,04/23/2022,655,04/16/2022,5752,628137,0.92
West Virginia,04/30/2022,603,04/23/2022,5790,628137,0.92
West Virginia,05/07/2022,677,04/30/2022,5535,628137,0.88
West Virginia,05/14/2022,612,05/07/2022,5401,628137,0.86
West Virginia,05/21/2022,792,05/14/2022,5270,628137,0.84
West Virginia,05/28/2022,914,05/21/2022,5453,628137,0.87
West Virginia,06/04/2022,712,05/28/2022,5579,628137,0.89
West Virginia,06/11/2022,831,06/04/2022,5958,628137,0.95
West Virginia,06/18/2022,627,06/11/2022,5802,628137,0.92
West Virginia,06/25/2022,815,06/18/2022,6019,628137,0.96
West Virginia,07/02/2022,634,06/25/2022,6133,628137,0.98
West Virginia,07/09/2022,788,07/02/2022,5991,632662,0.95
West Virginia,07/16/2022,775,07/09/2022,6645,632662,1.05
West Virginia,07/23/2022,656,07/16/2022,4319,632662,0.68
West Virginia,07/30/2022,655,07/23/2022,4318,632662,0.68
West Virginia,08/06/2022,802,07/30/2022,7043,632662,1.11
West Virginia,08/13/2022,917,08/06/2022,6146,632662,0.97
West Virginia,08/20/2022,971,08/13/2022,5721,632662,0.9
West Virginia,08/27/2022,744,08/20/2022,5549,632662,0.88
West Virginia,09/03/2022,658,08/27/2022,5318,632662,0.84
West Virginia,09/10/2022,537,09/03/2022,5049,632662,0.8
West Virginia,09/17/2022,566,09/10/2022,5041,632662,0.8
West Virginia,09/24/2022,519,09/17/2022,4759,632662,0.75
West Virginia,10/01/2022,604,09/24/2022,4656,632662,0.74
West Virginia,10/08/2022,684,10/01/2022,4547,638687,0.71
West Virginia,10/15/2022,671,10/08/2022,4669,638687,0.73
West Virginia,10/22/2022,777,10/15/2022,4825,638687,0.76
West Virginia,10/29/2022,668,10/22/2022,4971,638687,0.78
West Virginia,11/05/2022,804,10/29/2022,5119,638687,0.8
West Virginia,11/12/2022,651,11/05/2022,5323,638687,0.83
West Virginia,11/19/2022,1040,11/12/2022,5712,638687,0.89
West Virginia,11/26/2022,779,11/19/2022,5687,638687,0.89
West Virginia,12/03/2022,1774,11/26/2022,7815,638687,1.22
West Virginia,12/10/2022,1780,12/03/2022,8229,638687,1.29
West Virginia,12/17/2022,1143,12/10/2022,7540,638687,1.18
West Virginia,12/24/2022,974,12/17/2022,7550,638687,1.18
West Virginia,12/31/2022,1074,12/24/2022,7919,638687,1.24
West Virginia,01/07/2023,1579,12/31/2022,9641,638687,1.51
West Virginia,01/14/2023,1606,01/07/2023,10415,632733,1.65
West Virginia,01/21/2023,1000,01/14/2023,9522,632733,1.5
West Virginia,01/28/2023,803,01/21/2023,9255,632733,1.46
West Virginia,02/04/2023,1070,01/28/2023,9724,632733,1.54
West Virginia,02/11/2023,909,02/04/2023,9548,632733,1.51
West Virginia,02/18/2023,805,02/11/2023,9164,632733,1.45
West Virginia,02/25/2023,717,02/18/2023,8988,632733,1.42
West Virginia,03/04/2023,734,02/25/2023,8894,632733,1.41
West Virginia,03/11/2023,659,03/04/2023,8528,632733,1.35
West Virginia,03/18/2023,649,03/11/2023,8280,632733,1.31
West Virginia,03/25/2023,623,03/18/2023,8019,632733,1.27
West Virginia,04/01/2023,613,03/25/2023,7749,632733,1.22
West Virginia,04/08/2023,671,04/01/2023,7198,632733,1.14
West Virginia,04/15/2023,578,04/08/2023,6878,643649,1.07
West Virginia,04/22/2023,627,04/15/2023,6477,643649,1.01
West Virginia,04/29/2023,651,04/22/2023,6274,643649,0.97
West Virginia,05/06/2023,723,04/29/2023,5988,643649,0.93
West Virginia,05/13/2023,746,05/06/2023,6296,643649,0.98
West Virginia,05/20/2023,785,05/13/2023,6256,643649,0.97
West Virginia,05/27/2023,764,05/20/2023,6399,643649,0.99
West Virginia,06/03/2023,817,05/27/2023,6049,643649,0.94
West Virginia,06/10/2023,951,06/03/2023,6914,643649,1.07
West Virginia,06/17/2023,888,06/10/2023,6781,643649,1.05
West Virginia,06/24/2023,666,06/17/2023,6838,643649,1.06
West Virginia,07/01/2023,701,06/24/2023,7051,643649,1.1
West Virginia,07/08/2023,705,07/01/2023,6600,643649,1.03
West Virginia,07/15/2023,920,07/08/2023,7389,646985,1.14
West Virginia,07/22/2023,961,07/15/2023,7168,646985,1.11
West Virginia,07/29/2023,745,07/22/2023,6972,646985,1.08
West Virginia,08/05/2023,784,07/29/2023,6762,646985,1.05
West Virginia,08/12/2023,690,08/05/2023,6993,646985,1.08
West Virginia,08/19/2023,601,08/12/2023,6664,646985,1.03
West Virginia,08/26/2023,689,08/19/2023,6328,646985,0.98
West Virginia,09/02/2023,681,08/26/2023,5865,646985,0.91
West Virginia,09/09/2023,567,09/02/2023,5863,646985,0.91
West Virginia,09/16/2023,619,09/09/2023,5889,646985,0.91
West Virginia,09/23/2023,585,09/16/2023,5617,646985,0.87
West Virginia,09/30/2023,626,09/23/2023,5479,646985,0.85
West Virginia,10/07/2023,625,09/30/2023,5504,646985,0.85
West Virginia,10/14/2023,621,10/07/2023,5354,651147,0.82
West Virginia,10/21/2023,703,10/14/2023,5599,651147,0.86
West Virginia,10/28/2023,724,10/21/2023,5570,651147,0.86
West Virginia,11/04/2023,856,10/28/2023,5822,651147,0.89
West Virginia,11/11/2023,744,11/04/2023,5954,651147,0.91
West Virginia,11/18/2023,950,11/11/2023,6267,651147,0.96
West Virginia,11/25/2023,782,11/18/2023,5910,651147,0.91
West Virginia,12/02/2023,1797,11/25/2023,8496,651147,1.3
West Virginia,12/09/2023,1794,12/02/2023,8619,651147,1.32
West Virginia,12/16/2023,1343,12/09/2023,8092,651147,1.24
West Virginia,12/23/2023,937,12/16/2023,7914,651147,1.22
West Virginia,12/30/2023,901,12/23/2023,8029,651147,1.23
West Virginia,01/06/2024,1452,12/30/2023,9739,651147,1.5
West Virginia,01/13/2024,1559,01/06/2024,10746,665174,1.62
West Virginia,01/20/2024,1187,01/13/2024,9604,665174,1.44
West Virginia,01/27/2024,1534,01/20/2024,11548,665174,1.74
West Virginia,02/03/2024,1257,01/27/2024,11020,665174,1.66
West Virginia,02/10/2024,971,02/03/2024,10297,665174,1.55
West Virginia,02/17/2024,871,02/10/2024,9744,665174,1.46
West Virginia,02/24/2024,768,02/17/2024,9346,665174,1.41
West Virginia,03/02/2024,880,02/24/2024,9424,665174,1.42
West Virginia,03/09/2024,821,03/02/2024,9298,665174,1.4
West Virginia,03/16/2024,723,03/09/2024,9272,665174,1.39
West Virginia,03/23/2024,733,03/16/2024,8776,665174,1.32
West Virginia,03/30/2024,726,03/23/2024,8417,665174,1.27
West Virginia,04/06/2024,735,03/30/2024,8017,665174,1.21
West Virginia,04/13/2024,807,04/06/2024,8712,659938,1.32
West Virginia,04/20/2024,857,04/13/2024,8250,659938,1.25
West Virginia,04/27/2024,911,04/20/2024,7779,659938,1.18
West Virginia,05/04/2024,763,04/27/2024,7518,659938,1.14
West Virginia,05/11/2024,772,05/04/2024,7296,659938,1.11
West Virginia,05/18/2024,759,05/11/2024,7318,659938,1.11
West Virginia,05/25/2024,814,05/18/2024,7466,659938,1.13
West Virginia,06/01/2024,751,05/25/2024,7294,659938,1.11
West Virginia,06/08/2024,951,06/01/2024,7654,659938,1.16
West Virginia,06/15/2024,830,06/08/2024,7657,659938,1.16
West Virginia,06/22/2024,732,06/15/2024,7434,659938,1.13
West Virginia,06/29/2024,820,06/22/2024,7806,659938,1.18
West Virginia,07/06/2024,502,06/29/2024,7055,659938,1.07
West Virginia,07/13/2024,978,07/06/2024,8151,662471,1.23
West Virginia,07/20/2024,705,07/13/2024,7596,662471,1.15
West Virginia,07/27/2024,731,07/20/2024,7285,662471,1.1
West Virginia,08/03/2024,737,07/27/2024,7235,662471,1.09
West Virginia,08/10/2024,679,08/03/2024,6874,662471,1.04
West Virginia,08/17/2024,623,08/10/2024,6594,662471,1
West Virginia,08/24/2024,684,08/17/2024,6288,662471,0.95
West Virginia,08/31/2024,735,08/24/2024,6181,662471,0.93
West Virginia,09/07/2024,656,08/31/2024,5883,662471,0.89
West Virginia,09/14/2024,825,09/07/2024,6076,662471,0.92
West Virginia,09/21/2024,755,09/14/2024,5785,662471,0.87
West Virginia,09/28/2024,633,09/21/2024,5766,662471,0.87
West Virginia,10/05/2024,794,09/28/2024,5774,662471,0.87
West Virginia,10/12/2024,759,10/05/2024,5891,662359,0.89
West Virginia,10/19/2024,654,10/12/2024,5772,662359,0.87
West Virginia,10/26/2024,722,10/19/2024,5852,662359,0.88
West Virginia,11/02/2024,856,10/26/2024,5893,662359,0.89
West Virginia,11/09/2024,831,11/02/2024,6094,662359,0.92
West Virginia,11/16/2024,917,11/09/2024,6250,662359,0.94
West Virginia,11/23/2024,913,11/16/2024,6516,662359,0.98
West Virginia,11/30/2024,717,11/23/2024,6091,662359,0.92
West Virginia,12/07/2024,1797,11/30/2024,8955,662359,1.35
West Virginia,12/14/2024,1736,12/07/2024,9086,662359,1.37
West Virginia,12/21/2024,1263,12/14/2024,8513,662359,1.29
West Virginia,12/28/2024,1028,12/21/2024,8019,662359,1.21
West Virginia,01/04/2025,1053,12/28/2024,9313,662359,1.41
West Virginia,01/11/2025,1417,01/04/2025,10343,663869,1.56
West Virginia,01/18/2025,2066,01/11/2025,13128,663869,1.98
West Virginia,01/25/2025,1516,01/18/2025,11941,663869,1.8
West Virginia,02/01/2025,1394,01/25/2025,12708,663869,1.91
West Virginia,02/08/2025,953,02/01/2025,10756,663869,1.62
West Virginia,02/15/2025,924,02/08/2025,9951,663869,1.5
West Virginia,02/22/2025,805,02/15/2025,9371,663869,1.41
West Virginia,03/01/2025,970,02/22/2025,10507,663869,1.58
West Virginia,03/08/2025,833,03/01/2025,9342,663869,1.41
West Virginia,03/15/2025,665,03/08/2025,8632,663869,1.3
West Virginia,03/22/2025,653,03/15/2025,7909,663869,1.19
West Virginia,03/29/2025,638,03/22/2025,7595,663869,1.14
West Virginia,04/05/2025,622,03/29/2025,7116,663869,1.07
West Virginia,04/12/2025,688,04/05/2025,7091,662218,1.07
Wisconsin,01/04/2020,12854,12/28/2019,49605,2848173,1.74
Wisconsin,01/11/2020,8255,01/04/2020,53305,2851929,1.87
Wisconsin,01/18/2020,6388,01/11/2020,44776,2851929,1.57
Wisconsin,01/25/2020,6134,01/18/2020,44077,2851929,1.55
Wisconsin,02/01/2020,6280,01/25/2020,44425,2851929,1.56
Wisconsin,02/08/2020,6579,02/01/2020,44477,2851929,1.56
Wisconsin,02/15/2020,5808,02/08/2020,44163,2851929,1.55
Wisconsin,02/22/2020,6098,02/15/2020,43996,2851929,1.54
Wisconsin,02/29/2020,5658,02/22/2020,43574,2851929,1.53
Wisconsin,03/07/2020,5052,02/29/2020,42337,2851929,1.48
Wisconsin,03/14/2020,5190,03/07/2020,40738,2851929,1.43
Wisconsin,03/21/2020,51031,03/14/2020,43607,2851929,1.53
Wisconsin,03/28/2020,110934,03/21/2020,99574,2851929,3.49
Wisconsin,04/04/2020,104823,03/28/2020,208387,2851929,7.31
Wisconsin,04/11/2020,70000,04/04/2020,262847,2853837,9.21
Wisconsin,04/18/2020,55883,04/11/2020,299532,2853837,10.5
Wisconsin,04/25/2020,49993,04/18/2020,321063,2853837,11.25
Wisconsin,05/02/2020,37885,04/25/2020,314025,2853837,11
Wisconsin,05/09/2020,38710,05/02/2020,313248,2853837,10.98
Wisconsin,05/16/2020,31287,05/09/2020,308397,2853837,10.81
Wisconsin,05/23/2020,28967,05/16/2020,291677,2853837,10.22
Wisconsin,05/30/2020,24661,05/23/2020,269678,2853837,9.45
Wisconsin,06/06/2020,25047,05/30/2020,255805,2853837,8.96
Wisconsin,06/13/2020,25543,06/06/2020,238528,2853837,8.36
Wisconsin,06/20/2020,25428,06/13/2020,225424,2853837,7.9
Wisconsin,06/27/2020,24925,06/20/2020,222897,2853837,7.81
Wisconsin,07/04/2020,27385,06/27/2020,218553,2853837,7.66
Wisconsin,07/11/2020,29051,07/04/2020,224765,2855007,7.87
Wisconsin,07/18/2020,25129,07/11/2020,218606,2855007,7.66
Wisconsin,07/25/2020,23026,07/18/2020,211944,2855007,7.42
Wisconsin,08/01/2020,19196,07/25/2020,208649,2855007,7.31
Wisconsin,08/08/2020,14257,08/01/2020,180146,2855007,6.31
Wisconsin,08/15/2020,14834,08/08/2020,173270,2855007,6.07
Wisconsin,08/22/2020,13879,08/15/2020,161697,2855007,5.66
Wisconsin,08/29/2020,12457,08/22/2020,150900,2855007,5.29
Wisconsin,09/05/2020,12238,08/29/2020,138621,2855007,4.86
Wisconsin,09/12/2020,11709,09/05/2020,130672,2855007,4.58
Wisconsin,09/19/2020,12178,09/12/2020,128663,2855007,4.51
Wisconsin,09/26/2020,11185,09/19/2020,119104,2855007,4.17
Wisconsin,10/03/2020,11916,09/26/2020,112613,2855007,3.94
Wisconsin,10/10/2020,14971,10/03/2020,110050,2857433,3.85
Wisconsin,10/17/2020,13890,10/10/2020,102729,2857433,3.6
Wisconsin,10/24/2020,13540,10/17/2020,100438,2857433,3.51
Wisconsin,10/31/2020,14874,10/24/2020,98223,2857433,3.44
Wisconsin,11/07/2020,14334,10/31/2020,94072,2857433,3.29
Wisconsin,11/14/2020,15605,11/07/2020,92927,2857433,3.25
Wisconsin,11/21/2020,16720,11/14/2020,93095,2857433,3.26
Wisconsin,11/28/2020,16138,11/21/2020,87624,2857433,3.07
Wisconsin,12/05/2020,21700,11/28/2020,104264,2857433,3.65
Wisconsin,12/12/2020,14662,12/05/2020,94027,2857433,3.29
Wisconsin,12/19/2020,14119,12/12/2020,97337,2857433,3.41
Wisconsin,12/26/2020,14294,12/19/2020,89928,2857433,3.15
Wisconsin,01/02/2021,19188,12/26/2020,100783,2857433,3.53
Wisconsin,01/09/2021,22580,01/02/2021,117324,2776476,4.23
Wisconsin,01/16/2021,17015,01/09/2021,104131,2776476,3.75
Wisconsin,01/23/2021,15471,01/16/2021,104449,2776476,3.76
Wisconsin,01/30/2021,15639,01/23/2021,106963,2776476,3.85
Wisconsin,02/06/2021,15040,01/30/2021,104706,2776476,3.77
Wisconsin,02/13/2021,16250,02/06/2021,104222,2776476,3.75
Wisconsin,02/20/2021,16250,02/13/2021,108216,2776476,3.9
Wisconsin,02/27/2021,13310,02/20/2021,104274,2776476,3.76
Wisconsin,03/06/2021,12216,02/27/2021,100158,2776476,3.61
Wisconsin,03/13/2021,12481,03/06/2021,99532,2776476,3.58
Wisconsin,03/20/2021,11793,03/13/2021,93348,2776476,3.36
Wisconsin,03/27/2021,13029,03/20/2021,95123,2776476,3.43
Wisconsin,04/03/2021,14424,03/27/2021,92669,2776476,3.34
Wisconsin,04/10/2021,16511,04/03/2021,92947,2732654,3.4
Wisconsin,04/17/2021,18856,04/10/2021,94817,2732654,3.47
Wisconsin,04/24/2021,11352,04/17/2021,91879,2732654,3.36
Wisconsin,05/01/2021,10351,04/24/2021,84704,2732654,3.1
Wisconsin,05/08/2021,10395,05/01/2021,80153,2732654,2.93
Wisconsin,05/15/2021,9880,05/08/2021,74157,2732654,2.71
Wisconsin,05/22/2021,9501,05/15/2021,70374,2732654,2.58
Wisconsin,05/29/2021,8369,05/22/2021,65767,2732654,2.41
Wisconsin,06/05/2021,7439,05/29/2021,55109,2732654,2.02
Wisconsin,06/12/2021,8826,06/05/2021,55025,2732654,2.01
Wisconsin,06/19/2021,9322,06/12/2021,54339,2732654,1.99
Wisconsin,06/26/2021,7862,06/19/2021,53779,2732654,1.97
Wisconsin,07/03/2021,7243,06/26/2021,53124,2732654,1.94
Wisconsin,07/10/2021,7831,07/03/2021,50722,2698190,1.88
Wisconsin,07/17/2021,8843,07/10/2021,56238,2698190,2.08
Wisconsin,07/24/2021,6806,07/17/2021,52671,2698190,1.95
Wisconsin,07/31/2021,7164,07/24/2021,51693,2698190,1.92
Wisconsin,08/07/2021,7052,07/31/2021,50813,2698190,1.88
Wisconsin,08/14/2021,7318,08/07/2021,50105,2698190,1.86
Wisconsin,08/21/2021,6704,08/14/2021,48921,2698190,1.81
Wisconsin,08/28/2021,6813,08/21/2021,47990,2698190,1.78
Wisconsin,09/04/2021,6967,08/28/2021,45712,2698190,1.69
Wisconsin,09/11/2021,5960,09/04/2021,41231,2698190,1.53
Wisconsin,09/18/2021,7265,09/11/2021,35751,2698190,1.32
Wisconsin,09/25/2021,6132,09/18/2021,33403,2698190,1.24
Wisconsin,10/02/2021,5856,09/25/2021,31624,2698190,1.17
Wisconsin,10/09/2021,5829,10/02/2021,29534,2666922,1.11
Wisconsin,10/16/2021,5863,10/09/2021,28105,2666922,1.05
Wisconsin,10/23/2021,5227,10/16/2021,26524,2666922,0.99
Wisconsin,10/30/2021,5568,10/23/2021,26633,2666922,1
Wisconsin,11/06/2021,6140,10/30/2021,26979,2666922,1.01
Wisconsin,11/13/2021,7047,11/06/2021,26995,2666922,1.01
Wisconsin,11/20/2021,7468,11/13/2021,27362,2666922,1.03
Wisconsin,11/27/2021,8549,11/20/2021,26917,2666922,1.01
Wisconsin,12/04/2021,11721,11/27/2021,36190,2666922,1.36
Wisconsin,12/11/2021,8507,12/04/2021,33556,2666922,1.26
Wisconsin,12/18/2021,8717,12/11/2021,35969,2666922,1.35
Wisconsin,12/25/2021,7536,12/18/2021,34581,2666922,1.3
Wisconsin,01/01/2022,11019,12/25/2021,38815,2666922,1.46
Wisconsin,01/08/2022,14428,01/01/2022,48011,2723114,1.76
Wisconsin,01/15/2022,10237,01/08/2022,45333,2723114,1.66
Wisconsin,01/22/2022,7832,01/15/2022,44861,2723114,1.65
Wisconsin,01/29/2022,7649,01/22/2022,43650,2723114,1.6
Wisconsin,02/05/2022,6871,01/29/2022,42881,2723114,1.57
Wisconsin,02/12/2022,5837,02/05/2022,40568,2723114,1.49
Wisconsin,02/19/2022,5299,02/12/2022,38714,2723114,1.42
Wisconsin,02/26/2022,5413,02/19/2022,38700,2723114,1.42
Wisconsin,03/05/2022,5371,02/26/2022,37359,2723114,1.37
Wisconsin,03/12/2022,5052,03/05/2022,35654,2723114,1.31
Wisconsin,03/19/2022,4763,03/12/2022,33818,2723114,1.24
Wisconsin,03/26/2022,5409,03/19/2022,32004,2723114,1.18
Wisconsin,04/02/2022,5823,03/26/2022,32077,2723114,1.18
Wisconsin,04/09/2022,4664,04/02/2022,29451,2747588,1.07
Wisconsin,04/16/2022,3804,04/09/2022,25707,2747588,0.94
Wisconsin,04/23/2022,3759,04/16/2022,23036,2747588,0.84
Wisconsin,04/30/2022,3712,04/23/2022,21202,2747588,0.77
Wisconsin,05/07/2022,3228,04/30/2022,18253,2747588,0.66
Wisconsin,05/14/2022,3233,05/07/2022,16928,2747588,0.62
Wisconsin,05/21/2022,3269,05/14/2022,15819,2747588,0.58
Wisconsin,05/28/2022,3168,05/21/2022,15394,2747588,0.56
Wisconsin,06/04/2022,3273,05/28/2022,15151,2747588,0.55
Wisconsin,06/11/2022,4385,06/04/2022,16014,2747588,0.58
Wisconsin,06/18/2022,5013,06/11/2022,17121,2747588,0.62
Wisconsin,06/25/2022,4145,06/18/2022,18859,2747588,0.69
Wisconsin,07/02/2022,3976,06/25/2022,19355,2747588,0.7
Wisconsin,07/09/2022,4181,07/02/2022,19283,2766248,0.7
Wisconsin,07/16/2022,4458,07/09/2022,21657,2766248,0.78
Wisconsin,07/23/2022,3509,07/16/2022,20141,2766248,0.73
Wisconsin,07/30/2022,3451,07/23/2022,19887,2766248,0.72
Wisconsin,08/06/2022,3658,07/30/2022,20326,2766248,0.73
Wisconsin,08/13/2022,3354,08/06/2022,20235,2766248,0.73
Wisconsin,08/20/2022,3043,08/13/2022,19592,2766248,0.71
Wisconsin,08/27/2022,2917,08/20/2022,19079,2766248,0.69
Wisconsin,09/03/2022,3255,08/27/2022,17990,2766248,0.65
Wisconsin,09/10/2022,3063,09/03/2022,16084,2766248,0.58
Wisconsin,09/17/2022,2890,09/10/2022,14908,2766248,0.54
Wisconsin,09/24/2022,2643,09/17/2022,14178,2766248,0.51
Wisconsin,10/01/2022,2659,09/24/2022,13844,2766248,0.5
Wisconsin,10/08/2022,2940,10/01/2022,13779,2787844,0.49
Wisconsin,10/15/2022,3031,10/08/2022,14009,2787844,0.5
Wisconsin,10/22/2022,3164,10/15/2022,14319,2787844,0.51
Wisconsin,10/29/2022,3322,10/22/2022,14759,2787844,0.53
Wisconsin,11/05/2022,3794,10/29/2022,15105,2787844,0.54
Wisconsin,11/12/2022,4234,11/05/2022,16104,2787844,0.58
Wisconsin,11/19/2022,5355,11/12/2022,17762,2787844,0.64
Wisconsin,11/26/2022,6897,11/19/2022,19110,2787844,0.69
Wisconsin,12/03/2022,8412,11/26/2022,27139,2787844,0.97
Wisconsin,12/10/2022,6129,12/03/2022,25816,2787844,0.93
Wisconsin,12/17/2022,6230,12/10/2022,27126,2787844,0.97
Wisconsin,12/24/2022,7442,12/17/2022,29651,2787844,1.06
Wisconsin,12/31/2022,8585,12/24/2022,31788,2787844,1.14
Wisconsin,01/07/2023,10656,12/31/2022,41400,2787844,1.49
Wisconsin,01/14/2023,6601,01/07/2023,37753,2806410,1.35
Wisconsin,01/21/2023,5324,01/14/2023,36445,2806410,1.3
Wisconsin,01/28/2023,5893,01/21/2023,37335,2806410,1.33
Wisconsin,02/04/2023,5906,01/28/2023,36426,2806410,1.3
Wisconsin,02/11/2023,6223,02/04/2023,37886,2806410,1.35
Wisconsin,02/18/2023,4803,02/11/2023,35489,2806410,1.26
Wisconsin,02/25/2023,5040,02/18/2023,35067,2806410,1.25
Wisconsin,03/04/2023,5446,02/25/2023,35454,2806410,1.26
Wisconsin,03/11/2023,4745,03/04/2023,34047,2806410,1.21
Wisconsin,03/18/2023,4667,03/11/2023,32578,2806410,1.16
Wisconsin,03/25/2023,4972,03/18/2023,32270,2806410,1.15
Wisconsin,04/01/2023,4726,03/25/2023,31195,2806410,1.11
Wisconsin,04/08/2023,4949,04/01/2023,30056,2826608,1.06
Wisconsin,04/15/2023,4322,04/08/2023,27344,2826608,0.97
Wisconsin,04/22/2023,3684,04/15/2023,24123,2826608,0.85
Wisconsin,04/29/2023,3922,04/22/2023,23140,2826608,0.82
Wisconsin,05/06/2023,3428,04/29/2023,20655,2826608,0.73
Wisconsin,05/13/2023,3199,05/06/2023,19304,2826608,0.68
Wisconsin,05/20/2023,3246,05/13/2023,18546,2826608,0.66
Wisconsin,05/27/2023,3135,05/20/2023,18398,2826608,0.65
Wisconsin,06/03/2023,3300,05/27/2023,17929,2826608,0.63
Wisconsin,06/10/2023,4156,06/03/2023,18832,2826608,0.67
Wisconsin,06/17/2023,5197,06/10/2023,19742,2826608,0.7
Wisconsin,06/24/2023,4308,06/17/2023,21438,2826608,0.76
Wisconsin,07/01/2023,3804,06/24/2023,22889,2826608,0.81
Wisconsin,07/08/2023,3924,07/01/2023,21932,2845024,0.77
Wisconsin,07/15/2023,4366,07/08/2023,25230,2845024,0.89
Wisconsin,07/22/2023,3155,07/15/2023,23325,2845024,0.82
Wisconsin,07/29/2023,3244,07/22/2023,23248,2845024,0.82
Wisconsin,08/05/2023,3636,07/29/2023,23559,2845024,0.83
Wisconsin,08/12/2023,3189,08/05/2023,23426,2845024,0.82
Wisconsin,08/19/2023,2823,08/12/2023,23054,2845024,0.81
Wisconsin,08/26/2023,2878,08/19/2023,22247,2845024,0.78
Wisconsin,09/02/2023,3019,08/26/2023,21313,2845024,0.75
Wisconsin,09/09/2023,3060,09/02/2023,19649,2845024,0.69
Wisconsin,09/16/2023,2825,09/09/2023,18452,2845024,0.65
Wisconsin,09/23/2023,2762,09/16/2023,17560,2845024,0.62
Wisconsin,09/30/2023,2927,09/23/2023,17433,2845024,0.61
Wisconsin,10/07/2023,3046,09/30/2023,17336,2845024,0.61
Wisconsin,10/14/2023,3136,10/07/2023,17193,2860031,0.6
Wisconsin,10/21/2023,3349,10/14/2023,17419,2860031,0.61
Wisconsin,10/28/2023,3510,10/21/2023,17542,2860031,0.61
Wisconsin,11/04/2023,4269,10/28/2023,18620,2860031,0.65
Wisconsin,11/11/2023,4370,11/04/2023,19683,2860031,0.69
Wisconsin,11/18/2023,4486,11/11/2023,20566,2860031,0.72
Wisconsin,11/25/2023,6236,11/18/2023,20650,2860031,0.72
Wisconsin,12/02/2023,8636,11/25/2023,29145,2860031,1.02
Wisconsin,12/09/2023,5589,12/02/2023,27674,2860031,0.97
Wisconsin,12/16/2023,5605,12/09/2023,28447,2860031,0.99
Wisconsin,12/23/2023,6298,12/16/2023,30399,2860031,1.06
Wisconsin,12/30/2023,7326,12/23/2023,30249,2860031,1.06
Wisconsin,01/06/2024,11054,12/30/2023,42830,2860031,1.5
Wisconsin,01/13/2024,6549,01/06/2024,39524,2872931,1.38
Wisconsin,01/20/2024,7597,01/13/2024,38760,2872931,1.35
Wisconsin,01/27/2024,7580,01/20/2024,41858,2872931,1.46
Wisconsin,02/03/2024,5444,01/27/2024,39399,2872931,1.37
Wisconsin,02/10/2024,5242,02/03/2024,38633,2872931,1.34
Wisconsin,02/17/2024,4839,02/10/2024,37628,2872931,1.31
Wisconsin,02/24/2024,4624,02/17/2024,37587,2872931,1.31
Wisconsin,03/02/2024,4475,02/24/2024,36548,2872931,1.27
Wisconsin,03/09/2024,4453,03/02/2024,35751,2872931,1.24
Wisconsin,03/16/2024,4489,03/09/2024,33681,2872931,1.17
Wisconsin,03/23/2024,4429,03/16/2024,32250,2872931,1.12
Wisconsin,03/30/2024,5581,03/23/2024,31268,2872931,1.09
Wisconsin,04/06/2024,6427,03/30/2024,33753,2872931,1.17
Wisconsin,04/13/2024,4584,04/06/2024,30387,2881562,1.05
Wisconsin,04/20/2024,3590,04/13/2024,26095,2881562,0.91
Wisconsin,04/27/2024,3471,04/20/2024,24027,2881562,0.83
Wisconsin,05/04/2024,3428,04/27/2024,22844,2881562,0.79
Wisconsin,05/11/2024,3349,05/04/2024,21837,2881562,0.76
Wisconsin,05/18/2024,3457,05/11/2024,21047,2881562,0.73
Wisconsin,05/25/2024,3295,05/18/2024,20603,2881562,0.71
Wisconsin,06/01/2024,3349,05/25/2024,20610,2881562,0.72
Wisconsin,06/08/2024,4129,06/01/2024,21363,2881562,0.74
Wisconsin,06/15/2024,5391,06/08/2024,22038,2881562,0.76
Wisconsin,06/22/2024,4787,06/15/2024,24560,2881562,0.85
Wisconsin,06/29/2024,3912,06/22/2024,25278,2881562,0.88
Wisconsin,07/06/2024,4904,06/29/2024,24699,2881562,0.86
Wisconsin,07/13/2024,5299,07/06/2024,29206,2887744,1.01
Wisconsin,07/20/2024,3553,07/13/2024,26848,2887744,0.93
Wisconsin,07/27/2024,3436,07/20/2024,25623,2887744,0.89
Wisconsin,08/03/2024,4108,07/27/2024,25933,2887744,0.9
Wisconsin,08/10/2024,3904,08/03/2024,26563,2887744,0.92
Wisconsin,08/17/2024,3484,08/10/2024,26018,2887744,0.9
Wisconsin,08/24/2024,3152,08/17/2024,25348,2887744,0.88
Wisconsin,08/31/2024,3972,08/24/2024,24375,2887744,0.84
Wisconsin,09/07/2024,4476,08/31/2024,24235,2887744,0.84
Wisconsin,09/14/2024,3682,09/07/2024,22429,2887744,0.78
Wisconsin,09/21/2024,3150,09/14/2024,20087,2887744,0.7
Wisconsin,09/28/2024,3307,09/21/2024,19695,2887744,0.68
Wisconsin,10/05/2024,4001,09/28/2024,20693,2887744,0.72
Wisconsin,10/12/2024,3600,10/05/2024,20412,2892827,0.71
Wisconsin,10/19/2024,3822,10/12/2024,19912,2892827,0.69
Wisconsin,10/26/2024,4129,10/19/2024,20121,2892827,0.7
Wisconsin,11/02/2024,4583,10/26/2024,21315,2892827,0.74
Wisconsin,11/09/2024,4147,11/02/2024,21554,2892827,0.75
Wisconsin,11/16/2024,3865,11/09/2024,20418,2892827,0.71
Wisconsin,11/23/2024,4647,11/16/2024,21245,2892827,0.73
Wisconsin,11/30/2024,6432,11/23/2024,22988,2892827,0.79
Wisconsin,12/07/2024,8959,11/30/2024,30748,2892827,1.06
Wisconsin,12/14/2024,5871,12/07/2024,29143,2892827,1.01
Wisconsin,12/21/2024,5738,12/14/2024,30157,2892827,1.04
Wisconsin,12/28/2024,7801,12/21/2024,30212,2892827,1.04
Wisconsin,01/04/2025,9986,12/28/2024,40787,2892827,1.41
Wisconsin,01/11/2025,6156,01/04/2025,42900,2898632,1.48
Wisconsin,01/18/2025,5375,01/11/2025,36983,2898632,1.28
Wisconsin,01/25/2025,5526,01/18/2025,37018,2898632,1.28
Wisconsin,02/01/2025,6295,01/25/2025,39269,2898632,1.35
Wisconsin,02/08/2025,4746,02/01/2025,37162,2898632,1.28
Wisconsin,02/15/2025,4671,02/08/2025,35573,2898632,1.23
Wisconsin,02/22/2025,5687,02/15/2025,35947,2898632,1.24
Wisconsin,03/01/2025,5668,02/22/2025,37817,2898632,1.3
Wisconsin,03/08/2025,3902,03/01/2025,34744,2898632,1.2
Wisconsin,03/15/2025,4058,03/08/2025,33504,2898632,1.16
Wisconsin,03/22/2025,3966,03/15/2025,31887,2898632,1.1
Wisconsin,03/29/2025,4708,03/22/2025,30469,2898632,1.05
Wisconsin,04/05/2025,4844,03/29/2025,31137,2898632,1.07
Wisconsin,04/12/2025,3531,04/05/2025,27334,2904249,0.94
Wyoming,01/04/2020,662,12/28/2019,3219,267362,1.2
Wyoming,01/11/2020,829,01/04/2020,3302,268518,1.23
Wyoming,01/18/2020,636,01/11/2020,3301,268518,1.23
Wyoming,01/25/2020,531,01/18/2020,3354,268518,1.25
Wyoming,02/01/2020,529,01/25/2020,3475,268518,1.29
Wyoming,02/08/2020,589,02/01/2020,3507,268518,1.31
Wyoming,02/15/2020,598,02/08/2020,3699,268518,1.38
Wyoming,02/22/2020,389,02/15/2020,3611,268518,1.34
Wyoming,02/29/2020,471,02/22/2020,3543,268518,1.32
Wyoming,03/07/2020,534,02/29/2020,3508,268518,1.31
Wyoming,03/14/2020,517,03/07/2020,3375,268518,1.26
Wyoming,03/21/2020,3653,03/14/2020,3197,268518,1.19
Wyoming,03/28/2020,6396,03/21/2020,4519,268518,1.68
Wyoming,04/04/2020,6543,03/28/2020,7790,268518,2.9
Wyoming,04/11/2020,5794,04/04/2020,11212,270013,4.15
Wyoming,04/18/2020,4381,04/11/2020,14302,270013,5.3
Wyoming,04/25/2020,3497,04/18/2020,16566,270013,6.14
Wyoming,05/02/2020,2854,04/25/2020,17521,270013,6.49
Wyoming,05/09/2020,3297,05/02/2020,17928,270013,6.64
Wyoming,05/16/2020,2303,05/09/2020,17335,270013,6.42
Wyoming,05/23/2020,2800,05/16/2020,17631,270013,6.53
Wyoming,05/30/2020,2421,05/23/2020,15853,270013,5.87
Wyoming,06/06/2020,2013,05/30/2020,15552,270013,5.76
Wyoming,06/13/2020,1539,06/06/2020,15371,270013,5.69
Wyoming,06/20/2020,1402,06/13/2020,15070,270013,5.58
Wyoming,06/27/2020,1418,06/20/2020,14494,270013,5.37
Wyoming,07/04/2020,1338,06/27/2020,14048,270013,5.2
Wyoming,07/11/2020,1485,07/04/2020,13711,269607,5.09
Wyoming,07/18/2020,2664,07/11/2020,13497,269604,5.01
Wyoming,07/25/2020,1600,07/18/2020,13023,269604,4.83
Wyoming,08/01/2020,1130,07/25/2020,12854,269604,4.77
Wyoming,08/08/2020,1115,08/01/2020,11320,269604,4.2
Wyoming,08/15/2020,861,08/08/2020,10568,269604,3.92
Wyoming,08/22/2020,963,08/15/2020,9827,269604,3.64
Wyoming,08/29/2020,957,08/22/2020,9146,269604,3.39
Wyoming,09/05/2020,793,08/29/2020,8880,269604,3.29
Wyoming,09/12/2020,697,09/05/2020,7920,269604,2.94
Wyoming,09/19/2020,746,09/12/2020,7860,269604,2.92
Wyoming,09/26/2020,801,09/19/2020,7329,269604,2.72
Wyoming,10/03/2020,759,09/26/2020,6823,269604,2.53
Wyoming,10/10/2020,944,10/03/2020,6501,262767,2.47
Wyoming,10/17/2020,1375,10/10/2020,6011,262767,2.29
Wyoming,10/24/2020,1129,10/17/2020,5793,262767,2.2
Wyoming,10/31/2020,981,10/24/2020,5667,262767,2.16
Wyoming,11/07/2020,1182,10/31/2020,5633,262767,2.14
Wyoming,11/14/2020,940,11/07/2020,5166,262767,1.97
Wyoming,11/21/2020,1005,11/14/2020,5382,262767,2.05
Wyoming,11/28/2020,610,11/21/2020,4966,262767,1.89
Wyoming,12/05/2020,907,11/28/2020,5399,262767,2.05
Wyoming,12/12/2020,934,12/05/2020,5120,262767,1.95
Wyoming,12/19/2020,964,12/12/2020,5096,262767,1.94
Wyoming,12/26/2020,832,12/19/2020,4708,262767,1.79
Wyoming,01/02/2021,886,12/26/2020,5063,262767,1.93
Wyoming,01/09/2021,1315,01/02/2021,5468,258517,2.12
Wyoming,01/16/2021,1166,01/09/2021,5108,258517,1.98
Wyoming,01/23/2021,1021,01/16/2021,5443,258517,2.11
Wyoming,01/30/2021,979,01/23/2021,5715,258517,2.21
Wyoming,02/06/2021,897,01/30/2021,5654,258517,2.19
Wyoming,02/13/2021,999,02/06/2021,5551,258517,2.15
Wyoming,02/20/2021,968,02/13/2021,5588,258517,2.16
Wyoming,02/27/2021,981,02/20/2021,5638,258517,2.18
Wyoming,03/06/2021,859,02/27/2021,5197,258517,2.01
Wyoming,03/13/2021,807,03/06/2021,5059,258517,1.96
Wyoming,03/20/2021,804,03/13/2021,4632,258517,1.79
Wyoming,03/27/2021,852,03/20/2021,4760,258517,1.84
Wyoming,04/03/2021,874,03/27/2021,4590,258517,1.78
Wyoming,04/10/2021,1293,04/03/2021,4171,253163,1.65
Wyoming,04/17/2021,2003,04/10/2021,3951,253163,1.56
Wyoming,04/24/2021,1163,04/17/2021,4007,253163,1.58
Wyoming,05/01/2021,858,04/24/2021,3937,253163,1.56
Wyoming,05/08/2021,774,05/01/2021,3770,253163,1.49
Wyoming,05/15/2021,676,05/08/2021,3407,253163,1.35
Wyoming,05/22/2021,568,05/15/2021,3210,253163,1.27
Wyoming,05/29/2021,416,05/22/2021,2918,253163,1.15
Wyoming,06/05/2021,512,05/29/2021,2719,253163,1.07
Wyoming,06/12/2021,481,06/05/2021,2674,253163,1.06
Wyoming,06/19/2021,404,06/12/2021,2583,253163,1.02
Wyoming,06/26/2021,387,06/19/2021,2461,253163,0.97
Wyoming,07/03/2021,329,06/26/2021,2626,253163,1.04
Wyoming,07/10/2021,410,07/03/2021,2281,249668,0.91
Wyoming,07/17/2021,330,07/10/2021,2219,249668,0.89
Wyoming,07/24/2021,304,07/17/2021,2122,249668,0.85
Wyoming,07/31/2021,302,07/24/2021,2063,249668,0.83
Wyoming,08/07/2021,302,07/31/2021,1954,249668,0.78
Wyoming,08/14/2021,278,08/07/2021,1887,249668,0.76
Wyoming,08/21/2021,284,08/14/2021,1636,249668,0.66
Wyoming,08/28/2021,341,08/21/2021,1647,249668,0.66
Wyoming,09/04/2021,314,08/28/2021,1592,249668,0.64
Wyoming,09/11/2021,260,09/04/2021,1532,249668,0.61
Wyoming,09/18/2021,294,09/11/2021,1434,249668,0.57
Wyoming,09/25/2021,321,09/18/2021,1317,249668,0.53
Wyoming,10/02/2021,343,09/25/2021,1382,249668,0.55
Wyoming,10/09/2021,447,10/02/2021,1353,253204,0.53
Wyoming,10/16/2021,540,10/09/2021,1345,253204,0.53
Wyoming,10/23/2021,495,10/16/2021,1455,253204,0.57
Wyoming,10/30/2021,526,10/23/2021,1528,253204,0.6
Wyoming,11/06/2021,613,10/30/2021,1618,253204,0.64
Wyoming,11/13/2021,549,11/06/2021,1766,253204,0.7
Wyoming,11/20/2021,586,11/13/2021,1766,253204,0.7
Wyoming,11/27/2021,420,11/20/2021,1820,253204,0.72
Wyoming,12/04/2021,620,11/27/2021,2005,253204,0.79
Wyoming,12/11/2021,558,12/04/2021,1886,253204,0.74
Wyoming,12/18/2021,563,12/11/2021,1970,253204,0.78
Wyoming,12/25/2021,559,12/18/2021,1939,253204,0.77
Wyoming,01/01/2022,577,12/25/2021,2238,253204,0.88
Wyoming,01/08/2022,952,01/01/2022,2561,255823,1
Wyoming,01/15/2022,569,01/08/2022,2702,255823,1.06
Wyoming,01/22/2022,409,01/15/2022,2633,255823,1.03
Wyoming,01/29/2022,498,01/22/2022,2727,255823,1.07
Wyoming,02/05/2022,501,01/29/2022,2657,255823,1.04
Wyoming,02/12/2022,435,02/05/2022,2657,255823,1.04
Wyoming,02/19/2022,359,02/12/2022,2324,255823,0.91
Wyoming,02/26/2022,483,02/19/2022,2462,255823,0.96
Wyoming,03/05/2022,408,02/26/2022,2667,255823,1.04
Wyoming,03/12/2022,401,03/05/2022,2346,255823,0.92
Wyoming,03/19/2022,433,03/12/2022,2349,255823,0.92
Wyoming,03/26/2022,301,03/19/2022,2157,255823,0.84
Wyoming,04/02/2022,294,03/26/2022,2063,255823,0.81
Wyoming,04/09/2022,452,04/02/2022,1837,257929,0.71
Wyoming,04/16/2022,587,04/09/2022,1749,257929,0.68
Wyoming,04/23/2022,491,04/16/2022,1858,257929,0.72
Wyoming,04/30/2022,314,04/23/2022,1809,257929,0.7
Wyoming,05/07/2022,275,04/30/2022,1573,257929,0.61
Wyoming,05/14/2022,248,05/07/2022,1592,257929,0.62
Wyoming,05/21/2022,289,05/14/2022,1444,257929,0.56
Wyoming,05/28/2022,293,05/21/2022,1481,257929,0.57
Wyoming,06/04/2022,255,05/28/2022,1308,257929,0.51
Wyoming,06/11/2022,306,06/04/2022,1295,257929,0.5
Wyoming,06/18/2022,286,06/11/2022,1298,257929,0.5
Wyoming,06/25/2022,295,06/18/2022,1314,257929,0.51
Wyoming,07/02/2022,256,06/25/2022,1252,257929,0.49
Wyoming,07/09/2022,288,07/02/2022,1247,261286,0.48
Wyoming,07/16/2022,235,07/09/2022,1266,261286,0.48
Wyoming,07/23/2022,220,07/16/2022,1308,261286,0.5
Wyoming,07/30/2022,203,07/23/2022,1244,261286,0.48
Wyoming,08/06/2022,222,07/30/2022,1254,261286,0.48
Wyoming,08/13/2022,285,08/06/2022,1218,261286,0.47
Wyoming,08/20/2022,239,08/13/2022,1229,261286,0.47
Wyoming,08/27/2022,207,08/20/2022,1146,261286,0.44
Wyoming,09/03/2022,222,08/27/2022,1073,261286,0.41
Wyoming,09/10/2022,218,09/03/2022,1044,261286,0.4
Wyoming,09/17/2022,181,09/10/2022,1002,261286,0.38
Wyoming,09/24/2022,213,09/17/2022,982,261286,0.38
Wyoming,10/01/2022,270,09/24/2022,1021,261286,0.39
Wyoming,10/08/2022,399,10/01/2022,1015,261064,0.39
Wyoming,10/15/2022,379,10/08/2022,1070,261064,0.41
Wyoming,10/22/2022,427,10/15/2022,1144,261064,0.44
Wyoming,10/29/2022,438,10/22/2022,1299,261064,0.5
Wyoming,11/05/2022,528,10/29/2022,1404,261064,0.54
Wyoming,11/12/2022,483,11/05/2022,1500,261064,0.57
Wyoming,11/19/2022,617,11/12/2022,1737,261064,0.67
Wyoming,11/26/2022,341,11/19/2022,1861,261064,0.71
Wyoming,12/03/2022,613,11/26/2022,1992,261064,0.76
Wyoming,12/10/2022,485,12/03/2022,2035,261064,0.78
Wyoming,12/17/2022,587,12/10/2022,2095,261064,0.8
Wyoming,12/24/2022,618,12/17/2022,2218,261064,0.85
Wyoming,12/31/2022,450,12/24/2022,2449,261064,0.94
Wyoming,01/07/2023,635,12/31/2022,2550,261064,0.98
Wyoming,01/14/2023,506,01/07/2023,2651,260448,1.02
Wyoming,01/21/2023,422,01/14/2023,2632,260448,1.01
Wyoming,01/28/2023,442,01/21/2023,2686,260448,1.03
Wyoming,02/04/2023,450,01/28/2023,2747,260448,1.05
Wyoming,02/11/2023,439,02/04/2023,2763,260448,1.06
Wyoming,02/18/2023,355,02/11/2023,2631,260448,1.01
Wyoming,02/25/2023,407,02/18/2023,2659,260448,1.02
Wyoming,03/04/2023,393,02/25/2023,2823,260448,1.08
Wyoming,03/11/2023,341,03/04/2023,2547,260448,0.98
Wyoming,03/18/2023,373,03/11/2023,2529,260448,0.97
Wyoming,03/25/2023,295,03/18/2023,2386,260448,0.92
Wyoming,04/01/2023,312,03/25/2023,2346,260448,0.9
Wyoming,04/08/2023,468,04/01/2023,2143,264484,0.81
Wyoming,04/15/2023,518,04/08/2023,2196,264484,0.83
Wyoming,04/22/2023,399,04/15/2023,2010,264484,0.76
Wyoming,04/29/2023,306,04/22/2023,1974,264484,0.75
Wyoming,05/06/2023,287,04/29/2023,1881,264484,0.71
Wyoming,05/13/2023,250,05/06/2023,1747,264484,0.66
Wyoming,05/20/2023,282,05/13/2023,1592,264484,0.6
Wyoming,05/27/2023,263,05/20/2023,1480,264484,0.56
Wyoming,06/03/2023,240,05/27/2023,1438,264484,0.54
Wyoming,06/10/2023,297,06/03/2023,1372,264484,0.52
Wyoming,06/17/2023,241,06/10/2023,1384,264484,0.52
Wyoming,06/24/2023,214,06/17/2023,1354,264484,0.51
Wyoming,07/01/2023,241,06/24/2023,1367,264484,0.52
Wyoming,07/08/2023,252,07/01/2023,1332,266159,0.5
Wyoming,07/15/2023,254,07/08/2023,1401,266159,0.53
Wyoming,07/22/2023,238,07/15/2023,1377,266159,0.52
Wyoming,07/29/2023,194,07/22/2023,1420,266159,0.53
Wyoming,08/05/2023,230,07/29/2023,1378,266159,0.52
Wyoming,08/12/2023,185,08/05/2023,1344,266159,0.5
Wyoming,08/19/2023,217,08/12/2023,1269,266159,0.48
Wyoming,08/26/2023,218,08/19/2023,1243,266159,0.47
Wyoming,09/02/2023,220,08/26/2023,1257,266159,0.47
Wyoming,09/09/2023,195,09/02/2023,1170,266159,0.44
Wyoming,09/16/2023,229,09/09/2023,1188,266159,0.45
Wyoming,09/23/2023,236,09/16/2023,1147,266159,0.43
Wyoming,09/30/2023,242,09/23/2023,1192,266159,0.45
Wyoming,10/07/2023,384,09/30/2023,1139,266159,0.43
Wyoming,10/14/2023,381,10/07/2023,1208,266159,0.45
Wyoming,10/21/2023,434,10/14/2023,1270,266502,0.48
Wyoming,10/28/2023,422,10/21/2023,1366,266502,0.51
Wyoming,11/04/2023,479,10/28/2023,1463,266502,0.55
Wyoming,11/11/2023,414,11/04/2023,1505,266502,0.56
Wyoming,11/18/2023,473,11/11/2023,1642,266502,0.62
Wyoming,11/25/2023,354,11/18/2023,1632,266502,0.61
Wyoming,12/02/2023,551,11/25/2023,1831,266502,0.69
Wyoming,12/09/2023,508,12/02/2023,1856,266502,0.7
Wyoming,12/16/2023,467,12/09/2023,1916,266502,0.72
Wyoming,12/23/2023,502,12/16/2023,1984,266502,0.74
Wyoming,12/30/2023,458,12/23/2023,2089,266502,0.78
Wyoming,01/06/2024,497,12/30/2023,2376,266502,0.89
Wyoming,01/13/2024,761,01/06/2024,2411,269507,0.89
Wyoming,01/20/2024,541,01/13/2024,2635,269507,0.98
Wyoming,01/27/2024,480,01/20/2024,2829,269507,1.05
Wyoming,02/03/2024,424,01/27/2024,2785,269507,1.03
Wyoming,02/10/2024,373,02/03/2024,2695,269507,1
Wyoming,02/17/2024,351,02/10/2024,2720,269507,1.01
Wyoming,02/24/2024,351,02/17/2024,2677,269507,0.99
Wyoming,03/02/2024,341,02/24/2024,2693,269507,1
Wyoming,03/09/2024,370,03/02/2024,2602,269507,0.97
Wyoming,03/16/2024,348,03/09/2024,2417,269507,0.9
Wyoming,03/23/2024,318,03/16/2024,2324,269507,0.86
Wyoming,03/30/2024,313,03/23/2024,2282,269507,0.85
Wyoming,04/06/2024,317,03/30/2024,2150,269507,0.8
Wyoming,04/13/2024,473,04/06/2024,1957,270500,0.72
Wyoming,04/20/2024,429,04/13/2024,1944,270500,0.72
Wyoming,04/27/2024,338,04/20/2024,1950,270500,0.72
Wyoming,05/04/2024,284,04/27/2024,1889,270500,0.7
Wyoming,05/11/2024,339,05/04/2024,1759,270500,0.65
Wyoming,05/18/2024,269,05/11/2024,1732,270500,0.64
Wyoming,05/25/2024,249,05/18/2024,1580,270500,0.58
Wyoming,06/01/2024,252,05/25/2024,1490,270500,0.55
Wyoming,06/08/2024,348,06/01/2024,1497,270500,0.55
Wyoming,06/15/2024,286,06/08/2024,1448,270500,0.54
Wyoming,06/22/2024,221,06/15/2024,1489,270500,0.55
Wyoming,06/29/2024,236,06/22/2024,1528,270500,0.56
Wyoming,07/06/2024,196,06/29/2024,1434,270500,0.53
Wyoming,07/13/2024,284,07/06/2024,1484,271607,0.55
Wyoming,07/20/2024,243,07/13/2024,1511,271607,0.56
Wyoming,07/27/2024,194,07/20/2024,1480,271607,0.54
Wyoming,08/03/2024,216,07/27/2024,1522,271607,0.56
Wyoming,08/10/2024,231,08/03/2024,1455,271607,0.54
Wyoming,08/17/2024,208,08/10/2024,1420,271607,0.52
Wyoming,08/24/2024,208,08/17/2024,1377,271607,0.51
Wyoming,08/31/2024,236,08/24/2024,1323,271607,0.49
Wyoming,09/07/2024,205,08/31/2024,1288,271607,0.47
Wyoming,09/14/2024,250,09/07/2024,1302,271607,0.48
Wyoming,09/21/2024,232,09/14/2024,1271,271607,0.47
Wyoming,09/28/2024,314,09/21/2024,1314,271607,0.48
Wyoming,10/05/2024,290,09/28/2024,1365,271607,0.5
Wyoming,10/12/2024,413,10/05/2024,1335,280224,0.48
Wyoming,10/19/2024,458,10/12/2024,1478,280224,0.53
Wyoming,10/26/2024,457,10/19/2024,1529,280224,0.55
Wyoming,11/02/2024,541,10/26/2024,1629,280224,0.58
Wyoming,11/09/2024,574,11/02/2024,1779,280224,0.63
Wyoming,11/16/2024,425,11/09/2024,1747,280224,0.62
Wyoming,11/23/2024,516,11/16/2024,1973,280224,0.7
Wyoming,11/30/2024,375,11/23/2024,2024,280224,0.72
Wyoming,12/07/2024,538,11/30/2024,2231,280224,0.8
Wyoming,12/14/2024,460,12/07/2024,2067,280224,0.74
Wyoming,12/21/2024,512,12/14/2024,2159,280224,0.77
Wyoming,12/28/2024,462,12/21/2024,2160,280224,0.77
Wyoming,01/04/2025,447,12/28/2024,2531,280224,0.9
Wyoming,01/11/2025,766,01/04/2025,2591,272993,0.95
Wyoming,01/18/2025,499,01/11/2025,2749,272993,1.01
Wyoming,01/25/2025,501,01/18/2025,2759,272993,1.01
Wyoming,02/01/2025,421,01/25/2025,3002,272993,1.1
Wyoming,02/08/2025,397,02/01/2025,2918,272993,1.07
Wyoming,02/15/2025,449,02/08/2025,2910,272993,1.07
Wyoming,02/22/2025,425,02/15/2025,2989,272993,1.09
Wyoming,03/01/2025,343,02/22/2025,2948,272993,1.08
Wyoming,03/08/2025,354,03/01/2025,2815,272993,1.03
Wyoming,03/15/2025,323,03/08/2025,2725,272993,1
Wyoming,03/22/2025,336,03/15/2025,2542,272993,0.93
Wyoming,03/29/2025,313,03/22/2025,2467,272993,0.9
Wyoming,04/05/2025,376,03/29/2025,2340,272993,0.86
Wyoming,04/12/2025,402,04/05/2025,2193,272623,0.8
,,,,,,
Run Date: 4/29/2025,,,,,,
