State,Week,Adjusted Initial Claims
Alabama,2020-01-04,4574.474054871749
Alabama,2020-01-11,2493.6422970416106
Alabama,2020-01-18,1927.773355733673
Alabama,2020-01-25,1658.1796861936684
Alabama,2020-02-01,1666.8718356419429
Alabama,2020-02-08,1966.9101822296273
Alabama,2020-02-15,1997.1445288178384
Alabama,2020-02-22,1941.2099266231057
Alabama,2020-02-29,1833.6261285926134
Alabama,2020-03-07,1675.632250234227
Alabama,2020-03-14,1628.5051505974795
Alabama,2020-03-21,10474.575142015965
Alabama,2020-03-28,66615.18940779264
Alabama,2020-04-04,136391.0060952163
Alabama,2020-04-11,78405.92231071975
Alabama,2020-04-18,70118.05320513903
Alabama,2020-04-25,74438.25249003363
Alabama,2020-05-02,29163.18184927736
Alabama,2020-05-09,25464.99874157171
Alabama,2020-05-16,23133.421901271508
Alabama,2020-05-23,26716.11620436192
Alabama,2020-05-30,20444.523264367897
Alabama,2020-06-06,19075.716858770025
Alabama,2020-06-13,18239.8336545966
Alabama,2020-06-20,18304.047866465775
Alabama,2020-06-27,18879.510720058726
Alabama,2020-07-04,16474.311226407328
Alabama,2020-07-11,17128.047788805092
Alabama,2020-07-18,15240.2785012363
Alabama,2020-07-25,16029.281328744357
Alabama,2020-08-01,11918.538244911973
Alabama,2020-08-08,9331.724176660546
Alabama,2020-08-15,11435.618821142114
Alabama,2020-08-22,9761.190914729672
Alabama,2020-08-29,9300.299546334163
Alabama,2020-09-05,10584.715609590246
Alabama,2020-09-12,11830.61243395806
Alabama,2020-09-19,10897.81027439169
Alabama,2020-09-26,10163.99988371328
Alabama,2020-10-03,9766.917888785096
Alabama,2020-10-10,9673.940742316145
Alabama,2020-10-17,9372.917983695383
Alabama,2020-10-24,8809.76835030005
Alabama,2020-10-31,8721.972534520357
Alabama,2020-11-07,9921.275469192069
Alabama,2020-11-14,11601.347323598338
Alabama,2020-11-21,10962.078438922399
Alabama,2020-11-28,10458.488200932983
Alabama,2020-12-05,7023.575827980722
Alabama,2020-12-12,8140.707071640885
Alabama,2020-12-19,7679.012050259719
Alabama,2020-12-26,6336.096486521833
Alabama,2021-01-02,10977.53865592421
Alabama,2021-01-09,9677.723370497119
Alabama,2021-01-16,9301.137656741605
Alabama,2021-01-23,9046.386592362358
Alabama,2021-01-30,9727.77185556201
Alabama,2021-02-06,12170.256752545818
Alabama,2021-02-13,12185.505259879461
Alabama,2021-02-20,12749.32974862841
Alabama,2021-02-27,13532.742932546375
Alabama,2021-03-06,13695.245667578842
Alabama,2021-03-13,14777.408474855414
Alabama,2021-03-20,13457.69413673994
Alabama,2021-03-27,15390.326407929966
Alabama,2021-04-03,6889.8931493212995
Alabama,2021-04-10,11034.383106336087
Alabama,2021-04-17,9481.431718776554
Alabama,2021-04-24,9746.89707923819
Alabama,2021-05-01,10388.471712740686
Alabama,2021-05-08,10352.735744295316
Alabama,2021-05-15,8625.133088199718
Alabama,2021-05-22,8323.248638759984
Alabama,2021-05-29,6944.5259009549645
Alabama,2021-06-05,6942.187798620001
Alabama,2021-06-12,5515.5461489426425
Alabama,2021-06-19,5981.093462230608
Alabama,2021-06-26,5987.743175256928
Alabama,2021-07-03,6306.680331477825
Alabama,2021-07-10,4527.10887186479
Alabama,2021-07-17,2738.3065021227917
Alabama,2021-07-24,3655.9300249134776
Alabama,2021-07-31,5304.718091383832
Alabama,2021-08-07,6107.464138437597
Alabama,2021-08-14,5661.392172791366
Alabama,2021-08-21,6083.305587360919
Alabama,2021-08-28,5934.664180018897
Alabama,2021-09-04,6058.771602164061
Alabama,2021-09-11,4968.643287136997
Alabama,2021-09-18,5316.433771376243
Alabama,2021-09-25,4617.376437802739
Alabama,2021-10-02,5011.040256700786
Alabama,2021-10-09,4132.929351046613
Alabama,2021-10-16,4113.303409469533
Alabama,2021-10-23,4113.120867449939
Alabama,2021-10-30,4631.54037279275
Alabama,2021-11-06,3906.700324530104
Alabama,2021-11-13,4039.553564954075
Alabama,2021-11-20,3622.7845784773594
Alabama,2021-11-27,3234.8588345613416
Alabama,2021-12-04,3392.526568948891
Alabama,2021-12-11,3309.851434915302
Alabama,2021-12-18,3877.6822085959525
Alabama,2021-12-25,2895.3176098962826
Alabama,2022-01-01,2828.8195826434953
Alabama,2022-01-08,3707.137005384263
Alabama,2022-01-15,3628.841185944095
Alabama,2022-01-22,4129.482713104195
Alabama,2022-01-29,3041.0809204177194
Alabama,2022-02-05,2255.2577686870036
Alabama,2022-02-12,2240.1086032474695
Alabama,2022-02-19,2091.1362264314607
Alabama,2022-02-26,2109.5432031808355
Alabama,2022-03-05,1715.9360926932584
Alabama,2022-03-12,1794.1310180304283
Alabama,2022-03-19,1759.8671052046654
Alabama,2022-03-26,1708.48252000377
Alabama,2022-04-02,2862.270151053359
Alabama,2022-04-09,2166.619178088908
Alabama,2022-04-16,2200.6885376432274
Alabama,2022-04-23,2007.7654741462532
Alabama,2022-04-30,2023.3623839536579
Alabama,2022-05-07,1929.9768415479048
Alabama,2022-05-14,2155.133499589628
Alabama,2022-05-21,2160.7145810899106
Alabama,2022-05-28,2497.231198825533
Alabama,2022-06-04,2458.4524559575784
Alabama,2022-06-11,2572.0677936192733
Alabama,2022-06-18,2919.4716162141863
Alabama,2022-06-25,2782.8180541127026
Alabama,2022-07-02,2679.1504245715946
Alabama,2022-07-09,3280.1756646556655
Alabama,2022-07-16,3893.107128546931
Alabama,2022-07-23,3606.2895367703222
Alabama,2022-07-30,3217.699461158442
Alabama,2022-08-06,3105.9747418038846
Alabama,2022-08-13,2910.9224336970783
Alabama,2022-08-20,2845.3263973434005
Alabama,2022-08-27,2849.8626738150037
Alabama,2022-09-03,2727.9336713178322
Alabama,2022-09-10,2676.8632564177256
Alabama,2022-09-17,2684.585593576384
Alabama,2022-09-24,2458.7529531299588
Alabama,2022-10-01,2489.7303619756112
Alabama,2022-10-08,2749.649396400079
Alabama,2022-10-15,2817.5245671731227
Alabama,2022-10-22,2937.413640234763
Alabama,2022-10-29,2674.6558834612706
Alabama,2022-11-05,2724.841402823518
Alabama,2022-11-12,2217.057305416655
Alabama,2022-11-19,2643.7790123160853
Alabama,2022-11-26,3009.722139115681
Alabama,2022-12-03,2998.0467353501826
Alabama,2022-12-10,2805.3599422356538
Alabama,2022-12-17,2754.7933989132703
Alabama,2022-12-24,3196.817297413304
Alabama,2022-12-31,2623.9774722789894
Alabama,2023-01-07,2302.6165162266293
Alabama,2023-01-14,2191.7455429867737
Alabama,2023-01-21,1834.9794930353607
Alabama,2023-01-28,1840.4723125336843
Alabama,2023-02-04,2248.930392181669
Alabama,2023-02-11,2248.1738007389094
Alabama,2023-02-18,2274.6281157491494
Alabama,2023-02-25,1898.8217242759065
Alabama,2023-03-04,2223.764507677053
Alabama,2023-03-11,2003.6253584591311
Alabama,2023-03-18,2053.178289405443
Alabama,2023-03-25,1942.9156053196461
Alabama,2023-04-01,2467.4302061089447
Alabama,2023-04-08,2248.550155411598
Alabama,2023-04-15,2238.6860375737583
Alabama,2023-04-22,2278.843601961252
Alabama,2023-04-29,2158.1861330584766
Alabama,2023-05-06,2191.636245102643
Alabama,2023-05-13,2340.9367291743933
Alabama,2023-05-20,2477.453521010531
Alabama,2023-05-27,2584.4330557300314
Alabama,2023-06-03,2339.880653336521
Alabama,2023-06-10,2627.6800702380683
Alabama,2023-06-17,2347.929657767957
Alabama,2023-06-24,2348.3566338997684
Alabama,2023-07-01,2412.0134509695868
Alabama,2023-07-08,2424.731173136781
Alabama,2023-07-15,2328.268598537409
Alabama,2023-07-22,2431.464650715652
Alabama,2023-07-29,2754.8238099018095
Alabama,2023-08-05,2933.475351192752
Alabama,2023-08-12,2860.1986786290995
Alabama,2023-08-19,2691.1904873251933
Alabama,2023-08-26,2819.265988666683
Alabama,2023-09-02,2580.477797192544
Alabama,2023-09-09,2831.9662223240475
Alabama,2023-09-16,2523.8620407336443
Alabama,2023-09-23,3324.511035217972
Alabama,2023-09-30,2634.9962126236046
Alabama,2023-10-07,2661.714729356534
Alabama,2023-10-14,2287.914686125543
Alabama,2023-10-21,2709.9371630448654
Alabama,2023-10-28,2514.0529897661368
Alabama,2023-11-04,2519.940574443353
Alabama,2023-11-11,2458.804231939488
Alabama,2023-11-18,2305.9988928064136
Alabama,2023-11-25,2192.1204556551215
Alabama,2023-12-02,2720.076061907372
Alabama,2023-12-09,2635.40331996831
Alabama,2023-12-16,2315.003765383879
Alabama,2023-12-23,2788.2967284494007
Alabama,2023-12-30,2224.2855496165384
Alabama,2024-01-06,2090.9764425179446
Alabama,2024-01-13,2241.4344252932397
Alabama,2024-01-20,2202.5984746621393
Alabama,2024-01-27,2716.9242777260606
Alabama,2024-02-03,2184.752716198993
Alabama,2024-02-10,2121.146940248729
Alabama,2024-02-17,1993.7960168543946
Alabama,2024-02-24,2079.273819470735
Alabama,2024-03-02,1965.8199159392525
Alabama,2024-03-09,1773.5396939711968
Alabama,2024-03-16,2043.5615292677126
Alabama,2024-03-23,1614.7092858774197
Alabama,2024-03-30,2436.7630259190873
Alabama,2024-04-06,2030.0675492177584
Alabama,2024-04-13,2389.620551186699
Alabama,2024-04-20,2393.034022103101
Alabama,2024-04-27,2272.88693453571
Alabama,2024-05-04,2278.537725845275
Alabama,2024-05-11,2389.687081491188
Alabama,2024-05-18,2282.2428148358886
Alabama,2024-05-25,2250.9578227326083
Alabama,2024-06-01,2472.795819177868
Alabama,2024-06-08,2483.6839968501167
Alabama,2024-06-15,2279.3054088979125
Alabama,2024-06-22,2361.740516512963
Alabama,2024-06-29,2324.6968350025872
Alabama,2024-07-06,2221.49022286355
Alabama,2024-07-13,2542.621223174666
Alabama,2024-07-20,2244.8531860293465
Alabama,2024-07-27,2179.797670455244
Alabama,2024-08-03,2095.621168224392
Alabama,2024-08-10,2186.2973612973788
Alabama,2024-08-17,2398.6697821811504
Alabama,2024-08-24,2329.7190262935537
Alabama,2024-08-31,2397.3471148111375
Alabama,2024-09-07,2413.4556332837137
Alabama,2024-09-14,2564.042928944329
Alabama,2024-09-21,2250.9710134288352
Alabama,2024-09-28,2537.731251754948
Alabama,2024-10-05,2525.303258686419
Alabama,2024-10-12,2693.9489282620207
Alabama,2024-10-19,2352.6507396324723
Alabama,2024-10-26,2473.284562905064
Alabama,2024-11-02,2191.646429524857
Alabama,2024-11-09,2760.6747464058235
Alabama,2024-11-16,1809.5363545160992
Alabama,2024-11-23,3196.3486103403734
Alabama,2024-11-30,1344.901014083038
Alabama,2024-12-07,2642.933043739648
Alabama,2024-12-14,2226.4350197425433
Alabama,2024-12-21,2809.01044743912
Alabama,2024-12-28,1830.5890057940246
Alabama,2025-01-04,1825.0520641891756
Alabama,2025-01-11,2310.533027250669
Alabama,2025-01-18,1951.8075592303114
Alabama,2025-01-25,1355.0054921992567
Alabama,2025-02-01,2089.842068618979
Alabama,2025-02-08,2199.782615790269
Alabama,2025-02-15,2125.8206689244385
Alabama,2025-02-22,2136.3199656936163
Alabama,2025-03-01,1837.8552161318282
Alabama,2025-03-08,1676.8499983887186
Alabama,2025-03-15,1738.7102329016586
Alabama,2025-03-22,1440.3239732915752
Alabama,2025-03-29,2118.5910314493167
Alabama,2025-04-05,1975.4468976692986
Alabama,2025-04-12,2226.0202042635815
Alaska,2020-01-04,1029.9778919244172
Alaska,2020-01-11,1120.603819390483
Alaska,2020-01-18,893.9876304454289
Alaska,2020-01-25,875.6802533607959
Alaska,2020-02-01,960.0061034140622
Alaska,2020-02-08,860.7733644352408
Alaska,2020-02-15,830.0959002534113
Alaska,2020-02-22,719.0562790292631
Alaska,2020-02-29,878.4978305833973
Alaska,2020-03-07,792.3976336614637
Alaska,2020-03-14,1074.113714659037
Alaska,2020-03-21,7871.726950155642
Alaska,2020-03-28,13679.211722082113
Alaska,2020-04-04,14508.004530873894
Alaska,2020-04-11,10643.543590113484
Alaska,2020-04-18,11523.40319712659
Alaska,2020-04-25,10238.224058225345
Alaska,2020-05-02,9166.576875625653
Alaska,2020-05-09,7824.027689141088
Alaska,2020-05-16,8324.475526057491
Alaska,2020-05-23,8159.455243244423
Alaska,2020-05-30,7056.347209013104
Alaska,2020-06-06,7770.603789668271
Alaska,2020-06-13,7713.372563218785
Alaska,2020-06-20,8136.223615128751
Alaska,2020-06-27,8057.439706504233
Alaska,2020-07-04,7192.592464119139
Alaska,2020-07-11,9513.224322740381
Alaska,2020-07-18,7280.063540303756
Alaska,2020-07-25,7257.778469933491
Alaska,2020-08-01,6326.293604941698
Alaska,2020-08-08,5659.464869094555
Alaska,2020-08-15,5711.3001947097655
Alaska,2020-08-22,5152.831111241465
Alaska,2020-08-29,5356.811899415666
Alaska,2020-09-05,5067.749610458017
Alaska,2020-09-12,5038.844098954263
Alaska,2020-09-19,4572.37644675264
Alaska,2020-09-26,4447.6805084942935
Alaska,2020-10-03,4488.295905674521
Alaska,2020-10-10,5403.681581629782
Alaska,2020-10-17,4554.845601254613
Alaska,2020-10-24,4141.444462630598
Alaska,2020-10-31,3884.6874740199837
Alaska,2020-11-07,3676.2368867652235
Alaska,2020-11-14,3786.9167334941317
Alaska,2020-11-21,3578.995774617537
Alaska,2020-11-28,3795.290835256873
Alaska,2020-12-05,3567.4859156322873
Alaska,2020-12-12,3741.7598643176902
Alaska,2020-12-19,3608.5227479988034
Alaska,2020-12-26,3597.5192029513587
Alaska,2021-01-02,3094.133381754595
Alaska,2021-01-09,3187.71327178912
Alaska,2021-01-16,3710.6920952104088
Alaska,2021-01-23,3470.4177538476206
Alaska,2021-01-30,3585.0495305747954
Alaska,2021-02-06,3510.7256506608746
Alaska,2021-02-13,3146.1995432555523
Alaska,2021-02-20,3715.2791441693103
Alaska,2021-02-27,3800.45800621948
Alaska,2021-03-06,3247.37189745925
Alaska,2021-03-13,3100.544320975595
Alaska,2021-03-20,2781.7380951677833
Alaska,2021-03-27,3307.0840013455377
Alaska,2021-04-03,3686.166744067822
Alaska,2021-04-10,4035.983506769942
Alaska,2021-04-17,3687.1867946547177
Alaska,2021-04-24,3373.362295146875
Alaska,2021-05-01,2974.5636592274573
Alaska,2021-05-08,3099.7460794816684
Alaska,2021-05-15,2962.6572890180064
Alaska,2021-05-22,3105.837784566664
Alaska,2021-05-29,2801.8963219900393
Alaska,2021-06-05,2376.9422127413463
Alaska,2021-06-12,1979.1263425413508
Alaska,2021-06-19,1994.018988701082
Alaska,2021-06-26,1982.277187729741
Alaska,2021-07-03,1583.215976752547
Alaska,2021-07-10,1840.6280239986613
Alaska,2021-07-17,1797.4241044861378
Alaska,2021-07-24,1817.7332796669807
Alaska,2021-07-31,1897.2791985561432
Alaska,2021-08-07,1619.7905514057159
Alaska,2021-08-14,1644.2170503476434
Alaska,2021-08-21,2119.730477851864
Alaska,2021-08-28,1474.8727857153804
Alaska,2021-09-04,1480.3617541683755
Alaska,2021-09-11,1598.7426308955912
Alaska,2021-09-18,1557.70577379042
Alaska,2021-09-25,1528.2724413909557
Alaska,2021-10-02,1409.6073185877497
Alaska,2021-10-09,1347.1336528835284
Alaska,2021-10-16,1295.8772967111106
Alaska,2021-10-23,1262.819665223277
Alaska,2021-10-30,1203.546175392846
Alaska,2021-11-06,1163.130614558502
Alaska,2021-11-13,1170.202499839772
Alaska,2021-11-20,1146.1317300750488
Alaska,2021-11-27,1240.3493522631356
Alaska,2021-12-04,1103.7525484829175
Alaska,2021-12-11,1044.4051274265928
Alaska,2021-12-18,1148.3296991888622
Alaska,2021-12-25,1039.9150589209382
Alaska,2022-01-01,1107.6724525792663
Alaska,2022-01-08,1205.609506638193
Alaska,2022-01-15,940.1631134743631
Alaska,2022-01-22,1019.7353299356027
Alaska,2022-01-29,1003.6427444783377
Alaska,2022-02-05,965.2958444023772
Alaska,2022-02-12,1016.0736702555417
Alaska,2022-02-19,904.1690856616349
Alaska,2022-02-26,909.6573646201082
Alaska,2022-03-05,942.1267570772495
Alaska,2022-03-12,956.1530120670177
Alaska,2022-03-19,919.889590071712
Alaska,2022-03-26,850.1092808263605
Alaska,2022-04-02,820.363518709456
Alaska,2022-04-09,850.9870780801986
Alaska,2022-04-16,805.6276475001215
Alaska,2022-04-23,847.8079458668132
Alaska,2022-04-30,852.7292780606108
Alaska,2022-05-07,800.7426826724387
Alaska,2022-05-14,769.9682827357142
Alaska,2022-05-21,815.7453414185727
Alaska,2022-05-28,895.7735453202357
Alaska,2022-06-04,830.7226477586331
Alaska,2022-06-11,880.6204368188579
Alaska,2022-06-18,880.2100729109245
Alaska,2022-06-25,869.6602621215332
Alaska,2022-07-02,742.279300673301
Alaska,2022-07-09,705.6403331744328
Alaska,2022-07-16,735.0593977267038
Alaska,2022-07-23,765.3613809124129
Alaska,2022-07-30,784.2412091592787
Alaska,2022-08-06,938.5473240368974
Alaska,2022-08-13,829.3517720916527
Alaska,2022-08-20,806.6126048904687
Alaska,2022-08-27,856.9314574120697
Alaska,2022-09-03,865.6465145450949
Alaska,2022-09-10,817.6025910632717
Alaska,2022-09-17,808.4455188144298
Alaska,2022-09-24,736.3382175173886
Alaska,2022-10-01,785.6629832197133
Alaska,2022-10-08,803.7361007014165
Alaska,2022-10-15,819.437283732655
Alaska,2022-10-22,907.0027640355524
Alaska,2022-10-29,902.4414397071812
Alaska,2022-11-05,922.9012734431507
Alaska,2022-11-12,838.7958888521204
Alaska,2022-11-19,905.2149983914582
Alaska,2022-11-26,786.9734517551418
Alaska,2022-12-03,839.6403315245052
Alaska,2022-12-10,800.3231660089313
Alaska,2022-12-17,785.3209366909747
Alaska,2022-12-24,821.6612811227167
Alaska,2022-12-31,753.8472236511026
Alaska,2023-01-07,817.3623773818257
Alaska,2023-01-14,778.1704353072828
Alaska,2023-01-21,760.4361921009503
Alaska,2023-01-28,728.9885918973092
Alaska,2023-02-04,776.4527083272988
Alaska,2023-02-11,748.4471231793053
Alaska,2023-02-18,723.7073545727901
Alaska,2023-02-25,696.5663576593757
Alaska,2023-03-04,654.3357146676872
Alaska,2023-03-11,695.2968242212515
Alaska,2023-03-18,743.3349904505327
Alaska,2023-03-25,716.0383077988387
Alaska,2023-04-01,684.1334556025523
Alaska,2023-04-08,619.6249662271446
Alaska,2023-04-15,625.2350558558973
Alaska,2023-04-22,597.635109381524
Alaska,2023-04-29,658.2102688852557
Alaska,2023-05-06,638.3893477626326
Alaska,2023-05-13,671.0338106523543
Alaska,2023-05-20,637.5825551946391
Alaska,2023-05-27,698.8169941293171
Alaska,2023-06-03,745.1263907901082
Alaska,2023-06-10,794.3741053778358
Alaska,2023-06-17,791.1053596477119
Alaska,2023-06-24,742.5752381438879
Alaska,2023-07-01,702.3465534851804
Alaska,2023-07-08,584.3894590233331
Alaska,2023-07-15,650.2024657552553
Alaska,2023-07-22,614.6808590452816
Alaska,2023-07-29,669.7712190024896
Alaska,2023-08-05,709.4241522419891
Alaska,2023-08-12,753.2976794544269
Alaska,2023-08-19,682.0621291353228
Alaska,2023-08-26,719.6111622335562
Alaska,2023-09-02,746.1554312489928
Alaska,2023-09-09,734.860647885342
Alaska,2023-09-16,742.9639503123265
Alaska,2023-09-23,751.1638192123695
Alaska,2023-09-30,718.0790706846841
Alaska,2023-10-07,746.9349628426592
Alaska,2023-10-14,727.5100613115007
Alaska,2023-10-21,736.1728990090852
Alaska,2023-10-28,769.7808025355259
Alaska,2023-11-04,770.0280563697454
Alaska,2023-11-11,793.566698766957
Alaska,2023-11-18,744.077249986696
Alaska,2023-11-25,726.5893252682694
Alaska,2023-12-02,757.6472850657742
Alaska,2023-12-09,770.4355788965645
Alaska,2023-12-16,717.0321595874117
Alaska,2023-12-23,722.621751701675
Alaska,2023-12-30,805.2936219225567
Alaska,2024-01-06,639.9947414899696
Alaska,2024-01-13,707.014772934827
Alaska,2024-01-20,688.8451843486221
Alaska,2024-01-27,677.6513671158086
Alaska,2024-02-03,648.2150438298038
Alaska,2024-02-10,688.5713533249609
Alaska,2024-02-17,644.6390703328323
Alaska,2024-02-24,624.1958269934665
Alaska,2024-03-02,734.0616115514173
Alaska,2024-03-09,699.1329446307482
Alaska,2024-03-16,729.2908745715753
Alaska,2024-03-23,671.3479834563315
Alaska,2024-03-30,619.498754128474
Alaska,2024-04-06,551.3687110061286
Alaska,2024-04-13,625.2350558558973
Alaska,2024-04-20,665.1420652585068
Alaska,2024-04-27,675.0335345436648
Alaska,2024-05-04,675.4700477111686
Alaska,2024-05-11,676.4106841351456
Alaska,2024-05-18,612.5596919609405
Alaska,2024-05-25,552.0464872322383
Alaska,2024-06-01,641.9719272639371
Alaska,2024-06-08,640.0385649044277
Alaska,2024-06-15,617.7124041084874
Alaska,2024-06-22,650.3762991797139
Alaska,2024-06-29,620.1320739802262
Alaska,2024-07-06,392.57455155479005
Alaska,2024-07-13,576.3659145593194
Alaska,2024-07-20,570.4334042112828
Alaska,2024-07-27,577.2210141948729
Alaska,2024-08-03,570.9700430824989
Alaska,2024-08-10,585.4957925246748
Alaska,2024-08-17,558.6978483873687
Alaska,2024-08-24,656.2325644588577
Alaska,2024-08-31,639.941134985791
Alaska,2024-09-07,632.4850232753611
Alaska,2024-09-14,674.9638599447576
Alaska,2024-09-21,714.0998149749171
Alaska,2024-09-28,703.5968037128922
Alaska,2024-10-05,542.4508665511327
Alaska,2024-10-12,619.767402774879
Alaska,2024-10-19,566.2868453916041
Alaska,2024-10-26,670.2853246567845
Alaska,2024-11-02,626.8610753010007
Alaska,2024-11-09,723.6670413626136
Alaska,2024-11-16,585.3091743525921
Alaska,2024-11-23,764.2056663584523
Alaska,2024-11-30,466.7296490727766
Alaska,2024-12-07,606.8840605316689
Alaska,2024-12-14,578.6575322986129
Alaska,2024-12-21,578.6476209692346
Alaska,2024-12-28,624.7062647247994
Alaska,2025-01-04,447.09722042785864
Alaska,2025-01-11,565.4604233215372
Alaska,2025-01-18,632.0962147888496
Alaska,2025-01-25,468.879986337706
Alaska,2025-02-01,540.1792031915031
Alaska,2025-02-08,561.5621445430181
Alaska,2025-02-15,497.66508315738133
Alaska,2025-02-22,550.8201500683086
Alaska,2025-03-01,442.38150100118526
Alaska,2025-03-08,621.4515063384428
Alaska,2025-03-15,627.9726100162395
Alaska,2025-03-22,545.2219569785887
Alaska,2025-03-29,476.3080308628235
Alaska,2025-04-05,418.4019800560976
Alaska,2025-04-12,524.1774259819078
Arkansas,2020-01-04,2556.6479898845737
Arkansas,2020-01-11,2063.4261517837585
Arkansas,2020-01-18,1451.8781443240005
Arkansas,2020-01-25,1508.5886321553085
Arkansas,2020-02-01,1540.884865180007
Arkansas,2020-02-08,1794.0146053711046
Arkansas,2020-02-15,1645.5752734642265
Arkansas,2020-02-22,1204.8997673884887
Arkansas,2020-02-29,1236.3975574973322
Arkansas,2020-03-07,1853.5916670924785
Arkansas,2020-03-14,1623.943760475151
Arkansas,2020-03-21,11618.396514301101
Arkansas,2020-03-28,29079.128545016592
Arkansas,2020-04-04,80609.17150265297
Arkansas,2020-04-11,38186.02710482848
Arkansas,2020-04-18,26962.897432100122
Arkansas,2020-04-25,17491.3511180685
Arkansas,2020-05-02,15475.780917419701
Arkansas,2020-05-09,12085.655447565883
Arkansas,2020-05-16,11125.082742185221
Arkansas,2020-05-23,10382.40863324374
Arkansas,2020-05-30,8486.981322782289
Arkansas,2020-06-06,8756.016279707303
Arkansas,2020-06-13,7801.599280465025
Arkansas,2020-06-20,8416.552124518228
Arkansas,2020-06-27,9088.504831080625
Arkansas,2020-07-04,9197.898327475452
Arkansas,2020-07-11,9825.593858456572
Arkansas,2020-07-18,11985.883213739617
Arkansas,2020-07-25,13130.811976845613
Arkansas,2020-08-01,11528.008749130368
Arkansas,2020-08-08,6262.309050891799
Arkansas,2020-08-15,6358.185335065227
Arkansas,2020-08-22,6138.686799398022
Arkansas,2020-08-29,6260.712687356402
Arkansas,2020-09-05,6167.969475635603
Arkansas,2020-09-12,5836.824326858939
Arkansas,2020-09-19,7186.493148620308
Arkansas,2020-09-26,7574.7443639548555
Arkansas,2020-10-03,6943.552598198339
Arkansas,2020-10-10,6140.579365570054
Arkansas,2020-10-17,4614.528638592708
Arkansas,2020-10-24,4454.615033445089
Arkansas,2020-10-31,5020.668137425226
Arkansas,2020-11-07,4195.922600351413
Arkansas,2020-11-14,4507.807519963458
Arkansas,2020-11-21,4315.367492713431
Arkansas,2020-11-28,3995.25561797797
Arkansas,2020-12-05,3705.4764331422984
Arkansas,2020-12-12,4002.5948114736652
Arkansas,2020-12-19,4067.377814049741
Arkansas,2020-12-26,3494.7736952959235
Arkansas,2021-01-02,4366.945324337004
Arkansas,2021-01-09,5273.200165669605
Arkansas,2021-01-16,4008.8295321010864
Arkansas,2021-01-23,3496.734553795519
Arkansas,2021-01-30,4032.1358448123533
Arkansas,2021-02-06,4506.889359548871
Arkansas,2021-02-13,3232.6001158501376
Arkansas,2021-02-20,2157.3987304235598
Arkansas,2021-02-27,5287.387015982949
Arkansas,2021-03-06,3827.872970674972
Arkansas,2021-03-13,3867.148274763909
Arkansas,2021-03-20,2912.428236738551
Arkansas,2021-03-27,2971.1921225560977
Arkansas,2021-04-03,2748.6005874289913
Arkansas,2021-04-10,3616.1457085994916
Arkansas,2021-04-17,3410.1633384245665
Arkansas,2021-04-24,3075.4132716789563
Arkansas,2021-05-01,3054.188173321824
Arkansas,2021-05-08,2564.7098809425474
Arkansas,2021-05-15,2308.354877196216
Arkansas,2021-05-22,2316.260217023892
Arkansas,2021-05-29,2504.7652695347324
Arkansas,2021-06-05,2178.3569426075087
Arkansas,2021-06-12,1904.4518017551336
Arkansas,2021-06-19,1704.375743076501
Arkansas,2021-06-26,1320.2157089881428
Arkansas,2021-07-03,1315.319840219671
Arkansas,2021-07-10,1479.2186868506503
Arkansas,2021-07-17,1442.1879312540073
Arkansas,2021-07-24,1426.9441081215195
Arkansas,2021-07-31,1574.1382927243897
Arkansas,2021-08-07,2229.119149293408
Arkansas,2021-08-14,1738.9651908373955
Arkansas,2021-08-21,1746.1635595460805
Arkansas,2021-08-28,1737.3272418914805
Arkansas,2021-09-04,1844.6878837160534
Arkansas,2021-09-11,1576.0062195531877
Arkansas,2021-09-18,1934.0596826072308
Arkansas,2021-09-25,1808.212562032567
Arkansas,2021-10-02,1687.7745465715511
Arkansas,2021-10-09,1715.797486655175
Arkansas,2021-10-16,1595.5283134365247
Arkansas,2021-10-23,1479.699196230205
Arkansas,2021-10-30,1599.7594787660348
Arkansas,2021-11-06,1656.8866477422519
Arkansas,2021-11-13,1358.5527829970235
Arkansas,2021-11-20,1420.9629162162091
Arkansas,2021-11-27,1757.1271636807287
Arkansas,2021-12-04,1549.4614295609008
Arkansas,2021-12-11,919.3413619833314
Arkansas,2021-12-18,1699.1736793603168
Arkansas,2021-12-25,1689.6653601881192
Arkansas,2022-01-01,1703.1086764914319
Arkansas,2022-01-08,1652.0652222063304
Arkansas,2022-01-15,1404.8537509855714
Arkansas,2022-01-22,1254.019902783884
Arkansas,2022-01-29,1171.8106459752148
Arkansas,2022-02-05,785.6618486398979
Arkansas,2022-02-12,1254.2118657302249
Arkansas,2022-02-19,1119.2433858205868
Arkansas,2022-02-26,601.6320977948936
Arkansas,2022-03-05,1030.890645018877
Arkansas,2022-03-12,1244.3968468474566
Arkansas,2022-03-19,1144.9287777974346
Arkansas,2022-03-26,1502.3587812924698
Arkansas,2022-04-02,1282.7668305998313
Arkansas,2022-04-09,1367.576148243317
Arkansas,2022-04-16,1268.3302799307057
Arkansas,2022-04-23,1372.8993266233385
Arkansas,2022-04-30,1497.1736298009391
Arkansas,2022-05-07,1566.7611418871527
Arkansas,2022-05-14,1530.46557020348
Arkansas,2022-05-21,1317.822583101792
Arkansas,2022-05-28,1535.0818711411425
Arkansas,2022-06-04,1655.515030841896
Arkansas,2022-06-11,1444.555798973217
Arkansas,2022-06-18,1289.1626534710408
Arkansas,2022-06-25,1246.7732457066832
Arkansas,2022-07-02,1200.685767637582
Arkansas,2022-07-09,1581.25770466719
Arkansas,2022-07-16,1369.9656874353402
Arkansas,2022-07-23,1432.9686007372318
Arkansas,2022-07-30,1348.0989054865393
Arkansas,2022-08-06,1635.5353530003463
Arkansas,2022-08-13,1523.721946145375
Arkansas,2022-08-20,2139.8637906735507
Arkansas,2022-08-27,1700.9618506027325
Arkansas,2022-09-03,1486.0595020423616
Arkansas,2022-09-10,2001.1969120659219
Arkansas,2022-09-17,1475.1091855769619
Arkansas,2022-09-24,1510.752338517312
Arkansas,2022-10-01,1903.0196125259124
Arkansas,2022-10-08,1465.6217580001965
Arkansas,2022-10-15,1423.4720117196591
Arkansas,2022-10-22,1967.390317085104
Arkansas,2022-10-29,1573.4929040560373
Arkansas,2022-11-05,1566.614892451467
Arkansas,2022-11-12,2068.8818095354673
Arkansas,2022-11-19,1481.515313214059
Arkansas,2022-11-26,1299.0306964269075
Arkansas,2022-12-03,1423.527836006054
Arkansas,2022-12-10,1786.2901517246019
Arkansas,2022-12-17,1394.324939776106
Arkansas,2022-12-24,929.2682443948211
Arkansas,2022-12-31,1317.031010317092
Arkansas,2023-01-07,1112.412654631918
Arkansas,2023-01-14,1462.794521348993
Arkansas,2023-01-21,1937.052902012847
Arkansas,2023-01-28,1336.2164345300766
Arkansas,2023-02-04,1000.0278629707839
Arkansas,2023-02-11,1391.8567387915273
Arkansas,2023-02-18,1722.2643120586172
Arkansas,2023-02-25,1854.5963362459981
Arkansas,2023-03-04,1826.4364988822251
Arkansas,2023-03-11,1582.8163859334504
Arkansas,2023-03-18,1659.770930614443
Arkansas,2023-03-25,1212.1541910428086
Arkansas,2023-04-01,1731.9948907086793
Arkansas,2023-04-08,1261.4711022589217
Arkansas,2023-04-15,1488.0326798852295
Arkansas,2023-04-22,1499.598038813524
Arkansas,2023-04-29,1403.9598988141013
Arkansas,2023-05-06,1701.8426010410597
Arkansas,2023-05-13,1722.260555782415
Arkansas,2023-05-20,1861.6401992726187
Arkansas,2023-05-27,1487.048018589138
Arkansas,2023-06-03,1557.6520733537052
Arkansas,2023-06-10,1719.8280899692647
Arkansas,2023-06-17,1758.34474004828
Arkansas,2023-06-24,1864.0396632865697
Arkansas,2023-07-01,2228.1467144844523
Arkansas,2023-07-08,1722.8628722493263
Arkansas,2023-07-15,1507.6393397146744
Arkansas,2023-07-22,1197.1527469222158
Arkansas,2023-07-29,1490.0516406719094
Arkansas,2023-08-05,1536.9580439731058
Arkansas,2023-08-12,1840.0794592741122
Arkansas,2023-08-19,1433.8063513788313
Arkansas,2023-08-26,1614.1541423650758
Arkansas,2023-09-02,1430.1266351758227
Arkansas,2023-09-09,1686.7594837705765
Arkansas,2023-09-16,1503.715856123564
Arkansas,2023-09-23,1394.7305085984988
Arkansas,2023-09-30,1344.6485884913634
Arkansas,2023-10-07,1623.4579473232943
Arkansas,2023-10-14,1632.9318572880175
Arkansas,2023-10-21,1500.7585855398484
Arkansas,2023-10-28,1578.4960611436559
Arkansas,2023-11-04,1670.5988131028773
Arkansas,2023-11-11,1304.2106716771427
Arkansas,2023-11-18,1850.8849349009429
Arkansas,2023-11-25,1725.4966933227267
Arkansas,2023-12-02,1848.3544522385437
Arkansas,2023-12-09,2010.6885271764472
Arkansas,2023-12-16,1527.312644963849
Arkansas,2023-12-23,2146.66688900241
Arkansas,2023-12-30,1426.2046434255171
Arkansas,2024-01-06,1311.885459517552
Arkansas,2024-01-13,1571.118570289303
Arkansas,2024-01-20,1370.547842284888
Arkansas,2024-01-27,1739.6816605244062
Arkansas,2024-02-03,2201.93439963182
Arkansas,2024-02-10,1817.1177645182374
Arkansas,2024-02-17,2063.7477532426533
Arkansas,2024-02-24,1084.6816371838372
Arkansas,2024-03-02,1261.2067013206554
Arkansas,2024-03-09,1215.0201507462418
Arkansas,2024-03-16,1644.7390429409538
Arkansas,2024-03-23,1630.1745214024288
Arkansas,2024-03-30,1424.286653004064
Arkansas,2024-04-06,1310.7724367567216
Arkansas,2024-04-13,1258.7780016718134
Arkansas,2024-04-20,1281.8346272366427
Arkansas,2024-04-27,1225.5879444565721
Arkansas,2024-05-04,1099.949024538957
Arkansas,2024-05-11,1236.4448308895799
Arkansas,2024-05-18,1295.7629619872787
Arkansas,2024-05-25,1302.918250473121
Arkansas,2024-06-01,1269.5000318606985
Arkansas,2024-06-08,1468.6733108731728
Arkansas,2024-06-15,1691.318727680103
Arkansas,2024-06-22,1850.924937700595
Arkansas,2024-06-29,1452.8807273181776
Arkansas,2024-07-06,1293.8825116328542
Arkansas,2024-07-13,1356.4240167193402
Arkansas,2024-07-20,1392.5184360317362
Arkansas,2024-07-27,1357.1404809760534
Arkansas,2024-08-03,1374.782471057323
Arkansas,2024-08-10,1528.7276029986776
Arkansas,2024-08-17,1293.896351887251
Arkansas,2024-08-24,1532.0387426808059
Arkansas,2024-08-31,1792.0451854887224
Arkansas,2024-09-07,1312.4898322773317
Arkansas,2024-09-14,1456.4526613074386
Arkansas,2024-09-21,1498.4095906536083
Arkansas,2024-09-28,1244.622940194925
Arkansas,2024-10-05,1379.724512110075
Arkansas,2024-10-12,1710.944963035416
Arkansas,2024-10-19,1484.1327518743403
Arkansas,2024-10-26,1527.2137009955657
Arkansas,2024-11-02,1347.2202466814585
Arkansas,2024-11-09,1682.0177313296483
Arkansas,2024-11-16,1343.2540067356354
Arkansas,2024-11-23,2006.8988089215027
Arkansas,2024-11-30,1020.2215174063545
Arkansas,2024-12-07,1644.9290605809283
Arkansas,2024-12-14,1493.5542274931142
Arkansas,2024-12-21,1722.1038820663778
Arkansas,2024-12-28,1519.498475354535
Arkansas,2025-01-04,1035.437671833727
Arkansas,2025-01-11,1318.3624560952462
Arkansas,2025-01-18,1686.9660164683842
Arkansas,2025-01-25,943.6556741031616
Arkansas,2025-02-01,1730.537290447881
Arkansas,2025-02-08,1728.778517628148
Arkansas,2025-02-15,1429.8905296401783
Arkansas,2025-02-22,758.5796015674746
Arkansas,2025-03-01,1481.4652879149326
Arkansas,2025-03-08,1414.781684234502
Arkansas,2025-03-15,1488.1568796754402
Arkansas,2025-03-22,1217.392541047315
Arkansas,2025-03-29,1963.1006557357744
Arkansas,2025-04-05,1476.8964986514818
Arkansas,2025-04-12,1586.739555227117
Arizona,2020-01-04,4161.336325700886
Arizona,2020-01-11,3991.535350897083
Arizona,2020-01-18,3406.3274057198655
Arizona,2020-01-25,2966.327850260601
Arizona,2020-02-01,2945.818932336408
Arizona,2020-02-08,3461.139734171494
Arizona,2020-02-15,4108.332027820834
Arizona,2020-02-22,3794.2002935671235
Arizona,2020-02-29,3960.4565939972504
Arizona,2020-03-07,3941.760542779258
Arizona,2020-03-14,4243.256525529838
Arizona,2020-03-21,33690.00833370213
Arizona,2020-03-28,95256.4655049325
Arizona,2020-04-04,140914.86912614264
Arizona,2020-04-11,77475.1303716548
Arizona,2020-04-18,56893.387337406915
Arizona,2020-04-25,38389.07043122452
Arizona,2020-05-02,32475.984042699314
Arizona,2020-05-09,25185.300367846394
Arizona,2020-05-16,28335.008858833393
Arizona,2020-05-23,24710.087721461197
Arizona,2020-05-30,20014.77962362074
Arizona,2020-06-06,22496.12538119155
Arizona,2020-06-13,19605.499754552467
Arizona,2020-06-20,24351.319941035334
Arizona,2020-06-27,25960.340293811158
Arizona,2020-07-04,24136.916480164033
Arizona,2020-07-11,21367.520460671556
Arizona,2020-07-18,17122.445750220628
Arizona,2020-07-25,17367.320327126425
Arizona,2020-08-01,15785.850688684905
Arizona,2020-08-08,12111.820979765249
Arizona,2020-08-15,13468.59597672182
Arizona,2020-08-22,13538.1499596135
Arizona,2020-08-29,13090.390240868483
Arizona,2020-09-05,12989.976597745606
Arizona,2020-09-12,9966.504043799867
Arizona,2020-09-19,7995.056018992705
Arizona,2020-09-26,9222.446901730025
Arizona,2020-10-03,9292.824375556103
Arizona,2020-10-10,8160.291072446457
Arizona,2020-10-17,8238.293491093733
Arizona,2020-10-24,8208.989251856028
Arizona,2020-10-31,7891.7161361528115
Arizona,2020-11-07,7496.153656527175
Arizona,2020-11-14,8293.694383022903
Arizona,2020-11-21,7571.524937141609
Arizona,2020-11-28,8641.288082362627
Arizona,2020-12-05,8374.846851831315
Arizona,2020-12-12,7883.668334778268
Arizona,2020-12-19,8231.724028176483
Arizona,2020-12-26,8758.670484785001
Arizona,2021-01-02,10618.582348340191
Arizona,2021-01-09,10556.899147871121
Arizona,2021-01-16,9849.799333591693
Arizona,2021-01-23,11126.076892171704
Arizona,2021-01-30,11721.372520890965
Arizona,2021-02-06,7301.139098211045
Arizona,2021-02-13,4532.170690951021
Arizona,2021-02-20,4946.548653117658
Arizona,2021-02-27,5250.235880117548
Arizona,2021-03-06,4983.26831800869
Arizona,2021-03-13,5762.174574210653
Arizona,2021-03-20,5535.410255728215
Arizona,2021-03-27,5754.587240364316
Arizona,2021-04-03,5508.776674615946
Arizona,2021-04-10,4876.645508164975
Arizona,2021-04-17,4953.054740388959
Arizona,2021-04-24,5602.010943473608
Arizona,2021-05-01,5485.507194716684
Arizona,2021-05-08,4753.855080519375
Arizona,2021-05-15,4768.460044522514
Arizona,2021-05-22,4431.0407414768515
Arizona,2021-05-29,3978.0420158704674
Arizona,2021-06-05,3690.1142179432277
Arizona,2021-06-12,3456.0388523123847
Arizona,2021-06-19,3343.2971903901557
Arizona,2021-06-26,3604.9454616443936
Arizona,2021-07-03,3562.3818689587947
Arizona,2021-07-10,2851.2366559997
Arizona,2021-07-17,2857.3345876726553
Arizona,2021-07-24,3007.371578442235
Arizona,2021-07-31,3198.5596826311616
Arizona,2021-08-07,3296.3274258099846
Arizona,2021-08-14,3026.8758551208093
Arizona,2021-08-21,3273.138041809334
Arizona,2021-08-28,3306.9870945961643
Arizona,2021-09-04,3159.60023214142
Arizona,2021-09-11,6466.5345258723455
Arizona,2021-09-18,7302.709744871439
Arizona,2021-09-25,4538.189941043807
Arizona,2021-10-02,3821.653609631157
Arizona,2021-10-09,3911.7912661481505
Arizona,2021-10-16,3510.0059465102318
Arizona,2021-10-23,3427.942818366417
Arizona,2021-10-30,3352.342713025314
Arizona,2021-11-06,3213.6396642958935
Arizona,2021-11-13,3415.1282519114193
Arizona,2021-11-20,2917.9052630275955
Arizona,2021-11-27,3035.079814886209
Arizona,2021-12-04,3068.0469925820503
Arizona,2021-12-11,2839.760895622341
Arizona,2021-12-18,2933.5467028740422
Arizona,2021-12-25,2466.6677419473667
Arizona,2022-01-01,2844.642743718262
Arizona,2022-01-08,2844.8480358671304
Arizona,2022-01-15,2517.00685952518
Arizona,2022-01-22,2280.871371480957
Arizona,2022-01-29,2139.529642214386
Arizona,2022-02-05,2750.0639967055686
Arizona,2022-02-12,2900.6821383539973
Arizona,2022-02-19,3035.60106000721
Arizona,2022-02-26,2841.364516885908
Arizona,2022-03-05,2944.8720408967465
Arizona,2022-03-12,2934.072800431402
Arizona,2022-03-19,2706.863828910645
Arizona,2022-03-26,2860.692819470145
Arizona,2022-04-02,2964.545454023571
Arizona,2022-04-09,3296.964626851941
Arizona,2022-04-16,3052.865699212472
Arizona,2022-04-23,2721.790277240924
Arizona,2022-04-30,2637.451787304265
Arizona,2022-05-07,2705.2060040344354
Arizona,2022-05-14,2760.174064447487
Arizona,2022-05-21,2943.9106296113328
Arizona,2022-05-28,2969.6651940189595
Arizona,2022-06-04,3135.2584148449337
Arizona,2022-06-11,3021.410484498808
Arizona,2022-06-18,3155.154410964711
Arizona,2022-06-25,3028.1147463648613
Arizona,2022-07-02,2406.761672771846
Arizona,2022-07-09,3735.8721084226936
Arizona,2022-07-16,3368.428532924332
Arizona,2022-07-23,3232.400593854302
Arizona,2022-07-30,3225.9498226346636
Arizona,2022-08-06,3394.011782060343
Arizona,2022-08-13,3261.9832447731746
Arizona,2022-08-20,3151.7099329379707
Arizona,2022-08-27,3170.5473159215844
Arizona,2022-09-03,3326.7990845852937
Arizona,2022-09-10,2519.739215067525
Arizona,2022-09-17,2326.6362689578327
Arizona,2022-09-24,3003.362642339712
Arizona,2022-10-01,3162.546683672181
Arizona,2022-10-08,3339.283778920361
Arizona,2022-10-15,3297.4198958397287
Arizona,2022-10-22,3493.00746237056
Arizona,2022-10-29,3478.3334855855874
Arizona,2022-11-05,3604.2348782241424
Arizona,2022-11-12,3153.847187816187
Arizona,2022-11-19,3580.440154088631
Arizona,2022-11-26,3314.3816383419953
Arizona,2022-12-03,3345.6159455631478
Arizona,2022-12-10,3380.830460572446
Arizona,2022-12-17,3261.317284200751
Arizona,2022-12-24,3232.0014089083334
Arizona,2022-12-31,2845.9713951632493
Arizona,2023-01-07,2891.1615100717804
Arizona,2023-01-14,2815.6347920112185
Arizona,2023-01-21,2668.4146359466586
Arizona,2023-01-28,2395.6541671955656
Arizona,2023-02-04,3190.7976867279563
Arizona,2023-02-11,3898.154498980932
Arizona,2023-02-18,3600.336044990701
Arizona,2023-02-25,3580.5813017667947
Arizona,2023-03-04,3664.651371466805
Arizona,2023-03-11,3247.570420944012
Arizona,2023-03-18,3451.8827538313444
Arizona,2023-03-25,3279.4614051731874
Arizona,2023-04-01,3165.657834070396
Arizona,2023-04-08,3414.1236369642565
Arizona,2023-04-15,3298.633951232406
Arizona,2023-04-22,3419.7601015548516
Arizona,2023-04-29,3559.88054634428
Arizona,2023-05-06,3701.608923243816
Arizona,2023-05-13,3530.6820188338884
Arizona,2023-05-20,3683.3371045277686
Arizona,2023-05-27,3706.171258671549
Arizona,2023-06-03,3694.730322794295
Arizona,2023-06-10,3743.750588752358
Arizona,2023-06-17,3736.515599389336
Arizona,2023-06-24,3594.099072126317
Arizona,2023-07-01,3432.2107123380606
Arizona,2023-07-08,3561.6257314302857
Arizona,2023-07-15,3834.0031736770316
Arizona,2023-07-22,3922.975467062183
Arizona,2023-07-29,3989.8303938434374
Arizona,2023-08-05,4014.4113637780483
Arizona,2023-08-12,3891.3963013761436
Arizona,2023-08-19,3932.319204253877
Arizona,2023-08-26,3918.7293809485827
Arizona,2023-09-02,3867.3323609791864
Arizona,2023-09-09,3019.308364342366
Arizona,2023-09-16,2870.811620719388
Arizona,2023-09-23,3619.0913097554107
Arizona,2023-09-30,3695.665029093866
Arizona,2023-10-07,3788.22849912057
Arizona,2023-10-14,3800.8516971528434
Arizona,2023-10-21,4055.696142924907
Arizona,2023-10-28,4055.173591327231
Arizona,2023-11-04,4033.4218348459012
Arizona,2023-11-11,3945.60798810477
Arizona,2023-11-18,4125.496813667598
Arizona,2023-11-25,3823.3316277503163
Arizona,2023-12-02,3739.2178215117538
Arizona,2023-12-09,4039.226689080153
Arizona,2023-12-16,3820.8684908942037
Arizona,2023-12-23,4033.335091562586
Arizona,2023-12-30,3053.241020581301
Arizona,2024-01-06,2785.6697077167437
Arizona,2024-01-13,3354.641802020359
Arizona,2024-01-20,2967.181469785856
Arizona,2024-01-27,2924.152809377275
Arizona,2024-02-03,3546.8115097697987
Arizona,2024-02-10,4039.8211206299266
Arizona,2024-02-17,3929.0623795333304
Arizona,2024-02-24,3941.206156890977
Arizona,2024-03-02,3826.689785200358
Arizona,2024-03-09,3737.6864192102057
Arizona,2024-03-16,3822.670292736407
Arizona,2024-03-23,3599.696206004926
Arizona,2024-03-30,3693.444820859948
Arizona,2024-04-06,3359.868793355198
Arizona,2024-04-13,3703.7982261278885
Arizona,2024-04-20,3523.4334436600584
Arizona,2024-04-27,3514.5894452457524
Arizona,2024-05-04,3732.7215844521156
Arizona,2024-05-11,3802.000124751309
Arizona,2024-05-18,3603.324538212184
Arizona,2024-05-25,3836.1964034188577
Arizona,2024-06-01,3810.1329440709783
Arizona,2024-06-08,4026.215302643274
Arizona,2024-06-15,3919.9548093291446
Arizona,2024-06-22,3998.3735905273566
Arizona,2024-06-29,4065.27331575976
Arizona,2024-07-06,3293.5543822111968
Arizona,2024-07-13,4151.041136590962
Arizona,2024-07-20,3994.037261402835
Arizona,2024-07-27,3945.1946101340272
Arizona,2024-08-03,4171.329850946178
Arizona,2024-08-10,4440.683072716422
Arizona,2024-08-17,4279.2566581720575
Arizona,2024-08-24,4301.208104774044
Arizona,2024-08-31,4313.959432575835
Arizona,2024-09-07,3428.3181658402937
Arizona,2024-09-14,3247.4127150503186
Arizona,2024-09-21,4077.517032940821
Arizona,2024-09-28,4287.111421060593
Arizona,2024-10-05,3863.395849062348
Arizona,2024-10-12,4047.3113493038113
Arizona,2024-10-19,3684.586691938314
Arizona,2024-10-26,3710.5517722653067
Arizona,2024-11-02,3297.8398301726415
Arizona,2024-11-09,4167.301012185573
Arizona,2024-11-16,2984.582097112013
Arizona,2024-11-23,4771.406150703013
Arizona,2024-11-30,2255.8165318094943
Arizona,2024-12-07,3525.49537583279
Arizona,2024-12-14,3324.5301820280447
Arizona,2024-12-21,3528.0015379420174
Arizona,2024-12-28,2351.713057627895
Arizona,2025-01-04,2056.6613174583595
Arizona,2025-01-11,2940.336566016377
Arizona,2025-01-18,2747.8012517953593
Arizona,2025-01-25,2365.4763530739165
Arizona,2025-02-01,3088.94346462775
Arizona,2025-02-08,3568.3731830111424
Arizona,2025-02-15,3472.6987136298267
Arizona,2025-02-22,3597.2650139255647
Arizona,2025-03-01,3683.438433928666
Arizona,2025-03-08,3967.2903102898636
Arizona,2025-03-15,4289.885550737524
Arizona,2025-03-22,4045.2402767273447
Arizona,2025-03-29,3466.7943608071764
Arizona,2025-04-05,2988.7342109859833
Arizona,2025-04-12,3485.5120470175316
California,2020-01-04,35863.050983784706
California,2020-01-11,40365.57613547833
California,2020-01-18,53473.37573276425
California,2020-01-25,48213.62396578906
California,2020-02-01,41131.40329073493
California,2020-02-08,36181.871804737544
California,2020-02-15,39243.98750593352
California,2020-02-22,38151.361480687
California,2020-02-29,47513.25461726801
California,2020-03-07,41531.59426384299
California,2020-03-14,54704.12320247417
California,2020-03-21,196424.2643782853
California,2020-03-28,1049083.2861377564
California,2020-04-04,985904.9574704729
California,2020-04-11,666650.7079631288
California,2020-04-18,536301.3325829041
California,2020-04-25,335415.79818190023
California,2020-05-02,346588.21347111225
California,2020-05-09,220093.0621619646
California,2020-05-16,250534.40779231855
California,2020-05-23,218429.98643948897
California,2020-05-30,243528.63755041824
California,2020-06-06,277886.3563143265
California,2020-06-13,228136.08621372384
California,2020-06-20,269472.77668463223
California,2020-06-27,291567.45046521805
California,2020-07-04,253665.57263516402
California,2020-07-11,280047.43085121486
California,2020-07-18,267136.38022028527
California,2020-07-25,243999.46422287502
California,2020-08-01,232452.17227516448
California,2020-08-08,207124.22921186176
California,2020-08-15,206428.04063219868
California,2020-08-22,215024.9390485886
California,2020-08-29,242227.129896932
California,2020-09-05,260851.6714825149
California,2020-09-12,259446.89882910487
California,2020-09-19,241529.773021201
California,2020-09-26,181044.4783666081
California,2020-10-03,164021.54894859364
California,2020-10-10,175467.4127643603
California,2020-10-17,158350.53006277853
California,2020-10-24,159867.43828954
California,2020-10-31,156267.28548838018
California,2020-11-07,156319.8494377671
California,2020-11-14,152974.22145837668
California,2020-11-21,153491.29840623445
California,2020-11-28,150499.7877726216
California,2020-12-05,153817.79431555595
California,2020-12-12,175341.17989748897
California,2020-12-19,149279.47174942927
California,2020-12-26,158556.85940396984
California,2021-01-02,157231.9366783365
California,2021-01-09,141783.76592506166
California,2021-01-16,96662.33182738823
California,2021-01-23,61568.70052267817
California,2021-01-30,103402.06500336147
California,2021-02-06,123561.37885902387
California,2021-02-13,126103.77230500257
California,2021-02-20,98669.57078105006
California,2021-02-27,101435.6343714975
California,2021-03-06,102209.74648253497
California,2021-03-13,103819.70067973637
California,2021-03-20,101194.86984730496
California,2021-03-27,105474.83804899424
California,2021-04-03,87314.78199531656
California,2021-04-10,70642.56730066732
California,2021-04-17,73970.32253005364
California,2021-04-24,81039.6849844209
California,2021-05-01,77546.36888737927
California,2021-05-08,72368.76223297314
California,2021-05-15,72036.93168403243
California,2021-05-22,76357.32545413254
California,2021-05-29,76693.72223528769
California,2021-06-05,57440.95506875705
California,2021-06-12,64270.527237309514
California,2021-06-19,60527.9878510667
California,2021-06-26,59140.376820626836
California,2021-07-03,56374.49140213035
California,2021-07-10,55952.67344253145
California,2021-07-17,52100.97547332449
California,2021-07-24,64318.72671578698
California,2021-07-31,65125.30088796183
California,2021-08-07,66968.21391580552
California,2021-08-14,70178.63675820894
California,2021-08-21,69171.47305943597
California,2021-08-28,62152.3199127515
California,2021-09-04,61671.00905134181
California,2021-09-11,59230.90826705056
California,2021-09-18,73484.40748557968
California,2021-09-25,83237.95340204272
California,2021-10-02,70813.02499863447
California,2021-10-09,62916.27266518299
California,2021-10-16,72189.56180806133
California,2021-10-23,62766.79525999597
California,2021-10-30,60726.77073461416
California,2021-11-06,54526.12471150727
California,2021-11-13,57522.93044645761
California,2021-11-20,47903.85795097836
California,2021-11-27,54109.65042541729
California,2021-12-04,47648.71178177771
California,2021-12-11,47988.311060853564
California,2021-12-18,52849.64299756835
California,2021-12-25,45905.11070065744
California,2022-01-01,49003.069718420855
California,2022-01-08,47722.41646898078
California,2022-01-15,51342.949218017224
California,2022-01-22,57307.34196968822
California,2022-01-29,48838.454167361895
California,2022-02-05,42418.21047339923
California,2022-02-12,41313.45408151399
California,2022-02-19,47504.05666056325
California,2022-02-26,43482.18622803005
California,2022-03-05,41748.89683150215
California,2022-03-12,42624.88758230489
California,2022-03-19,41170.10752413116
California,2022-03-26,41941.523558240246
California,2022-04-02,46561.51715093177
California,2022-04-09,47402.873344316016
California,2022-04-16,46995.89616660698
California,2022-04-23,44784.92628709315
California,2022-04-30,44520.11997853159
California,2022-05-07,45194.90106416601
California,2022-05-14,46777.57445997371
California,2022-05-21,42468.019768093225
California,2022-05-28,44129.00729425119
California,2022-06-04,44786.84833216837
California,2022-06-11,42697.084463354506
California,2022-06-18,41672.073260738
California,2022-06-25,43616.01476500877
California,2022-07-02,42452.10821272119
California,2022-07-09,39821.004113786155
California,2022-07-16,39844.36420379912
California,2022-07-23,39964.956613403665
California,2022-07-30,41537.021384874555
California,2022-08-06,43403.1267293531
California,2022-08-13,42565.46761746236
California,2022-08-20,40534.749651743165
California,2022-08-27,40067.98563841209
California,2022-09-03,39178.548446442044
California,2022-09-10,38450.268266853855
California,2022-09-17,36973.931536906886
California,2022-09-24,36330.494289208546
California,2022-10-01,39410.41204993703
California,2022-10-08,40466.03418578252
California,2022-10-15,37430.414080928116
California,2022-10-22,40005.72966501927
California,2022-10-29,41065.255309020155
California,2022-11-05,43082.50469410118
California,2022-11-12,41673.134832926706
California,2022-11-19,43523.24224961246
California,2022-11-26,42125.81206723135
California,2022-12-03,44582.23609218747
California,2022-12-10,40295.665895086575
California,2022-12-17,42059.73884958961
California,2022-12-24,38959.81432620125
California,2022-12-31,41393.8913356685
California,2023-01-07,46449.953266510274
California,2023-01-14,52516.16784436591
California,2023-01-21,50877.237413675335
California,2023-01-28,43124.65505865541
California,2023-02-04,46923.92485193532
California,2023-02-11,43437.118821448385
California,2023-02-18,47315.36671699257
California,2023-02-25,46212.50545660044
California,2023-03-04,48299.564102390184
California,2023-03-11,45243.00492545007
California,2023-03-18,47257.86506994752
California,2023-03-25,46374.47227967085
California,2023-04-01,42867.1124416317
California,2023-04-08,51452.784124805774
California,2023-04-15,46827.40116091245
California,2023-04-22,43692.108104212886
California,2023-04-29,47228.10581121551
California,2023-05-06,46666.55550229846
California,2023-05-13,45942.224024264906
California,2023-05-20,47657.37343240969
California,2023-05-27,46415.87619747971
California,2023-06-03,51789.51151936041
California,2023-06-10,45422.34985801444
California,2023-06-17,51477.4898397847
California,2023-06-24,45613.32570120015
California,2023-07-01,42840.091780581286
California,2023-07-08,44390.595309821794
California,2023-07-15,45234.247521917336
California,2023-07-22,43610.193098280644
California,2023-07-29,42523.18148126672
California,2023-08-05,43961.57020174038
California,2023-08-12,42318.214640040605
California,2023-08-19,41429.067153016775
California,2023-08-26,41770.25998076925
California,2023-09-02,41171.876859111835
California,2023-09-09,41944.703586741096
California,2023-09-16,37418.16546479949
California,2023-09-23,39918.182147507236
California,2023-09-30,43108.87316054271
California,2023-10-07,42653.36045247363
California,2023-10-14,40364.15191553713
California,2023-10-21,42629.98618935472
California,2023-10-28,42449.81133403853
California,2023-11-04,43922.69428498953
California,2023-11-11,42716.2393935401
California,2023-11-18,47183.79424506634
California,2023-11-25,43260.479097292686
California,2023-12-02,43854.99164714011
California,2023-12-09,40610.5092959828
California,2023-12-16,40931.634988983875
California,2023-12-23,45495.40305361876
California,2023-12-30,39411.266240432036
California,2024-01-06,38668.44095512414
California,2024-01-13,42671.1898983155
California,2024-01-20,49829.34502508649
California,2024-01-27,49347.651437609384
California,2024-02-03,42841.90886326952
California,2024-02-10,45056.74063289133
California,2024-02-17,44609.35660139222
California,2024-02-24,46980.870867897494
California,2024-03-02,44762.414377718065
California,2024-03-09,44843.212614436605
California,2024-03-16,43671.62244295752
California,2024-03-23,40532.9322941184
California,2024-03-30,46179.522356708476
California,2024-04-06,43129.210587003625
California,2024-04-13,45484.51626613014
California,2024-04-20,46421.06067976388
California,2024-04-27,43774.90331878854
California,2024-05-04,45059.32671016084
California,2024-05-11,43407.473561065046
California,2024-05-18,42866.70483942506
California,2024-05-25,41354.30142889941
California,2024-06-01,44315.44212412721
California,2024-06-08,47807.429558472715
California,2024-06-15,43849.68654466655
California,2024-06-22,47376.215406459596
California,2024-06-29,44590.32876448348
California,2024-07-06,40175.837932192015
California,2024-07-13,43500.96140951889
California,2024-07-20,41720.25516699696
California,2024-07-27,42699.05716724749
California,2024-08-03,42426.36204779658
California,2024-08-10,42180.49039384515
California,2024-08-17,43542.01509558629
California,2024-08-24,42926.43853604489
California,2024-08-31,40806.43331678904
California,2024-09-07,42138.711329533784
California,2024-09-14,40381.504767448416
California,2024-09-21,40127.54324268647
California,2024-09-28,42703.83522921965
California,2024-10-05,42506.87436536493
California,2024-10-12,42334.17370927019
California,2024-10-19,42788.61818902432
California,2024-10-26,39819.05240271198
California,2024-11-02,42285.909846136296
California,2024-11-09,46795.2309117282
California,2024-11-16,39696.59190881512
California,2024-11-23,55486.71834694646
California,2024-11-30,32667.476213802045
California,2024-12-07,44925.66544450605
California,2024-12-14,44304.656123488916
California,2024-12-21,45935.18098667863
California,2024-12-28,38695.372548408224
California,2025-01-04,32229.264749333797
California,2025-01-11,44722.46744037843
California,2025-01-18,63411.76453207308
California,2025-01-25,43505.133316349624
California,2025-02-01,44236.620053603656
California,2025-02-08,45657.436954480596
California,2025-02-15,49097.55959441738
California,2025-02-22,48288.46007673685
California,2025-03-01,40265.11277920396
California,2025-03-08,44007.542225619865
California,2025-03-15,45030.43101032674
California,2025-03-22,40533.92356172158
California,2025-03-29,44236.28479396016
California,2025-04-05,47431.350868638896
California,2025-04-12,43991.40690843945
Colorado,2020-01-04,1641.4475821675644
Colorado,2020-01-11,1853.8321462050383
Colorado,2020-01-18,2034.4198767842292
Colorado,2020-01-25,2040.1718998930521
Colorado,2020-02-01,1818.9776207167663
Colorado,2020-02-08,2081.5413225605125
Colorado,2020-02-15,2037.2167176165053
Colorado,2020-02-22,1839.6178886704583
Colorado,2020-02-29,1703.5047289723034
Colorado,2020-03-07,1950.7784740973507
Colorado,2020-03-14,2373.6757133631854
Colorado,2020-03-21,22430.06403453866
Colorado,2020-03-28,66392.51496719636
Colorado,2020-04-04,54656.46409998483
Colorado,2020-04-11,95589.96504820138
Colorado,2020-04-18,71520.00101906479
Colorado,2020-04-25,39225.13745362971
Colorado,2020-05-02,32791.580835525936
Colorado,2020-05-09,26284.74686939867
Colorado,2020-05-16,20582.12896595458
Colorado,2020-05-23,17380.13887218974
Colorado,2020-05-30,13348.747956074432
Colorado,2020-06-06,14032.976403532757
Colorado,2020-06-13,10516.509047384374
Colorado,2020-06-20,11724.779490788265
Colorado,2020-06-27,9605.059536723324
Colorado,2020-07-04,9164.034595558158
Colorado,2020-07-11,10865.721279193833
Colorado,2020-07-18,8597.525950034104
Colorado,2020-07-25,9443.409044380565
Colorado,2020-08-01,8062.487019065258
Colorado,2020-08-08,6637.061223160855
Colorado,2020-08-15,7964.1690429934415
Colorado,2020-08-22,7571.277319803466
Colorado,2020-08-29,7163.667976198328
Colorado,2020-09-05,7478.529383962676
Colorado,2020-09-12,7209.242886863579
Colorado,2020-09-19,6364.113114998839
Colorado,2020-09-26,6593.53892395813
Colorado,2020-10-03,7933.861156732177
Colorado,2020-10-10,6643.6545034724695
Colorado,2020-10-17,6523.61809536753
Colorado,2020-10-24,6726.386003417654
Colorado,2020-10-31,7945.053963068858
Colorado,2020-11-07,7647.7733424698135
Colorado,2020-11-14,8880.276319307251
Colorado,2020-11-21,11448.10886523265
Colorado,2020-11-28,15152.071505895663
Colorado,2020-12-05,13125.418888933225
Colorado,2020-12-12,13519.75406756122
Colorado,2020-12-19,13493.393016133388
Colorado,2020-12-26,14160.105268967467
Colorado,2021-01-02,17038.374450191823
Colorado,2021-01-09,8795.355580695546
Colorado,2021-01-16,4673.841699479708
Colorado,2021-01-23,4218.932186701206
Colorado,2021-01-30,4525.69444139291
Colorado,2021-02-06,5239.076809845093
Colorado,2021-02-13,4565.062359529969
Colorado,2021-02-20,5642.351107517179
Colorado,2021-02-27,5770.229581658713
Colorado,2021-03-06,4651.5345170567925
Colorado,2021-03-13,6405.140453594843
Colorado,2021-03-20,5258.712292106869
Colorado,2021-03-27,5593.728823362544
Colorado,2021-04-03,5408.307029191608
Colorado,2021-04-10,6158.336787378387
Colorado,2021-04-17,5606.2189772628435
Colorado,2021-04-24,5092.105035429298
Colorado,2021-05-01,4606.546475625364
Colorado,2021-05-08,4826.347590747407
Colorado,2021-05-15,4724.290596815984
Colorado,2021-05-22,4568.657918435523
Colorado,2021-05-29,4186.21171623518
Colorado,2021-06-05,4087.3266895310326
Colorado,2021-06-12,3866.452998831261
Colorado,2021-06-19,4112.396441790511
Colorado,2021-06-26,4182.633490141489
Colorado,2021-07-03,5264.002717983331
Colorado,2021-07-10,5181.653894085897
Colorado,2021-07-17,4490.748521082167
Colorado,2021-07-24,3903.322738015707
Colorado,2021-07-31,4257.920101459747
Colorado,2021-08-07,4127.5256362940645
Colorado,2021-08-14,3723.31471971247
Colorado,2021-08-21,3933.3737487425683
Colorado,2021-08-28,3950.2197794728286
Colorado,2021-09-04,3369.1202679865014
Colorado,2021-09-11,2527.626639699027
Colorado,2021-09-18,3394.193661332714
Colorado,2021-09-25,2667.521814772859
Colorado,2021-10-02,2702.257829358349
Colorado,2021-10-09,2512.8902375763023
Colorado,2021-10-16,2468.3041899298228
Colorado,2021-10-23,2251.361614057762
Colorado,2021-10-30,2176.040977556685
Colorado,2021-11-06,2092.0465662743395
Colorado,2021-11-13,2098.272785930828
Colorado,2021-11-20,1562.0601838254693
Colorado,2021-11-27,1422.4645779222997
Colorado,2021-12-04,1569.246393070971
Colorado,2021-12-11,1740.8458521933883
Colorado,2021-12-18,1606.7277233083687
Colorado,2021-12-25,1426.8624815993442
Colorado,2022-01-01,1490.8746447659325
Colorado,2022-01-08,2755.112086662603
Colorado,2022-01-15,2985.4829357567137
Colorado,2022-01-22,3073.4567438314925
Colorado,2022-01-29,3014.762323062049
Colorado,2022-02-05,2644.278722817605
Colorado,2022-02-12,2675.403213130594
Colorado,2022-02-19,2539.107397359333
Colorado,2022-02-26,2502.0542390437936
Colorado,2022-03-05,2329.428236898016
Colorado,2022-03-12,2120.0472872907726
Colorado,2022-03-19,2232.3437857778945
Colorado,2022-03-26,2250.375357728962
Colorado,2022-04-02,2478.8073883794873
Colorado,2022-04-09,2380.3338272722754
Colorado,2022-04-16,2632.8716056930366
Colorado,2022-04-23,2493.802386348917
Colorado,2022-04-30,2636.276597496443
Colorado,2022-05-07,2797.0615289932866
Colorado,2022-05-14,2414.586748083073
Colorado,2022-05-21,2495.513291846316
Colorado,2022-05-28,2518.5512159316086
Colorado,2022-06-04,2505.9651708553306
Colorado,2022-06-11,2407.79637888968
Colorado,2022-06-18,2464.8617625196543
Colorado,2022-06-25,2304.058926574621
Colorado,2022-07-02,2645.872248894125
Colorado,2022-07-09,2529.569564428581
Colorado,2022-07-16,2524.5343458956077
Colorado,2022-07-23,2669.5813548379547
Colorado,2022-07-30,2543.502602219415
Colorado,2022-08-06,2559.59847845539
Colorado,2022-08-13,2410.6149305287854
Colorado,2022-08-20,2468.8693897986313
Colorado,2022-08-27,2512.1100731816073
Colorado,2022-09-03,2538.3103380818434
Colorado,2022-09-10,2648.919258371843
Colorado,2022-09-17,2526.9821576857557
Colorado,2022-09-24,2615.988602286144
Colorado,2022-10-01,2907.3398967650096
Colorado,2022-10-08,2609.3404200338327
Colorado,2022-10-15,2689.1941931589713
Colorado,2022-10-22,2974.8552823548675
Colorado,2022-10-29,2752.608356776308
Colorado,2022-11-05,2796.1789708764036
Colorado,2022-11-12,2623.082163193527
Colorado,2022-11-19,2552.6898059250584
Colorado,2022-11-26,1943.0936728194195
Colorado,2022-12-03,2331.8643816405183
Colorado,2022-12-10,2056.807335905303
Colorado,2022-12-17,2299.782261378969
Colorado,2022-12-24,2240.759084294157
Colorado,2022-12-31,1725.1742379424627
Colorado,2023-01-07,2464.7751627317903
Colorado,2023-01-14,2991.9362898464337
Colorado,2023-01-21,3019.7183897215555
Colorado,2023-01-28,3035.180324661115
Colorado,2023-02-04,2611.571183905494
Colorado,2023-02-11,2490.956249109181
Colorado,2023-02-18,2494.6483184172434
Colorado,2023-02-25,2535.496033247295
Colorado,2023-03-04,2800.1254558491196
Colorado,2023-03-11,2563.897032917495
Colorado,2023-03-18,2716.6988653140534
Colorado,2023-03-25,2602.5333335567766
Colorado,2023-04-01,2294.7550549253224
Colorado,2023-04-08,2276.125664327176
Colorado,2023-04-15,1973.0676370374322
Colorado,2023-04-22,1999.708911104034
Colorado,2023-04-29,1859.2687582343337
Colorado,2023-05-06,1615.3348309233654
Colorado,2023-05-13,2252.7022729991277
Colorado,2023-05-20,2453.497560747441
Colorado,2023-05-27,2468.4360985951203
Colorado,2023-06-03,2572.3909257048517
Colorado,2023-06-10,2532.3899651763563
Colorado,2023-06-17,2197.8838614011356
Colorado,2023-06-24,2482.917888570047
Colorado,2023-07-01,1995.0963309704061
Colorado,2023-07-08,2310.278430027569
Colorado,2023-07-15,2414.684348409531
Colorado,2023-07-22,2691.906198914505
Colorado,2023-07-29,2499.629713459328
Colorado,2023-08-05,2874.8881786729494
Colorado,2023-08-12,2773.9208774046874
Colorado,2023-08-19,2743.317973811251
Colorado,2023-08-26,2740.594792872736
Colorado,2023-09-02,2957.435347496432
Colorado,2023-09-09,3173.1264379233235
Colorado,2023-09-16,3013.4666597316104
Colorado,2023-09-23,3199.1275856884467
Colorado,2023-09-30,2550.7919887246717
Colorado,2023-10-07,3365.3853986525387
Colorado,2023-10-14,2950.8638892919635
Colorado,2023-10-21,3029.145006315906
Colorado,2023-10-28,2889.515282730002
Colorado,2023-11-04,2898.9497409122537
Colorado,2023-11-11,2630.7999481532725
Colorado,2023-11-18,2331.4666881965354
Colorado,2023-11-25,1862.7932530979992
Colorado,2023-12-02,1856.6894221260393
Colorado,2023-12-09,1767.3458476014844
Colorado,2023-12-16,1573.3006555557674
Colorado,2023-12-23,1511.6433777133873
Colorado,2023-12-30,950.7026720246527
Colorado,2024-01-06,1635.7705841889176
Colorado,2024-01-13,2190.107044198724
Colorado,2024-01-20,2179.7030649504327
Colorado,2024-01-27,2071.983292705189
Colorado,2024-02-03,2614.0871484371946
Colorado,2024-02-10,2919.795440458966
Colorado,2024-02-17,2638.8933300960225
Colorado,2024-02-24,2555.7637873100234
Colorado,2024-03-02,2857.6551159431433
Colorado,2024-03-09,2667.189254826018
Colorado,2024-03-16,2806.31022663339
Colorado,2024-03-23,2767.875797817397
Colorado,2024-03-30,2900.004074553441
Colorado,2024-04-06,2721.295623575101
Colorado,2024-04-13,2963.8309681757355
Colorado,2024-04-20,3293.280124527496
Colorado,2024-04-27,3475.722566699258
Colorado,2024-05-04,3454.9896025762464
Colorado,2024-05-11,3241.109596222935
Colorado,2024-05-18,2973.1658138124694
Colorado,2024-05-25,3049.5582038799325
Colorado,2024-06-01,2912.019381951598
Colorado,2024-06-08,3062.1659458912504
Colorado,2024-06-15,3114.7421797160478
Colorado,2024-06-22,2807.308055667342
Colorado,2024-06-29,2984.553144012508
Colorado,2024-07-06,2219.6792759088403
Colorado,2024-07-13,2943.7783729984308
Colorado,2024-07-20,2724.805969132578
Colorado,2024-07-27,3065.4774838778885
Colorado,2024-08-03,2923.885902355408
Colorado,2024-08-10,3267.4685788210077
Colorado,2024-08-17,3113.531595649551
Colorado,2024-08-24,3092.48569806549
Colorado,2024-08-31,3206.6783264678293
Colorado,2024-09-07,3577.43516683271
Colorado,2024-09-14,3264.7962490238424
Colorado,2024-09-21,3462.2181968048344
Colorado,2024-09-28,3491.7567685905256
Colorado,2024-10-05,3096.776826001997
Colorado,2024-10-12,3339.4037411257996
Colorado,2024-10-19,3226.3607382560053
Colorado,2024-10-26,3367.0199269099603
Colorado,2024-11-02,3080.0705039457325
Colorado,2024-11-09,3639.9003316400062
Colorado,2024-11-16,2546.6905349358103
Colorado,2024-11-23,3227.9003883621417
Colorado,2024-11-30,1696.4640016240514
Colorado,2024-12-07,2358.4995913205507
Colorado,2024-12-14,2703.878369321527
Colorado,2024-12-21,2870.681142421497
Colorado,2024-12-28,1513.1567386415104
Colorado,2025-01-04,1939.080008976213
Colorado,2025-01-11,3432.377706469824
Colorado,2025-01-18,3481.679679438559
Colorado,2025-01-25,3022.751975861683
Colorado,2025-02-01,2836.3306820707708
Colorado,2025-02-08,3123.6093357026275
Colorado,2025-02-15,3150.6667276960748
Colorado,2025-02-22,3271.215505724328
Colorado,2025-03-01,3141.1194411336965
Colorado,2025-03-08,3233.7624324232625
Colorado,2025-03-15,3272.51616969981
Colorado,2025-03-22,2976.1643566911653
Colorado,2025-03-29,3001.468822483301
Colorado,2025-04-05,3067.7420600329324
Colorado,2025-04-12,3506.265961637795
Connecticut,2020-01-04,3561.332810871303
Connecticut,2020-01-11,3353.8731284339256
Connecticut,2020-01-18,2428.96604258329
Connecticut,2020-01-25,2377.398238677148
Connecticut,2020-02-01,2599.29433297241
Connecticut,2020-02-08,2979.847805151231
Connecticut,2020-02-15,2783.136749831491
Connecticut,2020-02-22,2655.664837225061
Connecticut,2020-02-29,3160.2197449068285
Connecticut,2020-03-07,2828.496072993407
Connecticut,2020-03-14,4172.858471577925
Connecticut,2020-03-21,30268.120479435078
Connecticut,2020-03-28,43775.894394448325
Connecticut,2020-04-04,46074.44353450749
Connecticut,2020-04-11,36184.92343232669
Connecticut,2020-04-18,78742.94035116972
Connecticut,2020-04-25,28842.122762616276
Connecticut,2020-05-02,44896.86746959252
Connecticut,2020-05-09,40115.385522854216
Connecticut,2020-05-16,31087.359645950644
Connecticut,2020-05-23,16303.139104533499
Connecticut,2020-05-30,14218.304928237336
Connecticut,2020-06-06,20885.769864017177
Connecticut,2020-06-13,13533.996008631178
Connecticut,2020-06-20,8050.689274312828
Connecticut,2020-06-27,6134.586587893184
Connecticut,2020-07-04,9133.33857248313
Connecticut,2020-07-11,9301.98351369618
Connecticut,2020-07-18,8398.61218705724
Connecticut,2020-07-25,9566.204844100788
Connecticut,2020-08-01,7453.56769420294
Connecticut,2020-08-08,7014.947176799936
Connecticut,2020-08-15,8604.478821441367
Connecticut,2020-08-22,6198.927669155307
Connecticut,2020-08-29,6704.014714460637
Connecticut,2020-09-05,6137.420034967161
Connecticut,2020-09-12,7534.529640734197
Connecticut,2020-09-19,8227.889435076559
Connecticut,2020-09-26,8329.639108450398
Connecticut,2020-10-03,7474.044235529033
Connecticut,2020-10-10,7712.256829705773
Connecticut,2020-10-17,7420.774233333195
Connecticut,2020-10-24,9396.216587330291
Connecticut,2020-10-31,7755.410335212336
Connecticut,2020-11-07,7588.720591289145
Connecticut,2020-11-14,8078.57898938714
Connecticut,2020-11-21,7713.1215890723515
Connecticut,2020-11-28,6586.821201864617
Connecticut,2020-12-05,7591.7515862631135
Connecticut,2020-12-12,7710.386885108419
Connecticut,2020-12-19,6466.6940406221165
Connecticut,2020-12-26,6201.936819335017
Connecticut,2021-01-02,4222.619519767172
Connecticut,2021-01-09,5763.103741909683
Connecticut,2021-01-16,6794.800928974389
Connecticut,2021-01-23,8484.949631087482
Connecticut,2021-01-30,8719.877181153935
Connecticut,2021-02-06,7331.194854860858
Connecticut,2021-02-13,6810.9541016709545
Connecticut,2021-02-20,7363.880484987109
Connecticut,2021-02-27,6424.927937235831
Connecticut,2021-03-06,5514.83979091354
Connecticut,2021-03-13,5626.080695110005
Connecticut,2021-03-20,5513.3803518716
Connecticut,2021-03-27,6997.134111683723
Connecticut,2021-04-03,7758.471471340835
Connecticut,2021-04-10,6407.016251791412
Connecticut,2021-04-17,5532.256810330898
Connecticut,2021-04-24,5151.969024695416
Connecticut,2021-05-01,6109.98932468471
Connecticut,2021-05-08,6604.899560059902
Connecticut,2021-05-15,5598.35925827501
Connecticut,2021-05-22,4661.266116317564
Connecticut,2021-05-29,4349.152112761786
Connecticut,2021-06-05,5018.23912130362
Connecticut,2021-06-12,4617.910889208951
Connecticut,2021-06-19,3895.045804890377
Connecticut,2021-06-26,3967.2304263756077
Connecticut,2021-07-03,3715.281607295249
Connecticut,2021-07-10,4118.849154030412
Connecticut,2021-07-17,2675.721393613762
Connecticut,2021-07-24,2818.2701687208655
Connecticut,2021-07-31,2400.8170023844336
Connecticut,2021-08-07,3342.7436351834976
Connecticut,2021-08-14,3370.817350002741
Connecticut,2021-08-21,3291.789792728987
Connecticut,2021-08-28,3807.2948110066054
Connecticut,2021-09-04,3953.5289573485993
Connecticut,2021-09-11,3773.8165852720845
Connecticut,2021-09-18,3935.4950633832436
Connecticut,2021-09-25,3825.156304438937
Connecticut,2021-10-02,3766.970096615997
Connecticut,2021-10-09,3994.6036642244517
Connecticut,2021-10-16,3804.0965523776313
Connecticut,2021-10-23,3676.6445888589606
Connecticut,2021-10-30,3861.806417431481
Connecticut,2021-11-06,3911.314826801779
Connecticut,2021-11-13,3713.773686561029
Connecticut,2021-11-20,3142.856048792318
Connecticut,2021-11-27,3274.034340883119
Connecticut,2021-12-04,3336.241782264934
Connecticut,2021-12-11,3222.855260100191
Connecticut,2021-12-18,3563.158643099772
Connecticut,2021-12-25,2340.9688360132864
Connecticut,2022-01-01,4228.062208729278
Connecticut,2022-01-08,4417.856601687521
Connecticut,2022-01-15,3456.2591490466148
Connecticut,2022-01-22,3067.480602972719
Connecticut,2022-01-29,2861.481002497349
Connecticut,2022-02-05,3024.3835739782194
Connecticut,2022-02-12,2475.003752528719
Connecticut,2022-02-19,2824.7112642352804
Connecticut,2022-02-26,2870.0975664261105
Connecticut,2022-03-05,2869.910538644676
Connecticut,2022-03-12,2654.132074364099
Connecticut,2022-03-19,2832.661952437968
Connecticut,2022-03-26,2912.9473773174
Connecticut,2022-04-02,2887.2253195034127
Connecticut,2022-04-09,2499.46960096424
Connecticut,2022-04-16,2866.8471882969056
Connecticut,2022-04-23,4179.537053582117
Connecticut,2022-04-30,3067.4183901273987
Connecticut,2022-05-07,2711.6537308432708
Connecticut,2022-05-14,2743.495414055197
Connecticut,2022-05-21,2499.0356574738153
Connecticut,2022-05-28,2381.726191526243
Connecticut,2022-06-04,2674.9443636851365
Connecticut,2022-06-11,2548.757938851231
Connecticut,2022-06-18,2393.3227647678614
Connecticut,2022-06-25,2118.9236215953956
Connecticut,2022-07-02,2984.138012432737
Connecticut,2022-07-09,4390.760475224344
Connecticut,2022-07-16,7701.787245163745
Connecticut,2022-07-23,7694.202679813827
Connecticut,2022-07-30,9749.693796070906
Connecticut,2022-08-06,6081.320106707735
Connecticut,2022-08-13,6028.243856243062
Connecticut,2022-08-20,6919.7792038202015
Connecticut,2022-08-27,5412.5862692804885
Connecticut,2022-09-03,3984.5979471902388
Connecticut,2022-09-10,3784.0082195687296
Connecticut,2022-09-17,3921.0910554245415
Connecticut,2022-09-24,3660.7227507526777
Connecticut,2022-10-01,4932.51305732228
Connecticut,2022-10-08,3502.609248810184
Connecticut,2022-10-15,3280.6744790367234
Connecticut,2022-10-22,3318.976105065969
Connecticut,2022-10-29,3370.5350370336514
Connecticut,2022-11-05,3142.967970212028
Connecticut,2022-11-12,2829.8174253655525
Connecticut,2022-11-19,3283.390262356202
Connecticut,2022-11-26,4034.6909496713174
Connecticut,2022-12-03,3413.1720510328646
Connecticut,2022-12-10,3656.984164999532
Connecticut,2022-12-17,3658.6080016329397
Connecticut,2022-12-24,4201.975254709493
Connecticut,2022-12-31,3586.7320260277975
Connecticut,2023-01-07,3196.9929954634113
Connecticut,2023-01-14,2865.7425105160373
Connecticut,2023-01-21,2461.2400212551147
Connecticut,2023-01-28,2440.4196292536553
Connecticut,2023-02-04,3041.5905755704653
Connecticut,2023-02-11,3819.0820956021016
Connecticut,2023-02-18,3442.0033783500176
Connecticut,2023-02-25,3354.746109788536
Connecticut,2023-03-04,4228.752735959276
Connecticut,2023-03-11,3986.050272559611
Connecticut,2023-03-18,4004.797932757127
Connecticut,2023-03-25,3193.5705303561185
Connecticut,2023-04-01,3001.5027165080783
Connecticut,2023-04-08,4037.1960093805897
Connecticut,2023-04-15,3846.4618166249156
Connecticut,2023-04-22,2571.619916427092
Connecticut,2023-04-29,3136.991265723646
Connecticut,2023-05-06,3296.441684614493
Connecticut,2023-05-13,4124.224446096072
Connecticut,2023-05-20,5435.03432774757
Connecticut,2023-05-27,5922.292269517776
Connecticut,2023-06-03,4586.007257659375
Connecticut,2023-06-10,5002.73679664303
Connecticut,2023-06-17,4847.735189767277
Connecticut,2023-06-24,5064.227455612995
Connecticut,2023-07-01,5896.055119873963
Connecticut,2023-07-08,4093.6202685588105
Connecticut,2023-07-15,2680.760416953901
Connecticut,2023-07-22,2322.8911682079993
Connecticut,2023-07-29,1776.2084540327971
Connecticut,2023-08-05,3586.2985230336367
Connecticut,2023-08-12,3162.821042614209
Connecticut,2023-08-19,3261.136298113607
Connecticut,2023-08-26,3515.7619727574843
Connecticut,2023-09-02,4270.691561982
Connecticut,2023-09-09,4060.6382933348164
Connecticut,2023-09-16,4074.7338069840334
Connecticut,2023-09-23,4162.3281367451045
Connecticut,2023-09-30,3488.5348337806076
Connecticut,2023-10-07,3895.227308793093
Connecticut,2023-10-14,3856.438759711722
Connecticut,2023-10-21,3648.5309089101665
Connecticut,2023-10-28,3823.649417012232
Connecticut,2023-11-04,3798.8016069543396
Connecticut,2023-11-11,3828.065903638677
Connecticut,2023-11-18,3980.254131268024
Connecticut,2023-11-25,3557.4813450312686
Connecticut,2023-12-02,3404.4078431985436
Connecticut,2023-12-09,3115.2427985043796
Connecticut,2023-12-16,3288.7417373169146
Connecticut,2023-12-23,4219.6991253637425
Connecticut,2023-12-30,3615.7597004923623
Connecticut,2024-01-06,2844.012696279754
Connecticut,2024-01-13,3550.175738616837
Connecticut,2024-01-20,3332.710857474171
Connecticut,2024-01-27,3367.622818169665
Connecticut,2024-02-03,3412.0471980858697
Connecticut,2024-02-10,3451.310453660083
Connecticut,2024-02-17,3076.6449715859944
Connecticut,2024-02-24,3612.632490660286
Connecticut,2024-03-02,3315.395871866431
Connecticut,2024-03-09,3640.3338003503936
Connecticut,2024-03-16,3504.3489288142764
Connecticut,2024-03-23,3248.9046732088236
Connecticut,2024-03-30,2945.0524360599907
Connecticut,2024-04-06,3121.1489022244778
Connecticut,2024-04-13,3484.946488578926
Connecticut,2024-04-20,3700.304421498453
Connecticut,2024-04-27,3515.9149631674923
Connecticut,2024-05-04,3332.49025710724
Connecticut,2024-05-11,3161.426404672947
Connecticut,2024-05-18,2762.195404508386
Connecticut,2024-05-25,2591.8785025432644
Connecticut,2024-06-01,3044.652121267635
Connecticut,2024-06-08,2986.1120116917423
Connecticut,2024-06-15,3698.630947943354
Connecticut,2024-06-22,3648.1810696382436
Connecticut,2024-06-29,3123.3680045297733
Connecticut,2024-07-06,3179.773972587453
Connecticut,2024-07-13,2788.739488528306
Connecticut,2024-07-20,2679.666717800167
Connecticut,2024-07-27,2153.944541031409
Connecticut,2024-08-03,3136.0051838688446
Connecticut,2024-08-10,3119.0323463218865
Connecticut,2024-08-17,2892.3055403221047
Connecticut,2024-08-24,3415.2761859567236
Connecticut,2024-08-31,3985.89248843364
Connecticut,2024-09-07,4130.52378565467
Connecticut,2024-09-14,3629.810005593004
Connecticut,2024-09-21,3735.4652751555227
Connecticut,2024-09-28,3383.3122053835127
Connecticut,2024-10-05,3825.1751238168895
Connecticut,2024-10-12,3993.2038821007977
Connecticut,2024-10-19,3284.6149406841096
Connecticut,2024-10-26,3593.11753947927
Connecticut,2024-11-02,3674.444890280854
Connecticut,2024-11-09,4221.578347247792
Connecticut,2024-11-16,3193.959399179185
Connecticut,2024-11-23,3343.7888770602026
Connecticut,2024-11-30,2934.062022756639
Connecticut,2024-12-07,3484.9881793720388
Connecticut,2024-12-14,3152.3855108409603
Connecticut,2024-12-21,4102.721579045696
Connecticut,2024-12-28,4143.246972403127
Connecticut,2025-01-04,3017.7014149256806
Connecticut,2025-01-11,4359.40224326985
Connecticut,2025-01-18,3393.1736814486662
Connecticut,2025-01-25,3024.696545115523
Connecticut,2025-02-01,3543.630151438336
Connecticut,2025-02-08,3524.2021304413843
Connecticut,2025-02-15,3244.6007764864707
Connecticut,2025-02-22,3334.7376836864178
Connecticut,2025-03-01,3286.2938149222964
Connecticut,2025-03-08,3548.142741094602
Connecticut,2025-03-15,3528.4669531006784
Connecticut,2025-03-22,3595.4018058340953
Connecticut,2025-03-29,3163.9693773098916
Connecticut,2025-04-05,2564.2942802409484
Connecticut,2025-04-12,2579.6263238535876
Delaware,2020-01-04,487.8665038818991
Delaware,2020-01-11,703.4961867130468
Delaware,2020-01-18,559.9192695581894
Delaware,2020-01-25,658.0742293850979
Delaware,2020-02-01,632.387693948698
Delaware,2020-02-08,583.1544356349872
Delaware,2020-02-15,675.2073714543662
Delaware,2020-02-22,771.8832768988735
Delaware,2020-02-29,720.380848816575
Delaware,2020-03-07,522.9817999234529
Delaware,2020-03-14,625.6651233731297
Delaware,2020-03-21,14417.126729557245
Delaware,2020-03-28,27210.62128293748
Delaware,2020-04-04,26002.627446325685
Delaware,2020-04-11,9804.152278140067
Delaware,2020-04-18,7564.333166715631
Delaware,2020-04-25,6079.871849958792
Delaware,2020-05-02,5323.886440979271
Delaware,2020-05-09,4770.97204829095
Delaware,2020-05-16,5152.772084024249
Delaware,2020-05-23,3600.491981341119
Delaware,2020-05-30,2358.909785309734
Delaware,2020-06-06,1925.10583669037
Delaware,2020-06-13,1777.696574494134
Delaware,2020-06-20,1289.826411463158
Delaware,2020-06-27,2021.100333172257
Delaware,2020-07-04,3020.5423827111094
Delaware,2020-07-11,3342.553608359947
Delaware,2020-07-18,3460.4539181619884
Delaware,2020-07-25,2899.6533343019737
Delaware,2020-08-01,2403.515556177638
Delaware,2020-08-08,2182.501713958377
Delaware,2020-08-15,2869.74656125696
Delaware,2020-08-22,2539.6276672382087
Delaware,2020-08-29,2808.2468316500594
Delaware,2020-09-05,2911.759927816533
Delaware,2020-09-12,2725.819343542686
Delaware,2020-09-19,2812.9952277780526
Delaware,2020-09-26,2601.755965993501
Delaware,2020-10-03,2732.321731793838
Delaware,2020-10-10,2554.502868490716
Delaware,2020-10-17,2405.6878650290105
Delaware,2020-10-24,2526.138088422356
Delaware,2020-10-31,2226.756952085559
Delaware,2020-11-07,1794.835429809496
Delaware,2020-11-14,2202.105767673763
Delaware,2020-11-21,1896.342675527102
Delaware,2020-11-28,1406.6021344484952
Delaware,2020-12-05,1556.608892056085
Delaware,2020-12-12,3653.5726553710133
Delaware,2020-12-19,1768.066857377157
Delaware,2020-12-26,1890.5210848720915
Delaware,2021-01-02,1493.1502827379725
Delaware,2021-01-09,2339.9033057610104
Delaware,2021-01-16,2023.8045887645399
Delaware,2021-01-23,2511.226881273697
Delaware,2021-01-30,2627.15402116308
Delaware,2021-02-06,2246.2955398966114
Delaware,2021-02-13,2286.8498843028206
Delaware,2021-02-20,2116.5723399774492
Delaware,2021-02-27,2482.8393377151424
Delaware,2021-03-06,1743.6092055362992
Delaware,2021-03-13,2537.125097746123
Delaware,2021-03-20,1982.7562929847659
Delaware,2021-03-27,2188.2816614119656
Delaware,2021-04-03,3306.3656033548705
Delaware,2021-04-10,2811.5392186972795
Delaware,2021-04-17,3076.6639875631436
Delaware,2021-04-24,3191.7988370489597
Delaware,2021-05-01,4621.305905414117
Delaware,2021-05-08,3889.668764404224
Delaware,2021-05-15,3935.552607207574
Delaware,2021-05-22,4976.900225336928
Delaware,2021-05-29,4430.298456551572
Delaware,2021-06-05,4723.703883772354
Delaware,2021-06-12,3487.5637089439765
Delaware,2021-06-19,1622.7740943649812
Delaware,2021-06-26,1592.2273646030449
Delaware,2021-07-03,1339.8177964157483
Delaware,2021-07-10,1556.7624162712098
Delaware,2021-07-17,1101.7474607089273
Delaware,2021-07-24,696.912389360131
Delaware,2021-07-31,601.7240070318137
Delaware,2021-08-07,817.1980849423695
Delaware,2021-08-14,510.8059525226452
Delaware,2021-08-21,852.0920003904121
Delaware,2021-08-28,938.4566140010027
Delaware,2021-09-04,768.6045236102574
Delaware,2021-09-11,1785.9404585038749
Delaware,2021-09-18,1134.7068073741327
Delaware,2021-09-25,1261.457438057455
Delaware,2021-10-02,1084.620957722216
Delaware,2021-10-09,882.0024829515208
Delaware,2021-10-16,542.8578447616484
Delaware,2021-10-23,461.9311048835087
Delaware,2021-10-30,482.6051188930679
Delaware,2021-11-06,457.55331587784787
Delaware,2021-11-13,579.7320887045648
Delaware,2021-11-20,362.22275824674983
Delaware,2021-11-27,428.4952359996394
Delaware,2021-12-04,486.01043463312226
Delaware,2021-12-11,336.9073145321631
Delaware,2021-12-18,452.5409218286771
Delaware,2021-12-25,383.4921228323941
Delaware,2022-01-01,404.23224607357355
Delaware,2022-01-08,502.04334914481205
Delaware,2022-01-15,468.8480630637851
Delaware,2022-01-22,455.9653785205352
Delaware,2022-01-29,421.9306961233275
Delaware,2022-02-05,623.4381302018777
Delaware,2022-02-12,668.5659874728478
Delaware,2022-02-19,615.5524866408739
Delaware,2022-02-26,665.3899443267602
Delaware,2022-03-05,472.50093120497286
Delaware,2022-03-12,409.5985659370701
Delaware,2022-03-19,547.1979243122599
Delaware,2022-03-26,597.1918764087235
Delaware,2022-04-02,411.0542135167924
Delaware,2022-04-09,221.10737148618796
Delaware,2022-04-16,169.76906958963727
Delaware,2022-04-23,513.3501964668868
Delaware,2022-04-30,313.66712237626007
Delaware,2022-05-07,266.2270336741149
Delaware,2022-05-14,282.96641800997406
Delaware,2022-05-21,246.1742528631425
Delaware,2022-05-28,225.68861641888677
Delaware,2022-06-04,190.16521271225255
Delaware,2022-06-11,272.02431684429314
Delaware,2022-06-18,398.89161455689367
Delaware,2022-06-25,360.3116436618892
Delaware,2022-07-02,435.0619985130297
Delaware,2022-07-09,391.5653263977077
Delaware,2022-07-16,492.3513479149594
Delaware,2022-07-23,357.50700493149577
Delaware,2022-07-30,341.42766691131
Delaware,2022-08-06,746.5147907971267
Delaware,2022-08-13,483.9998092415735
Delaware,2022-08-20,404.10046910166966
Delaware,2022-08-27,446.9688996475364
Delaware,2022-09-03,414.6889522734412
Delaware,2022-09-10,330.9192444601258
Delaware,2022-09-17,421.55308765575325
Delaware,2022-09-24,420.00798789867537
Delaware,2022-10-01,369.23266645862674
Delaware,2022-10-08,439.73034452626257
Delaware,2022-10-15,394.1680991680186
Delaware,2022-10-22,463.4556299821341
Delaware,2022-10-29,375.3595369168306
Delaware,2022-11-05,446.9399657672792
Delaware,2022-11-12,443.92583114908746
Delaware,2022-11-19,470.7881227632827
Delaware,2022-11-26,426.6601386291913
Delaware,2022-12-03,467.67041823187236
Delaware,2022-12-10,286.9951197866575
Delaware,2022-12-17,385.8876077608875
Delaware,2022-12-24,419.14738218664564
Delaware,2022-12-31,393.63857341785234
Delaware,2023-01-07,330.45891336114215
Delaware,2023-01-14,371.7054428030872
Delaware,2023-01-21,338.8008272947017
Delaware,2023-01-28,353.8117644600433
Delaware,2023-02-04,363.512386686941
Delaware,2023-02-11,357.5278376717382
Delaware,2023-02-18,378.61363265609305
Delaware,2023-02-25,340.9436078368523
Delaware,2023-03-04,541.1549126621056
Delaware,2023-03-11,387.06401700202093
Delaware,2023-03-18,342.50041228346834
Delaware,2023-03-25,314.23667782459023
Delaware,2023-04-01,285.5309469730739
Delaware,2023-04-08,279.5270448888931
Delaware,2023-04-15,574.1718061121223
Delaware,2023-04-22,250.9372048303113
Delaware,2023-04-29,194.45670659444693
Delaware,2023-05-06,280.9154217388937
Delaware,2023-05-13,219.8788231749635
Delaware,2023-05-20,212.11240655503474
Delaware,2023-05-27,247.3299905960403
Delaware,2023-06-03,230.73379142419978
Delaware,2023-06-10,307.35215020069484
Delaware,2023-06-17,379.5234667980618
Delaware,2023-06-24,420.1204590065753
Delaware,2023-07-01,399.3479538589751
Delaware,2023-07-08,404.23051215720227
Delaware,2023-07-15,441.46231970669487
Delaware,2023-07-22,354.1129510872094
Delaware,2023-07-29,331.2862510624592
Delaware,2023-08-05,393.0983200709122
Delaware,2023-08-12,452.7259754136564
Delaware,2023-08-19,502.4769877968327
Delaware,2023-08-26,425.59986858869
Delaware,2023-09-02,487.974499873489
Delaware,2023-09-09,404.26732441778256
Delaware,2023-09-16,440.57052018157674
Delaware,2023-09-23,428.60883406724895
Delaware,2023-09-30,492.3102219448357
Delaware,2023-10-07,466.4191804657178
Delaware,2023-10-14,493.76217404677067
Delaware,2023-10-21,471.0782554752613
Delaware,2023-10-28,572.9171879256888
Delaware,2023-11-04,557.7905113665516
Delaware,2023-11-11,448.30667816700605
Delaware,2023-11-18,524.5634902340887
Delaware,2023-11-25,596.4066453956437
Delaware,2023-12-02,486.01043463312226
Delaware,2023-12-09,425.9173951616482
Delaware,2023-12-16,491.12968260476583
Delaware,2023-12-23,464.31071070203086
Delaware,2023-12-30,511.28409606823027
Delaware,2024-01-06,378.12125663438377
Delaware,2024-01-13,387.2212779836153
Delaware,2024-01-20,352.4700249377156
Delaware,2024-01-27,342.62805926159365
Delaware,2024-02-03,232.1108115520837
Delaware,2024-02-10,191.49323813377927
Delaware,2024-02-17,227.16817959365582
Delaware,2024-02-24,166.34748608169005
Delaware,2024-03-02,217.067735489464
Delaware,2024-03-09,286.32132764533054
Delaware,2024-03-16,288.9847228641764
Delaware,2024-03-23,233.18920888340634
Delaware,2024-03-30,233.11463786690578
Delaware,2024-04-06,449.6096383398069
Delaware,2024-04-13,180.17943706447352
Delaware,2024-04-20,169.07659227895974
Delaware,2024-04-27,164.8654686344224
Delaware,2024-05-04,224.91594224192468
Delaware,2024-05-11,249.56710309732142
Delaware,2024-05-18,126.1836579141265
Delaware,2024-05-25,182.40586806457972
Delaware,2024-06-01,171.1486914410273
Delaware,2024-06-08,210.5538868041542
Delaware,2024-06-15,321.88016989677664
Delaware,2024-06-22,318.0078474424771
Delaware,2024-06-29,331.1665958830525
Delaware,2024-07-06,293.41013676162464
Delaware,2024-07-13,246.811786810083
Delaware,2024-07-20,512.5021304872392
Delaware,2024-07-27,593.8362391493741
Delaware,2024-08-03,233.13086490009934
Delaware,2024-08-10,369.32908520587756
Delaware,2024-08-17,355.6689522055894
Delaware,2024-08-24,340.1237443533046
Delaware,2024-08-31,334.25359515143754
Delaware,2024-09-07,291.6865505292862
Delaware,2024-09-14,293.18541810644496
Delaware,2024-09-21,275.22707739435384
Delaware,2024-09-28,255.3859276338835
Delaware,2024-10-05,246.55400820258652
Delaware,2024-10-12,321.2259598202002
Delaware,2024-10-19,309.4785950209646
Delaware,2024-10-26,310.44773729963435
Delaware,2024-11-02,264.1544916408194
Delaware,2024-11-09,353.3883261121025
Delaware,2024-11-16,337.871648448649
Delaware,2024-11-23,219.29413576855208
Delaware,2024-11-30,353.8094830741126
Delaware,2024-12-07,249.56097372752822
Delaware,2024-12-14,465.40384208737333
Delaware,2024-12-21,258.30254554413324
Delaware,2024-12-28,403.11712263612924
Delaware,2025-01-04,261.82513904767416
Delaware,2025-01-11,336.6261632645018
Delaware,2025-01-18,389.57213282589623
Delaware,2025-01-25,275.5258280708958
Delaware,2025-02-01,199.50020166460087
Delaware,2025-02-08,294.4346898473138
Delaware,2025-02-15,244.26685977812454
Delaware,2025-02-22,353.3165613470607
Delaware,2025-03-01,196.87538800207201
Delaware,2025-03-08,261.13565530615796
Delaware,2025-03-15,295.67418404158786
Delaware,2025-03-22,278.689542324071
Delaware,2025-03-29,303.4628421936051
Delaware,2025-04-05,167.1246353039414
Delaware,2025-04-12,225.82489445414015
District of Columbia,2020-01-04,523.0731068421136
District of Columbia,2020-01-11,516.0060164634123
District of Columbia,2020-01-18,507.7434232372591
District of Columbia,2020-01-25,666.0348533586867
District of Columbia,2020-02-01,571.9810075738088
District of Columbia,2020-02-08,575.4372086567253
District of Columbia,2020-02-15,517.3499636330046
District of Columbia,2020-02-22,347.46654143338395
District of Columbia,2020-02-29,286.1651090908958
District of Columbia,2020-03-07,387.3316801260137
District of Columbia,2020-03-14,966.9999358577161
District of Columbia,2020-03-21,8780.962742772443
District of Columbia,2020-03-28,8093.58959865928
District of Columbia,2020-04-04,14217.36015213548
District of Columbia,2020-04-11,8948.771181120686
District of Columbia,2020-04-18,8834.446739535526
District of Columbia,2020-04-25,9645.836695556567
District of Columbia,2020-05-02,9344.823097396571
District of Columbia,2020-05-09,5794.951788837496
District of Columbia,2020-05-16,6087.410627264199
District of Columbia,2020-05-23,5987.543843663084
District of Columbia,2020-05-30,4986.943545014492
District of Columbia,2020-06-06,5030.543204511025
District of Columbia,2020-06-13,3300.6415616588856
District of Columbia,2020-06-20,4262.7769693782975
District of Columbia,2020-06-27,3918.839114871066
District of Columbia,2020-07-04,2939.523060958289
District of Columbia,2020-07-11,3219.941663811361
District of Columbia,2020-07-18,2652.037332715594
District of Columbia,2020-07-25,2813.9369160632828
District of Columbia,2020-08-01,2488.713481650069
District of Columbia,2020-08-08,2091.4169151754927
District of Columbia,2020-08-15,2393.7564901051387
District of Columbia,2020-08-22,1935.4851764952334
District of Columbia,2020-08-29,1973.6894790576048
District of Columbia,2020-09-05,2256.6962359842087
District of Columbia,2020-09-12,1565.8721602276787
District of Columbia,2020-09-19,1474.5055817474606
District of Columbia,2020-09-26,1575.2563592159017
District of Columbia,2020-10-03,1913.4453320643677
District of Columbia,2020-10-10,1677.2180249593816
District of Columbia,2020-10-17,1837.7138075364696
District of Columbia,2020-10-24,1133.465779219201
District of Columbia,2020-10-31,1065.890722480675
District of Columbia,2020-11-07,1183.9585136782068
District of Columbia,2020-11-14,1546.30358307117
District of Columbia,2020-11-21,1453.9630621838976
District of Columbia,2020-11-28,2016.4353356873612
District of Columbia,2020-12-05,2139.673004405821
District of Columbia,2020-12-12,1939.328575851477
District of Columbia,2020-12-19,1874.703340369669
District of Columbia,2020-12-26,1613.7381630025718
District of Columbia,2021-01-02,1794.3256263814708
District of Columbia,2021-01-09,1371.1434658432881
District of Columbia,2021-01-16,1345.434592887956
District of Columbia,2021-01-23,1611.4551133697064
District of Columbia,2021-01-30,1590.722690822151
District of Columbia,2021-02-06,1676.4706078975462
District of Columbia,2021-02-13,1377.0477890358409
District of Columbia,2021-02-20,799.5023974687579
District of Columbia,2021-02-27,655.9005597747081
District of Columbia,2021-03-06,981.0757842682258
District of Columbia,2021-03-13,1027.586906282437
District of Columbia,2021-03-20,1204.027736061247
District of Columbia,2021-03-27,1212.329855442253
District of Columbia,2021-04-03,2623.844469332068
District of Columbia,2021-04-10,3254.180175849682
District of Columbia,2021-04-17,3341.9344767683874
District of Columbia,2021-04-24,3088.2628281134257
District of Columbia,2021-05-01,1786.4933593075411
District of Columbia,2021-05-08,1874.1888351999512
District of Columbia,2021-05-15,1620.263452175979
District of Columbia,2021-05-22,1523.9960669265142
District of Columbia,2021-05-29,1626.816930531561
District of Columbia,2021-06-05,1915.6189632539765
District of Columbia,2021-06-12,3432.0210952714087
District of Columbia,2021-06-19,2451.1314366714782
District of Columbia,2021-06-26,2055.7639418049685
District of Columbia,2021-07-03,1867.8005173898716
District of Columbia,2021-07-10,2284.207101509817
District of Columbia,2021-07-17,2371.458211042768
District of Columbia,2021-07-24,2367.7743519382047
District of Columbia,2021-07-31,2583.8376413931383
District of Columbia,2021-08-07,1608.4241384376912
District of Columbia,2021-08-14,2587.28910173567
District of Columbia,2021-08-21,3021.4747314527413
District of Columbia,2021-08-28,2577.358808823861
District of Columbia,2021-09-04,1422.3383510121503
District of Columbia,2021-09-11,5066.561701996955
District of Columbia,2021-09-18,5366.857630659899
District of Columbia,2021-09-25,6555.368046477609
District of Columbia,2021-10-02,4590.412209609848
District of Columbia,2021-10-09,4150.06196447847
District of Columbia,2021-10-16,3027.1001011890016
District of Columbia,2021-10-23,4957.854728791115
District of Columbia,2021-10-30,4476.42451156138
District of Columbia,2021-11-06,3410.6127802676456
District of Columbia,2021-11-13,3450.049805997197
District of Columbia,2021-11-20,1809.3762551621837
District of Columbia,2021-11-27,1206.2279845913583
District of Columbia,2021-12-04,829.6171089149432
District of Columbia,2021-12-11,812.1608069035466
District of Columbia,2021-12-18,1061.6635494392938
District of Columbia,2021-12-25,1543.5332398991366
District of Columbia,2022-01-01,1642.0798156581943
District of Columbia,2022-01-08,2175.1188456021455
District of Columbia,2022-01-15,1799.3264409333847
District of Columbia,2022-01-22,1506.6855858750816
District of Columbia,2022-01-29,1175.7976927491284
District of Columbia,2022-02-05,676.2519952127263
District of Columbia,2022-02-12,788.6032215209224
District of Columbia,2022-02-19,790.4452127394516
District of Columbia,2022-02-26,1237.7274076829674
District of Columbia,2022-03-05,1991.7565377180576
District of Columbia,2022-03-12,1177.459938385694
District of Columbia,2022-03-19,899.2259592066096
District of Columbia,2022-03-26,746.6768651104157
District of Columbia,2022-04-02,881.1071918930593
District of Columbia,2022-04-09,689.9543852297782
District of Columbia,2022-04-16,650.3887170210203
District of Columbia,2022-04-23,684.5575422432198
District of Columbia,2022-04-30,865.0267652095185
District of Columbia,2022-05-07,810.8121752282142
District of Columbia,2022-05-14,653.728854890959
District of Columbia,2022-05-21,488.56492122586803
District of Columbia,2022-05-28,281.64530838660096
District of Columbia,2022-06-04,346.2678188038608
District of Columbia,2022-06-11,314.4493755316132
District of Columbia,2022-06-18,258.013835439103
District of Columbia,2022-06-25,228.97431609878836
District of Columbia,2022-07-02,339.41308961379826
District of Columbia,2022-07-09,316.1397269923882
District of Columbia,2022-07-16,503.8262865951669
District of Columbia,2022-07-23,406.7342445047223
District of Columbia,2022-07-30,495.5305065685471
District of Columbia,2022-08-06,584.2466841503046
District of Columbia,2022-08-13,341.1012279988121
District of Columbia,2022-08-20,358.85895369668464
District of Columbia,2022-08-27,404.68701171412744
District of Columbia,2022-09-03,471.59358715811993
District of Columbia,2022-09-10,260.62118831186706
District of Columbia,2022-09-17,253.20754341176536
District of Columbia,2022-09-24,61.709354463725106
District of Columbia,2022-10-01,71.94275960460328
District of Columbia,2022-10-08,133.33532415995083
District of Columbia,2022-10-15,300.58821098255277
District of Columbia,2022-10-22,102.34280287586812
District of Columbia,2022-10-29,197.82678590955365
District of Columbia,2022-11-05,353.1569019174368
District of Columbia,2022-11-12,161.35341736394815
District of Columbia,2022-11-19,377.38419036239833
District of Columbia,2022-11-26,414.18671760064717
District of Columbia,2022-12-03,386.1351520756187
District of Columbia,2022-12-10,578.5842159998881
District of Columbia,2022-12-17,576.4462142847913
District of Columbia,2022-12-24,576.2654104740302
District of Columbia,2022-12-31,525.2480469953033
District of Columbia,2023-01-07,523.3148835521291
District of Columbia,2023-01-14,541.0801126417256
District of Columbia,2023-01-21,531.3311751513119
District of Columbia,2023-01-28,498.7589490903342
District of Columbia,2023-02-04,677.384745623468
District of Columbia,2023-02-11,774.3843007445396
District of Columbia,2023-02-18,894.1911469115046
District of Columbia,2023-02-25,1000.311664521273
District of Columbia,2023-03-04,528.7776439936874
District of Columbia,2023-03-11,774.0782668737365
District of Columbia,2023-03-18,958.1219200729439
District of Columbia,2023-03-25,1066.9726788326432
District of Columbia,2023-04-01,471.16047734913064
District of Columbia,2023-04-08,376.8281427782924
District of Columbia,2023-04-15,360.9861904220443
District of Columbia,2023-04-22,334.5248831026738
District of Columbia,2023-04-29,472.25162947523654
District of Columbia,2023-05-06,473.05728888469355
District of Columbia,2023-05-13,575.2345300205392
District of Columbia,2023-05-20,598.1713713338194
District of Columbia,2023-05-27,659.974827114871
District of Columbia,2023-06-03,551.353479726319
District of Columbia,2023-06-10,407.06117791421167
District of Columbia,2023-06-17,553.4812921516241
District of Columbia,2023-06-24,502.9927599547154
District of Columbia,2023-07-01,633.5711006124234
District of Columbia,2023-07-08,563.9776611160505
District of Columbia,2023-07-15,444.75699782194044
District of Columbia,2023-07-22,489.7412331791554
District of Columbia,2023-07-29,483.3634628804801
District of Columbia,2023-08-05,557.4784097768843
District of Columbia,2023-08-12,607.2085689907931
District of Columbia,2023-08-19,529.4640300442887
District of Columbia,2023-08-26,553.9237502532243
District of Columbia,2023-09-02,606.1186809307887
District of Columbia,2023-09-09,400.0481614828248
District of Columbia,2023-09-16,378.8594070597091
District of Columbia,2023-09-23,300.20767036406806
District of Columbia,2023-09-30,447.90169689317526
District of Columbia,2023-10-07,450.0067190398341
District of Columbia,2023-10-14,471.51091918831804
District of Columbia,2023-10-21,340.886178000072
District of Columbia,2023-10-28,341.8446860517087
District of Columbia,2023-11-04,376.11210054207015
District of Columbia,2023-11-11,454.9269961789094
District of Columbia,2023-11-18,607.4334570901617
District of Columbia,2023-11-25,561.3319988535087
District of Columbia,2023-12-02,634.6379727183436
District of Columbia,2023-12-09,500.36820161471803
District of Columbia,2023-12-16,459.1519411172772
District of Columbia,2023-12-23,408.5536497269351
District of Columbia,2023-12-30,382.7894669613804
District of Columbia,2024-01-06,358.1344873471275
District of Columbia,2024-01-13,435.08653607367825
District of Columbia,2024-01-20,441.528723013062
District of Columbia,2024-01-27,563.4914935467393
District of Columbia,2024-02-03,501.80843195852225
District of Columbia,2024-02-10,460.4742805274734
District of Columbia,2024-02-17,509.6724861309589
District of Columbia,2024-02-24,315.92121556716154
District of Columbia,2024-03-02,453.9428607846275
District of Columbia,2024-03-09,449.6190963097707
District of Columbia,2024-03-16,309.05200083468213
District of Columbia,2024-03-23,253.99254018100206
District of Columbia,2024-03-30,423.8589333632927
District of Columbia,2024-04-06,443.2216726963725
District of Columbia,2024-04-13,458.13544846763693
District of Columbia,2024-04-20,528.3720835760774
District of Columbia,2024-04-27,582.8276207669992
District of Columbia,2024-05-04,561.2544105411619
District of Columbia,2024-05-11,599.8372288605216
District of Columbia,2024-05-18,706.6117953767924
District of Columbia,2024-05-25,781.881005371758
District of Columbia,2024-06-01,774.2726763811651
District of Columbia,2024-06-08,587.9772569871947
District of Columbia,2024-06-15,711.6188041949453
District of Columbia,2024-06-22,875.8580397221413
District of Columbia,2024-06-29,704.5392920771267
District of Columbia,2024-07-06,641.0611130678983
District of Columbia,2024-07-13,657.5801706078299
District of Columbia,2024-07-20,679.6197197719212
District of Columbia,2024-07-27,599.5034253574833
District of Columbia,2024-08-03,746.0201684070622
District of Columbia,2024-08-10,666.4779313026434
District of Columbia,2024-08-17,722.4242543270963
District of Columbia,2024-08-24,763.661869281144
District of Columbia,2024-08-31,881.2149401063588
District of Columbia,2024-09-07,515.8798007325435
District of Columbia,2024-09-14,464.53113227421613
District of Columbia,2024-09-21,415.28727733696087
District of Columbia,2024-09-28,620.7963933623024
District of Columbia,2024-10-05,678.9575059197497
District of Columbia,2024-10-12,671.9030598433532
District of Columbia,2024-10-19,433.99504377435807
District of Columbia,2024-10-26,430.47108613918874
District of Columbia,2024-11-02,490.00520141044353
District of Columbia,2024-11-09,694.7161025392212
District of Columbia,2024-11-16,747.0139110598159
District of Columbia,2024-11-23,1291.6085798862287
District of Columbia,2024-11-30,526.3162303868994
District of Columbia,2024-12-07,724.3017222517118
District of Columbia,2024-12-14,589.478911303404
District of Columbia,2024-12-21,835.6335986061656
District of Columbia,2024-12-28,608.9832428931052
District of Columbia,2025-01-04,586.902027223966
District of Columbia,2025-01-11,882.994875764459
District of Columbia,2025-01-18,1531.6307114690399
District of Columbia,2025-01-25,814.9933465986738
District of Columbia,2025-02-01,1483.9030380714767
District of Columbia,2025-02-08,1839.709595836604
District of Columbia,2025-02-15,1338.8165790774462
District of Columbia,2025-02-22,1198.474671480234
District of Columbia,2025-03-01,1155.4161583376842
District of Columbia,2025-03-08,1224.4945601627799
District of Columbia,2025-03-15,732.8600491305724
District of Columbia,2025-03-22,554.397371840862
District of Columbia,2025-03-29,781.8666976482621
District of Columbia,2025-04-05,861.3214692075254
District of Columbia,2025-04-12,884.5695600993436
Florida,2020-01-04,6277.004729100237
Florida,2020-01-11,5418.278153164411
Florida,2020-01-18,4584.455473885115
Florida,2020-01-25,3745.7947795636096
Florida,2020-02-01,3705.42963668814
Florida,2020-02-08,5424.046212573225
Florida,2020-02-15,5106.699928853561
Florida,2020-02-22,5215.181204340248
Florida,2020-02-29,5964.488591586894
Florida,2020-03-07,6180.338280278261
Florida,2020-03-14,7047.632049422746
Florida,2020-03-21,83705.10720418433
Florida,2020-03-28,264367.05832716264
Florida,2020-04-04,191245.68352039455
Florida,2020-04-11,152652.43033637916
Florida,2020-04-18,491024.4235568494
Florida,2020-04-25,380072.4791933897
Florida,2020-05-02,169193.54566483232
Florida,2020-05-09,226762.32887305808
Florida,2020-05-16,219937.46053614691
Florida,2020-05-23,187703.3961090164
Florida,2020-05-30,251722.48999552094
Florida,2020-06-06,123848.71769231255
Florida,2020-06-13,75364.99674393983
Florida,2020-06-20,91790.30076667435
Florida,2020-06-27,85353.12637379383
Florida,2020-07-04,71379.06810067533
Florida,2020-07-11,117484.8530398683
Florida,2020-07-18,89247.26612192426
Florida,2020-07-25,82314.5425360228
Florida,2020-08-01,79237.55123266485
Florida,2020-08-08,68862.06657985457
Florida,2020-08-15,80288.26359275333
Florida,2020-08-22,53143.26261883707
Florida,2020-08-29,49177.950322102464
Florida,2020-09-05,48241.5756939034
Florida,2020-09-12,43261.17515190807
Florida,2020-09-19,40479.07481764197
Florida,2020-09-26,36896.11795232661
Florida,2020-10-03,51458.160493737254
Florida,2020-10-10,34681.477965682636
Florida,2020-10-17,34915.710847779286
Florida,2020-10-24,29492.15196486441
Florida,2020-10-31,31934.688454717118
Florida,2020-11-07,32232.152697354777
Florida,2020-11-14,26781.10314182107
Florida,2020-11-21,28135.72853212214
Florida,2020-11-28,34353.3571287804
Florida,2020-12-05,29053.89287420578
Florida,2020-12-12,26911.56228798533
Florida,2020-12-19,31097.70199006826
Florida,2020-12-26,32449.31521601137
Florida,2021-01-02,33569.3342993912
Florida,2021-01-09,24148.528236407343
Florida,2021-01-16,29538.411698196043
Florida,2021-01-23,45198.48952413116
Florida,2021-01-30,46947.664482429536
Florida,2021-02-06,21009.10673951199
Florida,2021-02-13,21059.643768559607
Florida,2021-02-20,19987.415313075257
Florida,2021-02-27,23376.174121570722
Florida,2021-03-06,22378.04739568923
Florida,2021-03-13,22179.921999885293
Florida,2021-03-20,19541.66706882233
Florida,2021-03-27,18184.17345927806
Florida,2021-04-03,16914.185448355816
Florida,2021-04-10,20646.52062736366
Florida,2021-04-17,18256.297177578956
Florida,2021-04-24,24586.50863550056
Florida,2021-05-01,19124.502059163966
Florida,2021-05-08,17844.616254859357
Florida,2021-05-15,14207.863937050077
Florida,2021-05-22,10574.507644043419
Florida,2021-05-29,10006.75278104742
Florida,2021-06-05,7234.750031829529
Florida,2021-06-12,8460.906745224265
Florida,2021-06-19,7355.081215870032
Florida,2021-06-26,6997.600748222495
Florida,2021-07-03,7185.783599445049
Florida,2021-07-10,6595.482599079266
Florida,2021-07-17,8165.056922951703
Florida,2021-07-24,9098.861002811993
Florida,2021-07-31,7811.810801595525
Florida,2021-08-07,6602.859560178637
Florida,2021-08-14,5992.879982354084
Florida,2021-08-21,8208.10126261861
Florida,2021-08-28,10463.393685553716
Florida,2021-09-04,8649.833400203566
Florida,2021-09-11,9009.794186339957
Florida,2021-09-18,9662.372168728927
Florida,2021-09-25,8790.6513998176
Florida,2021-10-02,8580.009079629901
Florida,2021-10-09,4499.527921608165
Florida,2021-10-16,6518.703090896851
Florida,2021-10-23,7726.94029775292
Florida,2021-10-30,6565.670967037809
Florida,2021-11-06,6381.151269606556
Florida,2021-11-13,6724.411972057544
Florida,2021-11-20,6091.843343017496
Florida,2021-11-27,6160.754675655194
Florida,2021-12-04,6193.218809092248
Florida,2021-12-11,6240.19737425688
Florida,2021-12-18,5608.869316255452
Florida,2021-12-25,5190.325020794944
Florida,2022-01-01,5843.404792204833
Florida,2022-01-08,7977.392040428454
Florida,2022-01-15,6470.79925872122
Florida,2022-01-22,5285.5567519543365
Florida,2022-01-29,4535.875017972654
Florida,2022-02-05,5733.715220249126
Florida,2022-02-12,5902.638051250894
Florida,2022-02-19,5911.4685118113075
Florida,2022-02-26,4090.2159556565384
Florida,2022-03-05,4445.20105417197
Florida,2022-03-12,4263.691987195255
Florida,2022-03-19,5480.993253610552
Florida,2022-03-26,5439.284769156666
Florida,2022-04-02,5816.678616416273
Florida,2022-04-09,5600.332760942549
Florida,2022-04-16,5492.976558154662
Florida,2022-04-23,4598.397588964662
Florida,2022-04-30,5051.810030401976
Florida,2022-05-07,4548.826986072094
Florida,2022-05-14,4980.2168487537665
Florida,2022-05-21,5583.665339669961
Florida,2022-05-28,4481.64851451052
Florida,2022-06-04,6399.971182003045
Florida,2022-06-11,6014.801834342432
Florida,2022-06-18,6235.558615254364
Florida,2022-06-25,6391.620865587643
Florida,2022-07-02,6563.065448076017
Florida,2022-07-09,6427.433558737967
Florida,2022-07-16,6435.4079539172
Florida,2022-07-23,6210.805121701836
Florida,2022-07-30,6214.630515910407
Florida,2022-08-06,6706.850405072221
Florida,2022-08-13,6701.169553169864
Florida,2022-08-20,5977.292244521938
Florida,2022-08-27,5788.306238833117
Florida,2022-09-03,6557.479684942354
Florida,2022-09-10,6054.1266179310505
Florida,2022-09-17,6049.872999162284
Florida,2022-09-24,6236.541483184482
Florida,2022-10-01,5192.523215330316
Florida,2022-10-08,10811.898629331672
Florida,2022-10-15,9882.183097695655
Florida,2022-10-22,8209.654251265249
Florida,2022-10-29,7879.411035957555
Florida,2022-11-05,7607.703588599612
Florida,2022-11-12,6717.815099619293
Florida,2022-11-19,6826.291271355912
Florida,2022-11-26,6120.536983140037
Florida,2022-12-03,6373.671578642425
Florida,2022-12-10,6242.266062264258
Florida,2022-12-17,6162.147316638016
Florida,2022-12-24,5600.023155094263
Florida,2022-12-31,5760.490697688784
Florida,2023-01-07,5880.197815012441
Florida,2023-01-14,5362.336962801561
Florida,2023-01-21,3998.3445236333037
Florida,2023-01-28,3983.1501280580223
Florida,2023-02-04,6226.282485583608
Florida,2023-02-11,5749.31009393018
Florida,2023-02-18,5743.029209387646
Florida,2023-02-25,6505.2623357241755
Florida,2023-03-04,5646.449903014786
Florida,2023-03-11,5954.992824059665
Florida,2023-03-18,5719.787041067485
Florida,2023-03-25,5934.501506276226
Florida,2023-04-01,5736.751350736855
Florida,2023-04-08,5311.812822661628
Florida,2023-04-15,5364.0834949516675
Florida,2023-04-22,4469.396740571951
Florida,2023-04-29,5428.204227265866
Florida,2023-05-06,5994.286645109975
Florida,2023-05-13,5726.663927377715
Florida,2023-05-20,6290.986686837812
Florida,2023-05-27,6986.6694662393575
Florida,2023-06-03,5936.205154321665
Florida,2023-06-10,5917.333830203834
Florida,2023-06-17,6200.063896982916
Florida,2023-06-24,6180.185480828571
Florida,2023-07-01,6323.148352086235
Florida,2023-07-08,4803.549147861002
Florida,2023-07-15,5301.963743148378
Florida,2023-07-22,5513.315776778068
Florida,2023-07-29,6739.938860822052
Florida,2023-08-05,6987.513868172109
Florida,2023-08-12,6348.1280225451765
Florida,2023-08-19,5876.453091489893
Florida,2023-08-26,5817.431149091875
Florida,2023-09-02,5766.555600135711
Florida,2023-09-09,6495.27103112641
Florida,2023-09-16,6117.289722108546
Florida,2023-09-23,6169.298071724707
Florida,2023-09-30,6590.089196687667
Florida,2023-10-07,4915.815701966121
Florida,2023-10-14,5246.505989879687
Florida,2023-10-21,5321.283873691474
Florida,2023-10-28,5806.306991766749
Florida,2023-11-04,5808.4180528717225
Florida,2023-11-11,6573.783384717472
Florida,2023-11-18,6548.392055227862
Florida,2023-11-25,6008.821170597934
Florida,2023-12-02,6164.306486899126
Florida,2023-12-09,6381.902502762298
Florida,2023-12-16,6209.974884451046
Florida,2023-12-23,6712.934504981962
Florida,2023-12-30,5547.088847868788
Florida,2024-01-06,4799.226845662094
Florida,2024-01-13,5348.782396682977
Florida,2024-01-20,4175.3451989642
Florida,2024-01-27,3997.4096153899727
Florida,2024-02-03,6083.060569533503
Florida,2024-02-10,6144.837627146033
Florida,2024-02-17,6188.266855921529
Florida,2024-02-24,6164.820683165023
Florida,2024-03-02,6730.475434241058
Florida,2024-03-09,6481.684187183784
Florida,2024-03-16,6027.290361707781
Florida,2024-03-23,6079.132562677967
Florida,2024-03-30,6087.981025271764
Florida,2024-04-06,5402.345471916932
Florida,2024-04-13,6023.085622606073
Florida,2024-04-20,5573.363184640185
Florida,2024-04-27,5794.922480765646
Florida,2024-05-04,5990.2206545079
Florida,2024-05-11,7048.802216966537
Florida,2024-05-18,7075.3536270405875
Florida,2024-05-25,7605.956213376966
Florida,2024-06-01,7795.686084358436
Florida,2024-06-08,7609.344182750197
Florida,2024-06-15,7450.0535701639055
Florida,2024-06-22,7392.1452460982755
Florida,2024-06-29,7358.523908557691
Florida,2024-07-06,5795.038485874661
Florida,2024-07-13,6514.847324180622
Florida,2024-07-20,6353.002949441133
Florida,2024-07-27,5538.511104733184
Florida,2024-08-03,5968.850860666142
Florida,2024-08-10,6136.303104170363
Florida,2024-08-17,7938.510873900284
Florida,2024-08-24,6905.839832465453
Florida,2024-08-31,7287.286908650302
Florida,2024-09-07,6971.242634837192
Florida,2024-09-14,6944.959643818044
Florida,2024-09-21,7355.745382396317
Florida,2024-09-28,6732.400092961653
Florida,2024-10-05,6918.340920175001
Florida,2024-10-12,5488.746259799394
Florida,2024-10-19,9496.01220024255
Florida,2024-10-26,8452.97318749208
Florida,2024-11-02,7021.627124879917
Florida,2024-11-09,7322.528406459
Florida,2024-11-16,6560.928861970481
Florida,2024-11-23,9473.500903570366
Florida,2024-11-30,3974.94581324063
Florida,2024-12-07,6515.3328792382035
Florida,2024-12-14,6575.2035841141915
Florida,2024-12-21,6317.912124747098
Florida,2024-12-28,4723.384892512629
Florida,2025-01-04,3962.244210518656
Florida,2025-01-11,5666.561669018641
Florida,2025-01-18,4876.8722658244615
Florida,2025-01-25,3902.346366510306
Florida,2025-02-01,5769.520699261652
Florida,2025-02-08,6619.4706670050555
Florida,2025-02-15,6219.379848088956
Florida,2025-02-22,7267.2617024630745
Florida,2025-03-01,6460.049364888037
Florida,2025-03-08,6457.694104391381
Florida,2025-03-15,6402.376829741549
Florida,2025-03-22,6495.67000511498
Florida,2025-03-29,6289.487793674805
Florida,2025-04-05,5662.098026322335
Florida,2025-04-12,6620.0640205988875
Georgia,2020-01-04,17053.8181654143
Georgia,2020-01-11,9809.870486490096
Georgia,2020-01-18,5463.334357726035
Georgia,2020-01-25,5254.985223828121
Georgia,2020-02-01,4242.691198885877
Georgia,2020-02-08,4762.400202506171
Georgia,2020-02-15,5729.823293002494
Georgia,2020-02-22,4982.9834387383435
Georgia,2020-02-29,5340.412616043835
Georgia,2020-03-07,4782.27168441691
Georgia,2020-03-14,6125.370878213347
Georgia,2020-03-21,13293.341454768664
Georgia,2020-03-28,124985.59807020215
Georgia,2020-04-04,404965.73713983485
Georgia,2020-04-11,300428.4703599305
Georgia,2020-04-18,206186.86885844835
Georgia,2020-04-25,229004.63966077304
Georgia,2020-05-02,215625.49844686707
Georgia,2020-05-09,214500.0716805233
Georgia,2020-05-16,174063.890727362
Georgia,2020-05-23,160334.86700043434
Georgia,2020-05-30,160593.49729540123
Georgia,2020-06-06,141435.48411386693
Georgia,2020-06-13,109527.44292442656
Georgia,2020-06-20,120192.02594098622
Georgia,2020-06-27,125191.2131167727
Georgia,2020-07-04,83913.41931388568
Georgia,2020-07-11,121425.18484105243
Georgia,2020-07-18,81556.6607544608
Georgia,2020-07-25,72772.58835811308
Georgia,2020-08-01,67583.00364762305
Georgia,2020-08-08,62122.509148034274
Georgia,2020-08-15,59536.63579250801
Georgia,2020-08-22,63535.15477389872
Georgia,2020-08-29,57876.77778991289
Georgia,2020-09-05,59820.23775126772
Georgia,2020-09-12,58823.10754173233
Georgia,2020-09-19,55007.02165719611
Georgia,2020-09-26,55905.78143959791
Georgia,2020-10-03,61379.269898429004
Georgia,2020-10-10,63918.138414148634
Georgia,2020-10-17,48102.11582213457
Georgia,2020-10-24,55083.31205289604
Georgia,2020-10-31,48769.422945094535
Georgia,2020-11-07,32256.80368989974
Georgia,2020-11-14,32721.494277134643
Georgia,2020-11-21,33403.72941113523
Georgia,2020-11-28,40910.76106914375
Georgia,2020-12-05,25569.71496293648
Georgia,2020-12-12,25457.366721409166
Georgia,2020-12-19,34163.24536499216
Georgia,2020-12-26,26971.320206291035
Georgia,2021-01-02,31446.600928933356
Georgia,2021-01-09,20228.693516819207
Georgia,2021-01-16,24041.081173221097
Georgia,2021-01-23,28005.2627032088
Georgia,2021-01-30,22209.04808187712
Georgia,2021-02-06,27655.56624679305
Georgia,2021-02-13,24219.160683438295
Georgia,2021-02-20,25209.141066714637
Georgia,2021-02-27,27374.195184477492
Georgia,2021-03-06,26139.73583861412
Georgia,2021-03-13,27786.347234503155
Georgia,2021-03-20,27144.039647632657
Georgia,2021-03-27,36688.71815418981
Georgia,2021-04-03,34901.4256196689
Georgia,2021-04-10,36081.76189872005
Georgia,2021-04-17,27030.18587023403
Georgia,2021-04-24,24711.006528248177
Georgia,2021-05-01,24011.792320651377
Georgia,2021-05-08,29009.444472536463
Georgia,2021-05-15,24916.077915472353
Georgia,2021-05-22,23786.862696823933
Georgia,2021-05-29,26508.806409145494
Georgia,2021-06-05,23256.429877803246
Georgia,2021-06-12,18689.789346953217
Georgia,2021-06-19,19787.111178576517
Georgia,2021-06-26,22109.992602969884
Georgia,2021-07-03,15768.477358897822
Georgia,2021-07-10,12694.865733786683
Georgia,2021-07-17,8404.844201433849
Georgia,2021-07-24,10262.86679224307
Georgia,2021-07-31,12254.909941702865
Georgia,2021-08-07,10746.242338064549
Georgia,2021-08-14,11433.075363379952
Georgia,2021-08-21,10912.270276309056
Georgia,2021-08-28,11115.347862895153
Georgia,2021-09-04,9551.979537588159
Georgia,2021-09-11,9575.789705795609
Georgia,2021-09-18,7305.924407799017
Georgia,2021-09-25,7842.684865831568
Georgia,2021-10-02,8643.214478053502
Georgia,2021-10-09,8838.512290403081
Georgia,2021-10-16,9191.391551329198
Georgia,2021-10-23,5636.285345886216
Georgia,2021-10-30,5631.923805057222
Georgia,2021-11-06,5876.811382794929
Georgia,2021-11-13,7007.461553388205
Georgia,2021-11-20,4879.415782037733
Georgia,2021-11-27,5406.285737907491
Georgia,2021-12-04,3190.5004459404427
Georgia,2021-12-11,4438.01532751931
Georgia,2021-12-18,3116.228994602254
Georgia,2021-12-25,3847.965250950277
Georgia,2022-01-01,5724.924773348634
Georgia,2022-01-08,4143.061881222239
Georgia,2022-01-15,4900.331760636513
Georgia,2022-01-22,5066.057659189827
Georgia,2022-01-29,5401.495103947994
Georgia,2022-02-05,5096.289117546499
Georgia,2022-02-12,5393.902475442367
Georgia,2022-02-19,5259.3755618810865
Georgia,2022-02-26,5010.6146538396115
Georgia,2022-03-05,4842.979007178166
Georgia,2022-03-12,4485.188924047129
Georgia,2022-03-19,4494.989017448548
Georgia,2022-03-26,3760.21534771061
Georgia,2022-04-02,4187.382177370977
Georgia,2022-04-09,3904.1101861649827
Georgia,2022-04-16,3029.3241259713814
Georgia,2022-04-23,3918.3319696613803
Georgia,2022-04-30,4191.605887426617
Georgia,2022-05-07,3795.7108230748527
Georgia,2022-05-14,3889.0666798608827
Georgia,2022-05-21,4434.181996634348
Georgia,2022-05-28,3030.7160280133444
Georgia,2022-06-04,5097.801063592214
Georgia,2022-06-11,5186.906109385747
Georgia,2022-06-18,5382.231903342632
Georgia,2022-06-25,4287.946900301258
Georgia,2022-07-02,5553.000047597285
Georgia,2022-07-09,4472.802434702044
Georgia,2022-07-16,5511.657450936311
Georgia,2022-07-23,6150.013291772193
Georgia,2022-07-30,6670.451875623288
Georgia,2022-08-06,6751.905020902097
Georgia,2022-08-13,5973.236200873151
Georgia,2022-08-20,6640.25636403504
Georgia,2022-08-27,5733.167544269202
Georgia,2022-09-03,6423.067260932025
Georgia,2022-09-10,5683.135446469851
Georgia,2022-09-17,6570.212032181231
Georgia,2022-09-24,6555.693343466151
Georgia,2022-10-01,6045.736349580073
Georgia,2022-10-08,5193.363496670755
Georgia,2022-10-15,4234.597739665772
Georgia,2022-10-22,6622.099512847303
Georgia,2022-10-29,6941.064624456855
Georgia,2022-11-05,7743.690649524762
Georgia,2022-11-12,6659.00581590114
Georgia,2022-11-19,8855.06592028547
Georgia,2022-11-26,6566.451198034385
Georgia,2022-12-03,8433.365068980504
Georgia,2022-12-10,7101.683771916185
Georgia,2022-12-17,7495.344051135384
Georgia,2022-12-24,6094.152730155633
Georgia,2022-12-31,6215.7468553661265
Georgia,2023-01-07,8034.896703999681
Georgia,2023-01-14,6620.133986466458
Georgia,2023-01-21,5965.712728895992
Georgia,2023-01-28,6559.482949922039
Georgia,2023-02-04,5614.628174910897
Georgia,2023-02-11,5942.5122889033355
Georgia,2023-02-18,5240.553159229788
Georgia,2023-02-25,4891.038784502408
Georgia,2023-03-04,5622.75410126672
Georgia,2023-03-11,4961.044182354612
Georgia,2023-03-18,5515.532199972798
Georgia,2023-03-25,4626.95152323854
Georgia,2023-04-01,4843.412305308125
Georgia,2023-04-08,3946.4133304889474
Georgia,2023-04-15,6213.077836760813
Georgia,2023-04-22,6442.352870092236
Georgia,2023-04-29,5874.2915579366945
Georgia,2023-05-06,4687.208081101511
Georgia,2023-05-13,5173.016923451318
Georgia,2023-05-20,5330.318843234036
Georgia,2023-05-27,5754.59224502001
Georgia,2023-06-03,5254.656480933512
Georgia,2023-06-10,5761.108481437409
Georgia,2023-06-17,4570.595156284391
Georgia,2023-06-24,4345.488931269516
Georgia,2023-07-01,4249.932210591053
Georgia,2023-07-08,4920.959698257484
Georgia,2023-07-15,6994.590692030232
Georgia,2023-07-22,6539.634016884466
Georgia,2023-07-29,5726.149177594118
Georgia,2023-08-05,6507.740189887925
Georgia,2023-08-12,6219.1749018869705
Georgia,2023-08-19,5958.659174468658
Georgia,2023-08-26,5641.752864921603
Georgia,2023-09-02,5754.9636517068175
Georgia,2023-09-09,6647.563252191492
Georgia,2023-09-16,7006.5195227140175
Georgia,2023-09-23,5705.405531284609
Georgia,2023-09-30,6380.850694749104
Georgia,2023-10-07,6061.874183684997
Georgia,2023-10-14,4408.181958751262
Georgia,2023-10-21,6764.550920605107
Georgia,2023-10-28,6569.268631747359
Georgia,2023-11-04,6773.0217341909765
Georgia,2023-11-11,6644.000544908874
Georgia,2023-11-18,5551.2110826948465
Georgia,2023-11-25,6148.450407253372
Georgia,2023-12-02,7446.308835826516
Georgia,2023-12-09,7437.864507035629
Georgia,2023-12-16,6712.76455434049
Georgia,2023-12-23,8025.959314551373
Georgia,2023-12-30,5329.068267281573
Georgia,2024-01-06,6330.9218728088845
Georgia,2024-01-13,6053.114723999364
Georgia,2024-01-20,5562.867181016453
Georgia,2024-01-27,5383.541804010411
Georgia,2024-02-03,5331.975410516143
Georgia,2024-02-10,5108.187214854542
Georgia,2024-02-17,5459.487421647517
Georgia,2024-02-24,5391.521656970221
Georgia,2024-03-02,4928.80660142684
Georgia,2024-03-09,5376.151960878161
Georgia,2024-03-16,4802.684976986438
Georgia,2024-03-23,4153.422168720587
Georgia,2024-03-30,3645.5345084102305
Georgia,2024-04-06,4181.430798955416
Georgia,2024-04-13,4897.5047250135285
Georgia,2024-04-20,4091.86914525261
Georgia,2024-04-27,4320.970610692544
Georgia,2024-05-04,4415.076113339162
Georgia,2024-05-11,4844.92895121425
Georgia,2024-05-18,4292.737694360235
Georgia,2024-05-25,4562.7618212151165
Georgia,2024-06-01,3585.7148404220925
Georgia,2024-06-08,4238.476468843768
Georgia,2024-06-15,4775.177328098836
Georgia,2024-06-22,5332.228203058523
Georgia,2024-06-29,5468.416342317027
Georgia,2024-07-06,4343.880482172396
Georgia,2024-07-13,5370.298706731314
Georgia,2024-07-20,5116.447983617217
Georgia,2024-07-27,4953.704085789036
Georgia,2024-08-03,4909.207990105348
Georgia,2024-08-10,5758.039837486058
Georgia,2024-08-17,5193.121444315285
Georgia,2024-08-24,6552.513929532872
Georgia,2024-08-31,6162.72083669658
Georgia,2024-09-07,6000.418217337695
Georgia,2024-09-14,5906.846561881381
Georgia,2024-09-21,6703.401951322462
Georgia,2024-09-28,5446.63396923707
Georgia,2024-10-05,5750.34317638641
Georgia,2024-10-12,8749.93045093894
Georgia,2024-10-19,7959.62998745819
Georgia,2024-10-26,8010.632673906355
Georgia,2024-11-02,6519.862616802668
Georgia,2024-11-09,9398.301398155914
Georgia,2024-11-16,4231.736210122158
Georgia,2024-11-23,12448.31946831007
Georgia,2024-11-30,2787.6203507755495
Georgia,2024-12-07,10436.639626695336
Georgia,2024-12-14,6474.532498033042
Georgia,2024-12-21,7384.394683062066
Georgia,2024-12-28,4370.415769003008
Georgia,2025-01-04,6558.118516967657
Georgia,2025-01-11,7687.897532670725
Georgia,2025-01-18,6789.396926049191
Georgia,2025-01-25,3818.340473088482
Georgia,2025-02-01,4891.3445149642
Georgia,2025-02-08,4969.437311949272
Georgia,2025-02-15,4964.161036087045
Georgia,2025-02-22,4924.790037944361
Georgia,2025-03-01,4997.887348017235
Georgia,2025-03-08,5529.145613667329
Georgia,2025-03-15,4772.024881374122
Georgia,2025-03-22,4002.116931182306
Georgia,2025-03-29,4594.286940268701
Georgia,2025-04-05,4766.154260499991
Georgia,2025-04-12,4081.114811759185
Hawaii,2020-01-04,1669.4157276842175
Hawaii,2020-01-11,1259.1967553801553
Hawaii,2020-01-18,1029.6892875163537
Hawaii,2020-01-25,1050.3692122846996
Hawaii,2020-02-01,1168.265588252746
Hawaii,2020-02-08,1170.4930102311898
Hawaii,2020-02-15,1190.6968140601525
Hawaii,2020-02-22,1191.0244586876684
Hawaii,2020-02-29,1274.9399718327986
Hawaii,2020-03-07,1386.2623857083759
Hawaii,2020-03-14,1847.8104821933302
Hawaii,2020-03-21,9655.690433833222
Hawaii,2020-03-28,44693.19622119083
Hawaii,2020-04-04,47756.83904998957
Hawaii,2020-04-11,32810.85072899725
Hawaii,2020-04-18,27815.635793180965
Hawaii,2020-04-25,24290.001340192644
Hawaii,2020-05-02,17165.500409017975
Hawaii,2020-05-09,13188.823765933814
Hawaii,2020-05-16,12404.47110619513
Hawaii,2020-05-23,10243.054620781437
Hawaii,2020-05-30,7888.203428559174
Hawaii,2020-06-06,8337.114491225559
Hawaii,2020-06-13,7122.650498685507
Hawaii,2020-06-20,7440.059953150075
Hawaii,2020-06-27,9541.47531177724
Hawaii,2020-07-04,8331.670570916302
Hawaii,2020-07-11,8121.642116241025
Hawaii,2020-07-18,7424.035760773924
Hawaii,2020-07-25,6541.289174125715
Hawaii,2020-08-01,5986.74243256941
Hawaii,2020-08-08,6089.1656980262605
Hawaii,2020-08-15,5689.658127173327
Hawaii,2020-08-22,4063.839997188065
Hawaii,2020-08-29,5073.909816063363
Hawaii,2020-09-05,5797.7865150634825
Hawaii,2020-09-12,6615.4107942964265
Hawaii,2020-09-19,5592.629961333288
Hawaii,2020-09-26,4728.59243917481
Hawaii,2020-10-03,4918.616305342229
Hawaii,2020-10-10,4541.707940172875
Hawaii,2020-10-17,5065.401533570729
Hawaii,2020-10-24,4736.882346042538
Hawaii,2020-10-31,4984.357112896648
Hawaii,2020-11-07,4599.478824666145
Hawaii,2020-11-14,4930.687759379188
Hawaii,2020-11-21,4447.704275617168
Hawaii,2020-11-28,4924.1899649042325
Hawaii,2020-12-05,3888.4015679825457
Hawaii,2020-12-12,4533.371998234901
Hawaii,2020-12-19,4225.005088594397
Hawaii,2020-12-26,3836.155892046369
Hawaii,2021-01-02,3644.357402243245
Hawaii,2021-01-09,3487.961220543716
Hawaii,2021-01-16,3756.6135918951572
Hawaii,2021-01-23,4037.8098515638653
Hawaii,2021-01-30,3920.6375556429157
Hawaii,2021-02-06,3730.7534468582517
Hawaii,2021-02-13,3848.1652664579574
Hawaii,2021-02-20,3323.191773946181
Hawaii,2021-02-27,3243.8653811456047
Hawaii,2021-03-06,2686.6308667336443
Hawaii,2021-03-13,3096.739656438539
Hawaii,2021-03-20,3599.6659244652155
Hawaii,2021-03-27,5148.417821347976
Hawaii,2021-04-03,4125.280040719787
Hawaii,2021-04-10,3722.727799680853
Hawaii,2021-04-17,3763.704169977252
Hawaii,2021-04-24,3460.590962629686
Hawaii,2021-05-01,3160.071696830482
Hawaii,2021-05-08,2970.6678236676294
Hawaii,2021-05-15,2877.1041611687533
Hawaii,2021-05-22,2679.556192372912
Hawaii,2021-05-29,2227.5827651410286
Hawaii,2021-06-05,2295.0356053796168
Hawaii,2021-06-12,2007.6676281476946
Hawaii,2021-06-19,2295.866926194959
Hawaii,2021-06-26,2149.8307610815064
Hawaii,2021-07-03,2525.210824187237
Hawaii,2021-07-10,3141.4698117854564
Hawaii,2021-07-17,2681.309842105132
Hawaii,2021-07-24,2933.298577827997
Hawaii,2021-07-31,2306.2416382149936
Hawaii,2021-08-07,2471.9989144177607
Hawaii,2021-08-14,2167.9327253183637
Hawaii,2021-08-21,1420.0569894935957
Hawaii,2021-08-28,1658.7203696259305
Hawaii,2021-09-04,1856.4723701770797
Hawaii,2021-09-11,1856.8779990559697
Hawaii,2021-09-18,2918.3976977447346
Hawaii,2021-09-25,3317.1716759153105
Hawaii,2021-10-02,2305.934026289697
Hawaii,2021-10-09,2107.2853791772773
Hawaii,2021-10-16,1800.2818146350514
Hawaii,2021-10-23,1798.7794151400833
Hawaii,2021-10-30,1808.1449027590525
Hawaii,2021-11-06,1792.1173088334046
Hawaii,2021-11-13,1764.703174509788
Hawaii,2021-11-20,1623.84852247645
Hawaii,2021-11-27,1673.362889569488
Hawaii,2021-12-04,1684.791971520527
Hawaii,2021-12-11,1581.9783442414362
Hawaii,2021-12-18,1975.3546690006015
Hawaii,2021-12-25,1543.7648133696994
Hawaii,2022-01-01,1618.1898204237702
Hawaii,2022-01-08,1955.685650743768
Hawaii,2022-01-15,1854.9426954204653
Hawaii,2022-01-22,1737.1490818554648
Hawaii,2022-01-29,1586.1649969140808
Hawaii,2022-02-05,1522.567424918144
Hawaii,2022-02-12,1463.7924136152333
Hawaii,2022-02-19,1638.2424662145088
Hawaii,2022-02-26,1288.3092184392435
Hawaii,2022-03-05,1426.4911765093248
Hawaii,2022-03-12,1398.9402203137672
Hawaii,2022-03-19,1387.5195394881132
Hawaii,2022-03-26,1061.3208584915265
Hawaii,2022-04-02,1443.4433105200042
Hawaii,2022-04-09,1308.9560808728056
Hawaii,2022-04-16,1075.3440485649292
Hawaii,2022-04-23,1234.1514727880597
Hawaii,2022-04-30,1248.6467978886371
Hawaii,2022-05-07,1350.0118089551847
Hawaii,2022-05-14,1406.3076965524028
Hawaii,2022-05-21,1304.4765403270887
Hawaii,2022-05-28,1249.4947004469218
Hawaii,2022-06-04,1459.9607687687167
Hawaii,2022-06-11,1308.9639161491577
Hawaii,2022-06-18,1384.7757171090136
Hawaii,2022-06-25,1264.74334048457
Hawaii,2022-07-02,1307.2704870684574
Hawaii,2022-07-09,1138.5974536983701
Hawaii,2022-07-16,1214.3258598284747
Hawaii,2022-07-23,1252.681886022036
Hawaii,2022-07-30,1507.0607311934482
Hawaii,2022-08-06,1361.3240533351761
Hawaii,2022-08-13,1078.2694539208871
Hawaii,2022-08-20,655.1402662133487
Hawaii,2022-08-27,897.7842798428653
Hawaii,2022-09-03,852.1130502444588
Hawaii,2022-09-10,936.1344958673196
Hawaii,2022-09-17,873.2018068975312
Hawaii,2022-09-24,788.9309455011827
Hawaii,2022-10-01,906.6975168415637
Hawaii,2022-10-08,998.1878111892365
Hawaii,2022-10-15,1253.448694533666
Hawaii,2022-10-22,1180.841237099475
Hawaii,2022-10-29,1106.5719246162103
Hawaii,2022-11-05,1184.2709906619777
Hawaii,2022-11-12,1094.8223051671441
Hawaii,2022-11-19,1213.6795304001446
Hawaii,2022-11-26,1103.5300118921707
Hawaii,2022-12-03,1201.4723946013485
Hawaii,2022-12-10,1067.7129382186781
Hawaii,2022-12-17,1047.2143966445599
Hawaii,2022-12-24,1302.3439171612383
Hawaii,2022-12-31,1280.6476815111805
Hawaii,2023-01-07,1139.207579347216
Hawaii,2023-01-14,1072.2453277621673
Hawaii,2023-01-21,920.8858281273156
Hawaii,2023-01-28,1044.7485216533366
Hawaii,2023-02-04,1105.6371969993825
Hawaii,2023-02-11,1083.4447240530662
Hawaii,2023-02-18,1194.5274718014557
Hawaii,2023-02-25,1375.8170144087017
Hawaii,2023-03-04,1551.526607377139
Hawaii,2023-03-11,1322.1903827903186
Hawaii,2023-03-18,1129.070753916531
Hawaii,2023-03-25,1045.686149137665
Hawaii,2023-04-01,986.5777642619591
Hawaii,2023-04-08,1008.4159843258365
Hawaii,2023-04-15,1212.377190940421
Hawaii,2023-04-22,1151.0109098793278
Hawaii,2023-04-29,1236.2055707357613
Hawaii,2023-05-06,1147.8309595950184
Hawaii,2023-05-13,1088.3893838160996
Hawaii,2023-05-20,1203.6149521574685
Hawaii,2023-05-27,1108.1584146586636
Hawaii,2023-06-03,1264.541895439363
Hawaii,2023-06-10,1399.372835282583
Hawaii,2023-06-17,1114.2469280630162
Hawaii,2023-06-24,1205.3493162076702
Hawaii,2023-07-01,1142.7722841123432
Hawaii,2023-07-08,1083.5211117520303
Hawaii,2023-07-15,1167.3196975125336
Hawaii,2023-07-22,1201.5520131231772
Hawaii,2023-07-29,1259.2435063158473
Hawaii,2023-08-05,1246.3473596413269
Hawaii,2023-08-12,1810.5811771889632
Hawaii,2023-08-19,3730.28845456172
Hawaii,2023-08-26,2923.4382579807875
Hawaii,2023-09-02,2731.11165420193
Hawaii,2023-09-09,2192.7637804551723
Hawaii,2023-09-16,1777.0277529943123
Hawaii,2023-09-23,1539.5804316215062
Hawaii,2023-09-30,1565.6740472248134
Hawaii,2023-10-07,1447.4189269625438
Hawaii,2023-10-14,1389.4126463556076
Hawaii,2023-10-21,1507.1898373771712
Hawaii,2023-10-28,1436.0986264711817
Hawaii,2023-11-04,1377.1348848411471
Hawaii,2023-11-11,1350.015017297675
Hawaii,2023-11-18,1385.1091347807544
Hawaii,2023-11-25,1298.1070920746693
Hawaii,2023-12-02,1434.4852226452463
Hawaii,2023-12-09,1445.8204557896963
Hawaii,2023-12-16,1209.8781557172683
Hawaii,2023-12-23,1307.881093679781
Hawaii,2023-12-30,1290.7099132944827
Hawaii,2024-01-06,1192.3062377066203
Hawaii,2024-01-13,1209.9266344397997
Hawaii,2024-01-20,1351.8065306030899
Hawaii,2024-01-27,1318.544685948694
Hawaii,2024-02-03,1323.8821558111788
Hawaii,2024-02-10,1322.7757767540643
Hawaii,2024-02-17,1201.5334980290302
Hawaii,2024-02-24,1298.0323068802945
Hawaii,2024-03-02,1166.6349332275195
Hawaii,2024-03-09,1222.183018744613
Hawaii,2024-03-16,1176.1609987452514
Hawaii,2024-03-23,914.1706528081259
Hawaii,2024-03-30,957.7988322142083
Hawaii,2024-04-06,1153.0154647399443
Hawaii,2024-04-13,1128.6928291843956
Hawaii,2024-04-20,1116.458987631543
Hawaii,2024-04-27,1109.5312579064791
Hawaii,2024-05-04,1131.7848604394496
Hawaii,2024-05-11,1134.7760415463074
Hawaii,2024-05-18,1175.597844332574
Hawaii,2024-05-25,1448.184841337662
Hawaii,2024-06-01,1087.3015219546007
Hawaii,2024-06-08,1193.9873559468667
Hawaii,2024-06-15,1205.4596998486397
Hawaii,2024-06-22,1271.7308727524405
Hawaii,2024-06-29,1057.7997024528934
Hawaii,2024-07-06,995.6107967222957
Hawaii,2024-07-13,1117.3756500518464
Hawaii,2024-07-20,1035.9356856899178
Hawaii,2024-07-27,1070.7126988730793
Hawaii,2024-08-03,1101.4767255870765
Hawaii,2024-08-10,1105.2002952291898
Hawaii,2024-08-17,609.4000757688077
Hawaii,2024-08-24,733.115303891787
Hawaii,2024-08-31,723.9465477008529
Hawaii,2024-09-07,925.2702657411999
Hawaii,2024-09-14,891.4107545295177
Hawaii,2024-09-21,978.6738311280494
Hawaii,2024-09-28,1195.060227640695
Hawaii,2024-10-05,1240.5116495731781
Hawaii,2024-10-12,1029.1577959076894
Hawaii,2024-10-19,1101.667908038022
Hawaii,2024-10-26,1123.57975438937
Hawaii,2024-11-02,959.9854508019326
Hawaii,2024-11-09,1146.088698229081
Hawaii,2024-11-16,1024.3707648264653
Hawaii,2024-11-23,1274.4798751953658
Hawaii,2024-11-30,622.5811499297896
Hawaii,2024-12-07,1255.7871438498582
Hawaii,2024-12-14,970.6667453162266
Hawaii,2024-12-21,1018.8404794118532
Hawaii,2024-12-28,795.831059224805
Hawaii,2025-01-04,1184.7207150838483
Hawaii,2025-01-11,1295.038714931427
Hawaii,2025-01-18,1112.521236680244
Hawaii,2025-01-25,914.0262928356286
Hawaii,2025-02-01,1038.7224690618036
Hawaii,2025-02-08,1119.195420722095
Hawaii,2025-02-15,1069.5866707430434
Hawaii,2025-02-22,1075.6166587912553
Hawaii,2025-03-01,948.0947453629049
Hawaii,2025-03-08,1089.6151175677471
Hawaii,2025-03-15,976.8487997027601
Hawaii,2025-03-22,904.9737649529134
Hawaii,2025-03-29,941.6106829373484
Hawaii,2025-04-05,960.2161575211339
Hawaii,2025-04-12,1023.0413224674132
Idaho,2020-01-04,1597.825984050692
Idaho,2020-01-11,1265.8899343201565
Idaho,2020-01-18,1365.1509213950937
Idaho,2020-01-25,1326.6534150360687
Idaho,2020-02-01,1083.4935293816134
Idaho,2020-02-08,1045.1407018812108
Idaho,2020-02-15,819.6047864434283
Idaho,2020-02-22,962.5863444948166
Idaho,2020-02-29,938.1253063584078
Idaho,2020-03-07,912.2082775886056
Idaho,2020-03-14,1051.0266207814077
Idaho,2020-03-21,13652.391033558748
Idaho,2020-03-28,25615.098566244946
Idaho,2020-04-04,27553.636166313932
Idaho,2020-04-11,16021.350186329764
Idaho,2020-04-18,13283.177005251808
Idaho,2020-04-25,10112.778428147485
Idaho,2020-05-02,9180.382544616818
Idaho,2020-05-09,7784.185765378078
Idaho,2020-05-16,8214.113435727983
Idaho,2020-05-23,6933.713498449394
Idaho,2020-05-30,4426.1599316985485
Idaho,2020-06-06,4381.013850510107
Idaho,2020-06-13,4570.142461347965
Idaho,2020-06-20,6306.829060608475
Idaho,2020-06-27,8210.322729408785
Idaho,2020-07-04,5940.570534948236
Idaho,2020-07-11,6217.913708575916
Idaho,2020-07-18,7664.150695518547
Idaho,2020-07-25,7125.3551057767745
Idaho,2020-08-01,5652.9382129846745
Idaho,2020-08-08,4877.305001620052
Idaho,2020-08-15,5898.658472895029
Idaho,2020-08-22,6009.700861669719
Idaho,2020-08-29,6128.245631356158
Idaho,2020-09-05,6242.801271136674
Idaho,2020-09-12,6141.97067016247
Idaho,2020-09-19,5856.203364392857
Idaho,2020-09-26,5211.60360014779
Idaho,2020-10-03,4717.91982778926
Idaho,2020-10-10,4922.714404336633
Idaho,2020-10-17,4840.3028871789975
Idaho,2020-10-24,5073.101601020546
Idaho,2020-10-31,4523.577272275003
Idaho,2020-11-07,4685.723737502372
Idaho,2020-11-14,4242.682966898654
Idaho,2020-11-21,3755.785239440546
Idaho,2020-11-28,2832.411406369446
Idaho,2020-12-05,3013.1719280877337
Idaho,2020-12-12,2680.627854494949
Idaho,2020-12-19,2521.218963688375
Idaho,2020-12-26,2503.936392517587
Idaho,2021-01-02,2492.111409686098
Idaho,2021-01-09,2783.056941478148
Idaho,2021-01-16,2334.3326528827706
Idaho,2021-01-23,3124.665841345249
Idaho,2021-01-30,3640.8679524656013
Idaho,2021-02-06,4676.696820545377
Idaho,2021-02-13,6782.290050650227
Idaho,2021-02-20,5279.535516035305
Idaho,2021-02-27,4712.246654082864
Idaho,2021-03-06,4082.569668781414
Idaho,2021-03-13,3754.540295187124
Idaho,2021-03-20,4066.77657241368
Idaho,2021-03-27,4652.4129419824385
Idaho,2021-04-03,4656.764227823507
Idaho,2021-04-10,5385.407711977125
Idaho,2021-04-17,4573.582560972825
Idaho,2021-04-24,3887.238836150948
Idaho,2021-05-01,4154.750846076083
Idaho,2021-05-08,3129.793413862109
Idaho,2021-05-15,2866.4423437781784
Idaho,2021-05-22,2769.3782705886306
Idaho,2021-05-29,2009.1318395395224
Idaho,2021-06-05,1483.981165148756
Idaho,2021-06-12,1723.0859348899378
Idaho,2021-06-19,1861.8760237268891
Idaho,2021-06-26,1823.3373164996804
Idaho,2021-07-03,1726.4330697625762
Idaho,2021-07-10,1713.4009193290906
Idaho,2021-07-17,1567.3302723559118
Idaho,2021-07-24,1601.4246963227833
Idaho,2021-07-31,1466.9116072508054
Idaho,2021-08-07,1559.236891287149
Idaho,2021-08-14,1672.1498909167303
Idaho,2021-08-21,1552.3212557818463
Idaho,2021-08-28,1439.7885829501986
Idaho,2021-09-04,1422.846661954652
Idaho,2021-09-11,1346.4832215361623
Idaho,2021-09-18,1455.1055202768403
Idaho,2021-09-25,1423.4029198400308
Idaho,2021-10-02,1326.765271368147
Idaho,2021-10-09,1327.5521368898735
Idaho,2021-10-16,1203.828747221257
Idaho,2021-10-23,1210.8205219106765
Idaho,2021-10-30,1195.8219071387862
Idaho,2021-11-06,1043.3420648116614
Idaho,2021-11-13,988.5619007852792
Idaho,2021-11-20,1054.8264123449885
Idaho,2021-11-27,1119.9060885118981
Idaho,2021-12-04,987.3704268787983
Idaho,2021-12-11,1058.9891573108873
Idaho,2021-12-18,1184.1316568586958
Idaho,2021-12-25,1174.3497231353188
Idaho,2022-01-01,1315.2209824752738
Idaho,2022-01-08,1480.9308335336227
Idaho,2022-01-15,1015.0638757150443
Idaho,2022-01-22,971.8592288073123
Idaho,2022-01-29,992.8277499520316
Idaho,2022-02-05,885.0741078994039
Idaho,2022-02-12,633.4408673987558
Idaho,2022-02-19,825.1974497240124
Idaho,2022-02-26,869.5049182179631
Idaho,2022-03-05,950.1359138636116
Idaho,2022-03-12,880.7827355529935
Idaho,2022-03-19,897.363844617103
Idaho,2022-03-26,868.5852007679064
Idaho,2022-04-02,764.090933035563
Idaho,2022-04-09,676.09388838756
Idaho,2022-04-16,835.3622028181856
Idaho,2022-04-23,868.4135095203119
Idaho,2022-04-30,780.2406512236041
Idaho,2022-05-07,861.0290035560566
Idaho,2022-05-14,933.2932334732311
Idaho,2022-05-21,985.7109098705296
Idaho,2022-05-28,891.0590756628455
Idaho,2022-06-04,1035.1295057871084
Idaho,2022-06-11,1137.8156940398128
Idaho,2022-06-18,1209.8514557339945
Idaho,2022-06-25,1259.5123108987816
Idaho,2022-07-02,1031.5166140090864
Idaho,2022-07-09,1038.9771532101934
Idaho,2022-07-16,1040.3946433867272
Idaho,2022-07-23,1159.0254424663476
Idaho,2022-07-30,1448.1050481834875
Idaho,2022-08-06,1358.1418542972763
Idaho,2022-08-13,1170.3430504673727
Idaho,2022-08-20,1126.2249110825437
Idaho,2022-08-27,1107.2738986660881
Idaho,2022-09-03,1212.7839483096745
Idaho,2022-09-10,1055.4421276885944
Idaho,2022-09-17,1075.1423691975247
Idaho,2022-09-24,1104.9643693134713
Idaho,2022-10-01,1079.2940113656648
Idaho,2022-10-08,1091.138742649211
Idaho,2022-10-15,1062.7206156788384
Idaho,2022-10-22,1068.9890507974953
Idaho,2022-10-29,1121.9487391302125
Idaho,2022-11-05,1181.2122662332024
Idaho,2022-11-12,1386.8374757411805
Idaho,2022-11-19,1404.0541184637207
Idaho,2022-11-26,1321.4607964570052
Idaho,2022-12-03,1439.1977839772742
Idaho,2022-12-10,1376.0950240072038
Idaho,2022-12-17,1332.6261003721922
Idaho,2022-12-24,1372.2472042287582
Idaho,2022-12-31,1221.1994331939684
Idaho,2023-01-07,1050.8490351066903
Idaho,2023-01-14,1297.2704888395365
Idaho,2023-01-21,1136.5070441824641
Idaho,2023-01-28,1099.2289125884004
Idaho,2023-02-04,1058.1778000335753
Idaho,2023-02-11,825.0446412207077
Idaho,2023-02-18,991.9651018671898
Idaho,2023-02-25,1050.925944397495
Idaho,2023-03-04,1090.1764170328645
Idaho,2023-03-11,1157.0467648757494
Idaho,2023-03-18,1167.6783733987388
Idaho,2023-03-25,1005.4437462783375
Idaho,2023-04-01,1077.038328012789
Idaho,2023-04-08,997.7139989760158
Idaho,2023-04-15,1065.8772917521414
Idaho,2023-04-22,1076.9244049460333
Idaho,2023-04-29,1084.007812139544
Idaho,2023-05-06,1187.4409347013325
Idaho,2023-05-13,1226.4521095414539
Idaho,2023-05-20,1251.2074495826812
Idaho,2023-05-27,1549.03457840026
Idaho,2023-06-03,1539.3949502551322
Idaho,2023-06-10,1354.3027508703967
Idaho,2023-06-17,1256.950295859892
Idaho,2023-06-24,1151.9005490771046
Idaho,2023-07-01,1518.9232947806313
Idaho,2023-07-08,1330.6198628832299
Idaho,2023-07-15,1134.7309452482182
Idaho,2023-07-22,1127.2090577711929
Idaho,2023-07-29,1219.2919128644517
Idaho,2023-08-05,1319.1234142843157
Idaho,2023-08-12,1173.5805139541428
Idaho,2023-08-19,1229.1849943741968
Idaho,2023-08-26,1333.3838839792834
Idaho,2023-09-02,1225.9128679124856
Idaho,2023-09-09,1396.6627204753981
Idaho,2023-09-16,1248.9371737270772
Idaho,2023-09-23,1287.6750130582186
Idaho,2023-09-30,1312.3959724002611
Idaho,2023-10-07,1305.1698037073256
Idaho,2023-10-14,1196.4793653700892
Idaho,2023-10-21,1164.8566192351086
Idaho,2023-10-28,1201.593248389456
Idaho,2023-11-04,1192.3909312133273
Idaho,2023-11-11,1112.6561851925917
Idaho,2023-11-18,1127.053051564999
Idaho,2023-11-25,1380.3658695536387
Idaho,2023-12-02,1334.1078467809139
Idaho,2023-12-09,1404.9825149691872
Idaho,2023-12-16,1343.4604589118035
Idaho,2023-12-23,1297.5912682474009
Idaho,2023-12-30,1277.3962212701508
Idaho,2024-01-06,1151.241057115187
Idaho,2024-01-13,1532.3379126893362
Idaho,2024-01-20,1470.9023860284585
Idaho,2024-01-27,1297.0451586165786
Idaho,2024-02-03,1102.3590771054767
Idaho,2024-02-10,902.4114647197923
Idaho,2024-02-17,985.0524530736902
Idaho,2024-02-24,1038.7058752765938
Idaho,2024-03-02,1096.9839414924809
Idaho,2024-03-09,1199.8625922984645
Idaho,2024-03-16,1037.0430992663498
Idaho,2024-03-23,999.2229033005906
Idaho,2024-03-30,1025.3262228598571
Idaho,2024-04-06,911.2569800006244
Idaho,2024-04-13,933.2801167016358
Idaho,2024-04-20,1119.313982587526
Idaho,2024-04-27,1084.007812139544
Idaho,2024-05-04,1261.320178376189
Idaho,2024-05-11,1216.5385243604028
Idaho,2024-05-18,1147.062398093384
Idaho,2024-05-25,1264.963973897391
Idaho,2024-06-01,1328.8225668509026
Idaho,2024-06-08,1288.8531755495226
Idaho,2024-06-15,1239.2882308126805
Idaho,2024-06-22,1300.435093563363
Idaho,2024-06-29,1100.2843882763589
Idaho,2024-07-06,1218.9753880865205
Idaho,2024-07-13,1169.7701430824861
Idaho,2024-07-20,1149.9350468391603
Idaho,2024-07-27,1118.9902645054221
Idaho,2024-08-03,1227.5801511769855
Idaho,2024-08-10,1282.0355407609395
Idaho,2024-08-17,1295.7130481934187
Idaho,2024-08-24,1245.267492643994
Idaho,2024-08-31,1211.142833359323
Idaho,2024-09-07,1272.8866230919498
Idaho,2024-09-14,1339.2423172571387
Idaho,2024-09-21,1313.7765335931824
Idaho,2024-09-28,1345.924336658662
Idaho,2024-10-05,1149.8923672533995
Idaho,2024-10-12,1302.310464026903
Idaho,2024-10-19,1296.182055451017
Idaho,2024-10-26,1161.1938596347675
Idaho,2024-11-02,1113.2087209374424
Idaho,2024-11-09,1116.0100847711676
Idaho,2024-11-16,1215.15367742677
Idaho,2024-11-23,1349.1390838156644
Idaho,2024-11-30,1217.1433404098234
Idaho,2024-12-07,1418.769726564679
Idaho,2024-12-14,1315.4185897504565
Idaho,2024-12-21,1381.7273230835335
Idaho,2024-12-28,1379.5230765239828
Idaho,2025-01-04,1157.1814134470505
Idaho,2025-01-11,1416.689768335424
Idaho,2025-01-18,1287.3127865835988
Idaho,2025-01-25,1181.6523484334746
Idaho,2025-02-01,977.0580781966414
Idaho,2025-02-08,951.3701577153068
Idaho,2025-02-15,1237.364134036425
Idaho,2025-02-22,1301.9073640344636
Idaho,2025-03-01,1234.106934179041
Idaho,2025-03-08,1217.1928081600395
Idaho,2025-03-15,1155.6197327095952
Idaho,2025-03-22,1025.6614859560148
Idaho,2025-03-29,901.395488096796
Idaho,2025-04-05,896.5592867748079
Idaho,2025-04-12,1093.416705031862
Illinois,2020-01-04,9084.629907795224
Illinois,2020-01-11,7874.080330075813
Illinois,2020-01-18,9542.439347120673
Illinois,2020-01-25,6964.212192613188
Illinois,2020-02-01,9195.471510789948
Illinois,2020-02-08,9893.76376026518
Illinois,2020-02-15,7265.418776909639
Illinois,2020-02-22,10700.304932131892
Illinois,2020-02-29,8369.769860832032
Illinois,2020-03-07,8670.899361381202
Illinois,2020-03-14,10062.212639587528
Illinois,2020-03-21,182305.80559058415
Illinois,2020-03-28,256413.92803230596
Illinois,2020-04-04,242772.78867904635
Illinois,2020-04-11,160839.1587732934
Illinois,2020-04-18,158786.90298842182
Illinois,2020-04-25,124200.56190996141
Illinois,2020-05-02,89542.6265404761
Illinois,2020-05-09,77979.71349489108
Illinois,2020-05-16,78943.3395645426
Illinois,2020-05-23,71762.84829182718
Illinois,2020-05-30,52050.93606276748
Illinois,2020-06-06,45608.8127428866
Illinois,2020-06-13,39753.674112310604
Illinois,2020-06-20,47868.7895410971
Illinois,2020-06-27,54789.742532967146
Illinois,2020-07-04,47418.24035130331
Illinois,2020-07-11,44369.41789970268
Illinois,2020-07-18,40893.797757877954
Illinois,2020-07-25,42286.102547668714
Illinois,2020-08-01,33368.935621917364
Illinois,2020-08-08,28927.660482785886
Illinois,2020-08-15,28852.95524147291
Illinois,2020-08-22,32222.571718134317
Illinois,2020-08-29,35983.184091211835
Illinois,2020-09-05,34175.896182094846
Illinois,2020-09-12,42583.81104632176
Illinois,2020-09-19,37714.463424318456
Illinois,2020-09-26,43953.00608583866
Illinois,2020-10-03,52974.37990921485
Illinois,2020-10-10,58812.17775767836
Illinois,2020-10-17,60068.417756006675
Illinois,2020-10-24,62307.74189324648
Illinois,2020-10-31,73539.3180972149
Illinois,2020-11-07,62897.226230981614
Illinois,2020-11-14,50408.03841240912
Illinois,2020-11-21,51327.068944314226
Illinois,2020-11-28,62673.08348464716
Illinois,2020-12-05,63552.475182273745
Illinois,2020-12-12,74216.00428597318
Illinois,2020-12-19,78000.14760150766
Illinois,2020-12-26,63146.2769539269
Illinois,2021-01-02,35005.01720223295
Illinois,2021-01-09,58851.97849789168
Illinois,2021-01-16,61527.37011874822
Illinois,2021-01-23,68116.15902098952
Illinois,2021-01-30,39376.26289239904
Illinois,2021-02-06,34607.96943668826
Illinois,2021-02-13,56325.28324388779
Illinois,2021-02-20,61947.0836584808
Illinois,2021-02-27,63482.56068943547
Illinois,2021-03-06,57113.476336687934
Illinois,2021-03-13,63350.55149249379
Illinois,2021-03-20,22436.464520543257
Illinois,2021-03-27,19605.319815979467
Illinois,2021-04-03,19433.15970460745
Illinois,2021-04-10,21690.157958261403
Illinois,2021-04-17,20346.757006684726
Illinois,2021-04-24,21011.446987807667
Illinois,2021-05-01,18195.634970508156
Illinois,2021-05-08,19695.857236018852
Illinois,2021-05-15,19014.51968351789
Illinois,2021-05-22,23670.913246354197
Illinois,2021-05-29,26388.483614358953
Illinois,2021-06-05,29888.158662227463
Illinois,2021-06-12,24975.240869010817
Illinois,2021-06-19,24119.555833040045
Illinois,2021-06-26,24501.62030565894
Illinois,2021-07-03,24871.63579518316
Illinois,2021-07-10,25516.966923631317
Illinois,2021-07-17,29090.883603305574
Illinois,2021-07-24,23998.60391051713
Illinois,2021-07-31,26430.827024418915
Illinois,2021-08-07,27054.564824944384
Illinois,2021-08-14,23727.776188493255
Illinois,2021-08-21,27309.80128330796
Illinois,2021-08-28,21355.82881125369
Illinois,2021-09-04,20885.418932224537
Illinois,2021-09-11,12578.894520657928
Illinois,2021-09-18,13598.462597481006
Illinois,2021-09-25,12400.75966191814
Illinois,2021-10-02,10118.110944691627
Illinois,2021-10-09,8540.684457235651
Illinois,2021-10-16,9485.96850223723
Illinois,2021-10-23,9051.026754374827
Illinois,2021-10-30,8474.802460988976
Illinois,2021-11-06,9675.275669463565
Illinois,2021-11-13,9888.80770650274
Illinois,2021-11-20,8298.90379327088
Illinois,2021-11-27,8463.668893779968
Illinois,2021-12-04,7913.941420584769
Illinois,2021-12-11,7816.44572781822
Illinois,2021-12-18,7125.483998149502
Illinois,2021-12-25,7966.0120574899365
Illinois,2022-01-01,10958.783119098596
Illinois,2022-01-08,10402.488868718594
Illinois,2022-01-15,9763.487276887838
Illinois,2022-01-22,8430.249485772387
Illinois,2022-01-29,10564.507245726138
Illinois,2022-02-05,8516.879953317923
Illinois,2022-02-12,8957.823349678894
Illinois,2022-02-19,9065.183834731108
Illinois,2022-02-26,7670.7356296934995
Illinois,2022-03-05,8436.41646355996
Illinois,2022-03-12,8149.457667232499
Illinois,2022-03-19,9844.996903756173
Illinois,2022-03-26,10398.874968994394
Illinois,2022-04-02,9625.31053222276
Illinois,2022-04-09,10582.320297449458
Illinois,2022-04-16,10099.987131662952
Illinois,2022-04-23,9334.47108174292
Illinois,2022-04-30,11864.313855489261
Illinois,2022-05-07,11903.358448333267
Illinois,2022-05-14,13569.403379395824
Illinois,2022-05-21,10781.116851146753
Illinois,2022-05-28,9642.63648997221
Illinois,2022-06-04,9631.77635380872
Illinois,2022-06-11,10071.393296050766
Illinois,2022-06-18,9028.412030311512
Illinois,2022-06-25,9130.027038628727
Illinois,2022-07-02,7433.293809780112
Illinois,2022-07-09,8038.702722896396
Illinois,2022-07-16,8493.02504827398
Illinois,2022-07-23,9412.88897216688
Illinois,2022-07-30,8402.306967550925
Illinois,2022-08-06,8751.203820945691
Illinois,2022-08-13,8313.607026642378
Illinois,2022-08-20,8446.431486849313
Illinois,2022-08-27,8784.930223077792
Illinois,2022-09-03,8960.47517451894
Illinois,2022-09-10,9799.999167905336
Illinois,2022-09-17,10160.37169092164
Illinois,2022-09-24,9300.569746438605
Illinois,2022-10-01,9802.60467010618
Illinois,2022-10-08,9300.461370701703
Illinois,2022-10-15,9340.109261711867
Illinois,2022-10-22,9751.047867519246
Illinois,2022-10-29,8775.90202906708
Illinois,2022-11-05,9164.675014258879
Illinois,2022-11-12,10322.87692616515
Illinois,2022-11-19,12652.581023683777
Illinois,2022-11-26,9470.584252134971
Illinois,2022-12-03,9617.083503785014
Illinois,2022-12-10,8809.32529426013
Illinois,2022-12-17,8494.549144877194
Illinois,2022-12-24,9536.581804511197
Illinois,2022-12-31,10216.834399232817
Illinois,2023-01-07,8287.526884445691
Illinois,2023-01-14,7819.167731384827
Illinois,2023-01-21,6758.039551385446
Illinois,2023-01-28,9616.713275385699
Illinois,2023-02-04,11419.144940375494
Illinois,2023-02-11,8442.154720516011
Illinois,2023-02-18,8197.346709351634
Illinois,2023-02-25,8738.859934873177
Illinois,2023-03-04,8567.567914883706
Illinois,2023-03-11,8220.66306406284
Illinois,2023-03-18,11726.811305350951
Illinois,2023-03-25,11020.651973518376
Illinois,2023-04-01,11899.8380616089
Illinois,2023-04-08,10853.075982486218
Illinois,2023-04-15,11910.752429280421
Illinois,2023-04-22,13983.932514842183
Illinois,2023-04-29,10478.059915949423
Illinois,2023-05-06,9015.777308473462
Illinois,2023-05-13,10055.025525739351
Illinois,2023-05-20,10186.203171367948
Illinois,2023-05-27,10533.62373226686
Illinois,2023-06-03,9925.228563314357
Illinois,2023-06-10,9607.093437308517
Illinois,2023-06-17,10265.577565170881
Illinois,2023-06-24,10368.280968054501
Illinois,2023-07-01,11365.063835064393
Illinois,2023-07-08,10645.598816530426
Illinois,2023-07-15,9130.535055862141
Illinois,2023-07-22,9621.58354989236
Illinois,2023-07-29,10937.258158263965
Illinois,2023-08-05,10459.063430856397
Illinois,2023-08-12,11668.152612826298
Illinois,2023-08-19,9564.197187680184
Illinois,2023-08-26,10250.687931916573
Illinois,2023-09-02,10088.582902328884
Illinois,2023-09-09,11900.887596315382
Illinois,2023-09-16,11706.641460974733
Illinois,2023-09-23,11757.690842016451
Illinois,2023-09-30,10765.190943031224
Illinois,2023-10-07,11401.603388723455
Illinois,2023-10-14,10550.485064667953
Illinois,2023-10-21,10112.197788538479
Illinois,2023-10-28,9047.992004207425
Illinois,2023-11-04,9465.247977651765
Illinois,2023-11-11,10183.931692079665
Illinois,2023-11-18,8461.658082258278
Illinois,2023-11-25,9089.292206275939
Illinois,2023-12-02,8920.826736762445
Illinois,2023-12-09,7432.3821029816945
Illinois,2023-12-16,7269.058387063994
Illinois,2023-12-23,8311.217343953125
Illinois,2023-12-30,10749.001360467108
Illinois,2024-01-06,7989.994131675765
Illinois,2024-01-13,8163.9509454531435
Illinois,2024-01-20,8746.999149111893
Illinois,2024-01-27,9825.365738222847
Illinois,2024-02-03,10702.922916072042
Illinois,2024-02-10,8472.860032935518
Illinois,2024-02-17,7202.685786943843
Illinois,2024-02-24,7499.239231654179
Illinois,2024-03-02,8070.782114414977
Illinois,2024-03-09,7214.886833834276
Illinois,2024-03-16,10761.446272116933
Illinois,2024-03-23,11424.116163120601
Illinois,2024-03-30,11364.231262186398
Illinois,2024-04-06,10842.794121029126
Illinois,2024-04-13,10565.688744683215
Illinois,2024-04-20,9124.859190084608
Illinois,2024-04-27,10425.158638117895
Illinois,2024-05-04,11274.550366594936
Illinois,2024-05-11,8612.395110503825
Illinois,2024-05-18,10066.727753275723
Illinois,2024-05-25,10012.946049112305
Illinois,2024-06-01,9346.503996832857
Illinois,2024-06-08,10145.218752517447
Illinois,2024-06-15,10282.128274667326
Illinois,2024-06-22,9368.337030848968
Illinois,2024-06-29,10824.217571926369
Illinois,2024-07-06,10981.897689819514
Illinois,2024-07-13,10745.63523353708
Illinois,2024-07-20,10700.687220082642
Illinois,2024-07-27,10320.684092606158
Illinois,2024-08-03,10590.243194099168
Illinois,2024-08-10,11065.49336740055
Illinois,2024-08-17,10059.891307477848
Illinois,2024-08-24,10948.53696292885
Illinois,2024-08-31,10854.51573536037
Illinois,2024-09-07,11417.26339110774
Illinois,2024-09-14,10886.319939772859
Illinois,2024-09-21,11283.614525949393
Illinois,2024-09-28,11419.574327356597
Illinois,2024-10-05,10864.562378227907
Illinois,2024-10-12,10366.24181347802
Illinois,2024-10-19,8992.398520443134
Illinois,2024-10-26,8737.889459010707
Illinois,2024-11-02,8352.567939253253
Illinois,2024-11-09,10847.42211220881
Illinois,2024-11-16,8005.476589567638
Illinois,2024-11-23,11028.724475013452
Illinois,2024-11-30,6703.316846881406
Illinois,2024-12-07,10072.014921166807
Illinois,2024-12-14,8204.711708079776
Illinois,2024-12-21,9486.858526494148
Illinois,2024-12-28,12896.950617043192
Illinois,2025-01-04,8242.277111628599
Illinois,2025-01-11,12200.170141172517
Illinois,2025-01-18,9721.503743980733
Illinois,2025-01-25,10242.670663897141
Illinois,2025-02-01,10642.311743352428
Illinois,2025-02-08,8633.611374425873
Illinois,2025-02-15,8630.359387776882
Illinois,2025-02-22,10314.017069038671
Illinois,2025-03-01,9950.619583388649
Illinois,2025-03-08,8912.245480777525
Illinois,2025-03-15,12441.843230115941
Illinois,2025-03-22,12371.980663350492
Illinois,2025-03-29,12297.339968803626
Illinois,2025-04-05,12126.884374114865
Illinois,2025-04-12,12403.14181382047
Indiana,2020-01-04,3081.6476910358756
Indiana,2020-01-11,2702.9398209054184
Indiana,2020-01-18,2448.764738360873
Indiana,2020-01-25,2408.360763519973
Indiana,2020-02-01,2363.3470571930243
Indiana,2020-02-08,2293.6014892833523
Indiana,2020-02-15,2339.6530280359048
Indiana,2020-02-22,3304.7575513069482
Indiana,2020-02-29,2679.469433181877
Indiana,2020-03-07,2699.4483158243315
Indiana,2020-03-14,2515.7096398161307
Indiana,2020-03-21,63503.49069111734
Indiana,2020-03-28,189560.7769741024
Indiana,2020-04-04,128926.789441801
Indiana,2020-04-11,100720.08779625765
Indiana,2020-04-18,63950.51870900755
Indiana,2020-04-25,49564.412687553355
Indiana,2020-05-02,45266.9570858246
Indiana,2020-05-09,28042.41743916463
Indiana,2020-05-16,32571.044048678523
Indiana,2020-05-23,32901.674222024194
Indiana,2020-05-30,29942.702336300106
Indiana,2020-06-06,31003.9589009723
Indiana,2020-06-13,25522.0606142775
Indiana,2020-06-20,35258.567910823636
Indiana,2020-06-27,52292.28818813399
Indiana,2020-07-04,22473.763494186333
Indiana,2020-07-11,20596.796331571753
Indiana,2020-07-18,17183.559500646064
Indiana,2020-07-25,22678.110735081278
Indiana,2020-08-01,14011.883286920716
Indiana,2020-08-08,12053.314720281249
Indiana,2020-08-15,12858.495257367356
Indiana,2020-08-22,12424.977127877015
Indiana,2020-08-29,13360.716743052893
Indiana,2020-09-05,13328.840343969541
Indiana,2020-09-12,13282.03842853277
Indiana,2020-09-19,15297.486344385738
Indiana,2020-09-26,15477.078768991949
Indiana,2020-10-03,13940.836917761873
Indiana,2020-10-10,16283.865286749648
Indiana,2020-10-17,17622.92993827801
Indiana,2020-10-24,16972.06443951555
Indiana,2020-10-31,16569.64253773264
Indiana,2020-11-07,14778.862479347652
Indiana,2020-11-14,15905.639217586333
Indiana,2020-11-21,18530.47458979525
Indiana,2020-11-28,21206.305977431264
Indiana,2020-12-05,15870.8082527658
Indiana,2020-12-12,14377.860404148414
Indiana,2020-12-19,11657.024748622127
Indiana,2020-12-26,9662.257335546148
Indiana,2021-01-02,10283.279033957333
Indiana,2021-01-09,9796.913166815466
Indiana,2021-01-16,9330.96534224385
Indiana,2021-01-23,10879.989728026292
Indiana,2021-01-30,9825.599718217285
Indiana,2021-02-06,11369.529877886065
Indiana,2021-02-13,11246.994035789186
Indiana,2021-02-20,10799.534998983934
Indiana,2021-02-27,11868.071773245389
Indiana,2021-03-06,11216.735984376675
Indiana,2021-03-13,13533.083636376065
Indiana,2021-03-20,13863.325848307684
Indiana,2021-03-27,12612.505171800682
Indiana,2021-04-03,8192.804642034296
Indiana,2021-04-10,8448.605140450007
Indiana,2021-04-17,12328.467417292592
Indiana,2021-04-24,12891.866010297568
Indiana,2021-05-01,9185.049864115888
Indiana,2021-05-08,7359.385943822833
Indiana,2021-05-15,7697.946509262688
Indiana,2021-05-22,7930.537155267517
Indiana,2021-05-29,7762.051666126501
Indiana,2021-06-05,6903.589644950702
Indiana,2021-06-12,4881.889764000118
Indiana,2021-06-19,6046.524039120483
Indiana,2021-06-26,7431.997859473123
Indiana,2021-07-03,5556.923242047249
Indiana,2021-07-10,4799.140696721655
Indiana,2021-07-17,6111.287701363153
Indiana,2021-07-24,6879.25600618045
Indiana,2021-07-31,10804.478244826603
Indiana,2021-08-07,8056.342980865696
Indiana,2021-08-14,7258.953455429701
Indiana,2021-08-21,7332.811829550141
Indiana,2021-08-28,6909.048624712573
Indiana,2021-09-04,6974.104023601655
Indiana,2021-09-11,3968.065387822134
Indiana,2021-09-18,5055.151230023897
Indiana,2021-09-25,5204.5069462189595
Indiana,2021-10-02,4748.407334434175
Indiana,2021-10-09,3400.1975908534514
Indiana,2021-10-16,3796.3409153076673
Indiana,2021-10-23,3971.1617921056372
Indiana,2021-10-30,3990.1547302524737
Indiana,2021-11-06,3743.1545957897038
Indiana,2021-11-13,3917.106584644851
Indiana,2021-11-20,3509.4626579855467
Indiana,2021-11-27,3301.278155320162
Indiana,2021-12-04,3871.961220924956
Indiana,2021-12-11,4103.120142083113
Indiana,2021-12-18,4606.020731963328
Indiana,2021-12-25,4985.959645638107
Indiana,2022-01-01,4484.165742571824
Indiana,2022-01-08,6592.077771803276
Indiana,2022-01-15,5906.229413052701
Indiana,2022-01-22,5534.504285044376
Indiana,2022-01-29,6058.819445031984
Indiana,2022-02-05,5026.564438165204
Indiana,2022-02-12,4945.675004099371
Indiana,2022-02-19,4840.09976379732
Indiana,2022-02-26,4342.95375176096
Indiana,2022-03-05,4001.206567989731
Indiana,2022-03-12,3399.5028568855882
Indiana,2022-03-19,3479.3812822812847
Indiana,2022-03-26,4393.946186201836
Indiana,2022-04-02,3434.0550246564267
Indiana,2022-04-09,5822.471955942071
Indiana,2022-04-16,5061.123298785879
Indiana,2022-04-23,5686.568594464337
Indiana,2022-04-30,6185.8062189401835
Indiana,2022-05-07,4194.831083828119
Indiana,2022-05-14,4710.38641511158
Indiana,2022-05-21,4982.367702390922
Indiana,2022-05-28,4493.888161584013
Indiana,2022-06-04,4482.06025715072
Indiana,2022-06-11,3853.2286208673113
Indiana,2022-06-18,5185.825985042896
Indiana,2022-06-25,4478.329898370322
Indiana,2022-07-02,4996.655226243401
Indiana,2022-07-09,5191.322291187408
Indiana,2022-07-16,5068.435310251419
Indiana,2022-07-23,4521.201171438282
Indiana,2022-07-30,4505.773320533185
Indiana,2022-08-06,5239.28909810418
Indiana,2022-08-13,5900.747802002186
Indiana,2022-08-20,4743.9329488902895
Indiana,2022-08-27,4118.903584485088
Indiana,2022-09-03,4657.692498696775
Indiana,2022-09-10,4684.062023380639
Indiana,2022-09-17,4664.282283094199
Indiana,2022-09-24,4714.831518421487
Indiana,2022-10-01,4120.26720336392
Indiana,2022-10-08,4225.479443966237
Indiana,2022-10-15,3988.3292578036603
Indiana,2022-10-22,4372.455476548572
Indiana,2022-10-29,4641.179975714719
Indiana,2022-11-05,5220.93611080349
Indiana,2022-11-12,3969.7059621637786
Indiana,2022-11-19,4166.871815454517
Indiana,2022-11-26,3815.589051200512
Indiana,2022-12-03,4144.066772629729
Indiana,2022-12-10,4242.302079507043
Indiana,2022-12-17,4330.650439961384
Indiana,2022-12-24,4496.935050615043
Indiana,2022-12-31,4644.01666023945
Indiana,2023-01-07,3832.7576110752902
Indiana,2023-01-14,3579.870182864371
Indiana,2023-01-21,3434.9286126523025
Indiana,2023-01-28,3310.723248222987
Indiana,2023-02-04,3787.5987896422334
Indiana,2023-02-11,3797.81706311462
Indiana,2023-02-18,3693.0305096679526
Indiana,2023-02-25,3803.763505540705
Indiana,2023-03-04,4337.575071580977
Indiana,2023-03-11,4139.873490483247
Indiana,2023-03-18,4078.761564262544
Indiana,2023-03-25,1742.0512002951482
Indiana,2023-04-01,5822.56565812275
Indiana,2023-04-08,4258.833653905317
Indiana,2023-04-15,2895.335211219293
Indiana,2023-04-22,2656.220273301126
Indiana,2023-04-29,3267.9125084658904
Indiana,2023-05-06,3372.5005198509975
Indiana,2023-05-13,3225.458397944622
Indiana,2023-05-20,3657.173912466506
Indiana,2023-05-27,3841.823551921197
Indiana,2023-06-03,4325.221949509851
Indiana,2023-06-10,5090.172392155107
Indiana,2023-06-17,3374.272957815347
Indiana,2023-06-24,3447.1124901495964
Indiana,2023-07-01,4579.758880545436
Indiana,2023-07-08,3655.2777128632097
Indiana,2023-07-15,3523.8241329838083
Indiana,2023-07-22,3471.173887167043
Indiana,2023-07-29,3036.596489556557
Indiana,2023-08-05,3945.917601387254
Indiana,2023-08-12,3574.459395599742
Indiana,2023-08-19,3202.096115526293
Indiana,2023-08-26,3226.453815953862
Indiana,2023-09-02,3903.319215790636
Indiana,2023-09-09,5939.563126628886
Indiana,2023-09-16,4133.537157831798
Indiana,2023-09-23,3724.8685018526025
Indiana,2023-09-30,3822.7999606764643
Indiana,2023-10-07,2984.8299621391966
Indiana,2023-10-14,3454.6473771749183
Indiana,2023-10-21,3880.0162233993556
Indiana,2023-10-28,3481.193817291477
Indiana,2023-11-04,3386.0153352512903
Indiana,2023-11-11,3925.357467392918
Indiana,2023-11-18,3305.7445508057913
Indiana,2023-11-25,2973.5209110517226
Indiana,2023-12-02,3441.9672626754377
Indiana,2023-12-09,3447.499963165124
Indiana,2023-12-16,3588.3893414509507
Indiana,2023-12-23,3547.8412642215985
Indiana,2023-12-30,3444.4397737423997
Indiana,2024-01-06,2722.2860159425736
Indiana,2024-01-13,3428.0088037412165
Indiana,2024-01-20,3255.686607248245
Indiana,2024-01-27,3195.5335872788974
Indiana,2024-02-03,2948.4352355814985
Indiana,2024-02-10,2948.365572497515
Indiana,2024-02-17,3173.8540967738095
Indiana,2024-02-24,3053.8417002081674
Indiana,2024-03-02,2976.314809755032
Indiana,2024-03-09,2788.9878056205025
Indiana,2024-03-16,2603.6909412306495
Indiana,2024-03-23,4272.7244842266455
Indiana,2024-03-30,2833.1207726326006
Indiana,2024-04-06,2340.144978642776
Indiana,2024-04-13,2709.8720267726408
Indiana,2024-04-20,2179.8957278045036
Indiana,2024-04-27,2509.003249211938
Indiana,2024-05-04,4452.872743558871
Indiana,2024-05-11,4018.8215785025272
Indiana,2024-05-18,3257.5532170612832
Indiana,2024-05-25,3390.9973187875876
Indiana,2024-06-01,3162.4551859654703
Indiana,2024-06-08,3657.697990354464
Indiana,2024-06-15,3710.8587890188733
Indiana,2024-06-22,3461.1109165055336
Indiana,2024-06-29,2942.6781084144077
Indiana,2024-07-06,4160.756212396846
Indiana,2024-07-13,4146.465533012802
Indiana,2024-07-20,3430.614893353991
Indiana,2024-07-27,3051.1096345434084
Indiana,2024-08-03,3121.109638130056
Indiana,2024-08-10,3146.5468124822355
Indiana,2024-08-17,4320.660631898349
Indiana,2024-08-24,4809.312641529384
Indiana,2024-08-31,3652.25620797886
Indiana,2024-09-07,3203.9345246630573
Indiana,2024-09-14,3980.588439468003
Indiana,2024-09-21,4002.3007101712947
Indiana,2024-09-28,4561.6255773978655
Indiana,2024-10-05,5371.6032509874085
Indiana,2024-10-12,4270.597832782888
Indiana,2024-10-19,3901.53670489945
Indiana,2024-10-26,3893.798052555974
Indiana,2024-11-02,3119.993715964613
Indiana,2024-11-09,4173.915310178439
Indiana,2024-11-16,2879.6095729853364
Indiana,2024-11-23,3334.2600163786215
Indiana,2024-11-30,1936.9884088021252
Indiana,2024-12-07,4870.4521391966255
Indiana,2024-12-14,3664.616411901316
Indiana,2024-12-21,2996.8842780525224
Indiana,2024-12-28,2554.1396627327117
Indiana,2025-01-04,2926.2501864771543
Indiana,2025-01-11,3864.6102687202865
Indiana,2025-01-18,3740.4547582274004
Indiana,2025-01-25,2834.292541733146
Indiana,2025-02-01,2936.6515949026116
Indiana,2025-02-08,2844.0148505898105
Indiana,2025-02-15,3424.567492744058
Indiana,2025-02-22,3604.804659227991
Indiana,2025-03-01,3598.0500943713423
Indiana,2025-03-08,2692.080654626044
Indiana,2025-03-15,2514.4215375313133
Indiana,2025-03-22,3473.2060678284815
Indiana,2025-03-29,2522.502730201366
Indiana,2025-04-05,2209.9893555400563
Indiana,2025-04-12,2728.3304479734925
Iowa,2020-01-04,2008.2133385352756
Iowa,2020-01-11,2619.0127288197486
Iowa,2020-01-18,2319.224670722633
Iowa,2020-01-25,2440.561172023762
Iowa,2020-02-01,2346.13330993783
Iowa,2020-02-08,2002.404375335189
Iowa,2020-02-15,2295.580815743897
Iowa,2020-02-22,2783.1121616083947
Iowa,2020-02-29,2727.136592828247
Iowa,2020-03-07,2581.480228194524
Iowa,2020-03-14,2382.19906944778
Iowa,2020-03-21,41884.17455028606
Iowa,2020-03-28,67810.94596275903
Iowa,2020-04-04,62801.55809149183
Iowa,2020-04-11,55416.43553031415
Iowa,2020-04-18,30406.92144918303
Iowa,2020-04-25,35908.30233787765
Iowa,2020-05-02,26125.332567458485
Iowa,2020-05-09,19617.30412070771
Iowa,2020-05-16,16041.815904698318
Iowa,2020-05-23,15860.994334215593
Iowa,2020-05-30,7888.201297244815
Iowa,2020-06-06,11460.790121596268
Iowa,2020-06-13,10774.152608265207
Iowa,2020-06-20,11110.530567550271
Iowa,2020-06-27,11641.340540928448
Iowa,2020-07-04,11108.195443263148
Iowa,2020-07-11,9799.000858120617
Iowa,2020-07-18,10722.679906721687
Iowa,2020-07-25,9906.894182349775
Iowa,2020-08-01,8261.09089988793
Iowa,2020-08-08,6539.2029588065425
Iowa,2020-08-15,8315.017189321796
Iowa,2020-08-22,9133.604733560307
Iowa,2020-08-29,9080.095443193217
Iowa,2020-09-05,8124.267195865088
Iowa,2020-09-12,6929.803362604644
Iowa,2020-09-19,8876.704446086578
Iowa,2020-09-26,7301.461198929829
Iowa,2020-10-03,6381.960003655792
Iowa,2020-10-10,5639.938378761707
Iowa,2020-10-17,5653.749404366197
Iowa,2020-10-24,5801.761502832824
Iowa,2020-10-31,5357.579835019849
Iowa,2020-11-07,5610.31088380825
Iowa,2020-11-14,6913.0961010293095
Iowa,2020-11-21,5560.28173140768
Iowa,2020-11-28,5149.217610917906
Iowa,2020-12-05,5247.645133339974
Iowa,2020-12-12,3748.7868577622535
Iowa,2020-12-19,4087.0403962100822
Iowa,2020-12-26,3325.391114316991
Iowa,2021-01-02,3439.711246008415
Iowa,2021-01-09,3989.174474873091
Iowa,2021-01-16,4093.12680476083
Iowa,2021-01-23,4114.088832840056
Iowa,2021-01-30,4421.382343385773
Iowa,2021-02-06,5151.204193800486
Iowa,2021-02-13,6139.320198604044
Iowa,2021-02-20,5492.177249361758
Iowa,2021-02-27,5132.860658644594
Iowa,2021-03-06,6023.066430663675
Iowa,2021-03-13,6145.197240612263
Iowa,2021-03-20,5245.749444921303
Iowa,2021-03-27,5575.992090208645
Iowa,2021-04-03,5992.141684742927
Iowa,2021-04-10,6319.562073166906
Iowa,2021-04-17,7890.81144331983
Iowa,2021-04-24,5217.389263273552
Iowa,2021-05-01,3535.311343085794
Iowa,2021-05-08,4079.7048392622232
Iowa,2021-05-15,4766.239596103963
Iowa,2021-05-22,4462.52999522017
Iowa,2021-05-29,4134.303052362766
Iowa,2021-06-05,2855.5341323201496
Iowa,2021-06-12,3104.2960376443916
Iowa,2021-06-19,2477.1285256599654
Iowa,2021-06-26,2806.448366307634
Iowa,2021-07-03,2166.52762386432
Iowa,2021-07-10,1878.302802241838
Iowa,2021-07-17,2034.4723656332394
Iowa,2021-07-24,2193.1617967526117
Iowa,2021-07-31,2464.9818269542066
Iowa,2021-08-07,2874.948273010487
Iowa,2021-08-14,2237.858553204165
Iowa,2021-08-21,2399.288085554611
Iowa,2021-08-28,2576.3273847950995
Iowa,2021-09-04,2835.4496896459837
Iowa,2021-09-11,2130.1846106028893
Iowa,2021-09-18,2530.8112725151204
Iowa,2021-09-25,2617.833250482857
Iowa,2021-10-02,2524.2080611474403
Iowa,2021-10-09,2240.0995707629395
Iowa,2021-10-16,2409.047195786878
Iowa,2021-10-23,2706.8664331764267
Iowa,2021-10-30,2410.852804910212
Iowa,2021-11-06,2324.9936995962116
Iowa,2021-11-13,2089.388691415901
Iowa,2021-11-20,1776.4259551742566
Iowa,2021-11-27,1727.2996167294152
Iowa,2021-12-04,1905.0737029757756
Iowa,2021-12-11,2127.1464502441963
Iowa,2021-12-18,1878.5433921240676
Iowa,2021-12-25,1668.5165050550036
Iowa,2022-01-01,2090.1007991340757
Iowa,2022-01-08,2699.7060490418626
Iowa,2022-01-15,1928.5171120863722
Iowa,2022-01-22,1856.863556242798
Iowa,2022-01-29,1956.641511256044
Iowa,2022-02-05,1698.5506639034936
Iowa,2022-02-12,1726.5556470356062
Iowa,2022-02-19,1703.0826986657225
Iowa,2022-02-26,1782.3785588841758
Iowa,2022-03-05,1599.3321900025505
Iowa,2022-03-12,1576.3766834614066
Iowa,2022-03-19,1622.1015050975213
Iowa,2022-03-26,1874.4154201548836
Iowa,2022-04-02,1341.261428535927
Iowa,2022-04-09,1604.8278511478795
Iowa,2022-04-16,1303.2668090743107
Iowa,2022-04-23,1544.7693621474916
Iowa,2022-04-30,1352.2987426811478
Iowa,2022-05-07,1909.649073697211
Iowa,2022-05-14,1735.1134654716827
Iowa,2022-05-21,1437.8107521507102
Iowa,2022-05-28,1758.9135471294842
Iowa,2022-06-04,1881.9467758692017
Iowa,2022-06-11,1861.6272066547117
Iowa,2022-06-18,1708.2711472037577
Iowa,2022-06-25,1800.7039946909497
Iowa,2022-07-02,1593.1006420588305
Iowa,2022-07-09,1595.9134974973501
Iowa,2022-07-16,1750.7907012451217
Iowa,2022-07-23,1843.506707963796
Iowa,2022-07-30,1916.7719620424164
Iowa,2022-08-06,2129.789507041738
Iowa,2022-08-13,1637.4912957460467
Iowa,2022-08-20,1815.5614672443655
Iowa,2022-08-27,1691.9623230299164
Iowa,2022-09-03,1635.0629143239526
Iowa,2022-09-10,1796.505342928031
Iowa,2022-09-17,1845.8669372931383
Iowa,2022-09-24,1825.3652997324573
Iowa,2022-10-01,1785.9962696797925
Iowa,2022-10-08,1839.1688367765396
Iowa,2022-10-15,2009.3277835683425
Iowa,2022-10-22,1800.132849649348
Iowa,2022-10-29,1716.8898711920845
Iowa,2022-11-05,1608.783799535584
Iowa,2022-11-12,1640.5912309185044
Iowa,2022-11-19,2472.550812477032
Iowa,2022-11-26,1992.5943825709949
Iowa,2022-12-03,1883.7966608014342
Iowa,2022-12-10,2054.1927372598557
Iowa,2022-12-17,2218.0527304971783
Iowa,2022-12-24,2538.864634540854
Iowa,2022-12-31,2208.771931873513
Iowa,2023-01-07,1707.557306445134
Iowa,2023-01-14,1618.004044138999
Iowa,2023-01-21,1432.9972339105814
Iowa,2023-01-28,1515.8806545945338
Iowa,2023-02-04,2116.8755796418664
Iowa,2023-02-11,1837.2848690545168
Iowa,2023-02-18,1720.0077441183012
Iowa,2023-02-25,2094.0513123502615
Iowa,2023-03-04,1952.6730226775326
Iowa,2023-03-11,1785.8477546196682
Iowa,2023-03-18,2107.913746535934
Iowa,2023-03-25,1752.0392356457412
Iowa,2023-04-01,1297.237530443938
Iowa,2023-04-08,1601.039901853274
Iowa,2023-04-15,1365.4347834880896
Iowa,2023-04-22,2028.9114252628883
Iowa,2023-04-29,1999.7834274561612
Iowa,2023-05-06,1956.7702846066227
Iowa,2023-05-13,1950.672040169852
Iowa,2023-05-20,2412.1471380534826
Iowa,2023-05-27,2040.2418613435186
Iowa,2023-06-03,2229.829106710235
Iowa,2023-06-10,1955.480779932135
Iowa,2023-06-17,2428.398128433868
Iowa,2023-06-24,2220.767886429056
Iowa,2023-07-01,2160.949540383722
Iowa,2023-07-08,3040.054241630399
Iowa,2023-07-15,2638.3612305967863
Iowa,2023-07-22,2410.6302056334607
Iowa,2023-07-29,2546.1011864399607
Iowa,2023-08-05,2155.2078491483917
Iowa,2023-08-12,3426.1143029538366
Iowa,2023-08-19,2390.7038705794603
Iowa,2023-08-26,2488.8120922245866
Iowa,2023-09-02,2855.5592619129766
Iowa,2023-09-09,2991.19629237105
Iowa,2023-09-16,2104.1722162539704
Iowa,2023-09-23,2622.578567553219
Iowa,2023-09-30,2119.3822400200206
Iowa,2023-10-07,2416.347645099243
Iowa,2023-10-14,2108.5869664682473
Iowa,2023-10-21,2174.8271687245083
Iowa,2023-10-28,2608.46369055859
Iowa,2023-11-04,2640.0830400132745
Iowa,2023-11-11,2258.9856752028354
Iowa,2023-11-18,1955.1270589720175
Iowa,2023-11-25,2724.0774144747706
Iowa,2023-12-02,2561.029344643272
Iowa,2023-12-09,2645.864582723405
Iowa,2023-12-16,2558.6862719774854
Iowa,2023-12-23,2708.3706372871616
Iowa,2023-12-30,2534.1322699746274
Iowa,2024-01-06,2129.978714319287
Iowa,2024-01-13,3134.0006961217327
Iowa,2024-01-20,3415.218667368083
Iowa,2024-01-27,2997.326867262387
Iowa,2024-02-03,2165.6941814785378
Iowa,2024-02-10,1931.6097618854405
Iowa,2024-02-17,2402.298638925376
Iowa,2024-02-24,1978.3915014937063
Iowa,2024-03-02,1858.52628765558
Iowa,2024-03-09,1984.6315262290389
Iowa,2024-03-16,1994.3870964313785
Iowa,2024-03-23,1850.182512331291
Iowa,2024-03-30,2846.878743281946
Iowa,2024-04-06,1883.8734491838209
Iowa,2024-04-13,1591.5001449927404
Iowa,2024-04-20,2043.4224952745215
Iowa,2024-04-27,3373.4401718920403
Iowa,2024-05-04,2261.8181236517617
Iowa,2024-05-11,2029.1779408315308
Iowa,2024-05-18,2018.0205572790514
Iowa,2024-05-25,2176.013352116379
Iowa,2024-06-01,2607.909556547886
Iowa,2024-06-08,2753.8301627476844
Iowa,2024-06-15,2854.7891041622224
Iowa,2024-06-22,2720.628861543935
Iowa,2024-06-29,3432.752573960099
Iowa,2024-07-06,2960.948442907187
Iowa,2024-07-13,2880.647287305951
Iowa,2024-07-20,3082.934502369679
Iowa,2024-07-27,2971.32363535722
Iowa,2024-08-03,3127.793886597728
Iowa,2024-08-10,2537.348917201749
Iowa,2024-08-17,3055.9805311536365
Iowa,2024-08-24,2964.772455327376
Iowa,2024-08-31,2604.9630536627587
Iowa,2024-09-07,3108.877819809951
Iowa,2024-09-14,3067.73797597303
Iowa,2024-09-21,2622.578567553219
Iowa,2024-09-28,3313.023080256015
Iowa,2024-10-05,3184.5739843819088
Iowa,2024-10-12,2874.4922831688637
Iowa,2024-10-19,2734.8684997265277
Iowa,2024-10-26,2577.07843224973
Iowa,2024-11-02,2342.199943441512
Iowa,2024-11-09,2757.393137760356
Iowa,2024-11-16,1386.0231953094622
Iowa,2024-11-23,3014.363716228963
Iowa,2024-11-30,1758.2102167480052
Iowa,2024-12-07,3245.5785697757788
Iowa,2024-12-14,2200.6275823356445
Iowa,2024-12-21,2511.8554363010576
Iowa,2024-12-28,3563.1992881948404
Iowa,2025-01-04,2481.4549883068835
Iowa,2025-01-11,3255.254766043331
Iowa,2025-01-18,1993.9737344463801
Iowa,2025-01-25,2190.0305065368784
Iowa,2025-02-01,2196.8370826502073
Iowa,2025-02-08,2237.140393011694
Iowa,2025-02-15,2340.9453491597787
Iowa,2025-02-22,3519.7106651189565
Iowa,2025-03-01,2218.8409525544107
Iowa,2025-03-08,1662.943809807423
Iowa,2025-03-15,1770.4020840629314
Iowa,2025-03-22,2558.9950661713733
Iowa,2025-03-29,2982.8636729438667
Iowa,2025-04-05,2266.4563279389804
Iowa,2025-04-12,1846.9540034929955
Kansas,2020-01-04,1158.8558529467496
Kansas,2020-01-11,982.6513860078946
Kansas,2020-01-18,1022.9922418535999
Kansas,2020-01-25,1436.21056310796
Kansas,2020-02-01,1416.0072412026987
Kansas,2020-02-08,1772.126059782186
Kansas,2020-02-15,1965.989270434407
Kansas,2020-02-22,1267.6071482811726
Kansas,2020-02-29,1292.519247389641
Kansas,2020-03-07,1296.3211209472477
Kansas,2020-03-14,1720.0923309173625
Kansas,2020-03-21,27496.562937690724
Kansas,2020-03-28,63108.19157752974
Kansas,2020-04-04,54612.24408061349
Kansas,2020-04-11,37109.541470323675
Kansas,2020-04-18,35849.417203319055
Kansas,2020-04-25,30938.743990430976
Kansas,2020-05-02,16112.784910467046
Kansas,2020-05-09,14932.543062034449
Kansas,2020-05-16,12079.373276491599
Kansas,2020-05-23,12079.07569891427
Kansas,2020-05-30,10655.88714886139
Kansas,2020-06-06,9236.427318001915
Kansas,2020-06-13,9257.191010875627
Kansas,2020-06-20,11575.930870225642
Kansas,2020-06-27,14608.68055863547
Kansas,2020-07-04,9393.896223860706
Kansas,2020-07-11,12401.609874672253
Kansas,2020-07-18,5185.967446662503
Kansas,2020-07-25,8216.599398970982
Kansas,2020-08-01,7009.437835717984
Kansas,2020-08-08,6564.410170554657
Kansas,2020-08-15,6451.516323318897
Kansas,2020-08-22,6426.796270566367
Kansas,2020-08-29,8161.0761033611625
Kansas,2020-09-05,6414.901184305158
Kansas,2020-09-12,7749.701549937201
Kansas,2020-09-19,8778.923536290393
Kansas,2020-09-26,8735.515032868256
Kansas,2020-10-03,9969.635859766628
Kansas,2020-10-10,8182.900021083991
Kansas,2020-10-17,12677.485031401184
Kansas,2020-10-24,11048.162144976131
Kansas,2020-10-31,12660.223042682728
Kansas,2020-11-07,10537.562890974057
Kansas,2020-11-14,11614.689509580894
Kansas,2020-11-21,13509.320974027612
Kansas,2020-11-28,12357.665018506037
Kansas,2020-12-05,14694.925204835625
Kansas,2020-12-12,17346.509666407263
Kansas,2020-12-19,14648.386139682216
Kansas,2020-12-26,10935.256449055945
Kansas,2021-01-02,13195.688984272301
Kansas,2021-01-09,16494.308615322236
Kansas,2021-01-16,14871.291882199834
Kansas,2021-01-23,14842.901971330057
Kansas,2021-01-30,12720.701051344444
Kansas,2021-02-06,4702.400000114951
Kansas,2021-02-13,6946.306020537753
Kansas,2021-02-20,3743.4288743082557
Kansas,2021-02-27,3033.2027163527496
Kansas,2021-03-06,2434.994398614464
Kansas,2021-03-13,1648.5443308279223
Kansas,2021-03-20,3733.259320120439
Kansas,2021-03-27,3685.149873140423
Kansas,2021-04-03,2169.705836558883
Kansas,2021-04-10,3190.0687412469147
Kansas,2021-04-17,2930.723009346552
Kansas,2021-04-24,2932.414615655563
Kansas,2021-05-01,3231.751924808345
Kansas,2021-05-08,2675.310863438865
Kansas,2021-05-15,2743.7140609833573
Kansas,2021-05-22,2694.8570783970126
Kansas,2021-05-29,2421.184501561526
Kansas,2021-06-05,2112.9432165565413
Kansas,2021-06-12,2080.533623981424
Kansas,2021-06-19,2182.347623075326
Kansas,2021-06-26,1655.7720736903136
Kansas,2021-07-03,1856.6142733445363
Kansas,2021-07-10,1647.4941988319833
Kansas,2021-07-17,1289.6845058287179
Kansas,2021-07-24,1935.3846517138998
Kansas,2021-07-31,1958.0387872733393
Kansas,2021-08-07,1779.1263056864914
Kansas,2021-08-14,1689.315803497481
Kansas,2021-08-21,1983.546618095391
Kansas,2021-08-28,1804.7165153578574
Kansas,2021-09-04,2115.915982922326
Kansas,2021-09-11,1590.4017853053288
Kansas,2021-09-18,1628.9810380705148
Kansas,2021-09-25,1731.0793584905066
Kansas,2021-10-02,1393.5149282979125
Kansas,2021-10-09,1112.940477255683
Kansas,2021-10-16,1375.2052810253285
Kansas,2021-10-23,939.2419104280035
Kansas,2021-10-30,1072.4505857870192
Kansas,2021-11-06,1048.0829058463855
Kansas,2021-11-13,1002.2376957463217
Kansas,2021-11-20,826.0237862334079
Kansas,2021-11-27,635.8853000892407
Kansas,2021-12-04,912.8394463417989
Kansas,2021-12-11,947.0180879997841
Kansas,2021-12-18,919.8008113475041
Kansas,2021-12-25,900.7906799728146
Kansas,2022-01-01,832.2639855239163
Kansas,2022-01-08,1429.8955215086842
Kansas,2022-01-15,1315.5799479957411
Kansas,2022-01-22,1405.8799528585155
Kansas,2022-01-29,1076.165503314051
Kansas,2022-02-05,1538.3097120748068
Kansas,2022-02-12,1892.122621545253
Kansas,2022-02-19,2309.522528528348
Kansas,2022-02-26,2819.3448843851825
Kansas,2022-03-05,2982.0134210801157
Kansas,2022-03-12,2978.553044819296
Kansas,2022-03-19,1376.5328315055958
Kansas,2022-03-26,1614.4191058663764
Kansas,2022-04-02,1496.3488527992297
Kansas,2022-04-09,1657.7017640436493
Kansas,2022-04-16,1311.3843531012726
Kansas,2022-04-23,1196.653875190919
Kansas,2022-04-30,1210.216724980531
Kansas,2022-05-07,1628.7665158803536
Kansas,2022-05-14,1444.3684271914524
Kansas,2022-05-21,1438.5312725816677
Kansas,2022-05-28,1666.738060190973
Kansas,2022-06-04,1231.8807092725083
Kansas,2022-06-11,1215.1789308210086
Kansas,2022-06-18,1298.6455356003075
Kansas,2022-06-25,1244.635448612973
Kansas,2022-07-02,1256.0150475642756
Kansas,2022-07-09,1073.9290081250106
Kansas,2022-07-16,1292.1599079512298
Kansas,2022-07-23,1913.258532629074
Kansas,2022-07-30,1406.7187223516733
Kansas,2022-08-06,1362.2945412820536
Kansas,2022-08-13,1568.5586281904366
Kansas,2022-08-20,1529.7511384913394
Kansas,2022-08-27,1629.6533202561093
Kansas,2022-09-03,1392.5460422128
Kansas,2022-09-10,1488.509748920865
Kansas,2022-09-17,1186.9256028430805
Kansas,2022-09-24,1029.716401408617
Kansas,2022-10-01,1446.5746149465303
Kansas,2022-10-08,1160.4314438176136
Kansas,2022-10-15,1241.1861535505159
Kansas,2022-10-22,1631.6036458019173
Kansas,2022-10-29,1304.083585761951
Kansas,2022-11-05,1399.4345352516789
Kansas,2022-11-12,1190.033713686954
Kansas,2022-11-19,1359.9587490873737
Kansas,2022-11-26,785.0336806902479
Kansas,2022-12-03,1080.8129191226428
Kansas,2022-12-10,764.8424900745921
Kansas,2022-12-17,1050.1719521884581
Kansas,2022-12-24,1382.1342377653054
Kansas,2022-12-31,822.5064077626014
Kansas,2023-01-07,606.5805985590789
Kansas,2023-01-14,540.030875383166
Kansas,2023-01-21,601.5571032806513
Kansas,2023-01-28,1024.4812390101524
Kansas,2023-02-04,1730.913825833763
Kansas,2023-02-11,1016.1399263854137
Kansas,2023-02-18,1372.8168446579232
Kansas,2023-02-25,1004.5353939831157
Kansas,2023-03-04,915.4971139876533
Kansas,2023-03-11,980.1095902663034
Kansas,2023-03-18,1581.094986032743
Kansas,2023-03-25,1565.3222815377032
Kansas,2023-04-01,1327.2614324329168
Kansas,2023-04-08,1398.0797055885685
Kansas,2023-04-15,1843.3054221681932
Kansas,2023-04-22,1900.4878381871708
Kansas,2023-04-29,1678.0770454757976
Kansas,2023-05-06,1374.0443172395478
Kansas,2023-05-13,1464.8767010055296
Kansas,2023-05-20,1592.7051290762488
Kansas,2023-05-27,1444.6846749648885
Kansas,2023-06-03,1466.2058441884744
Kansas,2023-06-10,1775.4237625631622
Kansas,2023-06-17,1437.4320813896534
Kansas,2023-06-24,1556.145109934371
Kansas,2023-07-01,1640.9228847210697
Kansas,2023-07-08,1264.8085384733731
Kansas,2023-07-15,1080.925593496878
Kansas,2023-07-22,1360.1055555084233
Kansas,2023-07-29,1393.9303703302944
Kansas,2023-08-05,1788.7879690998393
Kansas,2023-08-12,1427.247040065172
Kansas,2023-08-19,1237.743612485254
Kansas,2023-08-26,1178.474191416645
Kansas,2023-09-02,1139.2487502705394
Kansas,2023-09-09,1380.710927818461
Kansas,2023-09-16,1416.7403551019913
Kansas,2023-09-23,1459.2027065879765
Kansas,2023-09-30,1230.1469457219048
Kansas,2023-10-07,1498.030271333948
Kansas,2023-10-14,1151.8400685673075
Kansas,2023-10-21,1124.6763530241865
Kansas,2023-10-28,1116.3282025223587
Kansas,2023-11-04,1273.0275750973665
Kansas,2023-11-11,1364.9805304000693
Kansas,2023-11-18,1052.541649262363
Kansas,2023-11-25,1948.5514239809013
Kansas,2023-12-02,1058.0951953449057
Kansas,2023-12-09,973.5699970091239
Kansas,2023-12-16,1043.6894092737145
Kansas,2023-12-23,1211.5898034722068
Kansas,2023-12-30,1513.5725033286672
Kansas,2024-01-06,671.7845690325
Kansas,2024-01-13,1071.9698054727355
Kansas,2024-01-20,910.4799854509204
Kansas,2024-01-27,1071.2094779698416
Kansas,2024-02-03,1148.0550885632101
Kansas,2024-02-10,1223.5347482665
Kansas,2024-02-17,946.0388020973945
Kansas,2024-02-24,972.158511055755
Kansas,2024-03-02,998.1197788392361
Kansas,2024-03-09,1048.7172615849447
Kansas,2024-03-16,1568.3098513747964
Kansas,2024-03-23,1350.162669038517
Kansas,2024-03-30,2011.092858162165
Kansas,2024-04-06,1578.62148187055
Kansas,2024-04-13,1461.67784076007
Kansas,2024-04-20,1497.5190702047908
Kansas,2024-04-27,1665.9072683530883
Kansas,2024-05-04,1707.3665086038025
Kansas,2024-05-11,1769.5710548146799
Kansas,2024-05-18,1610.5434265219026
Kansas,2024-05-25,1594.5038264427287
Kansas,2024-06-01,2035.2811718415353
Kansas,2024-06-08,1676.789109087431
Kansas,2024-06-15,1921.7688024096155
Kansas,2024-06-22,1967.2817350117116
Kansas,2024-06-29,1885.2142364769297
Kansas,2024-07-06,2149.7112155737914
Kansas,2024-07-13,3077.7499723231717
Kansas,2024-07-20,1318.4563901722802
Kansas,2024-07-27,1723.5856668813938
Kansas,2024-08-03,1405.08190782688
Kansas,2024-08-10,1607.0981522245997
Kansas,2024-08-17,1546.8506783025066
Kansas,2024-08-24,1413.3150628945996
Kansas,2024-08-31,1610.4995259770708
Kansas,2024-09-07,1492.9398374593197
Kansas,2024-09-14,1633.0365925221427
Kansas,2024-09-21,1627.319670083261
Kansas,2024-09-28,1446.5746149465303
Kansas,2024-10-05,1895.5090132109776
Kansas,2024-10-12,1305.177268470922
Kansas,2024-10-19,1519.6846331107301
Kansas,2024-10-26,1143.8792641933858
Kansas,2024-11-02,1981.7028162774486
Kansas,2024-11-09,1375.8529314387374
Kansas,2024-11-16,566.2946575723879
Kansas,2024-11-23,801.87301398391
Kansas,2024-11-30,709.7567640862704
Kansas,2024-12-07,1472.8933969903185
Kansas,2024-12-14,1467.2155463702943
Kansas,2024-12-21,1147.0594769829263
Kansas,2024-12-28,985.515353892803
Kansas,2025-01-04,804.9476073232894
Kansas,2025-01-11,793.0106387724409
Kansas,2025-01-18,868.9158158498296
Kansas,2025-01-25,1142.7178436505778
Kansas,2025-02-01,2076.591951401147
Kansas,2025-02-08,1518.0543355040243
Kansas,2025-02-15,1069.9147349280847
Kansas,2025-02-22,1489.3366146585975
Kansas,2025-03-01,1415.0318463087174
Kansas,2025-03-08,1188.8729329930259
Kansas,2025-03-15,1657.8057939804232
Kansas,2025-03-22,1656.295808970245
Kansas,2025-03-29,1862.954321735041
Kansas,2025-04-05,1641.288875290742
Kansas,2025-04-12,2067.272188091107
Kentucky,2020-01-04,4261.070764184525
Kentucky,2020-01-11,2524.229647885996
Kentucky,2020-01-18,1581.1129258141752
Kentucky,2020-01-25,1636.7909513413517
Kentucky,2020-02-01,2255.034038902968
Kentucky,2020-02-08,3558.7998948548266
Kentucky,2020-02-15,1778.348799700249
Kentucky,2020-02-22,1409.047147543297
Kentucky,2020-02-29,2151.324313945227
Kentucky,2020-03-07,1740.0221058037832
Kentucky,2020-03-14,1875.1085404671448
Kentucky,2020-03-21,39168.542350059266
Kentucky,2020-03-28,67482.98211472962
Kentucky,2020-04-04,106685.90789527005
Kentucky,2020-04-11,148473.40969347794
Kentucky,2020-04-18,156416.534690694
Kentucky,2020-04-25,137254.24473915258
Kentucky,2020-05-02,52038.14950921316
Kentucky,2020-05-09,81858.62315166349
Kentucky,2020-05-16,40419.36945696614
Kentucky,2020-05-23,64500.02805049752
Kentucky,2020-05-30,65726.9992817463
Kentucky,2020-06-06,55715.39509923075
Kentucky,2020-06-13,36942.6240784337
Kentucky,2020-06-20,25601.17742868776
Kentucky,2020-06-27,38610.53065065761
Kentucky,2020-07-04,22500.415605352006
Kentucky,2020-07-11,18487.112406252814
Kentucky,2020-07-18,17692.43008268072
Kentucky,2020-07-25,24436.636123966564
Kentucky,2020-08-01,30249.041856015334
Kentucky,2020-08-08,25739.913503590342
Kentucky,2020-08-15,30141.43167595553
Kentucky,2020-08-22,30389.95637659116
Kentucky,2020-08-29,29609.902591349604
Kentucky,2020-09-05,16002.592144874056
Kentucky,2020-09-12,16221.375662715605
Kentucky,2020-09-19,15133.804430632656
Kentucky,2020-09-26,14211.464655044974
Kentucky,2020-10-03,11383.009404353725
Kentucky,2020-10-10,7596.874440234921
Kentucky,2020-10-17,10507.158864791936
Kentucky,2020-10-24,6587.526012870164
Kentucky,2020-10-31,9711.659445634516
Kentucky,2020-11-07,2932.419324683031
Kentucky,2020-11-14,10357.710710799349
Kentucky,2020-11-21,11824.628028878753
Kentucky,2020-11-28,13337.699480147325
Kentucky,2020-12-05,7025.819227479005
Kentucky,2020-12-12,8164.269061819654
Kentucky,2020-12-19,9471.003602096036
Kentucky,2020-12-26,8127.858995092184
Kentucky,2021-01-02,13949.140061072469
Kentucky,2021-01-09,7251.434918410401
Kentucky,2021-01-16,6117.327960705169
Kentucky,2021-01-23,5037.799163976671
Kentucky,2021-01-30,9465.988599874972
Kentucky,2021-02-06,12984.286264879054
Kentucky,2021-02-13,7603.97417802865
Kentucky,2021-02-20,7943.587567430094
Kentucky,2021-02-27,13410.211884093122
Kentucky,2021-03-06,6553.871325839098
Kentucky,2021-03-13,6920.059453831711
Kentucky,2021-03-20,6981.513229602796
Kentucky,2021-03-27,14813.584828550445
Kentucky,2021-04-03,19438.930085820713
Kentucky,2021-04-10,7660.087418416146
Kentucky,2021-04-17,8962.500011417038
Kentucky,2021-04-24,11189.719896572988
Kentucky,2021-05-01,9114.85260171898
Kentucky,2021-05-08,13177.005776604772
Kentucky,2021-05-15,3454.1943341005276
Kentucky,2021-05-22,3419.433951032429
Kentucky,2021-05-29,9654.36452844659
Kentucky,2021-06-05,8135.790883318796
Kentucky,2021-06-12,14835.922339068195
Kentucky,2021-06-19,15515.677763872665
Kentucky,2021-06-26,9047.767952732429
Kentucky,2021-07-03,6058.547608880325
Kentucky,2021-07-10,1881.5517760275234
Kentucky,2021-07-17,8267.49744512069
Kentucky,2021-07-24,4906.838440366842
Kentucky,2021-07-31,5808.046285959937
Kentucky,2021-08-07,5904.041998017917
Kentucky,2021-08-14,2920.745322809662
Kentucky,2021-08-21,3403.7644909263304
Kentucky,2021-08-28,3076.8894173633403
Kentucky,2021-09-04,3450.4242836874378
Kentucky,2021-09-11,4831.620541604521
Kentucky,2021-09-18,7682.928648904323
Kentucky,2021-09-25,6894.072215638838
Kentucky,2021-10-02,5468.328062721009
Kentucky,2021-10-09,5327.612063465133
Kentucky,2021-10-16,2530.1224421520487
Kentucky,2021-10-23,5409.81244211854
Kentucky,2021-10-30,7664.319512463658
Kentucky,2021-11-06,9390.059680299479
Kentucky,2021-11-13,6697.553255636761
Kentucky,2021-11-20,1452.373960753659
Kentucky,2021-11-27,1844.864752646196
Kentucky,2021-12-04,1380.5631562321014
Kentucky,2021-12-11,5854.114956160807
Kentucky,2021-12-18,3683.6034816049128
Kentucky,2021-12-25,1521.433605643818
Kentucky,2022-01-01,2279.981632082502
Kentucky,2022-01-08,7153.468344374503
Kentucky,2022-01-15,6035.298755734265
Kentucky,2022-01-22,4920.5669588202645
Kentucky,2022-01-29,4643.222468674492
Kentucky,2022-02-05,1749.0968148077366
Kentucky,2022-02-12,3791.872058514786
Kentucky,2022-02-19,2924.278470080885
Kentucky,2022-02-26,3621.347540613153
Kentucky,2022-03-05,4867.540523340669
Kentucky,2022-03-12,4767.556041309822
Kentucky,2022-03-19,3597.0213503858763
Kentucky,2022-03-26,1471.9352345946734
Kentucky,2022-04-02,1290.3028792436658
Kentucky,2022-04-09,2309.9013402091696
Kentucky,2022-04-16,2659.566972169406
Kentucky,2022-04-23,2991.147392011174
Kentucky,2022-04-30,2355.414136235503
Kentucky,2022-05-07,1959.9719347130408
Kentucky,2022-05-14,7151.822245159178
Kentucky,2022-05-21,5724.925207821402
Kentucky,2022-05-28,1943.7087179778507
Kentucky,2022-06-04,2256.9023129583074
Kentucky,2022-06-11,1420.7946790324568
Kentucky,2022-06-18,1364.2420878846733
Kentucky,2022-06-25,3530.897744227892
Kentucky,2022-07-02,1517.2945838159371
Kentucky,2022-07-09,3488.177051554628
Kentucky,2022-07-16,1991.9156214452278
Kentucky,2022-07-23,4409.766995993586
Kentucky,2022-07-30,2296.7398098097274
Kentucky,2022-08-06,2630.732642651518
Kentucky,2022-08-13,2669.9242555401315
Kentucky,2022-08-20,2733.4388800218017
Kentucky,2022-08-27,2703.715657123355
Kentucky,2022-09-03,3936.4480838871664
Kentucky,2022-09-10,2624.376159454566
Kentucky,2022-09-17,1985.9408167619697
Kentucky,2022-09-24,1946.5171003585535
Kentucky,2022-10-01,2053.625399835928
Kentucky,2022-10-08,1828.900748972622
Kentucky,2022-10-15,2101.078650496119
Kentucky,2022-10-22,2700.576391755036
Kentucky,2022-10-29,1242.348690097486
Kentucky,2022-11-05,3111.200791647433
Kentucky,2022-11-12,1654.3300397551154
Kentucky,2022-11-19,1803.3553626852329
Kentucky,2022-11-26,2141.130853342676
Kentucky,2022-12-03,1587.862670656984
Kentucky,2022-12-10,2248.2950619338044
Kentucky,2022-12-17,2677.050432983996
Kentucky,2022-12-24,4160.447823112811
Kentucky,2022-12-31,2259.3967491637363
Kentucky,2023-01-07,1834.0106035421693
Kentucky,2023-01-14,2790.0183340728736
Kentucky,2023-01-21,3319.455374265645
Kentucky,2023-01-28,1553.1815399377394
Kentucky,2023-02-04,2351.5230912869088
Kentucky,2023-02-11,1112.0211655430992
Kentucky,2023-02-18,4414.789667222977
Kentucky,2023-02-25,1639.3807412610051
Kentucky,2023-03-04,3167.0804304987255
Kentucky,2023-03-11,3050.670304077786
Kentucky,2023-03-18,3705.683034893313
Kentucky,2023-03-25,3171.101962050194
Kentucky,2023-04-01,1279.414247351314
Kentucky,2023-04-08,2285.640353219687
Kentucky,2023-04-15,2292.522661530642
Kentucky,2023-04-22,1497.0782973094156
Kentucky,2023-04-29,3491.1138184840866
Kentucky,2023-05-06,1921.0320949505299
Kentucky,2023-05-13,1271.833670493493
Kentucky,2023-05-20,1755.0865600620357
Kentucky,2023-05-27,2212.6495468804465
Kentucky,2023-06-03,2336.235848807751
Kentucky,2023-06-10,1574.8449308336278
Kentucky,2023-06-17,1528.0747857499778
Kentucky,2023-06-24,1693.6211878095244
Kentucky,2023-07-01,3665.667742938758
Kentucky,2023-07-08,3522.825322850571
Kentucky,2023-07-15,1406.6955803242142
Kentucky,2023-07-22,1680.5195794581823
Kentucky,2023-07-29,2177.297827219372
Kentucky,2023-08-05,2113.428912920043
Kentucky,2023-08-12,2131.9790717910073
Kentucky,2023-08-19,2282.8311082470905
Kentucky,2023-08-26,2370.0121984472144
Kentucky,2023-09-02,2221.576873962591
Kentucky,2023-09-09,2987.2621002487112
Kentucky,2023-09-16,2198.20623014776
Kentucky,2023-09-23,2214.8718850681794
Kentucky,2023-09-30,2808.2226471440613
Kentucky,2023-10-07,1864.5369500660345
Kentucky,2023-10-14,3246.9610405566073
Kentucky,2023-10-21,2931.9129860098196
Kentucky,2023-10-28,2632.596033778006
Kentucky,2023-11-04,1145.276765817072
Kentucky,2023-11-11,2284.732941740321
Kentucky,2023-11-18,4003.987220194854
Kentucky,2023-11-25,3231.733600834066
Kentucky,2023-12-02,4722.300141878029
Kentucky,2023-12-09,2005.3577265772753
Kentucky,2023-12-16,2261.6653595264206
Kentucky,2023-12-23,2208.4916863227045
Kentucky,2023-12-30,2276.6880508154995
Kentucky,2024-01-06,1340.360853854787
Kentucky,2024-01-13,1261.7117089587177
Kentucky,2024-01-20,1508.0903782892096
Kentucky,2024-01-27,2150.2286473806203
Kentucky,2024-02-03,2209.7044306268217
Kentucky,2024-02-10,3215.9475094472687
Kentucky,2024-02-17,795.5385809096126
Kentucky,2024-02-24,1440.022752654295
Kentucky,2024-03-02,1007.418401492568
Kentucky,2024-03-09,1035.5177505344593
Kentucky,2024-03-16,1060.2504069218255
Kentucky,2024-03-23,747.8957796522368
Kentucky,2024-03-30,1286.6733352795486
Kentucky,2024-04-06,2759.3680465406387
Kentucky,2024-04-13,2224.8300632570995
Kentucky,2024-04-20,2116.9740344867814
Kentucky,2024-04-27,1279.7250052285885
Kentucky,2024-05-04,1767.632726189124
Kentucky,2024-05-11,1351.2698903429857
Kentucky,2024-05-18,1808.8136996557714
Kentucky,2024-05-25,2255.435587842223
Kentucky,2024-06-01,2302.0403592174735
Kentucky,2024-06-08,1693.57155801797
Kentucky,2024-06-15,1563.1081928406718
Kentucky,2024-06-22,1697.4015922465992
Kentucky,2024-06-29,2371.6184131747195
Kentucky,2024-07-06,2660.3846568972026
Kentucky,2024-07-13,3674.6038631376236
Kentucky,2024-07-20,2073.0666546875295
Kentucky,2024-07-27,2421.9380325249194
Kentucky,2024-08-03,2511.3548588673316
Kentucky,2024-08-10,2988.4010054284167
Kentucky,2024-08-17,2597.5117422550497
Kentucky,2024-08-24,2692.9510294241245
Kentucky,2024-08-31,2731.729515306987
Kentucky,2024-09-07,2465.3797420963065
Kentucky,2024-09-14,2772.042390063583
Kentucky,2024-09-21,2942.4535196682214
Kentucky,2024-09-28,2782.2020524092977
Kentucky,2024-10-05,4369.252798345868
Kentucky,2024-10-12,3418.225434756711
Kentucky,2024-10-19,1843.270189516722
Kentucky,2024-10-26,1498.0020770053022
Kentucky,2024-11-02,1131.162439477777
Kentucky,2024-11-09,2130.634454588382
Kentucky,2024-11-16,1797.9722123488589
Kentucky,2024-11-23,2918.2926537203984
Kentucky,2024-11-30,2382.6541699457453
Kentucky,2024-12-07,3308.8964843468
Kentucky,2024-12-14,3717.19257110283
Kentucky,2024-12-21,3463.8649076740517
Kentucky,2024-12-28,3461.55391161966
Kentucky,2025-01-04,1870.2709588671444
Kentucky,2025-01-11,3378.57787973911
Kentucky,2025-01-18,1917.1288332371066
Kentucky,2025-01-25,1868.4567750910305
Kentucky,2025-02-01,2095.7646519768377
Kentucky,2025-02-08,1318.114911971212
Kentucky,2025-02-15,2863.6017986555757
Kentucky,2025-02-22,1957.7728686959936
Kentucky,2025-03-01,2058.63760305003
Kentucky,2025-03-08,1406.4997274814598
Kentucky,2025-03-15,1224.8408996316189
Kentucky,2025-03-22,1460.0070722397734
Kentucky,2025-03-29,4767.405996867947
Kentucky,2025-04-05,2935.579425727408
Kentucky,2025-04-12,9914.709227131536
Louisiana,2020-01-04,1447.0015334899945
Louisiana,2020-01-11,1889.7289661990349
Louisiana,2020-01-18,1593.2952815708595
Louisiana,2020-01-25,1997.0989372366714
Louisiana,2020-02-01,2067.915088867938
Louisiana,2020-02-08,1922.8019886915301
Louisiana,2020-02-15,2080.2112856742647
Louisiana,2020-02-22,2493.2675313522363
Louisiana,2020-02-29,1998.231993305488
Louisiana,2020-03-07,2051.498606569539
Louisiana,2020-03-14,2508.072247666484
Louisiana,2020-03-21,85046.45443863582
Louisiana,2020-03-28,93099.60656987499
Louisiana,2020-04-04,97026.09509484765
Louisiana,2020-04-11,71187.41530234502
Louisiana,2020-04-18,87779.71073025807
Louisiana,2020-04-25,68279.4823473118
Louisiana,2020-05-02,53955.17449155229
Louisiana,2020-05-09,42336.14442148546
Louisiana,2020-05-16,26705.94511178114
Louisiana,2020-05-23,22349.182455762366
Louisiana,2020-05-30,16087.485471335884
Louisiana,2020-06-06,17801.626222824885
Louisiana,2020-06-13,18422.59047927737
Louisiana,2020-06-20,17932.468927846563
Louisiana,2020-06-27,19888.391652768216
Louisiana,2020-07-04,26311.987224536006
Louisiana,2020-07-11,24470.265913719555
Louisiana,2020-07-18,23204.388026683333
Louisiana,2020-07-25,17545.559546701737
Louisiana,2020-08-01,13924.560404138185
Louisiana,2020-08-08,12129.003737609026
Louisiana,2020-08-15,15777.853873265338
Louisiana,2020-08-22,14590.489580813122
Louisiana,2020-08-29,18353.369928035074
Louisiana,2020-09-05,19604.84533987993
Louisiana,2020-09-12,11948.384912421448
Louisiana,2020-09-19,14546.384466695024
Louisiana,2020-09-26,17018.101622695867
Louisiana,2020-10-03,15522.291960596829
Louisiana,2020-10-10,14368.664733182117
Louisiana,2020-10-17,14161.117405907167
Louisiana,2020-10-24,12690.31637205208
Louisiana,2020-10-31,9506.775875671257
Louisiana,2020-11-07,11558.370410413385
Louisiana,2020-11-14,12126.257970675902
Louisiana,2020-11-21,10292.28239778808
Louisiana,2020-11-28,15507.128081622193
Louisiana,2020-12-05,9195.729900790979
Louisiana,2020-12-12,10067.537808964924
Louisiana,2020-12-19,8547.948790286839
Louisiana,2020-12-26,9555.707875763148
Louisiana,2021-01-02,22137.028888403926
Louisiana,2021-01-09,16209.242032958324
Louisiana,2021-01-16,12965.361006408288
Louisiana,2021-01-23,12765.26924525506
Louisiana,2021-01-30,10425.98977749938
Louisiana,2021-02-06,9598.030979562707
Louisiana,2021-02-13,7725.131962555723
Louisiana,2021-02-20,8939.98652648936
Louisiana,2021-02-27,9244.3058616737
Louisiana,2021-03-06,8578.115492723044
Louisiana,2021-03-13,8002.474422155367
Louisiana,2021-03-20,7593.8108079888525
Louisiana,2021-03-27,12277.869059446039
Louisiana,2021-04-03,11824.877551883967
Louisiana,2021-04-10,8766.491616143801
Louisiana,2021-04-17,8431.046267391714
Louisiana,2021-04-24,7344.01108871617
Louisiana,2021-05-01,7184.34951367659
Louisiana,2021-05-08,7521.853547184294
Louisiana,2021-05-15,5919.373435706403
Louisiana,2021-05-22,5574.004188290802
Louisiana,2021-05-29,4637.196469005631
Louisiana,2021-06-05,4531.16031056775
Louisiana,2021-06-12,4176.59455463939
Louisiana,2021-06-19,3929.271771836079
Louisiana,2021-06-26,3736.7659780797217
Louisiana,2021-07-03,3535.958559442054
Louisiana,2021-07-10,4232.684605317966
Louisiana,2021-07-17,3972.645626189871
Louisiana,2021-07-24,2959.1722167793646
Louisiana,2021-07-31,3353.8636759109136
Louisiana,2021-08-07,2627.1698869261845
Louisiana,2021-08-14,2561.3613109958073
Louisiana,2021-08-21,2581.7795036046527
Louisiana,2021-08-28,2335.1208728152833
Louisiana,2021-09-04,7760.218028372239
Louisiana,2021-09-11,10368.262324819056
Louisiana,2021-09-18,6965.446328311652
Louisiana,2021-09-25,4121.897834117611
Louisiana,2021-10-02,3609.2989998267644
Louisiana,2021-10-09,3324.1493648762635
Louisiana,2021-10-16,3045.308168276992
Louisiana,2021-10-23,2682.7964411197295
Louisiana,2021-10-30,3397.777480685926
Louisiana,2021-11-06,2279.455627976995
Louisiana,2021-11-13,2030.4993436213904
Louisiana,2021-11-20,2050.259539867989
Louisiana,2021-11-27,2064.1066920189814
Louisiana,2021-12-04,2202.576077839226
Louisiana,2021-12-11,1972.5394350647175
Louisiana,2021-12-18,2073.896735266413
Louisiana,2021-12-25,1880.7802428284733
Louisiana,2022-01-01,1425.1830543963576
Louisiana,2022-01-08,2144.591262314732
Louisiana,2022-01-15,2023.3580517956632
Louisiana,2022-01-22,2043.8893276724614
Louisiana,2022-01-29,1902.1201473406252
Louisiana,2022-02-05,1832.254526620184
Louisiana,2022-02-12,1951.0204755231316
Louisiana,2022-02-19,1901.1511598909433
Louisiana,2022-02-26,1757.2258814555219
Louisiana,2022-03-05,1627.4255730560478
Louisiana,2022-03-12,1749.5333239819865
Louisiana,2022-03-19,1710.603331360507
Louisiana,2022-03-26,1368.7745031628438
Louisiana,2022-04-02,1424.230950349231
Louisiana,2022-04-09,1829.4431989240863
Louisiana,2022-04-16,1557.4851582416904
Louisiana,2022-04-23,1655.8608077453946
Louisiana,2022-04-30,1742.3345053808036
Louisiana,2022-05-07,1785.240033922826
Louisiana,2022-05-14,1626.9622893462044
Louisiana,2022-05-21,1714.3607259167493
Louisiana,2022-05-28,1756.5264213297844
Louisiana,2022-06-04,1703.761840604932
Louisiana,2022-06-11,1842.0996967428978
Louisiana,2022-06-18,1841.5591170012478
Louisiana,2022-06-25,1933.995857388318
Louisiana,2022-07-02,1801.4795976693174
Louisiana,2022-07-09,1948.260706879573
Louisiana,2022-07-16,2079.635137526562
Louisiana,2022-07-23,2246.3927462418624
Louisiana,2022-07-30,2154.8678016850167
Louisiana,2022-08-06,2320.9754704076204
Louisiana,2022-08-13,2154.9703654261466
Louisiana,2022-08-20,2095.0028538496936
Louisiana,2022-08-27,2039.2633253372305
Louisiana,2022-09-03,1376.6326716312333
Louisiana,2022-09-10,1099.4404359532527
Louisiana,2022-09-17,1495.6058951742762
Louisiana,2022-09-24,1611.3727788303709
Louisiana,2022-10-01,1666.2738194088417
Louisiana,2022-10-08,2035.1286942556685
Louisiana,2022-10-15,1871.278878010434
Louisiana,2022-10-22,2017.840710471119
Louisiana,2022-10-29,1897.0641965943357
Louisiana,2022-11-05,2066.583699064454
Louisiana,2022-11-12,1869.9426178772496
Louisiana,2022-11-19,2226.4937431949725
Louisiana,2022-11-26,1900.8737648440108
Louisiana,2022-12-03,2224.773363094592
Louisiana,2022-12-10,2218.5649580096024
Louisiana,2022-12-17,2241.059498639421
Louisiana,2022-12-24,2112.5461384327214
Louisiana,2022-12-31,1343.145573004283
Louisiana,2023-01-07,1592.1397557345301
Louisiana,2023-01-14,1835.3047740405368
Louisiana,2023-01-21,1890.7571407916942
Louisiana,2023-01-28,1848.8648024863974
Louisiana,2023-02-04,2054.8947568897297
Louisiana,2023-02-11,2112.5089882120483
Louisiana,2023-02-18,2185.422485768145
Louisiana,2023-02-25,1819.463723526667
Louisiana,2023-03-04,1970.5501927649696
Louisiana,2023-03-11,1907.4695808195213
Louisiana,2023-03-18,1924.2819904597602
Louisiana,2023-03-25,1493.0347583382415
Louisiana,2023-04-01,1603.585694265925
Louisiana,2023-04-08,1606.0133993485995
Louisiana,2023-04-15,1858.2870128377251
Louisiana,2023-04-22,1719.8654025584958
Louisiana,2023-04-29,1716.9144274907492
Louisiana,2023-05-06,1794.735991550075
Louisiana,2023-05-13,1945.0572740372393
Louisiana,2023-05-20,1854.2704695987475
Louisiana,2023-05-27,2036.1061833225874
Louisiana,2023-06-03,2253.7823774955405
Louisiana,2023-06-10,2090.6875450922853
Louisiana,2023-06-17,2022.500336975934
Louisiana,2023-06-24,1982.8661317444103
Louisiana,2023-07-01,1806.504645361561
Louisiana,2023-07-08,1779.2504834991714
Louisiana,2023-07-15,1737.4899479439312
Louisiana,2023-07-22,2001.8487257649
Louisiana,2023-07-29,2113.308152665055
Louisiana,2023-08-05,2220.7267646435353
Louisiana,2023-08-12,2083.5773614747195
Louisiana,2023-08-19,2185.8367741388965
Louisiana,2023-08-26,2074.403493811635
Louisiana,2023-09-02,1135.6221981050694
Louisiana,2023-09-09,1021.9110566550046
Louisiana,2023-09-16,1597.5344751861535
Louisiana,2023-09-23,1848.4315090925186
Louisiana,2023-09-30,1805.8026305842534
Louisiana,2023-10-07,1682.711712879102
Louisiana,2023-10-14,1628.0017632835988
Louisiana,2023-10-21,1993.5908853610931
Louisiana,2023-10-28,1960.299669814147
Louisiana,2023-11-04,2050.4744720116128
Louisiana,2023-11-11,2212.7855510451895
Louisiana,2023-11-18,2027.7179557215143
Louisiana,2023-11-25,1582.3062779380202
Louisiana,2023-12-02,1967.4866476346729
Louisiana,2023-12-09,1933.522171513987
Louisiana,2023-12-16,2002.7177521527453
Louisiana,2023-12-23,2046.4928581855106
Louisiana,2023-12-30,1110.9969554479871
Louisiana,2024-01-06,1170.8673721550547
Louisiana,2024-01-13,1406.0354775615353
Louisiana,2024-01-20,1267.594213624128
Louisiana,2024-01-27,1730.2962988486827
Louisiana,2024-02-03,1688.4438515656927
Louisiana,2024-02-10,1843.361467063854
Louisiana,2024-02-17,1557.2521900492557
Louisiana,2024-02-24,1885.6741938151192
Louisiana,2024-03-02,1873.895370311752
Louisiana,2024-03-09,1818.4914079533046
Louisiana,2024-03-16,1783.3949624822305
Louisiana,2024-03-23,1445.24235250155
Louisiana,2024-03-30,1303.6968482546786
Louisiana,2024-04-06,1504.1294107421775
Louisiana,2024-04-13,1525.0176564757692
Louisiana,2024-04-20,1749.8030356162367
Louisiana,2024-04-27,1666.0742717106407
Louisiana,2024-05-04,1434.944708117638
Louisiana,2024-05-11,1774.782899879097
Louisiana,2024-05-18,1823.4903259887078
Louisiana,2024-05-25,1817.2684529532207
Louisiana,2024-06-01,1664.7071279263089
Louisiana,2024-06-08,1747.2857417634839
Louisiana,2024-06-15,1855.3363672531275
Louisiana,2024-06-22,1837.1603137568018
Louisiana,2024-06-29,1750.3916127981745
Louisiana,2024-07-06,1517.3775000196483
Louisiana,2024-07-13,1542.1850828544802
Louisiana,2024-07-20,1837.8715337396502
Louisiana,2024-07-27,1909.6658724672425
Louisiana,2024-08-03,1997.3464963648678
Louisiana,2024-08-10,2027.5613122205232
Louisiana,2024-08-17,2050.750431144697
Louisiana,2024-08-24,2024.5271256544156
Louisiana,2024-08-31,1341.518562905567
Louisiana,2024-09-07,1140.7894382456518
Louisiana,2024-09-14,1294.6889826508643
Louisiana,2024-09-21,1778.462632759638
Louisiana,2024-09-28,1918.8094363296282
Louisiana,2024-10-05,1747.26857733547
Louisiana,2024-10-12,1932.098156692143
Louisiana,2024-10-19,2020.3933236405956
Louisiana,2024-10-26,1773.9808647914888
Louisiana,2024-11-02,1808.8360662189987
Louisiana,2024-11-09,1851.8347164775344
Louisiana,2024-11-16,1775.6620602654798
Louisiana,2024-11-23,2793.3892860103815
Louisiana,2024-11-30,1435.7607690175075
Louisiana,2024-12-07,2248.91171854906
Louisiana,2024-12-14,2025.365610416185
Louisiana,2024-12-21,1844.8565290098147
Louisiana,2024-12-28,965.2495151024932
Louisiana,2025-01-04,999.2101197712469
Louisiana,2025-01-11,1642.4906538105972
Louisiana,2025-01-18,1994.972101307772
Louisiana,2025-01-25,1044.0057227083516
Louisiana,2025-02-01,1799.231334570634
Louisiana,2025-02-08,1970.159854804781
Louisiana,2025-02-15,2179.875728190053
Louisiana,2025-02-22,2208.781288822766
Louisiana,2025-03-01,1696.2921340539651
Louisiana,2025-03-08,1578.2503412145193
Louisiana,2025-03-15,1789.2652553146277
Louisiana,2025-03-22,1435.6838713342117
Louisiana,2025-03-29,1396.267038663295
Louisiana,2025-04-05,1347.7285510393367
Louisiana,2025-04-12,1610.9610435032077
Maine,2020-01-04,824.9458414970388
Maine,2020-01-11,718.619929900296
Maine,2020-01-18,548.045248994427
Maine,2020-01-25,675.3319986800315
Maine,2020-02-01,679.3632976847103
Maine,2020-02-08,588.79744540406
Maine,2020-02-15,683.1378447749318
Maine,2020-02-22,658.6976126099748
Maine,2020-02-29,790.9040823383456
Maine,2020-03-07,678.2403479055645
Maine,2020-03-14,652.6328565186997
Maine,2020-03-21,22665.555868412997
Maine,2020-03-28,22754.52974550558
Maine,2020-04-04,26404.794770701406
Maine,2020-04-11,12094.250949768228
Maine,2020-04-18,11904.148300324561
Maine,2020-04-25,6725.248623770823
Maine,2020-05-02,7712.764645986872
Maine,2020-05-09,6669.980883799707
Maine,2020-05-16,6050.999589051991
Maine,2020-05-23,23001.744569473263
Maine,2020-05-30,14999.249793899553
Maine,2020-06-06,4577.082535328615
Maine,2020-06-13,3792.671503544657
Maine,2020-06-20,3319.5061440486793
Maine,2020-06-27,3437.3271703928344
Maine,2020-07-04,3283.861598503735
Maine,2020-07-11,4800.807229242014
Maine,2020-07-18,2757.4188242274827
Maine,2020-07-25,3102.490735484858
Maine,2020-08-01,2871.953897166866
Maine,2020-08-08,2753.0044085259638
Maine,2020-08-15,2168.8228982849037
Maine,2020-08-22,1864.0407518537158
Maine,2020-08-29,2191.9229203406244
Maine,2020-09-05,2073.9092208223824
Maine,2020-09-12,2649.818063800292
Maine,2020-09-19,2603.626634354068
Maine,2020-09-26,2923.554256954785
Maine,2020-10-03,2718.0938495498826
Maine,2020-10-10,2207.9053833284893
Maine,2020-10-17,2002.600927727774
Maine,2020-10-24,1945.0543155788214
Maine,2020-10-31,1888.3145671739699
Maine,2020-11-07,1937.0836492452495
Maine,2020-11-14,1907.6889017074095
Maine,2020-11-21,1821.0417837543
Maine,2020-11-28,1718.5540146080145
Maine,2020-12-05,1747.3421403970503
Maine,2020-12-12,1937.8925267092286
Maine,2020-12-19,1992.838223665776
Maine,2020-12-26,1768.9317122905295
Maine,2021-01-02,1954.4718072750047
Maine,2021-01-09,1727.7261991773294
Maine,2021-01-16,1892.7277003853412
Maine,2021-01-23,2035.2961189032728
Maine,2021-01-30,2092.068815685152
Maine,2021-02-06,1821.7493609937583
Maine,2021-02-13,1768.3758133730828
Maine,2021-02-20,1964.4740196970486
Maine,2021-02-27,1538.6846242243682
Maine,2021-03-06,1402.9615028703915
Maine,2021-03-13,1440.1157196682348
Maine,2021-03-20,1531.527844223815
Maine,2021-03-27,1534.5187708054457
Maine,2021-04-03,1834.069698243155
Maine,2021-04-10,1847.13500567338
Maine,2021-04-17,1679.0624673752036
Maine,2021-04-24,1482.6974188159404
Maine,2021-05-01,1534.1706881978748
Maine,2021-05-08,1553.0211808667898
Maine,2021-05-15,1567.1653611933216
Maine,2021-05-22,1384.217303844824
Maine,2021-05-29,1850.862498108312
Maine,2021-06-05,1544.7837109931677
Maine,2021-06-12,1705.6322228021938
Maine,2021-06-19,1765.2337722388716
Maine,2021-06-26,1507.6189705345937
Maine,2021-07-03,1398.909398205742
Maine,2021-07-10,1198.157170500775
Maine,2021-07-17,1455.0351528546603
Maine,2021-07-24,1411.0633136564697
Maine,2021-07-31,1349.2512792148634
Maine,2021-08-07,1220.9114130083426
Maine,2021-08-14,1336.7894891080375
Maine,2021-08-21,1256.5631854013889
Maine,2021-08-28,1262.8145670872666
Maine,2021-09-04,1226.311539268887
Maine,2021-09-11,1043.3081575241567
Maine,2021-09-18,1015.2506372952969
Maine,2021-09-25,935.7588436086339
Maine,2021-10-02,958.1999469623557
Maine,2021-10-09,1143.150495435409
Maine,2021-10-16,879.2995158150924
Maine,2021-10-23,916.6347923992147
Maine,2021-10-30,897.3947766168748
Maine,2021-11-06,855.6023185712232
Maine,2021-11-13,831.0913092065329
Maine,2021-11-20,756.2090104676241
Maine,2021-11-27,718.7162622820555
Maine,2021-12-04,730.3366816434926
Maine,2021-12-11,747.2513582990786
Maine,2021-12-18,705.5182301904006
Maine,2021-12-25,794.5932475905715
Maine,2022-01-01,700.9311329135994
Maine,2022-01-08,740.2567887762178
Maine,2022-01-15,694.914518015874
Maine,2022-01-22,646.716236024098
Maine,2022-01-29,659.3139835646167
Maine,2022-02-05,562.7964186127126
Maine,2022-02-12,643.3601981171508
Maine,2022-02-19,650.6538154410606
Maine,2022-02-26,611.0697434307867
Maine,2022-03-05,629.8623650479648
Maine,2022-03-12,499.2538413431693
Maine,2022-03-19,567.1934154125439
Maine,2022-03-26,579.1539964674328
Maine,2022-04-02,621.0380394144265
Maine,2022-04-09,585.5238634488918
Maine,2022-04-16,510.7991241111312
Maine,2022-04-23,570.6058746183311
Maine,2022-04-30,594.4773550960853
Maine,2022-05-07,543.9758562697377
Maine,2022-05-14,576.1637357328387
Maine,2022-05-21,633.4553763357669
Maine,2022-05-28,508.4491455559171
Maine,2022-06-04,574.154402089666
Maine,2022-06-11,489.66120639856337
Maine,2022-06-18,563.3239557403117
Maine,2022-06-25,540.0097189780342
Maine,2022-07-02,502.8028987161214
Maine,2022-07-09,652.239142303323
Maine,2022-07-16,533.068665492132
Maine,2022-07-23,583.8351483360284
Maine,2022-07-30,650.4425202642728
Maine,2022-08-06,701.746221781128
Maine,2022-08-13,641.5286951383274
Maine,2022-08-20,619.1278211514127
Maine,2022-08-27,623.5037153212513
Maine,2022-09-03,582.4979811527213
Maine,2022-09-10,624.1383314038318
Maine,2022-09-17,655.000411158256
Maine,2022-09-24,579.5429524518955
Maine,2022-10-01,598.8749668514723
Maine,2022-10-08,527.388632557483
Maine,2022-10-15,647.2001512344589
Maine,2022-10-22,648.3514385262738
Maine,2022-10-29,691.4170673437708
Maine,2022-11-05,663.9473992112693
Maine,2022-11-12,618.0644563869273
Maine,2022-11-19,676.2253651297024
Maine,2022-11-26,682.4710387229359
Maine,2022-12-03,634.3927704403268
Maine,2022-12-10,600.2815890734506
Maine,2022-12-17,564.4145841523205
Maine,2022-12-24,651.3276870901012
Maine,2022-12-31,594.7745423661753
Maine,2023-01-07,602.6095376293962
Maine,2023-01-14,580.0478912714739
Maine,2023-01-21,517.2299100059987
Maine,2023-01-28,482.7257938145615
Maine,2023-02-04,603.056072999315
Maine,2023-02-11,620.8771804410139
Maine,2023-02-18,568.4283332699376
Maine,2023-02-25,604.6470884698025
Maine,2023-03-04,726.6183307631642
Maine,2023-03-11,804.9824823306359
Maine,2023-03-18,671.7597992595493
Maine,2023-03-25,679.6683264328549
Maine,2023-04-01,589.4308764731145
Maine,2023-04-08,669.8106064262208
Maine,2023-04-15,670.613503536
Maine,2023-04-22,657.5135385986615
Maine,2023-04-29,627.5651485151624
Maine,2023-05-06,659.9443355184511
Maine,2023-05-13,592.8084658762319
Maine,2023-05-20,571.3519080675545
Maine,2023-05-27,570.323909300817
Maine,2023-06-03,578.5596788320419
Maine,2023-06-10,623.0907382192516
Maine,2023-06-17,504.02669724133153
Maine,2023-06-24,586.2962663190086
Maine,2023-07-01,679.3425831542262
Maine,2023-07-08,570.4536699141916
Maine,2023-07-15,669.9703909480659
Maine,2023-07-22,605.4016181954067
Maine,2023-07-29,665.4527322703715
Maine,2023-08-05,611.249537071797
Maine,2023-08-12,623.6179955278665
Maine,2023-08-19,692.3579935456659
Maine,2023-08-26,644.5798972476034
Maine,2023-09-02,685.2917425326133
Maine,2023-09-09,664.7627198384007
Maine,2023-09-16,613.1531626675896
Maine,2023-09-23,675.5182184630374
Maine,2023-09-30,632.4119649951548
Maine,2023-10-07,598.6573666868726
Maine,2023-10-14,598.1022087270172
Maine,2023-10-21,690.435101878892
Maine,2023-10-28,644.6545603736606
Maine,2023-11-04,664.8030015298405
Maine,2023-11-11,712.6369157104293
Maine,2023-11-18,687.5361836623377
Maine,2023-11-25,677.1668596655037
Maine,2023-12-02,672.7703349215931
Maine,2023-12-09,618.2652317213123
Maine,2023-12-16,648.0067915208513
Maine,2023-12-23,538.5723848443607
Maine,2023-12-30,591.7981893601727
Maine,2024-01-06,599.84738543247
Maine,2024-01-13,581.7623185363157
Maine,2024-01-20,621.6774437001561
Maine,2024-01-27,611.504080662855
Maine,2024-02-03,654.2193837822889
Maine,2024-02-10,574.1816821905755
Maine,2024-02-17,543.4031865222045
Maine,2024-02-24,682.6364701388968
Maine,2024-03-02,584.3301458878709
Maine,2024-03-09,605.2809457933681
Maine,2024-03-16,635.8481118777495
Maine,2024-03-23,607.8723764575534
Maine,2024-03-30,539.8845129434904
Maine,2024-04-06,477.0270985525428
Maine,2024-04-13,600.8211479643801
Maine,2024-04-20,623.2771861215616
Maine,2024-04-27,601.0949137799007
Maine,2024-05-04,597.7756662304811
Maine,2024-05-11,617.1353791627296
Maine,2024-05-18,645.8760699894094
Maine,2024-05-25,573.0141164201605
Maine,2024-06-01,609.3966160286736
Maine,2024-06-08,561.4110489813863
Maine,2024-06-15,562.1836238461005
Maine,2024-06-22,599.5209941307156
Maine,2024-06-29,706.1587377524194
Maine,2024-07-06,518.3154312661203
Maine,2024-07-13,678.451028808168
Maine,2024-07-20,645.453633648538
Maine,2024-07-27,560.3812482276812
Maine,2024-08-03,625.5384872890598
Maine,2024-08-10,677.3500943592492
Maine,2024-08-17,699.0152819451434
Maine,2024-08-24,677.9505186309943
Maine,2024-08-31,705.1291350796099
Maine,2024-09-07,703.5405451623074
Maine,2024-09-14,722.3198978606324
Maine,2024-09-21,693.9750003882571
Maine,2024-09-28,665.9489631388373
Maine,2024-10-05,679.9037235943766
Maine,2024-10-12,724.5666060946701
Maine,2024-10-19,662.8176978037363
Maine,2024-10-26,594.551874334257
Maine,2024-11-02,597.2104183627139
Maine,2024-11-09,852.1074112784222
Maine,2024-11-16,702.0786646328689
Maine,2024-11-23,855.7408879323859
Maine,2024-11-30,419.24581804534887
Maine,2024-12-07,765.2350009469402
Maine,2024-12-14,683.4498874451084
Maine,2024-12-21,730.9196651459181
Maine,2024-12-28,409.74459715968374
Maine,2025-01-04,490.282014954398
Maine,2025-01-11,585.7626488209464
Maine,2025-01-18,670.3242402152431
Maine,2025-01-25,494.29270580692315
Maine,2025-02-01,608.9272725973613
Maine,2025-02-08,565.5343676997536
Maine,2025-02-15,457.60268338711955
Maine,2025-02-22,568.8637251157473
Maine,2025-03-01,584.3301458878709
Maine,2025-03-08,570.2817074311666
Maine,2025-03-15,609.4424593911319
Maine,2025-03-22,620.3170077866056
Maine,2025-03-29,526.2165505904907
Maine,2025-04-05,597.1805406691607
Maine,2025-04-12,541.1436265335747
Maryland,2020-01-04,3072.0199844608396
Maryland,2020-01-11,3074.971423814527
Maryland,2020-01-18,2168.3082905197994
Maryland,2020-01-25,2058.0750885343173
Maryland,2020-02-01,1923.709987491087
Maryland,2020-02-08,2470.2163977366286
Maryland,2020-02-15,2994.277939467231
Maryland,2020-02-22,3164.672166532153
Maryland,2020-02-29,3279.2949167814695
Maryland,2020-03-07,3112.5918568149436
Maryland,2020-03-14,4427.782335700107
Maryland,2020-03-21,48670.85213618669
Maryland,2020-03-28,89755.48942884951
Maryland,2020-04-04,116496.33214573619
Maryland,2020-04-11,59589.677109257915
Maryland,2020-04-18,50328.40357849144
Maryland,2020-04-25,40131.379465250655
Maryland,2020-05-02,76525.06128698289
Maryland,2020-05-09,53672.40444044157
Maryland,2020-05-16,42278.322775289686
Maryland,2020-05-23,40305.4945949183
Maryland,2020-05-30,33488.9159552404
Maryland,2020-06-06,45783.955273725805
Maryland,2020-06-13,21476.80390343484
Maryland,2020-06-20,23937.9574237954
Maryland,2020-06-27,18694.375045488596
Maryland,2020-07-04,26622.40576047585
Maryland,2020-07-11,19481.135212302495
Maryland,2020-07-18,17384.518580723467
Maryland,2020-07-25,15420.470507355354
Maryland,2020-08-01,12768.06693733203
Maryland,2020-08-08,9642.852861019512
Maryland,2020-08-15,9956.698606420074
Maryland,2020-08-22,8287.760208715506
Maryland,2020-08-29,8386.931069714163
Maryland,2020-09-05,8816.548658063633
Maryland,2020-09-12,9037.098146360906
Maryland,2020-09-19,5661.760622992681
Maryland,2020-09-26,12017.174627750166
Maryland,2020-10-03,14887.63879879884
Maryland,2020-10-10,12963.189029019491
Maryland,2020-10-17,13756.266972573332
Maryland,2020-10-24,12859.260266904434
Maryland,2020-10-31,12862.67665197626
Maryland,2020-11-07,12309.190941669245
Maryland,2020-11-14,13922.459999227875
Maryland,2020-11-21,14108.254271013913
Maryland,2020-11-28,11608.361516363439
Maryland,2020-12-05,10332.88454354188
Maryland,2020-12-12,12056.46756537661
Maryland,2020-12-19,13317.263875462291
Maryland,2020-12-26,11422.313027746999
Maryland,2021-01-02,8870.19830889731
Maryland,2021-01-09,15340.96398256636
Maryland,2021-01-16,17988.434036810282
Maryland,2021-01-23,20981.332664683236
Maryland,2021-01-30,21834.678924520285
Maryland,2021-02-06,15503.548629604173
Maryland,2021-02-13,9759.89216817813
Maryland,2021-02-20,9869.088756370638
Maryland,2021-02-27,9839.133529825285
Maryland,2021-03-06,8964.264547627037
Maryland,2021-03-13,10174.502939617301
Maryland,2021-03-20,11825.175861016183
Maryland,2021-03-27,10822.970632254655
Maryland,2021-04-03,8650.133934599
Maryland,2021-04-10,8223.912582153773
Maryland,2021-04-17,7828.517377712637
Maryland,2021-04-24,9041.310915187409
Maryland,2021-05-01,6819.016992652562
Maryland,2021-05-08,6624.423428221984
Maryland,2021-05-15,6622.957992609601
Maryland,2021-05-22,6521.468800616922
Maryland,2021-05-29,10625.897786279707
Maryland,2021-06-05,9485.113458554828
Maryland,2021-06-12,9461.143061998975
Maryland,2021-06-19,8248.94533819399
Maryland,2021-06-26,6294.5219847789285
Maryland,2021-07-03,7135.093159879564
Maryland,2021-07-10,6397.550500904216
Maryland,2021-07-17,5577.726295589967
Maryland,2021-07-24,4496.750181696967
Maryland,2021-07-31,4244.631020606366
Maryland,2021-08-07,5790.917035295118
Maryland,2021-08-14,6062.224977199541
Maryland,2021-08-21,7844.315163534366
Maryland,2021-08-28,7355.722655971286
Maryland,2021-09-04,6644.906422537807
Maryland,2021-09-11,8552.926815282013
Maryland,2021-09-18,9890.328705312599
Maryland,2021-09-25,5532.04418208499
Maryland,2021-10-02,3550.6084164499325
Maryland,2021-10-09,5206.4837122303115
Maryland,2021-10-16,4120.1257872028145
Maryland,2021-10-23,3881.8375728912856
Maryland,2021-10-30,3611.0116614697495
Maryland,2021-11-06,3131.6093791768826
Maryland,2021-11-13,2748.818444915998
Maryland,2021-11-20,2308.9579365515056
Maryland,2021-11-27,2655.303360847396
Maryland,2021-12-04,2675.370537439989
Maryland,2021-12-11,2443.623236304784
Maryland,2021-12-18,2478.6635231847763
Maryland,2021-12-25,2662.608297685246
Maryland,2022-01-01,2851.4371134224953
Maryland,2022-01-08,2985.254297768501
Maryland,2022-01-15,2139.312458873372
Maryland,2022-01-22,1914.5176120572053
Maryland,2022-01-29,1743.5310938765613
Maryland,2022-02-05,2392.5810252363344
Maryland,2022-02-12,2575.786337691299
Maryland,2022-02-19,2323.103790395084
Maryland,2022-02-26,2201.598224785122
Maryland,2022-03-05,2316.6992100630105
Maryland,2022-03-12,2042.005207613248
Maryland,2022-03-19,1880.8404773674115
Maryland,2022-03-26,2124.6453276140514
Maryland,2022-04-02,1785.9094993933822
Maryland,2022-04-09,1942.1890491370375
Maryland,2022-04-16,2287.9373090654535
Maryland,2022-04-23,2268.777552082074
Maryland,2022-04-30,2165.0167406205887
Maryland,2022-05-07,2047.5063186591017
Maryland,2022-05-14,2083.654112899752
Maryland,2022-05-21,2153.3040022367363
Maryland,2022-05-28,1923.4100695661582
Maryland,2022-06-04,1916.1290790898556
Maryland,2022-06-11,1929.3885628996652
Maryland,2022-06-18,1915.3010773665594
Maryland,2022-06-25,2197.5887228654615
Maryland,2022-07-02,1960.428134092218
Maryland,2022-07-09,2473.573122365525
Maryland,2022-07-16,2494.4495400017313
Maryland,2022-07-23,2492.0180517715703
Maryland,2022-07-30,2627.853185994502
Maryland,2022-08-06,2218.7670888040843
Maryland,2022-08-13,2149.054355124801
Maryland,2022-08-20,2069.771616750118
Maryland,2022-08-27,2144.3136925592944
Maryland,2022-09-03,2267.2876868928593
Maryland,2022-09-10,1872.2824869274057
Maryland,2022-09-17,1835.246554176218
Maryland,2022-09-24,2127.609688943268
Maryland,2022-10-01,2308.843382931783
Maryland,2022-10-08,2051.5162681383404
Maryland,2022-10-15,2186.2617421309155
Maryland,2022-10-22,2289.8412818196202
Maryland,2022-10-29,2326.5181585689475
Maryland,2022-11-05,2387.5398596707555
Maryland,2022-11-12,2087.8803210495294
Maryland,2022-11-19,2194.4810490376635
Maryland,2022-11-26,2304.1785399541636
Maryland,2022-12-03,2427.2759947932077
Maryland,2022-12-10,2330.2592717339435
Maryland,2022-12-17,2274.329254248397
Maryland,2022-12-24,2282.9540456073687
Maryland,2022-12-31,2507.8812132338553
Maryland,2023-01-07,1666.0802592399004
Maryland,2023-01-14,1712.4938170379692
Maryland,2023-01-21,1246.8813131570992
Maryland,2023-01-28,1145.3371670763356
Maryland,2023-02-04,1538.5919277331
Maryland,2023-02-11,1792.8337400025252
Maryland,2023-02-18,2013.6691785563846
Maryland,2023-02-25,2109.1885432002673
Maryland,2023-03-04,2273.6465376509905
Maryland,2023-03-11,2137.1154389442804
Maryland,2023-03-18,2112.973107024437
Maryland,2023-03-25,2153.0300004718342
Maryland,2023-04-01,1896.400033561682
Maryland,2023-04-08,2403.941904099264
Maryland,2023-04-15,2185.353163414421
Maryland,2023-04-22,2140.9739748930933
Maryland,2023-04-29,2381.397531559218
Maryland,2023-05-06,2433.029896454845
Maryland,2023-05-13,2362.351821456378
Maryland,2023-05-20,2297.72571101787
Maryland,2023-05-27,1861.6011403153939
Maryland,2023-06-03,2076.4470421541073
Maryland,2023-06-10,2066.679020411501
Maryland,2023-06-17,2280.435191463675
Maryland,2023-06-24,2149.6713747729063
Maryland,2023-07-01,1920.3703463093773
Maryland,2023-07-08,2239.9911568152693
Maryland,2023-07-15,2348.251001885219
Maryland,2023-07-22,2489.6525861315404
Maryland,2023-07-29,2618.425909990934
Maryland,2023-08-05,2715.4412465129167
Maryland,2023-08-12,2574.6858983352913
Maryland,2023-08-19,2501.290267073087
Maryland,2023-08-26,2463.826814043385
Maryland,2023-09-02,2616.76145150317
Maryland,2023-09-09,2185.0962685270706
Maryland,2023-09-16,2026.2722173084564
Maryland,2023-09-23,2464.297771186268
Maryland,2023-09-30,2731.3414096031706
Maryland,2023-10-07,2439.9814775606465
Maryland,2023-10-14,2467.098616323342
Maryland,2023-10-21,2713.575632977041
Maryland,2023-10-28,2688.4472671211074
Maryland,2023-11-04,2840.4989686255803
Maryland,2023-11-11,3050.577625313443
Maryland,2023-11-18,3049.9913601902135
Maryland,2023-11-25,3042.665262900428
Maryland,2023-12-02,2989.286081197142
Maryland,2023-12-09,2806.807789466921
Maryland,2023-12-16,2479.6506452569324
Maryland,2023-12-23,2601.42781114731
Maryland,2023-12-30,2603.9538922575243
Maryland,2024-01-06,1969.7893451882987
Maryland,2024-01-13,1867.911474662817
Maryland,2024-01-20,1834.275878480479
Maryland,2024-01-27,1818.6056328826137
Maryland,2024-02-03,2231.820910462998
Maryland,2024-02-10,3080.726908848175
Maryland,2024-02-17,2945.489316479741
Maryland,2024-02-24,2883.4318213436454
Maryland,2024-03-02,2730.9357338110926
Maryland,2024-03-09,2799.4493390567704
Maryland,2024-03-16,2509.2971088778954
Maryland,2024-03-23,2369.5945415349192
Maryland,2024-03-30,3519.760958649777
Maryland,2024-04-06,2790.3065378431675
Maryland,2024-04-13,2705.527316109556
Maryland,2024-04-20,2416.649459573457
Maryland,2024-04-27,2770.641189001892
Maryland,2024-05-04,2854.9901538593326
Maryland,2024-05-11,2864.725373361025
Maryland,2024-05-18,2854.1044251746957
Maryland,2024-05-25,2459.7858623863503
Maryland,2024-06-01,2494.8110416573936
Maryland,2024-06-08,2452.0075711613867
Maryland,2024-06-15,2523.613042099782
Maryland,2024-06-22,2867.6054349872243
Maryland,2024-06-29,2228.014156481593
Maryland,2024-07-06,2322.8428796386506
Maryland,2024-07-13,2600.3174469136884
Maryland,2024-07-20,2955.6493172174437
Maryland,2024-07-27,2937.7748846117906
Maryland,2024-08-03,2911.7251385332193
Maryland,2024-08-10,2914.531239038241
Maryland,2024-08-17,2432.98455106719
Maryland,2024-08-24,2538.802817279724
Maryland,2024-08-31,2458.5785896269244
Maryland,2024-09-07,2419.706604726819
Maryland,2024-09-14,2230.2996271460306
Maryland,2024-09-21,2728.468420330776
Maryland,2024-09-28,2724.5706078936932
Maryland,2024-10-05,2532.3732030448705
Maryland,2024-10-12,2681.577410537811
Maryland,2024-10-19,2592.6796740309974
Maryland,2024-10-26,2668.340094423765
Maryland,2024-11-02,2556.992188200618
Maryland,2024-11-09,2839.2240293265686
Maryland,2024-11-16,2362.107920040075
Maryland,2024-11-23,3153.8756154253306
Maryland,2024-11-30,2203.4845910179474
Maryland,2024-12-07,3089.168034555403
Maryland,2024-12-14,2392.7839029071674
Maryland,2024-12-21,2432.1338620971305
Maryland,2024-12-28,2702.332315577761
Maryland,2025-01-04,1771.0825252789527
Maryland,2025-01-11,1688.1373184549707
Maryland,2025-01-18,1870.0085254638648
Maryland,2025-01-25,1535.1241735957597
Maryland,2025-02-01,2271.030694554056
Maryland,2025-02-08,3119.0395202783657
Maryland,2025-02-15,3116.616033632961
Maryland,2025-02-22,3476.602074759943
Maryland,2025-03-01,3007.8691401370575
Maryland,2025-03-08,3459.4914263661035
Maryland,2025-03-15,3014.327122668302
Maryland,2025-03-22,2682.87722715045
Maryland,2025-03-29,2573.1545553425176
Maryland,2025-04-05,2515.1395303962895
Maryland,2025-04-12,2872.356078228912
Massachusetts,2020-01-04,4246.3883107822785
Massachusetts,2020-01-11,4484.3319627211495
Massachusetts,2020-01-18,4146.980685869287
Massachusetts,2020-01-25,4392.720185033451
Massachusetts,2020-02-01,4410.242817316342
Massachusetts,2020-02-08,4871.666374820972
Massachusetts,2020-02-15,4633.480480460947
Massachusetts,2020-02-22,8677.803950668756
Massachusetts,2020-02-29,4323.410582403483
Massachusetts,2020-03-07,5823.187083745801
Massachusetts,2020-03-14,8776.577697402783
Massachusetts,2020-03-21,158293.3329011982
Massachusetts,2020-03-28,205698.3279196804
Massachusetts,2020-04-04,152362.91273947057
Massachusetts,2020-04-11,115650.94655050202
Massachusetts,2020-04-18,96626.67676888393
Massachusetts,2020-04-25,59749.624651672464
Massachusetts,2020-05-02,70385.96509706201
Massachusetts,2020-05-09,49855.727484028415
Massachusetts,2020-05-16,47405.78532273243
Massachusetts,2020-05-23,57449.63795504324
Massachusetts,2020-05-30,40696.3513686836
Massachusetts,2020-06-06,65778.9858485859
Massachusetts,2020-06-13,45753.22400115259
Massachusetts,2020-06-20,41649.63573553897
Massachusetts,2020-06-27,26192.520420377117
Massachusetts,2020-07-04,24472.55568619237
Massachusetts,2020-07-11,22359.08722277494
Massachusetts,2020-07-18,28231.21598912293
Massachusetts,2020-07-25,33875.62095868499
Massachusetts,2020-08-01,25469.868573987358
Massachusetts,2020-08-08,23716.11757524566
Massachusetts,2020-08-15,30943.570230296686
Massachusetts,2020-08-22,31856.559632308574
Massachusetts,2020-08-29,33036.24309799026
Massachusetts,2020-09-05,28192.201023862282
Massachusetts,2020-09-12,28174.02211447641
Massachusetts,2020-09-19,37951.967579274096
Massachusetts,2020-09-26,44090.48972837452
Massachusetts,2020-10-03,41469.91109459466
Massachusetts,2020-10-10,46368.195970887646
Massachusetts,2020-10-17,49448.99934823534
Massachusetts,2020-10-24,45979.725344918894
Massachusetts,2020-10-31,39677.228030671264
Massachusetts,2020-11-07,37749.135416215846
Massachusetts,2020-11-14,35245.30400480522
Massachusetts,2020-11-21,23649.55132412297
Massachusetts,2020-11-28,19843.163422248417
Massachusetts,2020-12-05,18681.826793522945
Massachusetts,2020-12-12,17777.58261697
Massachusetts,2020-12-19,14625.60251986032
Massachusetts,2020-12-26,13465.777523919693
Massachusetts,2021-01-02,11831.916711256199
Massachusetts,2021-01-09,16301.649389072374
Massachusetts,2021-01-16,16175.017317838003
Massachusetts,2021-01-23,16182.746148284145
Massachusetts,2021-01-30,16363.334385740805
Massachusetts,2021-02-06,16990.33016056991
Massachusetts,2021-02-13,15289.712336414428
Massachusetts,2021-02-20,15285.449575454746
Massachusetts,2021-02-27,13125.750113483957
Massachusetts,2021-03-06,20971.87708216601
Massachusetts,2021-03-13,23010.680954527634
Massachusetts,2021-03-20,32965.51531790373
Massachusetts,2021-03-27,21445.924015151082
Massachusetts,2021-04-03,22824.92380437621
Massachusetts,2021-04-10,16856.409816262378
Massachusetts,2021-04-17,16207.275589401039
Massachusetts,2021-04-24,12661.146253509618
Massachusetts,2021-05-01,14964.133764909346
Massachusetts,2021-05-08,12029.088695189044
Massachusetts,2021-05-15,11634.53949576108
Massachusetts,2021-05-22,12977.575264862762
Massachusetts,2021-05-29,12369.45200123796
Massachusetts,2021-06-05,12101.689722929996
Massachusetts,2021-06-12,11882.508406862751
Massachusetts,2021-06-19,11179.675594535274
Massachusetts,2021-06-26,9612.184924128429
Massachusetts,2021-07-03,8251.605501229553
Massachusetts,2021-07-10,7053.985787036824
Massachusetts,2021-07-17,10884.725726893303
Massachusetts,2021-07-24,11264.859601093813
Massachusetts,2021-07-31,11126.47389070203
Massachusetts,2021-08-07,12159.964690627688
Massachusetts,2021-08-14,11535.411481336161
Massachusetts,2021-08-21,12102.37834388715
Massachusetts,2021-08-28,10225.080196259692
Massachusetts,2021-09-04,9008.024780405396
Massachusetts,2021-09-11,11509.85719621203
Massachusetts,2021-09-18,11481.862763017853
Massachusetts,2021-09-25,8345.328751022656
Massachusetts,2021-10-02,6507.235464319218
Massachusetts,2021-10-09,5682.024314835014
Massachusetts,2021-10-16,5127.431260054003
Massachusetts,2021-10-23,5454.733428372716
Massachusetts,2021-10-30,5939.957952380728
Massachusetts,2021-11-06,5758.507129263393
Massachusetts,2021-11-13,5888.607543521076
Massachusetts,2021-11-20,5807.255132868698
Massachusetts,2021-11-27,5625.977552300144
Massachusetts,2021-12-04,5482.992780743065
Massachusetts,2021-12-11,5267.510289580101
Massachusetts,2021-12-18,5072.613313112299
Massachusetts,2021-12-25,5690.194940520708
Massachusetts,2022-01-01,6109.343114920911
Massachusetts,2022-01-08,5889.769792112238
Massachusetts,2022-01-15,5682.678144469297
Massachusetts,2022-01-22,5392.060379901573
Massachusetts,2022-01-29,4847.833449923503
Massachusetts,2022-02-05,4962.83400007281
Massachusetts,2022-02-12,4522.648108501098
Massachusetts,2022-02-19,4396.978815246021
Massachusetts,2022-02-26,7016.100009881911
Massachusetts,2022-03-05,6895.879441277922
Massachusetts,2022-03-12,5259.584218177745
Massachusetts,2022-03-19,4060.4438585385365
Massachusetts,2022-03-26,4327.734177416425
Massachusetts,2022-04-02,3878.7095661834333
Massachusetts,2022-04-09,4657.765477615028
Massachusetts,2022-04-16,4754.420583769512
Massachusetts,2022-04-23,6258.982094106501
Massachusetts,2022-04-30,5599.742338084921
Massachusetts,2022-05-07,4252.4166089572045
Massachusetts,2022-05-14,5004.788213681089
Massachusetts,2022-05-21,6116.351155549709
Massachusetts,2022-05-28,6083.095590034863
Massachusetts,2022-06-04,5445.396086043274
Massachusetts,2022-06-11,5819.3900376987995
Massachusetts,2022-06-18,6038.190816517064
Massachusetts,2022-06-25,6673.585037240097
Massachusetts,2022-07-02,7191.318071403762
Massachusetts,2022-07-09,8274.279926210276
Massachusetts,2022-07-16,2282.672094409714
Massachusetts,2022-07-23,2281.250459551066
Massachusetts,2022-07-30,2159.816187830609
Massachusetts,2022-08-06,2323.467829525391
Massachusetts,2022-08-13,2254.5012760900518
Massachusetts,2022-08-20,2085.867721747157
Massachusetts,2022-08-27,1887.7344855109682
Massachusetts,2022-09-03,1845.1263641796659
Massachusetts,2022-09-10,1662.4327819342457
Massachusetts,2022-09-17,1899.691259164479
Massachusetts,2022-09-24,2048.666510159743
Massachusetts,2022-10-01,4822.049972262491
Massachusetts,2022-10-08,4989.320921746081
Massachusetts,2022-10-15,4302.990847169364
Massachusetts,2022-10-22,4350.536378094838
Massachusetts,2022-10-29,4705.863993794255
Massachusetts,2022-11-05,4776.853210612734
Massachusetts,2022-11-12,3536.6449488480753
Massachusetts,2022-11-19,4606.187747510906
Massachusetts,2022-11-26,4916.062077064605
Massachusetts,2022-12-03,5266.457099698205
Massachusetts,2022-12-10,5256.925875066544
Massachusetts,2022-12-17,5958.9731364188165
Massachusetts,2022-12-24,5584.831622285831
Massachusetts,2022-12-31,5550.277198264664
Massachusetts,2023-01-07,5505.865234283651
Massachusetts,2023-01-14,5267.382528233107
Massachusetts,2023-01-21,5079.128304282285
Massachusetts,2023-01-28,5560.116012488445
Massachusetts,2023-02-04,5575.314682446526
Massachusetts,2023-02-11,6417.967585581916
Massachusetts,2023-02-18,6401.566515422094
Massachusetts,2023-02-25,2248.3512381255523
Massachusetts,2023-03-04,1786.9967154279345
Massachusetts,2023-03-11,3102.2592397988356
Massachusetts,2023-03-18,2519.6504300752526
Massachusetts,2023-03-25,4578.305110926782
Massachusetts,2023-04-01,4247.487015795248
Massachusetts,2023-04-08,4932.931244888627
Massachusetts,2023-04-15,4964.455228032422
Massachusetts,2023-04-22,3439.7188551959202
Massachusetts,2023-04-29,3701.674028707059
Massachusetts,2023-05-06,6093.909470941022
Massachusetts,2023-05-13,4693.520778256261
Massachusetts,2023-05-20,2552.3513888510547
Massachusetts,2023-05-27,2658.592624700467
Massachusetts,2023-06-03,3419.947715799723
Massachusetts,2023-06-10,2545.6070175249147
Massachusetts,2023-06-17,2576.2947483806142
Massachusetts,2023-06-24,2054.903282247843
Massachusetts,2023-07-01,3116.629859854819
Massachusetts,2023-07-08,3298.593117279797
Massachusetts,2023-07-15,4660.771091240007
Massachusetts,2023-07-22,5045.30524916585
Massachusetts,2023-07-29,4088.3398427261154
Massachusetts,2023-08-05,4086.598303073765
Massachusetts,2023-08-12,3833.732601274537
Massachusetts,2023-08-19,3882.0315932516532
Massachusetts,2023-08-26,3946.2724682971984
Massachusetts,2023-09-02,3874.614248776956
Massachusetts,2023-09-09,3409.13635004949
Massachusetts,2023-09-16,3512.818921607537
Massachusetts,2023-09-23,3867.009566514545
Massachusetts,2023-09-30,2935.7112870804604
Massachusetts,2023-10-07,2888.004598657208
Massachusetts,2023-10-14,2602.9228359237613
Massachusetts,2023-10-21,2471.4810499263103
Massachusetts,2023-10-28,2537.643449915576
Massachusetts,2023-11-04,2661.84324033036
Massachusetts,2023-11-11,4040.636933420861
Massachusetts,2023-11-18,5042.439317454345
Massachusetts,2023-11-25,5476.608053464459
Massachusetts,2023-12-02,5326.2153233631825
Massachusetts,2023-12-09,5556.1119919830835
Massachusetts,2023-12-16,5527.105624912863
Massachusetts,2023-12-23,5619.376972526774
Massachusetts,2023-12-30,5613.542281931222
Massachusetts,2024-01-06,4681.389355436355
Massachusetts,2024-01-13,5112.0201394253245
Massachusetts,2024-01-20,5565.668384557494
Massachusetts,2024-01-27,5375.657187429587
Massachusetts,2024-02-03,5081.351912900201
Massachusetts,2024-02-10,4850.849396010107
Massachusetts,2024-02-17,4960.8861963235895
Massachusetts,2024-02-24,8289.573260567255
Massachusetts,2024-03-02,6715.449620771366
Massachusetts,2024-03-09,6043.10202845736
Massachusetts,2024-03-16,4980.654743496193
Massachusetts,2024-03-23,5333.419326844869
Massachusetts,2024-03-30,5693.13826057529
Massachusetts,2024-04-06,5603.578175652618
Massachusetts,2024-04-13,5415.552361733445
Massachusetts,2024-04-20,6793.193542406159
Massachusetts,2024-04-27,6054.422271519167
Massachusetts,2024-05-04,5125.987966631264
Massachusetts,2024-05-11,6104.027936421524
Massachusetts,2024-05-18,6952.6471479037245
Massachusetts,2024-05-25,6921.178251228528
Massachusetts,2024-06-01,6565.949896631253
Massachusetts,2024-06-08,7326.894902686959
Massachusetts,2024-06-15,7254.157518877742
Massachusetts,2024-06-22,7947.095912590263
Massachusetts,2024-06-29,8177.421568426041
Massachusetts,2024-07-06,7443.145649187812
Massachusetts,2024-07-13,9848.662214898448
Massachusetts,2024-07-20,7935.234024832959
Massachusetts,2024-07-27,10960.334183945828
Massachusetts,2024-08-03,10219.716087316463
Massachusetts,2024-08-10,9678.869296313122
Massachusetts,2024-08-17,9116.618037323728
Massachusetts,2024-08-24,10289.131507737917
Massachusetts,2024-08-31,12108.925107429699
Massachusetts,2024-09-07,11148.258913689928
Massachusetts,2024-09-14,8543.780942699908
Massachusetts,2024-09-21,8270.863273476698
Massachusetts,2024-09-28,6950.33515546936
Massachusetts,2024-10-05,5719.154144950333
Massachusetts,2024-10-12,6209.985778425643
Massachusetts,2024-10-19,5062.023347013018
Massachusetts,2024-10-26,5117.564180631015
Massachusetts,2024-11-02,4929.437332739027
Massachusetts,2024-11-09,4409.427880963498
Massachusetts,2024-11-16,4656.494234855734
Massachusetts,2024-11-23,5438.03461145744
Massachusetts,2024-11-30,4734.960428042639
Massachusetts,2024-12-07,6650.540452684856
Massachusetts,2024-12-14,5902.41113568229
Massachusetts,2024-12-21,6139.284493652971
Massachusetts,2024-12-28,6404.580172031513
Massachusetts,2025-01-04,5142.3811316587135
Massachusetts,2025-01-11,5920.502108875057
Massachusetts,2025-01-18,5752.406406372268
Massachusetts,2025-01-25,5271.050667591014
Massachusetts,2025-02-01,4763.094021111964
Massachusetts,2025-02-08,5221.149801550375
Massachusetts,2025-02-15,5103.268126429553
Massachusetts,2025-02-22,8225.58856130044
Massachusetts,2025-03-01,6637.5929174021
Massachusetts,2025-03-08,6462.549156967951
Massachusetts,2025-03-15,5175.78636800054
Massachusetts,2025-03-22,5531.835224420943
Massachusetts,2025-03-29,4665.362054852422
Massachusetts,2025-04-05,5449.8418360422675
Massachusetts,2025-04-12,5793.853397138801
Michigan,2020-01-04,7044.383057536556
Michigan,2020-01-11,7538.732343216957
Michigan,2020-01-18,7618.1942793806065
Michigan,2020-01-25,6671.031504648781
Michigan,2020-02-01,5896.876775592845
Michigan,2020-02-08,5437.398342487578
Michigan,2020-02-15,4515.2982679247925
Michigan,2020-02-22,5352.75390954671
Michigan,2020-02-29,7063.414825197822
Michigan,2020-03-07,6627.891970239969
Michigan,2020-03-14,6330.619751494763
Michigan,2020-03-21,171901.43023697785
Michigan,2020-03-28,320559.19481935975
Michigan,2020-04-04,484870.68722725235
Michigan,2020-04-11,227978.83372499392
Michigan,2020-04-18,147160.9793685195
Michigan,2020-04-25,79111.8878073666
Michigan,2020-05-02,62818.98202301054
Michigan,2020-05-09,62602.6021525584
Michigan,2020-05-16,70889.17722211346
Michigan,2020-05-23,88115.28257783025
Michigan,2020-05-30,47937.597612368845
Michigan,2020-06-06,41826.8519210854
Michigan,2020-06-13,30707.59636435984
Michigan,2020-06-20,23434.94663468081
Michigan,2020-06-27,54779.63417810106
Michigan,2020-07-04,31734.837679891963
Michigan,2020-07-11,21340.75048190619
Michigan,2020-07-18,18424.771499156122
Michigan,2020-07-25,22093.80221481045
Michigan,2020-08-01,19191.044875418513
Michigan,2020-08-08,23987.912101460726
Michigan,2020-08-15,26588.24481889853
Michigan,2020-08-22,35514.6343761734
Michigan,2020-08-29,28654.9034721586
Michigan,2020-09-05,27518.087417777653
Michigan,2020-09-12,31857.506510466912
Michigan,2020-09-19,21380.432043080837
Michigan,2020-09-26,24090.702066594757
Michigan,2020-10-03,21381.326085464036
Michigan,2020-10-10,12462.385369960028
Michigan,2020-10-17,13386.21803159478
Michigan,2020-10-24,19986.405791592646
Michigan,2020-10-31,15683.151597274025
Michigan,2020-11-07,14735.437121143459
Michigan,2020-11-14,17206.364431459577
Michigan,2020-11-21,25171.62965498051
Michigan,2020-11-28,22085.892011539283
Michigan,2020-12-05,17783.1006874091
Michigan,2020-12-12,15569.37831765266
Michigan,2020-12-19,14835.853181058903
Michigan,2020-12-26,14188.978937661757
Michigan,2021-01-02,16244.698296383234
Michigan,2021-01-09,13047.378532093426
Michigan,2021-01-16,16139.866180015395
Michigan,2021-01-23,16026.809994106723
Michigan,2021-01-30,15968.525972165164
Michigan,2021-02-06,16312.195027462732
Michigan,2021-02-13,14804.23011846185
Michigan,2021-02-20,12950.385426395742
Michigan,2021-02-27,14985.805544436125
Michigan,2021-03-06,14662.441401348344
Michigan,2021-03-13,14569.438674993098
Michigan,2021-03-20,17142.33517940583
Michigan,2021-03-27,11737.036843846832
Michigan,2021-04-03,18103.06690860408
Michigan,2021-04-10,16897.80876142808
Michigan,2021-04-17,24511.221080275252
Michigan,2021-04-24,29910.552772786617
Michigan,2021-05-01,29225.240735226318
Michigan,2021-05-08,19707.007739936358
Michigan,2021-05-15,17256.38685935817
Michigan,2021-05-22,15284.468673990717
Michigan,2021-05-29,15696.543478827316
Michigan,2021-06-05,19236.505183709414
Michigan,2021-06-12,10364.697086866772
Michigan,2021-06-19,10796.946799919895
Michigan,2021-06-26,8821.309959662363
Michigan,2021-07-03,5949.479568506421
Michigan,2021-07-10,5747.067184250712
Michigan,2021-07-17,15740.010519607597
Michigan,2021-07-24,20420.9952768012
Michigan,2021-07-31,17797.319662966234
Michigan,2021-08-07,18067.01302035585
Michigan,2021-08-14,16175.788729230817
Michigan,2021-08-21,9812.38960485863
Michigan,2021-08-28,9592.197754296218
Michigan,2021-09-04,17925.927378628527
Michigan,2021-09-11,17851.9888559752
Michigan,2021-09-18,15105.87357600729
Michigan,2021-09-25,23261.669809242303
Michigan,2021-10-02,18169.113753623315
Michigan,2021-10-09,15460.661457707636
Michigan,2021-10-16,15493.700142581618
Michigan,2021-10-23,13402.011404881143
Michigan,2021-10-30,11901.020932356992
Michigan,2021-11-06,12463.563591108155
Michigan,2021-11-13,10049.442434512413
Michigan,2021-11-20,8642.944285646941
Michigan,2021-11-27,8668.941022948622
Michigan,2021-12-04,10025.025490048296
Michigan,2021-12-11,9587.9855069973
Michigan,2021-12-18,9915.302938763343
Michigan,2021-12-25,10931.34173076091
Michigan,2022-01-01,10236.144109728482
Michigan,2022-01-08,9543.415959651202
Michigan,2022-01-15,9225.52680688191
Michigan,2022-01-22,8404.387567656639
Michigan,2022-01-29,9366.839787231553
Michigan,2022-02-05,11318.68268215122
Michigan,2022-02-12,11641.01597479662
Michigan,2022-02-19,16128.526758082176
Michigan,2022-02-26,11396.094448552234
Michigan,2022-03-05,9904.515845236272
Michigan,2022-03-12,11579.649916372211
Michigan,2022-03-19,6564.178171322811
Michigan,2022-03-26,8882.565889272219
Michigan,2022-04-02,7414.932347895874
Michigan,2022-04-09,12200.89506927157
Michigan,2022-04-16,9024.047708210252
Michigan,2022-04-23,6266.899458522187
Michigan,2022-04-30,7072.366586901942
Michigan,2022-05-07,7971.998697054758
Michigan,2022-05-14,8300.714554034304
Michigan,2022-05-21,8347.03105783423
Michigan,2022-05-28,8173.427498224966
Michigan,2022-06-04,6863.955294421545
Michigan,2022-06-11,8876.403307313898
Michigan,2022-06-18,9550.089754288743
Michigan,2022-06-25,9038.661088511233
Michigan,2022-07-02,10478.311094525337
Michigan,2022-07-09,8794.206087836019
Michigan,2022-07-16,7655.014634488389
Michigan,2022-07-23,7814.996235420916
Michigan,2022-07-30,6565.306552481648
Michigan,2022-08-06,7213.925453263417
Michigan,2022-08-13,7943.020829343027
Michigan,2022-08-20,9442.98199620513
Michigan,2022-08-27,9911.633454962599
Michigan,2022-09-03,6760.776464892246
Michigan,2022-09-10,6576.277466776676
Michigan,2022-09-17,12460.656348748755
Michigan,2022-09-24,5397.243828381325
Michigan,2022-10-01,6250.465063912702
Michigan,2022-10-08,5299.240238857306
Michigan,2022-10-15,6866.790958612386
Michigan,2022-10-22,6278.220600389682
Michigan,2022-10-29,6009.00240686763
Michigan,2022-11-05,6395.295131754756
Michigan,2022-11-12,6518.501414655976
Michigan,2022-11-19,6927.556424594824
Michigan,2022-11-26,7140.7684818497355
Michigan,2022-12-03,7065.227118630582
Michigan,2022-12-10,7396.354549362145
Michigan,2022-12-17,7200.729823629506
Michigan,2022-12-24,7292.811558130117
Michigan,2022-12-31,7204.931198697948
Michigan,2023-01-07,8097.058957614562
Michigan,2023-01-14,7242.6078378117645
Michigan,2023-01-21,6525.064678290225
Michigan,2023-01-28,6138.967218265313
Michigan,2023-02-04,6134.8162678104145
Michigan,2023-02-11,7133.799500800456
Michigan,2023-02-18,5680.657380276262
Michigan,2023-02-25,6890.055502121367
Michigan,2023-03-04,6874.990078645033
Michigan,2023-03-11,6374.500030776386
Michigan,2023-03-18,6353.340206327377
Michigan,2023-03-25,9761.026692266767
Michigan,2023-04-01,7469.83928551072
Michigan,2023-04-08,5612.083419854986
Michigan,2023-04-15,4865.644237279058
Michigan,2023-04-22,4963.546446135568
Michigan,2023-04-29,4415.102862698273
Michigan,2023-05-06,6453.630831338136
Michigan,2023-05-13,7195.785828576342
Michigan,2023-05-20,6458.476049816808
Michigan,2023-05-27,5329.382193199978
Michigan,2023-06-03,6329.023577080461
Michigan,2023-06-10,6796.830022318505
Michigan,2023-06-17,6628.029558355069
Michigan,2023-06-24,7813.2011054620125
Michigan,2023-07-01,11240.453459475057
Michigan,2023-07-08,8331.515213390649
Michigan,2023-07-15,5394.991231782501
Michigan,2023-07-22,5045.06392794371
Michigan,2023-07-29,4559.348127342147
Michigan,2023-08-05,7087.65334660731
Michigan,2023-08-12,5905.572110557807
Michigan,2023-08-19,7498.264056418668
Michigan,2023-08-26,7520.42906711711
Michigan,2023-09-02,6803.956606547579
Michigan,2023-09-09,7250.183127976068
Michigan,2023-09-16,5328.521651008021
Michigan,2023-09-23,6850.4886089167985
Michigan,2023-09-30,7282.142134763388
Michigan,2023-10-07,6664.947147936061
Michigan,2023-10-14,8068.797087240557
Michigan,2023-10-21,7603.499913746588
Michigan,2023-10-28,9511.207355629522
Michigan,2023-11-04,8723.917407883237
Michigan,2023-11-11,8962.681184398612
Michigan,2023-11-18,6406.932871435038
Michigan,2023-11-25,6890.721370027388
Michigan,2023-12-02,7448.116846349916
Michigan,2023-12-09,8065.041951034769
Michigan,2023-12-16,8241.883008733515
Michigan,2023-12-23,7604.971958615561
Michigan,2023-12-30,7142.525442831228
Michigan,2024-01-06,7857.322506124406
Michigan,2024-01-13,7703.958112494751
Michigan,2024-01-20,9031.697380935671
Michigan,2024-01-27,8792.51884344474
Michigan,2024-02-03,7180.12266411782
Michigan,2024-02-10,6343.40005458058
Michigan,2024-02-17,5354.555576968301
Michigan,2024-02-24,6470.343456778371
Michigan,2024-03-02,7648.458636725463
Michigan,2024-03-09,6840.579753956873
Michigan,2024-03-16,9362.81714616666
Michigan,2024-03-23,5951.203281677699
Michigan,2024-03-30,6618.781752480599
Michigan,2024-04-06,5366.875387433533
Michigan,2024-04-13,5145.526427919003
Michigan,2024-04-20,4653.8674550355645
Michigan,2024-04-27,4803.766129268925
Michigan,2024-05-04,6274.331785909716
Michigan,2024-05-11,6269.59557341305
Michigan,2024-05-18,7902.183563171167
Michigan,2024-05-25,8965.270227938057
Michigan,2024-06-01,6975.14896600368
Michigan,2024-06-08,9198.001672469218
Michigan,2024-06-15,8445.219300456738
Michigan,2024-06-22,8528.171924043821
Michigan,2024-06-29,6508.934252765542
Michigan,2024-07-06,13607.422971417458
Michigan,2024-07-13,13156.377534545412
Michigan,2024-07-20,10107.255571976253
Michigan,2024-07-27,14168.41126801763
Michigan,2024-08-03,9115.583379504395
Michigan,2024-08-10,10276.80177936721
Michigan,2024-08-17,8801.84667541708
Michigan,2024-08-24,9549.6063275407
Michigan,2024-08-31,8899.735624747525
Michigan,2024-09-07,7697.82577732349
Michigan,2024-09-14,6777.063736905751
Michigan,2024-09-21,6818.79031672391
Michigan,2024-09-28,8190.5978224445535
Michigan,2024-10-05,13358.811260069191
Michigan,2024-10-12,8739.167025056973
Michigan,2024-10-19,7181.267471959817
Michigan,2024-10-26,8584.736795071276
Michigan,2024-11-02,11213.16749075003
Michigan,2024-11-09,7836.664299774998
Michigan,2024-11-16,5723.150939792127
Michigan,2024-11-23,9321.94867266929
Michigan,2024-11-30,7263.509299056665
Michigan,2024-12-07,9556.790759790085
Michigan,2024-12-14,7596.476245881364
Michigan,2024-12-21,8261.511149544809
Michigan,2024-12-28,10358.288708818045
Michigan,2025-01-04,6551.7379016515215
Michigan,2025-01-11,20232.13183766016
Michigan,2025-01-18,15651.466726327579
Michigan,2025-01-25,7232.666594026746
Michigan,2025-02-01,6508.139980777345
Michigan,2025-02-08,5878.696903684436
Michigan,2025-02-15,6959.841249605836
Michigan,2025-02-22,9852.805437104695
Michigan,2025-03-01,7240.489363994187
Michigan,2025-03-08,7751.392037424085
Michigan,2025-03-15,12593.875386797325
Michigan,2025-03-22,5622.570463291249
Michigan,2025-03-29,6275.613392387807
Michigan,2025-04-05,5755.719924202279
Michigan,2025-04-12,7128.384101606619
Minnesota,2020-01-04,4471.290846203581
Minnesota,2020-01-11,3266.750754001737
Minnesota,2020-01-18,3243.954278233994
Minnesota,2020-01-25,3449.9606217210758
Minnesota,2020-02-01,3275.3747817084195
Minnesota,2020-02-08,3857.565716171982
Minnesota,2020-02-15,3409.124114816291
Minnesota,2020-02-22,3976.4280435738474
Minnesota,2020-02-29,4126.952092518375
Minnesota,2020-03-07,3826.9379363675994
Minnesota,2020-03-14,4687.528078512964
Minnesota,2020-03-21,140601.43193152343
Minnesota,2020-03-28,122445.57066024345
Minnesota,2020-04-04,121996.88653924856
Minnesota,2020-04-11,113832.11981722685
Minnesota,2020-04-18,102848.26563227295
Minnesota,2020-04-25,74614.69351504442
Minnesota,2020-05-02,62622.42637449538
Minnesota,2020-05-09,57180.7444162965
Minnesota,2020-05-16,38463.037733894074
Minnesota,2020-05-23,38103.62358207354
Minnesota,2020-05-30,29888.69075974577
Minnesota,2020-06-06,27218.24293001838
Minnesota,2020-06-13,16077.178126455015
Minnesota,2020-06-20,15502.937383533863
Minnesota,2020-06-27,19745.035393661637
Minnesota,2020-07-04,20899.092870602806
Minnesota,2020-07-11,24812.02325171752
Minnesota,2020-07-18,19099.40423037357
Minnesota,2020-07-25,23207.723720309743
Minnesota,2020-08-01,18779.323502679094
Minnesota,2020-08-08,13605.965566113724
Minnesota,2020-08-15,17822.945463004024
Minnesota,2020-08-22,16530.540381633768
Minnesota,2020-08-29,16592.251643014195
Minnesota,2020-09-05,17111.36326699201
Minnesota,2020-09-12,18236.431285097293
Minnesota,2020-09-19,16688.498615676875
Minnesota,2020-09-26,13632.200361807563
Minnesota,2020-10-03,14607.707087515084
Minnesota,2020-10-10,12961.019599049834
Minnesota,2020-10-17,13914.126499914757
Minnesota,2020-10-24,15025.87070302473
Minnesota,2020-10-31,13492.600167279767
Minnesota,2020-11-07,10819.02499712898
Minnesota,2020-11-14,10786.791046577342
Minnesota,2020-11-21,12160.01718094238
Minnesota,2020-11-28,14372.502285635344
Minnesota,2020-12-05,11770.27100839412
Minnesota,2020-12-12,9803.492888257137
Minnesota,2020-12-19,9456.943712505106
Minnesota,2020-12-26,9951.04823492067
Minnesota,2021-01-02,10718.100448831896
Minnesota,2021-01-09,9526.050024436887
Minnesota,2021-01-16,9986.26211710886
Minnesota,2021-01-23,10372.7002259276
Minnesota,2021-01-30,10389.13471300811
Minnesota,2021-02-06,11500.39126727319
Minnesota,2021-02-13,11339.714955929716
Minnesota,2021-02-20,12145.015745405402
Minnesota,2021-02-27,10657.460447717538
Minnesota,2021-03-06,8899.166743657568
Minnesota,2021-03-13,10641.039426110603
Minnesota,2021-03-20,10171.084729829137
Minnesota,2021-03-27,11779.332362429579
Minnesota,2021-04-03,11608.845760654778
Minnesota,2021-04-10,6699.170527291297
Minnesota,2021-04-17,7325.78620347746
Minnesota,2021-04-24,7152.078246590738
Minnesota,2021-05-01,6504.932461054543
Minnesota,2021-05-08,6166.0299933366
Minnesota,2021-05-15,7811.618918855447
Minnesota,2021-05-22,7670.85553572448
Minnesota,2021-05-29,6720.607523284481
Minnesota,2021-06-05,4518.587890610942
Minnesota,2021-06-12,3238.090541018272
Minnesota,2021-06-19,3396.919310522942
Minnesota,2021-06-26,4077.834440202354
Minnesota,2021-07-03,4435.201560030314
Minnesota,2021-07-10,4628.244481394459
Minnesota,2021-07-17,4680.4650940692945
Minnesota,2021-07-24,5041.40089437334
Minnesota,2021-07-31,5058.141783060216
Minnesota,2021-08-07,5444.182986507043
Minnesota,2021-08-14,5589.863451644917
Minnesota,2021-08-21,5811.744945119092
Minnesota,2021-08-28,5903.5859901273425
Minnesota,2021-09-04,6016.416093422359
Minnesota,2021-09-11,4871.85584908198
Minnesota,2021-09-18,5603.14695288298
Minnesota,2021-09-25,8264.859026507595
Minnesota,2021-10-02,6598.098076035481
Minnesota,2021-10-09,5912.944808517274
Minnesota,2021-10-16,5654.515355807929
Minnesota,2021-10-23,5028.347622474417
Minnesota,2021-10-30,5175.096023837043
Minnesota,2021-11-06,5033.317974552644
Minnesota,2021-11-13,4685.136557111406
Minnesota,2021-11-20,4333.538461184231
Minnesota,2021-11-27,4086.673092511147
Minnesota,2021-12-04,4381.886251804349
Minnesota,2021-12-11,4790.0579834189775
Minnesota,2021-12-18,4805.532354434469
Minnesota,2021-12-25,4814.372300737233
Minnesota,2022-01-01,4962.378734289289
Minnesota,2022-01-08,5230.214969199815
Minnesota,2022-01-15,4776.164813415992
Minnesota,2022-01-22,4668.987664094663
Minnesota,2022-01-29,4423.526428161344
Minnesota,2022-02-05,4143.972128886796
Minnesota,2022-02-12,3578.5971894610993
Minnesota,2022-02-19,3625.864169712576
Minnesota,2022-02-26,3800.1846247823155
Minnesota,2022-03-05,3943.2382291585873
Minnesota,2022-03-12,3657.6746527848045
Minnesota,2022-03-19,3694.38086544958
Minnesota,2022-03-26,3479.3644900935396
Minnesota,2022-04-02,3527.3542017696755
Minnesota,2022-04-09,3828.0974441664553
Minnesota,2022-04-16,4350.115072046184
Minnesota,2022-04-23,4164.1125385904
Minnesota,2022-04-30,4001.0617063238033
Minnesota,2022-05-07,4409.728491049439
Minnesota,2022-05-14,3920.452916842074
Minnesota,2022-05-21,4132.29183751788
Minnesota,2022-05-28,3755.7554058034652
Minnesota,2022-06-04,2649.623026919948
Minnesota,2022-06-11,2064.982548474057
Minnesota,2022-06-18,2142.276357338037
Minnesota,2022-06-25,2618.334585573569
Minnesota,2022-07-02,2916.5039219279406
Minnesota,2022-07-09,3259.036376640994
Minnesota,2022-07-16,3429.176891921246
Minnesota,2022-07-23,3599.9179567458455
Minnesota,2022-07-30,3542.3766542203443
Minnesota,2022-08-06,3648.920225004858
Minnesota,2022-08-13,3686.7428782424513
Minnesota,2022-08-20,3806.746426056182
Minnesota,2022-08-27,3682.6901412615284
Minnesota,2022-09-03,3621.321307455458
Minnesota,2022-09-10,3666.5322894999294
Minnesota,2022-09-17,3870.1517751060583
Minnesota,2022-09-24,3212.814326623669
Minnesota,2022-10-01,3318.6324341338277
Minnesota,2022-10-08,3688.4785968173937
Minnesota,2022-10-15,3611.1919889944534
Minnesota,2022-10-22,3696.973923507668
Minnesota,2022-10-29,3594.7162618642787
Minnesota,2022-11-05,3776.59028241575
Minnesota,2022-11-12,4262.83802249041
Minnesota,2022-11-19,4772.411386410701
Minnesota,2022-11-26,3996.4310999320364
Minnesota,2022-12-03,3805.9251014551587
Minnesota,2022-12-10,3984.0650916133313
Minnesota,2022-12-17,4076.5995733488826
Minnesota,2022-12-24,4260.8907290696525
Minnesota,2022-12-31,3731.9000933554366
Minnesota,2023-01-07,3488.6453358090353
Minnesota,2023-01-14,3741.123161566293
Minnesota,2023-01-21,3531.5801429167154
Minnesota,2023-01-28,3707.3701583229354
Minnesota,2023-02-04,4037.860900569504
Minnesota,2023-02-11,4665.659287044651
Minnesota,2023-02-18,3937.1019679804353
Minnesota,2023-02-25,4158.418589411477
Minnesota,2023-03-04,4894.4868503829875
Minnesota,2023-03-11,3996.6729427520763
Minnesota,2023-03-18,4120.655580693762
Minnesota,2023-03-25,3945.1503815092874
Minnesota,2023-04-01,3684.469727695426
Minnesota,2023-04-08,4375.666938095756
Minnesota,2023-04-15,4417.462825136315
Minnesota,2023-04-22,4454.310646921367
Minnesota,2023-04-29,4926.241195564276
Minnesota,2023-05-06,4379.368914518978
Minnesota,2023-05-13,3857.885416980758
Minnesota,2023-05-20,3997.8628248436275
Minnesota,2023-05-27,3888.2627630093207
Minnesota,2023-06-03,5297.323250482189
Minnesota,2023-06-10,5965.143471521999
Minnesota,2023-06-17,5741.240100008367
Minnesota,2023-06-24,5194.881814974106
Minnesota,2023-07-01,5246.900653031724
Minnesota,2023-07-08,4705.076091962702
Minnesota,2023-07-15,5129.202932081008
Minnesota,2023-07-22,4898.919931032662
Minnesota,2023-07-29,5007.819600714425
Minnesota,2023-08-05,5429.209985994097
Minnesota,2023-08-12,4866.972691205221
Minnesota,2023-08-19,4725.194680596433
Minnesota,2023-08-26,4644.863451691783
Minnesota,2023-09-02,4594.861453466599
Minnesota,2023-09-09,4625.571874120018
Minnesota,2023-09-16,4409.033667842345
Minnesota,2023-09-23,3814.2134645468636
Minnesota,2023-09-30,4172.769787812394
Minnesota,2023-10-07,4386.486397494275
Minnesota,2023-10-14,4103.62726022097
Minnesota,2023-10-21,3951.671500701307
Minnesota,2023-10-28,4144.1788976867765
Minnesota,2023-11-04,4682.75227456107
Minnesota,2023-11-11,4285.910624547518
Minnesota,2023-11-18,3404.8472651185434
Minnesota,2023-11-25,3658.902608207571
Minnesota,2023-12-02,4389.833767677674
Minnesota,2023-12-09,4453.462622376377
Minnesota,2023-12-16,4482.738164625243
Minnesota,2023-12-23,4052.3413191926966
Minnesota,2023-12-30,4119.988274576726
Minnesota,2024-01-06,4511.122354211399
Minnesota,2024-01-13,4406.195571287132
Minnesota,2024-01-20,4484.685519459348
Minnesota,2024-01-27,4450.968757413495
Minnesota,2024-02-03,3803.1015458852307
Minnesota,2024-02-10,3727.4713268562627
Minnesota,2024-02-17,4009.0125062083885
Minnesota,2024-02-24,4211.669584153649
Minnesota,2024-03-02,4031.0120350385782
Minnesota,2024-03-09,4391.7812945070345
Minnesota,2024-03-16,4370.833903600605
Minnesota,2024-03-23,3882.2973455592105
Minnesota,2024-03-30,4107.13262138301
Minnesota,2024-04-06,5524.585072679559
Minnesota,2024-04-13,4461.445031235991
Minnesota,2024-04-20,4661.595010014916
Minnesota,2024-04-27,4613.823325624997
Minnesota,2024-05-04,4828.690647169799
Minnesota,2024-05-11,4956.14472305706
Minnesota,2024-05-18,4482.3673913570765
Minnesota,2024-05-25,5461.787629828855
Minnesota,2024-06-01,6484.654323866129
Minnesota,2024-06-08,7253.479052679048
Minnesota,2024-06-15,7315.97591760655
Minnesota,2024-06-22,6803.185425731246
Minnesota,2024-06-29,6415.876873404766
Minnesota,2024-07-06,5580.039060075678
Minnesota,2024-07-13,5971.665075078961
Minnesota,2024-07-20,4841.321243724728
Minnesota,2024-07-27,5613.21070348045
Minnesota,2024-08-03,5655.302293739577
Minnesota,2024-08-10,5173.832442575541
Minnesota,2024-08-17,5153.0907060062
Minnesota,2024-08-24,5247.631991224304
Minnesota,2024-08-31,5126.587998182877
Minnesota,2024-09-07,5798.275039667371
Minnesota,2024-09-14,5176.021816310753
Minnesota,2024-09-21,4401.015536015612
Minnesota,2024-09-28,4778.3486523252395
Minnesota,2024-10-05,4729.245695242166
Minnesota,2024-10-12,4782.848323981682
Minnesota,2024-10-19,4431.480572889323
Minnesota,2024-10-26,4157.132830161963
Minnesota,2024-11-02,3911.1416085221763
Minnesota,2024-11-09,4308.284056845318
Minnesota,2024-11-16,3472.243711918739
Minnesota,2024-11-23,4712.507170916926
Minnesota,2024-11-30,3440.80687221594
Minnesota,2024-12-07,6521.994113874543
Minnesota,2024-12-14,5009.263113576357
Minnesota,2024-12-21,4406.447208690519
Minnesota,2024-12-28,4112.018059164599
Minnesota,2025-01-04,4893.24354471826
Minnesota,2025-01-11,4972.415688415585
Minnesota,2025-01-18,4461.867158694976
Minnesota,2025-01-25,4103.070841410412
Minnesota,2025-02-01,4460.427739001197
Minnesota,2025-02-08,4193.756360961869
Minnesota,2025-02-15,5125.873053061287
Minnesota,2025-02-22,6027.044404909532
Minnesota,2025-03-01,4771.603522151
Minnesota,2025-03-08,4589.335470384513
Minnesota,2025-03-15,4987.77850572039
Minnesota,2025-03-22,4231.356170210531
Minnesota,2025-03-29,4088.3230161665465
Minnesota,2025-04-05,4931.792205367703
Minnesota,2025-04-12,5368.578032041831
Mississippi,2020-01-04,1099.8492160265664
Mississippi,2020-01-11,1102.842280722438
Mississippi,2020-01-18,900.7761914307696
Mississippi,2020-01-25,917.0736583525473
Mississippi,2020-02-01,935.7457895296117
Mississippi,2020-02-08,892.0533878046285
Mississippi,2020-02-15,875.593424386212
Mississippi,2020-02-22,728.4004822404465
Mississippi,2020-02-29,484.3111737353582
Mississippi,2020-03-07,881.5313370425722
Mississippi,2020-03-14,1219.915753310854
Mississippi,2020-03-21,4759.123814755297
Mississippi,2020-03-28,34802.40817111312
Mississippi,2020-04-04,46808.320485159216
Mississippi,2020-04-11,44114.01334021909
Mississippi,2020-04-18,39272.17456267381
Mississippi,2020-04-25,32231.20617232906
Mississippi,2020-05-02,29230.839541830046
Mississippi,2020-05-09,24473.15556460148
Mississippi,2020-05-16,22779.774923285262
Mississippi,2020-05-23,20381.545137629855
Mississippi,2020-05-30,14138.854372364798
Mississippi,2020-06-06,16071.383930195356
Mississippi,2020-06-13,14698.724043970678
Mississippi,2020-06-20,15362.071837399266
Mississippi,2020-06-27,14320.234941154282
Mississippi,2020-07-04,8713.598564168118
Mississippi,2020-07-11,9683.340485716055
Mississippi,2020-07-18,9181.634389509216
Mississippi,2020-07-25,9441.393518067984
Mississippi,2020-08-01,7403.366970771557
Mississippi,2020-08-08,6016.617826136827
Mississippi,2020-08-15,7426.7265405349135
Mississippi,2020-08-22,5357.928483138709
Mississippi,2020-08-29,5429.7563585422895
Mississippi,2020-09-05,5811.7208509347065
Mississippi,2020-09-12,6862.634983242233
Mississippi,2020-09-19,6842.241295841038
Mississippi,2020-09-26,6457.568874128906
Mississippi,2020-10-03,6025.114624369395
Mississippi,2020-10-10,4592.656128100456
Mississippi,2020-10-17,4478.581760302323
Mississippi,2020-10-24,4833.828029702406
Mississippi,2020-10-31,4961.642883679761
Mississippi,2020-11-07,5008.944899177584
Mississippi,2020-11-14,4365.2900817608615
Mississippi,2020-11-21,4200.912849299407
Mississippi,2020-11-28,3667.6428012355536
Mississippi,2020-12-05,4395.81845931822
Mississippi,2020-12-12,5241.8357809424215
Mississippi,2020-12-19,4464.345229606595
Mississippi,2020-12-26,5389.645592512829
Mississippi,2021-01-02,5938.065376849713
Mississippi,2021-01-09,7186.309567849445
Mississippi,2021-01-16,6481.62040124678
Mississippi,2021-01-23,6325.314688878748
Mississippi,2021-01-30,3636.09630780873
Mississippi,2021-02-06,6946.5892947017455
Mississippi,2021-02-13,6469.832016196377
Mississippi,2021-02-20,8480.096545357943
Mississippi,2021-02-27,11685.959934001545
Mississippi,2021-03-06,7424.319099119639
Mississippi,2021-03-13,5622.035459460483
Mississippi,2021-03-20,3848.51777228717
Mississippi,2021-03-27,5366.843327839622
Mississippi,2021-04-03,5870.946765902266
Mississippi,2021-04-10,4265.023192353524
Mississippi,2021-04-17,4253.519191113426
Mississippi,2021-04-24,4292.680204119129
Mississippi,2021-05-01,4005.686615015591
Mississippi,2021-05-08,4199.750169503336
Mississippi,2021-05-15,3246.601862880562
Mississippi,2021-05-22,2363.1519890461177
Mississippi,2021-05-29,1666.2346078867486
Mississippi,2021-06-05,2112.8474480424097
Mississippi,2021-06-12,1984.3716656308543
Mississippi,2021-06-19,1700.6206906011269
Mississippi,2021-06-26,1760.573022458886
Mississippi,2021-07-03,1696.9319412200296
Mississippi,2021-07-10,2325.9664293595956
Mississippi,2021-07-17,1969.3368287073679
Mississippi,2021-07-24,2316.8432125262257
Mississippi,2021-07-31,2590.1406356351426
Mississippi,2021-08-07,2513.913317670523
Mississippi,2021-08-14,2610.101091755112
Mississippi,2021-08-21,2586.0108559633004
Mississippi,2021-08-28,2490.513106896889
Mississippi,2021-09-04,2289.788710235334
Mississippi,2021-09-11,2297.1289756475653
Mississippi,2021-09-18,2110.7918128868687
Mississippi,2021-09-25,2224.690072045699
Mississippi,2021-10-02,1799.16617255475
Mississippi,2021-10-09,1833.5460615331324
Mississippi,2021-10-16,1592.1364362615354
Mississippi,2021-10-23,1829.7033984296013
Mississippi,2021-10-30,1657.5369567197656
Mississippi,2021-11-06,1684.5801137884503
Mississippi,2021-11-13,1502.6771446727341
Mississippi,2021-11-20,1262.764728611268
Mississippi,2021-11-27,1202.612789257789
Mississippi,2021-12-04,1271.5392114835759
Mississippi,2021-12-11,1288.3175956697387
Mississippi,2021-12-18,1356.9145880028668
Mississippi,2021-12-25,1116.2416808316677
Mississippi,2022-01-01,1333.2637355568224
Mississippi,2022-01-08,1296.4766349614931
Mississippi,2022-01-15,1196.0085643049954
Mississippi,2022-01-22,1111.9402665221219
Mississippi,2022-01-29,1065.9534071796304
Mississippi,2022-02-05,966.6983510403463
Mississippi,2022-02-12,977.2883633393144
Mississippi,2022-02-19,752.181392785177
Mississippi,2022-02-26,499.28315894491897
Mississippi,2022-03-05,848.4363039112811
Mississippi,2022-03-12,978.4851726643293
Mississippi,2022-03-19,834.7222055957832
Mississippi,2022-03-26,919.6575765348025
Mississippi,2022-04-02,907.5415883997764
Mississippi,2022-04-09,1109.889598552771
Mississippi,2022-04-16,968.1596958262176
Mississippi,2022-04-23,1055.1177303119825
Mississippi,2022-04-30,979.8490784462741
Mississippi,2022-05-07,1089.0543864169767
Mississippi,2022-05-14,1121.980499067841
Mississippi,2022-05-21,1431.048294162056
Mississippi,2022-05-28,2125.479482145287
Mississippi,2022-06-04,1424.9260666390376
Mississippi,2022-06-11,1390.2579758001277
Mississippi,2022-06-18,1316.3167267108365
Mississippi,2022-06-25,1238.9993370427496
Mississippi,2022-07-02,1969.9569983078466
Mississippi,2022-07-09,1480.6645968913776
Mississippi,2022-07-16,1469.0311347527977
Mississippi,2022-07-23,1395.254467988016
Mississippi,2022-07-30,1266.1210445808226
Mississippi,2022-08-06,1358.4843257473283
Mississippi,2022-08-13,1297.6192462295455
Mississippi,2022-08-20,1358.5494819346372
Mississippi,2022-08-27,1195.3976484763878
Mississippi,2022-09-03,1157.5488011602706
Mississippi,2022-09-10,1077.4412586700043
Mississippi,2022-09-17,1176.9183387247808
Mississippi,2022-09-24,1111.6511214651307
Mississippi,2022-10-01,1054.9927888900777
Mississippi,2022-10-08,1237.0156648014627
Mississippi,2022-10-15,1370.0067230184998
Mississippi,2022-10-22,1377.8878413357832
Mississippi,2022-10-29,1198.2525228892266
Mississippi,2022-11-05,1265.1318823939046
Mississippi,2022-11-12,1278.1839270316436
Mississippi,2022-11-19,1439.2918733485208
Mississippi,2022-11-26,1499.46024989737
Mississippi,2022-12-03,1400.598709106909
Mississippi,2022-12-10,1193.573216132076
Mississippi,2022-12-17,1252.0183538948436
Mississippi,2022-12-24,1111.0643075439511
Mississippi,2022-12-31,1083.977028698509
Mississippi,2023-01-07,863.347158374133
Mississippi,2023-01-14,896.0143789650563
Mississippi,2023-01-21,835.8022767462793
Mississippi,2023-01-28,1042.6326398393285
Mississippi,2023-02-04,845.9762500048026
Mississippi,2023-02-11,903.0510579035496
Mississippi,2023-02-18,743.3736481389805
Mississippi,2023-02-25,477.8016149485926
Mississippi,2023-03-04,812.3326314044181
Mississippi,2023-03-11,971.0401767853616
Mississippi,2023-03-18,1415.9234107316902
Mississippi,2023-03-25,1104.458744396406
Mississippi,2023-04-01,1060.670090379491
Mississippi,2023-04-08,1231.3892418348294
Mississippi,2023-04-15,1146.8968704402885
Mississippi,2023-04-22,1110.0830053333423
Mississippi,2023-04-29,1156.9712757088682
Mississippi,2023-05-06,1120.140620092057
Mississippi,2023-05-13,1197.1550718697065
Mississippi,2023-05-20,1132.8776346620216
Mississippi,2023-05-27,937.3305638712734
Mississippi,2023-06-03,1117.5890718737548
Mississippi,2023-06-10,1196.2127787183178
Mississippi,2023-06-17,1281.013212967634
Mississippi,2023-06-24,1237.9520003250466
Mississippi,2023-07-01,999.2871777831714
Mississippi,2023-07-08,1231.9066068304398
Mississippi,2023-07-15,1097.787607675734
Mississippi,2023-07-22,1061.6290453842394
Mississippi,2023-07-29,1214.777050538287
Mississippi,2023-08-05,1279.0278907726674
Mississippi,2023-08-12,1242.7419565211594
Mississippi,2023-08-19,1236.9950546036434
Mississippi,2023-08-26,1220.9351363889045
Mississippi,2023-09-02,1297.413731104837
Mississippi,2023-09-09,1204.5551150299486
Mississippi,2023-09-16,1191.4481947584202
Mississippi,2023-09-23,1244.882716547094
Mississippi,2023-09-30,1446.5056935490015
Mississippi,2023-10-07,1336.2280886789404
Mississippi,2023-10-14,1248.3938073882343
Mississippi,2023-10-21,1207.334948922885
Mississippi,2023-10-28,1402.531271070571
Mississippi,2023-11-04,1243.412880121048
Mississippi,2023-11-11,1383.2934682393218
Mississippi,2023-11-18,1376.4785335033635
Mississippi,2023-11-25,1386.3755029870533
Mississippi,2023-12-02,1240.3570509839785
Mississippi,2023-12-09,1216.2294808041258
Mississippi,2023-12-16,1201.0137629982821
Mississippi,2023-12-23,1293.3078472715704
Mississippi,2023-12-30,987.8102466520436
Mississippi,2024-01-06,903.3843368822083
Mississippi,2024-01-13,1032.519669648838
Mississippi,2024-01-20,1135.9522656330646
Mississippi,2024-01-27,1552.7744254084314
Mississippi,2024-02-03,1009.0893178161862
Mississippi,2024-02-10,1018.9832883100864
Mississippi,2024-02-17,836.7357413886629
Mississippi,2024-02-24,490.82073252212376
Mississippi,2024-03-02,889.5543753774307
Mississippi,2024-03-09,1045.4901355750387
Mississippi,2024-03-16,1152.054614334676
Mississippi,2024-03-23,970.7496641200694
Mississippi,2024-03-30,866.7073212051857
Mississippi,2024-04-06,921.854436330538
Mississippi,2024-04-13,1122.4269001062194
Mississippi,2024-04-20,1054.0399798213678
Mississippi,2024-04-27,1139.9402952028497
Mississippi,2024-05-04,1004.0853477050907
Mississippi,2024-05-11,1151.110646028564
Mississippi,2024-05-18,1170.4693510459801
Mississippi,2024-05-25,920.2560749565329
Mississippi,2024-06-01,1242.9402785839193
Mississippi,2024-06-08,1220.1689758889117
Mississippi,2024-06-15,1277.987197503931
Mississippi,2024-06-22,1363.6324064494167
Mississippi,2024-06-29,1073.5376182376485
Mississippi,2024-07-06,960.9663756175714
Mississippi,2024-07-13,1255.698964796448
Mississippi,2024-07-20,1191.3722652857082
Mississippi,2024-07-27,1250.827088908578
Mississippi,2024-08-03,1245.9210428665588
Mississippi,2024-08-10,1128.4142696286883
Mississippi,2024-08-17,1248.912155322368
Mississippi,2024-08-24,1358.3511427753053
Mississippi,2024-08-31,1278.765073778895
Mississippi,2024-09-07,1289.2976859365783
Mississippi,2024-09-14,1286.5527069786044
Mississippi,2024-09-21,1228.2287671618485
Mississippi,2024-09-28,1283.6243706183805
Mississippi,2024-10-05,1263.3885876043364
Mississippi,2024-10-12,1316.6459539154241
Mississippi,2024-10-19,1475.1329115712076
Mississippi,2024-10-26,1255.8344519067869
Mississippi,2024-11-02,1281.4211340985473
Mississippi,2024-11-09,1348.2569545034291
Mississippi,2024-11-16,1180.4575936417514
Mississippi,2024-11-23,1235.2333893280727
Mississippi,2024-11-30,922.4722481130847
Mississippi,2024-12-07,1500.4626194171137
Mississippi,2024-12-14,1123.0633504959897
Mississippi,2024-12-21,1348.1880041213649
Mississippi,2024-12-28,1127.8589583701971
Mississippi,2025-01-04,858.2515174731052
Mississippi,2025-01-11,1073.7887110183535
Mississippi,2025-01-18,1013.1216547963187
Mississippi,2025-01-25,825.9438433023572
Mississippi,2025-02-01,979.5999496242977
Mississippi,2025-02-08,923.3900456941701
Mississippi,2025-02-15,802.3855372684967
Mississippi,2025-02-22,511.65132063977353
Mississippi,2025-03-01,778.2347184812697
Mississippi,2025-03-08,949.768759988311
Mississippi,2025-03-15,2300.6599633569726
Mississippi,2025-03-22,982.7073867464084
Mississippi,2025-03-29,865.686464525321
Mississippi,2025-04-05,906.4259101994829
Mississippi,2025-04-12,1149.024693947599
Missouri,2020-01-04,4732.402900746295
Missouri,2020-01-11,5392.473968274877
Missouri,2020-01-18,3428.320140617587
Missouri,2020-01-25,4472.772761731537
Missouri,2020-02-01,4168.207479688781
Missouri,2020-02-08,2840.3914584172144
Missouri,2020-02-15,2322.9300864367965
Missouri,2020-02-22,2742.9733157471
Missouri,2020-02-29,3144.3004054081425
Missouri,2020-03-07,3977.678277367325
Missouri,2020-03-14,4800.857500541865
Missouri,2020-03-21,45297.32370976835
Missouri,2020-03-28,89541.20963208246
Missouri,2020-04-04,98705.11192307434
Missouri,2020-04-11,74541.50799628923
Missouri,2020-04-18,69670.67620687108
Missouri,2020-04-25,61474.92325047419
Missouri,2020-05-02,66915.6077484822
Missouri,2020-05-09,33122.71375980488
Missouri,2020-05-16,35235.02043051792
Missouri,2020-05-23,30174.742949208474
Missouri,2020-05-30,18599.06079246901
Missouri,2020-06-06,18697.791874081267
Missouri,2020-06-13,18910.863166246105
Missouri,2020-06-20,22356.47748450122
Missouri,2020-06-27,24020.406625817595
Missouri,2020-07-04,19865.867885425163
Missouri,2020-07-11,17543.503649961218
Missouri,2020-07-18,9734.699683370667
Missouri,2020-07-25,18333.37646337516
Missouri,2020-08-01,9612.209265483898
Missouri,2020-08-08,11550.075700953643
Missouri,2020-08-15,12441.166281763064
Missouri,2020-08-22,11615.03326854985
Missouri,2020-08-29,11818.231058824676
Missouri,2020-09-05,12916.929679262032
Missouri,2020-09-12,13257.151283999301
Missouri,2020-09-19,12074.860354425144
Missouri,2020-09-26,10603.748631120105
Missouri,2020-10-03,10706.648245395832
Missouri,2020-10-10,12019.995783628066
Missouri,2020-10-17,9062.880522415515
Missouri,2020-10-24,9629.499080055897
Missouri,2020-10-31,11763.356138889329
Missouri,2020-11-07,10226.575277833068
Missouri,2020-11-14,10640.52158893345
Missouri,2020-11-21,11987.327217620725
Missouri,2020-11-28,11873.180354367174
Missouri,2020-12-05,10499.887311670918
Missouri,2020-12-12,7319.485605693561
Missouri,2020-12-19,8878.29220249063
Missouri,2020-12-26,7149.139371173464
Missouri,2021-01-02,10550.713076683907
Missouri,2021-01-09,8251.033659145412
Missouri,2021-01-16,8915.159766235407
Missouri,2021-01-23,8634.232695143797
Missouri,2021-01-30,10335.869620015608
Missouri,2021-02-06,9452.234572656522
Missouri,2021-02-13,9353.88618213711
Missouri,2021-02-20,17163.508511135788
Missouri,2021-02-27,10689.70064620455
Missouri,2021-03-06,9932.238744688751
Missouri,2021-03-13,8978.89459326941
Missouri,2021-03-20,8377.313595237894
Missouri,2021-03-27,7061.745013700877
Missouri,2021-04-03,10339.11710537134
Missouri,2021-04-10,8346.377454688985
Missouri,2021-04-17,13163.341578564063
Missouri,2021-04-24,13882.689407618975
Missouri,2021-05-01,10579.970726505315
Missouri,2021-05-08,7685.915952548078
Missouri,2021-05-15,8543.032853285184
Missouri,2021-05-22,6513.151616314791
Missouri,2021-05-29,7805.300766466655
Missouri,2021-06-05,5654.32797920175
Missouri,2021-06-12,5195.687659254165
Missouri,2021-06-19,5026.9231260518645
Missouri,2021-06-26,4799.759380748637
Missouri,2021-07-03,4446.090194544122
Missouri,2021-07-10,5975.992980567848
Missouri,2021-07-17,9320.272393898595
Missouri,2021-07-24,7923.435429612399
Missouri,2021-07-31,6002.780593591642
Missouri,2021-08-07,5644.995400821048
Missouri,2021-08-14,5003.791769978856
Missouri,2021-08-21,4747.111517922884
Missouri,2021-08-28,12343.410800424364
Missouri,2021-09-04,4776.097311393646
Missouri,2021-09-11,8434.076214137873
Missouri,2021-09-18,6097.4120052947765
Missouri,2021-09-25,7882.509182334081
Missouri,2021-10-02,3432.830315013443
Missouri,2021-10-09,6207.627550678095
Missouri,2021-10-16,4396.452352418341
Missouri,2021-10-23,7753.462345669206
Missouri,2021-10-30,4712.263773215289
Missouri,2021-11-06,5341.661061951313
Missouri,2021-11-13,5897.663319596918
Missouri,2021-11-20,3509.477486093181
Missouri,2021-11-27,3943.912729693808
Missouri,2021-12-04,3925.163664340221
Missouri,2021-12-11,8963.85014814147
Missouri,2021-12-18,5239.797349580028
Missouri,2021-12-25,3049.0116110134354
Missouri,2022-01-01,3050.03810180558
Missouri,2022-01-08,6218.664426898133
Missouri,2022-01-15,3809.4760250240383
Missouri,2022-01-22,3368.0616229187785
Missouri,2022-01-29,3698.5136145540946
Missouri,2022-02-05,2814.0772051239755
Missouri,2022-02-12,7600.809595941276
Missouri,2022-02-19,3631.327716406951
Missouri,2022-02-26,4973.104704161268
Missouri,2022-03-05,3909.922234566479
Missouri,2022-03-12,4534.276020805602
Missouri,2022-03-19,3048.3428326201633
Missouri,2022-03-26,2452.9368394095327
Missouri,2022-04-02,3158.9348400231643
Missouri,2022-04-09,7387.292192296216
Missouri,2022-04-16,3066.108246210242
Missouri,2022-04-23,2937.0648154171467
Missouri,2022-04-30,3396.291626353181
Missouri,2022-05-07,2733.1955165419345
Missouri,2022-05-14,3627.7949090761267
Missouri,2022-05-21,4493.876647122971
Missouri,2022-05-28,3335.2214099037647
Missouri,2022-06-04,4467.106954997263
Missouri,2022-06-11,3458.792073394949
Missouri,2022-06-18,4308.239266370353
Missouri,2022-06-25,5666.54934395537
Missouri,2022-07-02,4110.218297583866
Missouri,2022-07-09,3695.119290366765
Missouri,2022-07-16,2919.146888509952
Missouri,2022-07-23,3445.0252866979563
Missouri,2022-07-30,2473.60064125526
Missouri,2022-08-06,3464.382107085818
Missouri,2022-08-13,4341.679766810125
Missouri,2022-08-20,4356.732289248151
Missouri,2022-08-27,2510.0667735556835
Missouri,2022-09-03,2589.0788256201467
Missouri,2022-09-10,3044.2786968181026
Missouri,2022-09-17,4570.467196584815
Missouri,2022-09-24,3057.24834733777
Missouri,2022-10-01,7121.806267200135
Missouri,2022-10-08,3213.4811004890466
Missouri,2022-10-15,4841.912451423413
Missouri,2022-10-22,3023.874999504864
Missouri,2022-10-29,3395.7714767203197
Missouri,2022-11-05,3407.5189923781695
Missouri,2022-11-12,3168.703482281811
Missouri,2022-11-19,4027.7690453328114
Missouri,2022-11-26,3530.87248234584
Missouri,2022-12-03,3759.2557088998724
Missouri,2022-12-10,2452.261793515462
Missouri,2022-12-17,3766.1613389776394
Missouri,2022-12-24,4702.388905076455
Missouri,2022-12-31,3939.6589307524014
Missouri,2023-01-07,3068.0721038228453
Missouri,2023-01-14,3040.2215260762277
Missouri,2023-01-21,2943.9898174129935
Missouri,2023-01-28,3043.894068691703
Missouri,2023-02-04,2982.024057024939
Missouri,2023-02-11,2164.7525694002143
Missouri,2023-02-18,2217.303927453418
Missouri,2023-02-25,2697.7452965873667
Missouri,2023-03-04,3180.5483620632517
Missouri,2023-03-11,3083.020790313115
Missouri,2023-03-18,3235.9826482052945
Missouri,2023-03-25,3968.314340829843
Missouri,2023-04-01,3365.069638261779
Missouri,2023-04-08,1872.9168822677689
Missouri,2023-04-15,2619.5762789771834
Missouri,2023-04-22,2592.443281435574
Missouri,2023-04-29,3091.822872152727
Missouri,2023-05-06,5341.9615095681465
Missouri,2023-05-13,3479.3397528931628
Missouri,2023-05-20,3423.7488992887443
Missouri,2023-05-27,3670.274708441221
Missouri,2023-06-03,3439.5596444911644
Missouri,2023-06-10,4707.716993796884
Missouri,2023-06-17,3753.1268227812284
Missouri,2023-06-24,3119.003219405943
Missouri,2023-07-01,3615.9586498831554
Missouri,2023-07-08,3870.7309776760967
Missouri,2023-07-15,2865.4686872069024
Missouri,2023-07-22,3154.155677525382
Missouri,2023-07-29,4597.987074333307
Missouri,2023-08-05,5679.587973635884
Missouri,2023-08-12,5231.502247259107
Missouri,2023-08-19,5313.912128787161
Missouri,2023-08-26,2995.88614908259
Missouri,2023-09-02,6972.6039467800465
Missouri,2023-09-09,3980.4092317558334
Missouri,2023-09-16,3787.000849535765
Missouri,2023-09-23,4454.641577795458
Missouri,2023-09-30,3134.791699797841
Missouri,2023-10-07,3108.383247220297
Missouri,2023-10-14,2567.885372586339
Missouri,2023-10-21,3173.2173974395937
Missouri,2023-10-28,3943.709124768609
Missouri,2023-11-04,3710.230978336293
Missouri,2023-11-11,3279.5953579690663
Missouri,2023-11-18,3474.4730452730755
Missouri,2023-11-25,3573.6960531411146
Missouri,2023-12-02,3670.837696719088
Missouri,2023-12-09,2349.8858157279233
Missouri,2023-12-16,3054.876630889853
Missouri,2023-12-23,4149.713583412153
Missouri,2023-12-30,3625.6006167612104
Missouri,2024-01-06,2986.540150669234
Missouri,2024-01-13,4451.678562503032
Missouri,2024-01-20,4936.065081041325
Missouri,2024-01-27,3866.0753815984467
Missouri,2024-02-03,4933.148543855947
Missouri,2024-02-10,1972.0384765914523
Missouri,2024-02-17,1889.5441385002875
Missouri,2024-02-24,2785.214853985251
Missouri,2024-03-02,3338.6457952652263
Missouri,2024-03-09,3222.8864097263117
Missouri,2024-03-16,4437.949695467765
Missouri,2024-03-23,4680.069552545105
Missouri,2024-03-30,3326.217006133035
Missouri,2024-04-06,2072.9087862979204
Missouri,2024-04-13,2861.5451722160396
Missouri,2024-04-20,2651.362446922746
Missouri,2024-04-27,3095.6446556782557
Missouri,2024-05-04,2585.3689886044526
Missouri,2024-05-11,3267.2609583460717
Missouri,2024-05-18,3387.454741345754
Missouri,2024-05-25,3529.7684864739003
Missouri,2024-06-01,3685.645015014563
Missouri,2024-06-08,3415.7946582009677
Missouri,2024-06-15,3605.0109735637125
Missouri,2024-06-22,3063.7783741046833
Missouri,2024-06-29,3885.55482135627
Missouri,2024-07-06,3625.498088889101
Missouri,2024-07-13,5121.531912561538
Missouri,2024-07-20,3532.163439656829
Missouri,2024-07-27,5545.09833590484
Missouri,2024-08-03,3295.262862213285
Missouri,2024-08-10,3003.4428080246485
Missouri,2024-08-17,3041.704823423967
Missouri,2024-08-24,2768.720607748249
Missouri,2024-08-31,2793.0740422975014
Missouri,2024-09-07,3106.5884947061927
Missouri,2024-09-14,3233.0945852704635
Missouri,2024-09-21,3114.9322784196147
Missouri,2024-09-28,2774.5120886335985
Missouri,2024-10-05,4387.835373970291
Missouri,2024-10-12,4734.960492921029
Missouri,2024-10-19,4576.542244148585
Missouri,2024-10-26,4840.596538152914
Missouri,2024-11-02,3428.9499294371517
Missouri,2024-11-09,3257.9268305359246
Missouri,2024-11-16,3170.7248329953836
Missouri,2024-11-23,4763.0861968421195
Missouri,2024-11-30,2489.6127924162474
Missouri,2024-12-07,3372.851981372399
Missouri,2024-12-14,2979.1886427215372
Missouri,2024-12-21,2776.2895831267515
Missouri,2024-12-28,3783.2629558414656
Missouri,2025-01-04,3397.164714733783
Missouri,2025-01-11,8136.879718112215
Missouri,2025-01-18,6781.063417904644
Missouri,2025-01-25,3607.3530677164936
Missouri,2025-02-01,3073.349994925002
Missouri,2025-02-08,2163.371106369327
Missouri,2025-02-15,2455.5118615013216
Missouri,2025-02-22,4275.650075436036
Missouri,2025-03-01,4631.324807916665
Missouri,2025-03-08,3136.815259318191
Missouri,2025-03-15,3034.403874890982
Missouri,2025-03-22,2766.3151895616083
Missouri,2025-03-29,3121.1614476757745
Missouri,2025-04-05,2148.088224674218
Missouri,2025-04-12,5747.637913311384
Montana,2020-01-04,862.5106391433111
Montana,2020-01-11,761.4751121664286
Montana,2020-01-18,739.8012593076978
Montana,2020-01-25,709.5672171007484
Montana,2020-02-01,820.5502002934081
Montana,2020-02-08,862.5142047371654
Montana,2020-02-15,959.5819244911511
Montana,2020-02-22,917.3331741349585
Montana,2020-02-29,780.8749452245892
Montana,2020-03-07,836.5232931698254
Montana,2020-03-14,1021.9992991463372
Montana,2020-03-21,18368.195285165246
Montana,2020-03-28,22628.066453198986
Montana,2020-04-04,24405.203019755743
Montana,2020-04-11,16010.17513974004
Montana,2020-04-18,11803.141816748453
Montana,2020-04-25,7792.936518197798
Montana,2020-05-02,5990.498719207549
Montana,2020-05-09,5127.262673970578
Montana,2020-05-16,5371.688948699489
Montana,2020-05-23,5633.795567213969
Montana,2020-05-30,4135.244776901485
Montana,2020-06-06,3826.4400882801497
Montana,2020-06-13,3362.815323150256
Montana,2020-06-20,3736.4426299276683
Montana,2020-06-27,3722.2290371535905
Montana,2020-07-04,3942.905441486773
Montana,2020-07-11,3990.646709312507
Montana,2020-07-18,4323.732081968212
Montana,2020-07-25,4169.895135363001
Montana,2020-08-01,3459.064723989974
Montana,2020-08-08,3023.343274085736
Montana,2020-08-15,3660.0463388626977
Montana,2020-08-22,4101.704974959238
Montana,2020-08-29,4331.613481488064
Montana,2020-09-05,4838.434649456679
Montana,2020-09-12,4762.224180390943
Montana,2020-09-19,4521.562167831397
Montana,2020-09-26,4153.043537074268
Montana,2020-10-03,4088.6140365789834
Montana,2020-10-10,2749.7651445394677
Montana,2020-10-17,2479.731163565755
Montana,2020-10-24,3175.0453004261794
Montana,2020-10-31,2408.2832501301305
Montana,2020-11-07,1799.5397177656696
Montana,2020-11-14,1678.3764000400838
Montana,2020-11-21,2176.211330932134
Montana,2020-11-28,2232.4333645755532
Montana,2020-12-05,2257.549537762408
Montana,2020-12-12,1896.547478317258
Montana,2020-12-19,1698.4539788530956
Montana,2020-12-26,1535.4044847097712
Montana,2021-01-02,2026.2066654601385
Montana,2021-01-09,1342.4524199674815
Montana,2021-01-16,1371.8644711434008
Montana,2021-01-23,1680.027369773247
Montana,2021-01-30,2061.382210493196
Montana,2021-02-06,1990.7012340350834
Montana,2021-02-13,2196.3069455237205
Montana,2021-02-20,1868.12881625723
Montana,2021-02-27,1610.063016556599
Montana,2021-03-06,1714.0526301224854
Montana,2021-03-13,2050.2531839667645
Montana,2021-03-20,2541.7973018236357
Montana,2021-03-27,2831.369101064922
Montana,2021-04-03,2772.0652836881286
Montana,2021-04-10,2335.0742305386175
Montana,2021-04-17,1949.5883852646425
Montana,2021-04-24,1988.0165621437664
Montana,2021-05-01,1934.2689511105314
Montana,2021-05-08,2022.5565678289045
Montana,2021-05-15,1718.646928668607
Montana,2021-05-22,1708.8639263022742
Montana,2021-05-29,1653.2854854606135
Montana,2021-06-05,1465.6831917096479
Montana,2021-06-12,1495.5314265768006
Montana,2021-06-19,1292.8565256039346
Montana,2021-06-26,1428.1205285405613
Montana,2021-07-03,1592.4359853350454
Montana,2021-07-10,1498.8281787819215
Montana,2021-07-17,1225.1891639946487
Montana,2021-07-24,1250.2700657118544
Montana,2021-07-31,1341.1946956483794
Montana,2021-08-07,1312.8159283941106
Montana,2021-08-14,1288.4857009261539
Montana,2021-08-21,1290.622686086312
Montana,2021-08-28,1271.0856306262367
Montana,2021-09-04,1293.1302498376147
Montana,2021-09-11,1113.5787195688033
Montana,2021-09-18,1052.8319235869444
Montana,2021-09-25,879.6332606960254
Montana,2021-10-02,998.6015849709038
Montana,2021-10-09,972.3504123276446
Montana,2021-10-16,1032.4680583821776
Montana,2021-10-23,1001.1224257552524
Montana,2021-10-30,909.5242325364553
Montana,2021-11-06,931.3594121138299
Montana,2021-11-13,744.0225278528206
Montana,2021-11-20,786.6766505654542
Montana,2021-11-27,949.9977929077361
Montana,2021-12-04,844.6767453212508
Montana,2021-12-11,971.4522489583367
Montana,2021-12-18,995.6217913987464
Montana,2021-12-25,961.0651642566482
Montana,2022-01-01,924.633591930482
Montana,2022-01-08,892.0756869596452
Montana,2022-01-15,668.5744390345457
Montana,2022-01-22,720.3415566228856
Montana,2022-01-29,783.2524639164351
Montana,2022-02-05,812.7005501320243
Montana,2022-02-12,797.0468753916726
Montana,2022-02-19,792.7143278373792
Montana,2022-02-26,978.6216939433341
Montana,2022-03-05,875.1861344507837
Montana,2022-03-12,835.6126460584495
Montana,2022-03-19,731.185570345688
Montana,2022-03-26,637.5484696393299
Montana,2022-04-02,629.5448717203044
Montana,2022-04-09,740.2252604012908
Montana,2022-04-16,1056.115051605982
Montana,2022-04-23,871.8983143587724
Montana,2022-04-30,731.2162274750729
Montana,2022-05-07,682.8172779530197
Montana,2022-05-14,720.628216888374
Montana,2022-05-21,763.754541695063
Montana,2022-05-28,796.1767939810326
Montana,2022-06-04,849.0768616943932
Montana,2022-06-11,862.8065922558466
Montana,2022-06-18,930.0587927681149
Montana,2022-06-25,802.4545716460988
Montana,2022-07-02,732.5771229161221
Montana,2022-07-09,804.8026641188768
Montana,2022-07-16,803.0917358829439
Montana,2022-07-23,852.1393743957891
Montana,2022-07-30,894.7447419387399
Montana,2022-08-06,817.51791333378
Montana,2022-08-13,847.7862437977882
Montana,2022-08-20,756.693848828687
Montana,2022-08-27,732.2000671709682
Montana,2022-09-03,729.6711821063146
Montana,2022-09-10,697.1832384692939
Montana,2022-09-17,715.9257080391221
Montana,2022-09-24,677.917650841204
Montana,2022-10-01,685.3609934588043
Montana,2022-10-08,685.3026855212431
Montana,2022-10-15,648.8077487498898
Montana,2022-10-22,784.5286407214641
Montana,2022-10-29,861.4400661209975
Montana,2022-11-05,951.2359849333322
Montana,2022-11-12,1347.2356598970882
Montana,2022-11-19,1083.9152713756969
Montana,2022-11-26,750.9038181974473
Montana,2022-12-03,866.6823519127864
Montana,2022-12-10,892.3726272887458
Montana,2022-12-17,968.8798837785322
Montana,2022-12-24,947.7506594621607
Montana,2022-12-31,645.6349736095267
Montana,2023-01-07,629.572870514808
Montana,2023-01-14,603.9316105513487
Montana,2023-01-21,624.9116922839563
Montana,2023-01-28,895.1456730473543
Montana,2023-02-04,876.3513310163713
Montana,2023-02-11,762.6644611590907
Montana,2023-02-18,767.3290072952798
Montana,2023-02-25,1006.710720749974
Montana,2023-03-04,896.27495696767
Montana,2023-03-11,688.004424149921
Montana,2023-03-18,656.9899805561092
Montana,2023-03-25,722.5549322579072
Montana,2023-04-01,746.7229317850326
Montana,2023-04-08,726.7666193030856
Montana,2023-04-15,642.117951376437
Montana,2023-04-22,686.2469622519616
Montana,2023-04-29,741.6435533570703
Montana,2023-05-06,745.511079920762
Montana,2023-05-13,802.8179931526284
Montana,2023-05-20,812.4107190617369
Montana,2023-05-27,838.1521011466992
Montana,2023-06-03,839.1315983070504
Montana,2023-06-10,747.7657132884003
Montana,2023-06-17,746.789834943835
Montana,2023-06-24,649.1456947911641
Montana,2023-07-01,717.0204658657798
Montana,2023-07-08,803.4679996676017
Montana,2023-07-15,695.5912673001876
Montana,2023-07-22,647.8354670099134
Montana,2023-07-29,763.7614910569863
Montana,2023-08-05,795.4228345950291
Montana,2023-08-12,702.1313384757012
Montana,2023-08-19,622.3276513731257
Montana,2023-08-26,701.4066064020957
Montana,2023-09-02,668.1726997875592
Montana,2023-09-09,655.7032288578484
Montana,2023-09-16,645.7369131333259
Montana,2023-09-23,647.2773050404716
Montana,2023-09-30,460.44011759861246
Montana,2023-10-07,814.5692115002848
Montana,2023-10-14,628.7208215440108
Montana,2023-10-21,609.8562334361508
Montana,2023-10-28,780.7564648476023
Montana,2023-11-04,829.1370376135314
Montana,2023-11-11,616.9360816357791
Montana,2023-11-18,664.3171431266513
Montana,2023-11-25,808.0511627902154
Montana,2023-12-02,754.397333663669
Montana,2023-12-09,719.8972455438621
Montana,2023-12-16,671.9761402002558
Montana,2023-12-23,754.6903399420909
Montana,2023-12-30,891.3534386516404
Montana,2024-01-06,1133.751833670016
Montana,2024-01-13,1316.19981328287
Montana,2024-01-20,1139.7712023060828
Montana,2024-01-27,695.0114778538401
Montana,2024-02-03,700.1585897278167
Montana,2024-02-10,736.6171776495589
Montana,2024-02-17,836.5616996828238
Montana,2024-02-24,530.3208261093613
Montana,2024-03-02,667.8127130347345
Montana,2024-03-09,754.303032295277
Montana,2024-03-16,667.7603081062093
Montana,2024-03-23,550.3623541330968
Montana,2024-03-30,528.4500748017153
Montana,2024-04-06,601.1526357198362
Montana,2024-04-13,537.5625612674448
Montana,2024-04-20,627.678380932551
Montana,2024-04-27,703.8444970348295
Montana,2024-05-04,684.1801866914489
Montana,2024-05-11,711.8221694314897
Montana,2024-05-18,641.3768834697923
Montana,2024-05-25,584.9462159860648
Montana,2024-06-01,601.6884349342406
Montana,2024-06-08,645.5071542062259
Montana,2024-06-15,673.2329062932736
Montana,2024-06-22,802.4545716460988
Montana,2024-06-29,664.6935285146282
Montana,2024-07-06,531.1964516074842
Montana,2024-07-13,706.6574920072361
Montana,2024-07-20,714.1905822292576
Montana,2024-07-27,643.8472472920005
Montana,2024-08-03,762.280216486903
Montana,2024-08-10,715.202932543068
Montana,2024-08-17,783.2134930633373
Montana,2024-08-24,701.4066064020957
Montana,2024-08-31,629.9439134813058
Montana,2024-09-07,781.7386426772403
Montana,2024-09-14,815.5937968053529
Montana,2024-09-21,942.1906333725208
Montana,2024-09-28,945.6097555797592
Montana,2024-10-05,835.479973055718
Montana,2024-10-12,1003.3420139336531
Montana,2024-10-19,687.710220683319
Montana,2024-10-26,632.4290362439868
Montana,2024-11-02,702.068947088855
Montana,2024-11-09,667.0546801439082
Montana,2024-11-16,696.7228574255124
Montana,2024-11-23,790.8455106547583
Montana,2024-11-30,674.8386021404249
Montana,2024-12-07,924.4135084824594
Montana,2024-12-14,687.7470087967924
Montana,2024-12-21,651.8055301665052
Montana,2024-12-28,466.4768151250962
Montana,2025-01-04,440.3972870934046
Montana,2025-01-11,737.4070804749869
Montana,2025-01-18,885.0350321755539
Montana,2025-01-25,1000.6709759675709
Montana,2025-02-01,738.902543309593
Montana,2025-02-08,956.4562504700073
Montana,2025-02-15,1003.8740396193886
Montana,2025-02-22,964.0154000038814
Montana,2025-03-01,796.6888506379289
Montana,2025-03-08,778.0704578568198
Montana,2025-03-15,649.8097621893758
Montana,2025-03-22,588.5062796670737
Montana,2025-03-29,558.3189920731166
Montana,2025-04-05,503.5774877578479
Montana,2025-04-12,504.8229946676594
North Carolina,2020-01-04,4415.562038945744
North Carolina,2020-01-11,3551.1020597882602
North Carolina,2020-01-18,3265.6213038497935
North Carolina,2020-01-25,2880.245555106657
North Carolina,2020-02-01,2949.71041326675
North Carolina,2020-02-08,2839.5353285935685
North Carolina,2020-02-15,2974.588619942483
North Carolina,2020-02-22,2927.6211533034048
North Carolina,2020-02-29,1960.2111817719901
North Carolina,2020-03-07,2634.460858072716
North Carolina,2020-03-14,3572.5169384717815
North Carolina,2020-03-21,101585.34830007168
North Carolina,2020-03-28,182392.84899366894
North Carolina,2020-04-04,143905.84931095093
North Carolina,2020-04-11,139020.63442717254
North Carolina,2020-04-18,109004.76500405604
North Carolina,2020-04-25,93911.47973939257
North Carolina,2020-05-02,88511.3985685625
North Carolina,2020-05-09,56962.31892171993
North Carolina,2020-05-16,46022.74139285478
North Carolina,2020-05-23,42822.89905268935
North Carolina,2020-05-30,38438.52421398378
North Carolina,2020-06-06,36845.952285686435
North Carolina,2020-06-13,31955.01933459656
North Carolina,2020-06-20,29373.099670380856
North Carolina,2020-06-27,31205.887575338493
North Carolina,2020-07-04,28282.528065506824
North Carolina,2020-07-11,29657.84818916066
North Carolina,2020-07-18,27331.42011331935
North Carolina,2020-07-25,27765.054451527405
North Carolina,2020-08-01,17222.67860613787
North Carolina,2020-08-08,14303.140680069646
North Carolina,2020-08-15,17738.328603591202
North Carolina,2020-08-22,14859.138451403904
North Carolina,2020-08-29,15055.786943371748
North Carolina,2020-09-05,15457.172566471323
North Carolina,2020-09-12,16649.36579315136
North Carolina,2020-09-19,16326.520073021933
North Carolina,2020-09-26,14625.56001948328
North Carolina,2020-10-03,15687.744774441686
North Carolina,2020-10-10,9086.86300205416
North Carolina,2020-10-17,9659.629545823462
North Carolina,2020-10-24,11333.120781667965
North Carolina,2020-10-31,8936.49374932823
North Carolina,2020-11-07,8850.829661040865
North Carolina,2020-11-14,7525.935263363161
North Carolina,2020-11-21,7946.397603730098
North Carolina,2020-11-28,6192.276837002868
North Carolina,2020-12-05,8245.472968635697
North Carolina,2020-12-12,10743.634470258645
North Carolina,2020-12-19,10628.782285482657
North Carolina,2020-12-26,11348.821529118779
North Carolina,2021-01-02,16779.890975252485
North Carolina,2021-01-09,12063.618535866688
North Carolina,2021-01-16,10932.126143335912
North Carolina,2021-01-23,11643.289298424577
North Carolina,2021-01-30,10906.821777329727
North Carolina,2021-02-06,10837.360631739855
North Carolina,2021-02-13,8989.14143389212
North Carolina,2021-02-20,8698.689219177088
North Carolina,2021-02-27,8842.582529657348
North Carolina,2021-03-06,8343.311960226407
North Carolina,2021-03-13,8397.892208889936
North Carolina,2021-03-20,7741.748746442119
North Carolina,2021-03-27,7346.783321746786
North Carolina,2021-04-03,8143.934669057832
North Carolina,2021-04-10,7933.266984042852
North Carolina,2021-04-17,8935.506257413774
North Carolina,2021-04-24,9595.123848409856
North Carolina,2021-05-01,7260.620216237774
North Carolina,2021-05-08,7282.9215861661305
North Carolina,2021-05-15,7001.5625801122205
North Carolina,2021-05-22,6236.165811550639
North Carolina,2021-05-29,6154.812147740755
North Carolina,2021-06-05,5603.326569357305
North Carolina,2021-06-12,4631.234161671832
North Carolina,2021-06-19,4631.451449790522
North Carolina,2021-06-26,4787.434679407914
North Carolina,2021-07-03,4939.344039503447
North Carolina,2021-07-10,5650.269569266947
North Carolina,2021-07-17,4837.560285089294
North Carolina,2021-07-24,5015.091887595763
North Carolina,2021-07-31,5660.534979076035
North Carolina,2021-08-07,5552.349836861207
North Carolina,2021-08-14,5146.645261393928
North Carolina,2021-08-21,5654.72768845093
North Carolina,2021-08-28,5604.733802338133
North Carolina,2021-09-04,5517.6872454004515
North Carolina,2021-09-11,5216.479123998453
North Carolina,2021-09-18,4396.44468623073
North Carolina,2021-09-25,4540.444703918149
North Carolina,2021-10-02,4038.579332624714
North Carolina,2021-10-09,3085.7529766313587
North Carolina,2021-10-16,3096.5971437844833
North Carolina,2021-10-23,4028.3333486288234
North Carolina,2021-10-30,3984.8745214682613
North Carolina,2021-11-06,4405.665662901418
North Carolina,2021-11-13,4308.546282947743
North Carolina,2021-11-20,5294.514099737264
North Carolina,2021-11-27,7928.555993928097
North Carolina,2021-12-04,5357.485702736661
North Carolina,2021-12-11,2387.103370489413
North Carolina,2021-12-18,2704.8480965617696
North Carolina,2021-12-25,2503.3016518118156
North Carolina,2022-01-01,2326.09995666241
North Carolina,2022-01-08,3005.5459741120603
North Carolina,2022-01-15,3277.2372202732577
North Carolina,2022-01-22,2941.399094105632
North Carolina,2022-01-29,3026.4960069657463
North Carolina,2022-02-05,2567.1926437404873
North Carolina,2022-02-12,2902.483207371156
North Carolina,2022-02-19,2841.3938823084936
North Carolina,2022-02-26,2882.07620274116
North Carolina,2022-03-05,2707.100361343847
North Carolina,2022-03-12,2645.260206918251
North Carolina,2022-03-19,2594.6195589540325
North Carolina,2022-03-26,2680.611739835502
North Carolina,2022-04-02,2767.702112680963
North Carolina,2022-04-09,2689.058113745958
North Carolina,2022-04-16,2351.0710988396704
North Carolina,2022-04-23,2483.968652813195
North Carolina,2022-04-30,2852.3497374810145
North Carolina,2022-05-07,2428.3026425986895
North Carolina,2022-05-14,2679.1743598551875
North Carolina,2022-05-21,2957.7465003361967
North Carolina,2022-05-28,3081.556318069798
North Carolina,2022-06-04,3100.8700432365667
North Carolina,2022-06-11,3258.2444841601186
North Carolina,2022-06-18,3161.740205623721
North Carolina,2022-06-25,3057.2908111335682
North Carolina,2022-07-02,3102.9082765070843
North Carolina,2022-07-09,2979.712654268881
North Carolina,2022-07-16,3236.270742085273
North Carolina,2022-07-23,3096.89123739763
North Carolina,2022-07-30,3713.1606665841687
North Carolina,2022-08-06,3740.498892254395
North Carolina,2022-08-13,3582.75880238166
North Carolina,2022-08-20,3556.2002404895015
North Carolina,2022-08-27,3511.167580010212
North Carolina,2022-09-03,3357.5946346763535
North Carolina,2022-09-10,3289.7273335429677
North Carolina,2022-09-17,3630.4159583528553
North Carolina,2022-09-24,3787.5648422990675
North Carolina,2022-10-01,4969.704650124086
North Carolina,2022-10-08,2346.220852565001
North Carolina,2022-10-15,2229.3905305444528
North Carolina,2022-10-22,3675.8541806238013
North Carolina,2022-10-29,2736.2519239667754
North Carolina,2022-11-05,2810.7869373441804
North Carolina,2022-11-12,3713.2801260207307
North Carolina,2022-11-19,3368.9838932442117
North Carolina,2022-11-26,2361.2233847247676
North Carolina,2022-12-03,3338.795034234495
North Carolina,2022-12-10,4107.598387168496
North Carolina,2022-12-17,4082.2329913713284
North Carolina,2022-12-24,3527.7937994851904
North Carolina,2022-12-31,3155.5912290869383
North Carolina,2023-01-07,3175.1210724727357
North Carolina,2023-01-14,3134.748645478768
North Carolina,2023-01-21,3085.2391083708267
North Carolina,2023-01-28,2984.8357380439506
North Carolina,2023-02-04,3169.9322534780276
North Carolina,2023-02-11,3199.557507165024
North Carolina,2023-02-18,3268.4241767594813
North Carolina,2023-02-25,3206.0047058975956
North Carolina,2023-03-04,3660.621728226865
North Carolina,2023-03-11,3509.823462619743
North Carolina,2023-03-18,3656.0057538986075
North Carolina,2023-03-25,3538.8313087156425
North Carolina,2023-04-01,3499.6823536056677
North Carolina,2023-04-08,3422.0769060950033
North Carolina,2023-04-15,3350.1737385734573
North Carolina,2023-04-22,2984.179382668967
North Carolina,2023-04-29,3340.441353208813
North Carolina,2023-05-06,3591.3056669271414
North Carolina,2023-05-13,3525.797381662228
North Carolina,2023-05-20,3521.5881194635035
North Carolina,2023-05-27,3368.960728879675
North Carolina,2023-06-03,3551.3122179383
North Carolina,2023-06-10,3462.7534310635265
North Carolina,2023-06-17,3672.769166634491
North Carolina,2023-06-24,3549.9598272824214
North Carolina,2023-07-01,3478.4968476601443
North Carolina,2023-07-08,3360.6178483875306
North Carolina,2023-07-15,3462.7535412711136
North Carolina,2023-07-22,3434.2477056362295
North Carolina,2023-07-29,3521.1366186214127
North Carolina,2023-08-05,3768.450311785519
North Carolina,2023-08-12,3695.995199609554
North Carolina,2023-08-19,3594.2170420830057
North Carolina,2023-08-26,3583.6328251313516
North Carolina,2023-09-02,3779.3426102653784
North Carolina,2023-09-09,3713.488820575621
North Carolina,2023-09-16,3759.5082399984117
North Carolina,2023-09-23,3427.340785432092
North Carolina,2023-09-30,2912.543834781114
North Carolina,2023-10-07,2501.4398151722125
North Carolina,2023-10-14,2907.6927620401016
North Carolina,2023-10-21,3617.4891235840087
North Carolina,2023-10-28,4784.421695490672
North Carolina,2023-11-04,4208.173986711265
North Carolina,2023-11-11,3512.5622813709615
North Carolina,2023-11-18,2806.4070717411955
North Carolina,2023-11-25,1855.4545678079319
North Carolina,2023-12-02,2425.577827054943
North Carolina,2023-12-09,3449.892982991693
North Carolina,2023-12-16,3112.1637285524052
North Carolina,2023-12-23,3499.1548830318047
North Carolina,2023-12-30,2310.9954114892776
North Carolina,2024-01-06,2888.91513723051
North Carolina,2024-01-13,2854.4178624591746
North Carolina,2024-01-20,2794.9751274883674
North Carolina,2024-01-27,2907.23327632688
North Carolina,2024-02-03,3065.7761169511436
North Carolina,2024-02-10,3264.933081229694
North Carolina,2024-02-17,3261.2385708432384
North Carolina,2024-02-24,3143.881431319649
North Carolina,2024-03-02,2972.0810845441706
North Carolina,2024-03-09,3065.9132061835385
North Carolina,2024-03-16,3146.367621636309
North Carolina,2024-03-23,3254.8771797528307
North Carolina,2024-03-30,2798.07039163206
North Carolina,2024-04-06,3005.4762392660464
North Carolina,2024-04-13,3015.7718283545514
North Carolina,2024-04-20,2939.5685585641827
North Carolina,2024-04-27,3253.944104851988
North Carolina,2024-05-04,3400.6168704531337
North Carolina,2024-05-11,3287.40874400393
North Carolina,2024-05-18,3308.45211223325
North Carolina,2024-05-25,3294.256333290104
North Carolina,2024-06-01,3256.4575576866823
North Carolina,2024-06-08,3593.797998982215
North Carolina,2024-06-15,3470.5706997778675
North Carolina,2024-06-22,3621.697499869407
North Carolina,2024-06-29,3510.8926273822412
North Carolina,2024-07-06,3137.9835105508682
North Carolina,2024-07-13,3400.049625794042
North Carolina,2024-07-20,3368.4220532969903
North Carolina,2024-07-27,3307.1967825759502
North Carolina,2024-08-03,3319.23106932102
North Carolina,2024-08-10,3382.809848717991
North Carolina,2024-08-17,3464.959916665092
North Carolina,2024-08-24,3486.2576519998206
North Carolina,2024-08-31,3403.4843107767138
North Carolina,2024-09-07,3578.430334942407
North Carolina,2024-09-14,3686.437137180172
North Carolina,2024-09-21,3779.4569053277855
North Carolina,2024-09-28,2970.1079813076476
North Carolina,2024-10-05,8040.342263053541
North Carolina,2024-10-12,7404.732938419009
North Carolina,2024-10-19,7465.005236677788
North Carolina,2024-10-26,3926.9984525711966
North Carolina,2024-11-02,3725.65378326289
North Carolina,2024-11-09,3523.385302405998
North Carolina,2024-11-16,3372.6850565435734
North Carolina,2024-11-23,3709.9402298363293
North Carolina,2024-11-30,2075.041639544099
North Carolina,2024-12-07,4473.732190847291
North Carolina,2024-12-14,4072.021735973234
North Carolina,2024-12-21,4632.995620799923
North Carolina,2024-12-28,2647.0715415914765
North Carolina,2025-01-04,2911.9343813518685
North Carolina,2025-01-11,3586.220597137395
North Carolina,2025-01-18,3471.1093262798527
North Carolina,2025-01-25,2886.8115758750196
North Carolina,2025-02-01,3419.2239900833556
North Carolina,2025-02-08,4043.6715370000275
North Carolina,2025-02-15,4056.787797284381
North Carolina,2025-02-22,3650.851725643248
North Carolina,2025-03-01,3418.1490201246384
North Carolina,2025-03-08,3832.3915077294228
North Carolina,2025-03-15,3665.723430149372
North Carolina,2025-03-22,3622.534204939755
North Carolina,2025-03-29,3339.4635025878138
North Carolina,2025-04-05,3559.9518886883966
North Carolina,2025-04-12,3657.9055577933095
North Dakota,2020-01-04,443.0619992344976
North Dakota,2020-01-11,587.333786967139
North Dakota,2020-01-18,348.6037125187299
North Dakota,2020-01-25,373.3797729073785
North Dakota,2020-02-01,349.9324936460031
North Dakota,2020-02-08,449.7206681159627
North Dakota,2020-02-15,472.7704207548758
North Dakota,2020-02-22,500.6262770651147
North Dakota,2020-02-29,478.96315213136904
North Dakota,2020-03-07,603.1227783566438
North Dakota,2020-03-14,507.3933208764494
North Dakota,2020-03-21,8375.931569893603
North Dakota,2020-03-28,17047.31258857197
North Dakota,2020-04-04,22446.110309358606
North Dakota,2020-04-11,8297.112299524133
North Dakota,2020-04-18,7505.291069494988
North Dakota,2020-04-25,7002.390780855989
North Dakota,2020-05-02,6053.832443242799
North Dakota,2020-05-09,3923.344531874153
North Dakota,2020-05-16,3834.777143040349
North Dakota,2020-05-23,4372.001218892776
North Dakota,2020-05-30,2862.0355749380224
North Dakota,2020-06-06,1656.291442222115
North Dakota,2020-06-13,2201.158372062108
North Dakota,2020-06-20,3039.946386949062
North Dakota,2020-06-27,2410.2780501213347
North Dakota,2020-07-04,2206.363920295952
North Dakota,2020-07-11,1380.8278340271545
North Dakota,2020-07-18,2569.4535945293833
North Dakota,2020-07-25,2280.3398229781906
North Dakota,2020-08-01,1870.2748202885266
North Dakota,2020-08-08,1478.4754022238978
North Dakota,2020-08-15,1688.9258258110465
North Dakota,2020-08-22,1529.0457771640654
North Dakota,2020-08-29,916.7453974676984
North Dakota,2020-09-05,1802.1023784522831
North Dakota,2020-09-12,1751.7125413405224
North Dakota,2020-09-19,1961.1092681914417
North Dakota,2020-09-26,1891.1138691056187
North Dakota,2020-10-03,1619.6638387665562
North Dakota,2020-10-10,1800.3304999578859
North Dakota,2020-10-17,1674.0286005670928
North Dakota,2020-10-24,1840.1687214620786
North Dakota,2020-10-31,1572.309286479393
North Dakota,2020-11-07,1228.4383866208366
North Dakota,2020-11-14,1302.639961247528
North Dakota,2020-11-21,939.3496272264042
North Dakota,2020-11-28,978.2079053402349
North Dakota,2020-12-05,856.5148304968719
North Dakota,2020-12-12,809.7013533886621
North Dakota,2020-12-19,501.9208522067584
North Dakota,2020-12-26,564.0639325479268
North Dakota,2021-01-02,764.22895083271
North Dakota,2021-01-09,747.027156495459
North Dakota,2021-01-16,844.1982898065038
North Dakota,2021-01-23,870.5318462260427
North Dakota,2021-01-30,1020.8321514863266
North Dakota,2021-02-06,986.6495266270362
North Dakota,2021-02-13,1016.9219334836824
North Dakota,2021-02-20,987.4421740732607
North Dakota,2021-02-27,841.8140249581638
North Dakota,2021-03-06,828.4026813834754
North Dakota,2021-03-13,747.0296844711098
North Dakota,2021-03-20,1002.9815620607316
North Dakota,2021-03-27,1252.0788057945904
North Dakota,2021-04-03,1218.3971281972506
North Dakota,2021-04-10,1787.4330537914018
North Dakota,2021-04-17,1669.4968603439563
North Dakota,2021-04-24,1333.7355727004951
North Dakota,2021-05-01,1152.6832297964775
North Dakota,2021-05-08,954.8277647496122
North Dakota,2021-05-15,893.1706976917193
North Dakota,2021-05-22,772.2204973598389
North Dakota,2021-05-29,619.3865326323754
North Dakota,2021-06-05,387.5957327047312
North Dakota,2021-06-12,520.2931028993887
North Dakota,2021-06-19,522.516869365764
North Dakota,2021-06-26,650.822928159831
North Dakota,2021-07-03,809.4276940155498
North Dakota,2021-07-10,475.8988879675832
North Dakota,2021-07-17,445.4614064667129
North Dakota,2021-07-24,532.6479553257452
North Dakota,2021-07-31,523.4477025118042
North Dakota,2021-08-07,605.8700746226798
North Dakota,2021-08-14,543.2217568398103
North Dakota,2021-08-21,550.0317448409625
North Dakota,2021-08-28,314.7036439068218
North Dakota,2021-09-04,572.7907243021513
North Dakota,2021-09-11,445.84616838013295
North Dakota,2021-09-18,557.1333148271141
North Dakota,2021-09-25,539.0558225020688
North Dakota,2021-10-02,483.39550954863927
North Dakota,2021-10-09,516.8412918539385
North Dakota,2021-10-16,465.45378155748506
North Dakota,2021-10-23,404.7468406159437
North Dakota,2021-10-30,361.6932825023742
North Dakota,2021-11-06,400.8797319828901
North Dakota,2021-11-13,457.6173357838494
North Dakota,2021-11-20,374.1432226289871
North Dakota,2021-11-27,433.00709511030857
North Dakota,2021-12-04,404.45141498594245
North Dakota,2021-12-11,457.435316920707
North Dakota,2021-12-18,426.41491879860575
North Dakota,2021-12-25,424.41262021549653
North Dakota,2022-01-01,458.96135327401305
North Dakota,2022-01-08,551.2492275064127
North Dakota,2022-01-15,330.39638485851594
North Dakota,2022-01-22,409.1362152484166
North Dakota,2022-01-29,393.7719111944956
North Dakota,2022-02-05,358.2375664269741
North Dakota,2022-02-12,342.42233975900194
North Dakota,2022-02-19,339.5051764004801
North Dakota,2022-02-26,390.55948493356817
North Dakota,2022-03-05,413.48842960620976
North Dakota,2022-03-12,470.7142856323687
North Dakota,2022-03-19,331.3685396778818
North Dakota,2022-03-26,272.6300625520479
North Dakota,2022-04-02,314.6165544187785
North Dakota,2022-04-09,214.80631716301167
North Dakota,2022-04-16,249.40086876933128
North Dakota,2022-04-23,359.38314176532174
North Dakota,2022-04-30,315.8651447883854
North Dakota,2022-05-07,323.5013471614358
North Dakota,2022-05-14,314.8060655798683
North Dakota,2022-05-21,411.06794536265187
North Dakota,2022-05-28,325.14702212038867
North Dakota,2022-06-04,211.8170228063806
North Dakota,2022-06-11,346.15418682694025
North Dakota,2022-06-18,387.2968488589689
North Dakota,2022-06-25,362.10001150069024
North Dakota,2022-07-02,261.6850231048687
North Dakota,2022-07-09,223.52826556053154
North Dakota,2022-07-16,275.05900098095225
North Dakota,2022-07-23,344.98906715048264
North Dakota,2022-07-30,450.8527656671014
North Dakota,2022-08-06,396.2923758538283
North Dakota,2022-08-13,347.6619243774786
North Dakota,2022-08-20,293.0671072897792
North Dakota,2022-08-27,152.79089957794972
North Dakota,2022-09-03,239.77286133578426
North Dakota,2022-09-10,375.1929504401119
North Dakota,2022-09-17,331.8038408303702
North Dakota,2022-09-24,309.29432438643295
North Dakota,2022-10-01,325.4734705725898
North Dakota,2022-10-08,310.1047751123631
North Dakota,2022-10-15,304.95247757214537
North Dakota,2022-10-22,270.8343171407802
North Dakota,2022-10-29,288.3602802080784
North Dakota,2022-11-05,275.85288487931547
North Dakota,2022-11-12,287.45637699057687
North Dakota,2022-11-19,465.1510335387407
North Dakota,2022-11-26,391.76832414742205
North Dakota,2022-12-03,398.43726755120724
North Dakota,2022-12-10,379.3241523125952
North Dakota,2022-12-17,454.00362523620004
North Dakota,2022-12-24,433.51042557917276
North Dakota,2022-12-31,305.26759755869693
North Dakota,2023-01-07,379.6556309218957
North Dakota,2023-01-14,286.432349776536
North Dakota,2023-01-21,301.8668882253023
North Dakota,2023-01-28,342.1040262266294
North Dakota,2023-02-04,350.54272609799375
North Dakota,2023-02-11,310.35257379969966
North Dakota,2023-02-18,330.298256362501
North Dakota,2023-02-25,373.40653458175603
North Dakota,2023-03-04,355.029720592918
North Dakota,2023-03-11,352.1187383431745
North Dakota,2023-03-18,359.47569259698787
North Dakota,2023-03-25,328.8870595865975
North Dakota,2023-04-01,281.96766669607507
North Dakota,2023-04-08,226.15787050902446
North Dakota,2023-04-15,232.65006415049558
North Dakota,2023-04-22,248.88956712318864
North Dakota,2023-04-29,317.3621359959133
North Dakota,2023-05-06,290.72367762525505
North Dakota,2023-05-13,335.3050651990225
North Dakota,2023-05-20,299.49236019278925
North Dakota,2023-05-27,288.05800819030634
North Dakota,2023-06-03,269.91960892340865
North Dakota,2023-06-10,356.7724134167237
North Dakota,2023-06-17,363.92548728989317
North Dakota,2023-06-24,389.2176335073499
North Dakota,2023-07-01,288.623187248017
North Dakota,2023-07-08,249.66665145269045
North Dakota,2023-07-15,320.6785426070614
North Dakota,2023-07-22,337.40688985047206
North Dakota,2023-07-29,372.52664959781686
North Dakota,2023-08-05,438.2079156075986
North Dakota,2023-08-12,391.1196649246634
North Dakota,2023-08-19,363.14837207646553
North Dakota,2023-08-26,175.59551145525566
North Dakota,2023-09-02,313.9882707968603
North Dakota,2023-09-09,358.1387254201068
North Dakota,2023-09-16,368.94606181884444
North Dakota,2023-09-23,386.61790548304117
North Dakota,2023-09-30,469.9143598799521
North Dakota,2023-10-07,363.51170860393677
North Dakota,2023-10-14,361.12793396701426
North Dakota,2023-10-21,329.5150858546159
North Dakota,2023-10-28,376.6084694096886
North Dakota,2023-11-04,428.6634757836845
North Dakota,2023-11-11,336.191797227485
North Dakota,2023-11-18,302.29495085812897
North Dakota,2023-11-25,308.68432970748887
North Dakota,2023-12-02,361.8512039899014
North Dakota,2023-12-09,351.24497549268574
North Dakota,2023-12-16,392.5340512436655
North Dakota,2023-12-23,390.29585010171064
North Dakota,2023-12-30,425.5727097910306
North Dakota,2024-01-06,252.97579451721865
North Dakota,2024-01-13,548.4402356186388
North Dakota,2024-01-20,431.8278036571523
North Dakota,2024-01-27,329.57847835563155
North Dakota,2024-02-03,364.2224422384033
North Dakota,2024-02-10,411.73441457426816
North Dakota,2024-02-17,399.3501566473444
North Dakota,2024-02-24,360.21195738805443
North Dakota,2024-03-02,367.86212013242107
North Dakota,2024-03-09,339.89239326181433
North Dakota,2024-03-16,363.91366411053093
North Dakota,2024-03-23,343.31193062109736
North Dakota,2024-03-30,363.5898860028336
North Dakota,2024-04-06,255.84654849090413
North Dakota,2024-04-13,251.26206928253524
North Dakota,2024-04-20,257.81834083164387
North Dakota,2024-04-27,303.8892151281623
North Dakota,2024-05-04,430.3850521707207
North Dakota,2024-05-11,409.97999238308427
North Dakota,2024-05-18,391.9826478993859
North Dakota,2024-05-25,598.3694247386621
North Dakota,2024-06-01,929.6413778724482
North Dakota,2024-06-08,550.0241373507823
North Dakota,2024-06-15,479.112912166052
North Dakota,2024-06-22,382.8370165646065
North Dakota,2024-06-29,546.4599011895789
North Dakota,2024-07-06,1071.673821578516
North Dakota,2024-07-13,645.3823388870148
North Dakota,2024-07-20,517.483600725724
North Dakota,2024-07-27,401.18254572072584
North Dakota,2024-08-03,396.2923758538283
North Dakota,2024-08-10,535.3203494675948
North Dakota,2024-08-17,681.6995756523124
North Dakota,2024-08-24,1497.1227697451343
North Dakota,2024-08-31,749.7659314785634
North Dakota,2024-09-07,599.3341935601787
North Dakota,2024-09-14,490.27731704786044
North Dakota,2024-09-21,492.6616738441039
North Dakota,2024-09-28,404.4344900606145
North Dakota,2024-10-05,425.5326636264094
North Dakota,2024-10-12,455.82370331836466
North Dakota,2024-10-19,422.8024617586624
North Dakota,2024-10-26,448.6985394617082
North Dakota,2024-11-02,835.4968671524591
North Dakota,2024-11-09,460.9214320710974
North Dakota,2024-11-16,290.5863436065817
North Dakota,2024-11-23,520.9427096635225
North Dakota,2024-11-30,933.6963892426404
North Dakota,2024-12-07,548.8202742073214
North Dakota,2024-12-14,478.6882573119422
North Dakota,2024-12-21,423.9577299473127
North Dakota,2024-12-28,439.88212842659453
North Dakota,2025-01-04,285.98932764086175
North Dakota,2025-01-11,546.2198298064175
North Dakota,2025-01-18,427.70206031010946
North Dakota,2025-01-25,421.17154716230345
North Dakota,2025-02-01,352.25269061554496
North Dakota,2025-02-08,421.04499178825915
North Dakota,2025-02-15,554.7169322882421
North Dakota,2025-02-22,510.63013739625296
North Dakota,2025-03-01,473.37296079055733
North Dakota,2025-03-08,325.22077916418203
North Dakota,2025-03-15,390.5414931917893
North Dakota,2025-03-22,413.99379869014683
North Dakota,2025-03-29,378.43028951315335
North Dakota,2025-04-05,326.57545780067625
North Dakota,2025-04-12,398.29690982564847
Nebraska,2020-01-04,572.2404484540539
Nebraska,2020-01-11,629.5641952417285
Nebraska,2020-01-18,675.2989437232978
Nebraska,2020-01-25,740.1813451791655
Nebraska,2020-02-01,698.2613437237799
Nebraska,2020-02-08,612.603567537738
Nebraska,2020-02-15,540.128969283682
Nebraska,2020-02-22,564.1038824167371
Nebraska,2020-02-29,597.7522154084978
Nebraska,2020-03-07,594.9074416472448
Nebraska,2020-03-14,940.9557243073785
Nebraska,2020-03-21,16773.33141868837
Nebraska,2020-03-28,30104.468270772035
Nebraska,2020-04-04,32780.314103975135
Nebraska,2020-04-11,17760.19718272841
Nebraska,2020-04-18,16043.145937573381
Nebraska,2020-04-25,9253.791227050802
Nebraska,2020-05-02,7316.28412344155
Nebraska,2020-05-09,6600.6494156530425
Nebraska,2020-05-16,5332.868281056915
Nebraska,2020-05-23,4937.8544704443075
Nebraska,2020-05-30,3431.7065457073786
Nebraska,2020-06-06,3746.703898321632
Nebraska,2020-06-13,4346.434862567527
Nebraska,2020-06-20,4269.57392340719
Nebraska,2020-06-27,3769.2667829498564
Nebraska,2020-07-04,4738.885936232936
Nebraska,2020-07-11,7141.269881952025
Nebraska,2020-07-18,3404.570012652326
Nebraska,2020-07-25,2801.1412841582223
Nebraska,2020-08-01,2533.1380691412664
Nebraska,2020-08-08,2285.318639273201
Nebraska,2020-08-15,3008.6409531508834
Nebraska,2020-08-22,2681.1088334922238
Nebraska,2020-08-29,2335.5751485389055
Nebraska,2020-09-05,2364.4732965592007
Nebraska,2020-09-12,1671.7565204145592
Nebraska,2020-09-19,2080.6725017835543
Nebraska,2020-09-26,2088.404633552577
Nebraska,2020-10-03,2294.797823195656
Nebraska,2020-10-10,2198.5668156121733
Nebraska,2020-10-17,1805.2263933274264
Nebraska,2020-10-24,1603.6541135442587
Nebraska,2020-10-31,1906.1339480105262
Nebraska,2020-11-07,1674.7372474330834
Nebraska,2020-11-14,2185.605709514839
Nebraska,2020-11-21,1567.0421604860471
Nebraska,2020-11-28,2056.5276171665387
Nebraska,2020-12-05,2178.2100663868237
Nebraska,2020-12-12,1630.1844121746353
Nebraska,2020-12-19,1784.0703698215323
Nebraska,2020-12-26,1457.1841086193474
Nebraska,2021-01-02,1890.1117633195774
Nebraska,2021-01-09,2613.4934028585767
Nebraska,2021-01-16,1956.8606938004114
Nebraska,2021-01-23,2127.5812024607603
Nebraska,2021-01-30,2214.579749366019
Nebraska,2021-02-06,2075.299482905241
Nebraska,2021-02-13,2145.5122946546257
Nebraska,2021-02-20,2199.5592095024153
Nebraska,2021-02-27,1967.3147625896538
Nebraska,2021-03-06,1740.9461169714657
Nebraska,2021-03-13,1778.5097206688913
Nebraska,2021-03-20,1719.5282067200862
Nebraska,2021-03-27,2262.0742546767146
Nebraska,2021-04-03,2396.190230847046
Nebraska,2021-04-10,2074.583555734593
Nebraska,2021-04-17,1964.6516187660407
Nebraska,2021-04-24,1889.466550572967
Nebraska,2021-05-01,1878.0550792364993
Nebraska,2021-05-08,1755.00448958634
Nebraska,2021-05-15,1480.0656934792783
Nebraska,2021-05-22,1565.3735664513
Nebraska,2021-05-29,1182.4606824160255
Nebraska,2021-06-05,1192.0044619880553
Nebraska,2021-06-12,1246.2101414644935
Nebraska,2021-06-19,1213.522892267977
Nebraska,2021-06-26,1890.3827306801597
Nebraska,2021-07-03,1205.8258343815385
Nebraska,2021-07-10,1173.1940369406457
Nebraska,2021-07-17,1547.222007751908
Nebraska,2021-07-24,1713.00563146599
Nebraska,2021-07-31,1627.1626502893241
Nebraska,2021-08-07,1378.5504615282277
Nebraska,2021-08-14,1263.9461774211568
Nebraska,2021-08-21,1283.614244875931
Nebraska,2021-08-28,1396.2056817060204
Nebraska,2021-09-04,1426.9354491268823
Nebraska,2021-09-11,1473.1721095047085
Nebraska,2021-09-18,1630.1283074651642
Nebraska,2021-09-25,1492.9270961477205
Nebraska,2021-10-02,1416.8481454925732
Nebraska,2021-10-09,1154.6527195014792
Nebraska,2021-10-16,884.5383391585575
Nebraska,2021-10-23,1461.7286525910524
Nebraska,2021-10-30,893.7623665718746
Nebraska,2021-11-06,1348.2355823431158
Nebraska,2021-11-13,842.2350168680914
Nebraska,2021-11-20,669.0568594696945
Nebraska,2021-11-27,759.2827057519506
Nebraska,2021-12-04,409.29840127317345
Nebraska,2021-12-11,1091.413209225741
Nebraska,2021-12-18,868.925465094425
Nebraska,2021-12-25,727.468550756382
Nebraska,2022-01-01,848.7278716834467
Nebraska,2022-01-08,815.5262306196595
Nebraska,2022-01-15,906.8838045354697
Nebraska,2022-01-22,822.5802199517273
Nebraska,2022-01-29,730.261569816879
Nebraska,2022-02-05,625.1913120761847
Nebraska,2022-02-12,657.344457409481
Nebraska,2022-02-19,701.2279486959044
Nebraska,2022-02-26,760.3591399065949
Nebraska,2022-03-05,847.4624876295658
Nebraska,2022-03-12,679.0046801778519
Nebraska,2022-03-19,597.4990386204482
Nebraska,2022-03-26,585.6619681167251
Nebraska,2022-04-02,561.2697838020109
Nebraska,2022-04-09,626.3501879820134
Nebraska,2022-04-16,667.3865933398795
Nebraska,2022-04-23,622.3961297760621
Nebraska,2022-04-30,638.4587529838773
Nebraska,2022-05-07,682.5017459502434
Nebraska,2022-05-14,818.9837194359021
Nebraska,2022-05-21,710.4614491803452
Nebraska,2022-05-28,691.643102962091
Nebraska,2022-06-04,668.6164268588062
Nebraska,2022-06-11,714.3812580622033
Nebraska,2022-06-18,750.1103824915092
Nebraska,2022-06-25,588.7323346157189
Nebraska,2022-07-02,464.29570711270054
Nebraska,2022-07-09,462.5386411959204
Nebraska,2022-07-16,563.4523611196375
Nebraska,2022-07-23,629.6582544731731
Nebraska,2022-07-30,728.8867392463219
Nebraska,2022-08-06,821.3479870878382
Nebraska,2022-08-13,701.3118288512375
Nebraska,2022-08-20,714.2125261741215
Nebraska,2022-08-27,668.1229642519608
Nebraska,2022-09-03,694.2617140318231
Nebraska,2022-09-10,404.26112220933885
Nebraska,2022-09-17,613.9283526975865
Nebraska,2022-09-24,619.4659690064738
Nebraska,2022-10-01,627.1069126450591
Nebraska,2022-10-08,636.0718489885342
Nebraska,2022-10-15,552.4128325013214
Nebraska,2022-10-22,595.6725550955741
Nebraska,2022-10-29,758.380131420907
Nebraska,2022-11-05,616.9542504381409
Nebraska,2022-11-12,700.8890570330858
Nebraska,2022-11-19,689.0977331404457
Nebraska,2022-11-26,669.4397304681701
Nebraska,2022-12-03,776.1641389154348
Nebraska,2022-12-10,641.7071644879106
Nebraska,2022-12-17,791.4190201719273
Nebraska,2022-12-24,810.0460619233227
Nebraska,2022-12-31,683.1478329133018
Nebraska,2023-01-07,552.372406971644
Nebraska,2023-01-14,584.9243638941576
Nebraska,2023-01-21,504.9572069395449
Nebraska,2023-01-28,613.7479260932871
Nebraska,2023-02-04,671.3463753838224
Nebraska,2023-02-11,703.2929287547943
Nebraska,2023-02-18,613.1563939312359
Nebraska,2023-02-25,683.6361544039717
Nebraska,2023-03-04,709.3990624925636
Nebraska,2023-03-11,704.2806581201746
Nebraska,2023-03-18,604.9016815768077
Nebraska,2023-03-25,630.1578465978727
Nebraska,2023-04-01,620.0352098838454
Nebraska,2023-04-08,701.5551848237645
Nebraska,2023-04-15,607.8908892824484
Nebraska,2023-04-22,717.0783150663802
Nebraska,2023-04-29,673.1141341479291
Nebraska,2023-05-06,693.0740621525707
Nebraska,2023-05-13,649.5025127145908
Nebraska,2023-05-20,707.5134763621695
Nebraska,2023-05-27,677.9869673635365
Nebraska,2023-06-03,820.4461091215253
Nebraska,2023-06-10,706.994745792727
Nebraska,2023-06-17,725.3950486367643
Nebraska,2023-06-24,680.7217618994249
Nebraska,2023-07-01,801.0060236345143
Nebraska,2023-07-08,623.8655844827977
Nebraska,2023-07-15,725.8993120069524
Nebraska,2023-07-22,727.8179063111963
Nebraska,2023-07-29,727.6034879448318
Nebraska,2023-08-05,817.4055167498166
Nebraska,2023-08-12,842.6307849474379
Nebraska,2023-08-19,847.7758922893607
Nebraska,2023-08-26,800.8909891994657
Nebraska,2023-09-02,795.2711027536662
Nebraska,2023-09-09,842.9705605969172
Nebraska,2023-09-16,748.8440592379836
Nebraska,2023-09-23,819.8399270905724
Nebraska,2023-09-30,809.0368301596696
Nebraska,2023-10-07,862.9509798379476
Nebraska,2023-10-14,739.9394791173119
Nebraska,2023-10-21,747.9575387460949
Nebraska,2023-10-28,856.6221073711666
Nebraska,2023-11-04,722.0115685427992
Nebraska,2023-11-11,820.0401967287104
Nebraska,2023-11-18,1137.7049822318768
Nebraska,2023-11-25,911.5775053183593
Nebraska,2023-12-02,1007.7757612341636
Nebraska,2023-12-09,784.7954514499476
Nebraska,2023-12-16,714.6236435514706
Nebraska,2023-12-23,908.9143746129931
Nebraska,2023-12-30,775.3103073230994
Nebraska,2024-01-06,637.5841212957632
Nebraska,2024-01-13,739.3142711022722
Nebraska,2024-01-20,816.9461088561675
Nebraska,2024-01-27,718.7743091680743
Nebraska,2024-02-03,792.1887229529104
Nebraska,2024-02-10,679.8498311296344
Nebraska,2024-02-17,704.5724381173475
Nebraska,2024-02-24,652.7179363656011
Nebraska,2024-03-02,624.0915802940908
Nebraska,2024-03-09,770.9173272408436
Nebraska,2024-03-16,987.7240744628293
Nebraska,2024-03-23,717.9470122498664
Nebraska,2024-03-30,682.3985191951799
Nebraska,2024-04-06,651.0604012300173
Nebraska,2024-04-13,756.6301494260262
Nebraska,2024-04-20,707.3316195217888
Nebraska,2024-04-27,733.0946015472496
Nebraska,2024-05-04,705.9957819554153
Nebraska,2024-05-11,714.7685674768348
Nebraska,2024-05-18,724.2186556651652
Nebraska,2024-05-25,951.9129814286619
Nebraska,2024-06-01,815.7309015978384
Nebraska,2024-06-08,853.6697751437555
Nebraska,2024-06-15,802.0125835864736
Nebraska,2024-06-22,685.3212332636102
Nebraska,2024-06-29,883.504847625614
Nebraska,2024-07-06,620.8024146735531
Nebraska,2024-07-13,878.1223289223384
Nebraska,2024-07-20,796.0508350278709
Nebraska,2024-07-27,755.8350165776119
Nebraska,2024-08-03,726.7286989753193
Nebraska,2024-08-10,769.990200038176
Nebraska,2024-08-17,784.5090346558264
Nebraska,2024-08-24,870.8440346019146
Nebraska,2024-08-31,813.765779561891
Nebraska,2024-09-07,1215.822923937861
Nebraska,2024-09-14,845.3892437347814
Nebraska,2024-09-21,807.1401691838337
Nebraska,2024-09-28,735.9892117636518
Nebraska,2024-10-05,798.1283710238295
Nebraska,2024-10-12,1292.3523116186332
Nebraska,2024-10-19,647.4701685821458
Nebraska,2024-10-26,902.1488767139699
Nebraska,2024-11-02,668.4529357835617
Nebraska,2024-11-09,899.4742898591268
Nebraska,2024-11-16,575.0189137838619
Nebraska,2024-11-23,978.4119137611716
Nebraska,2024-11-30,898.1580468543071
Nebraska,2024-12-07,897.2219626344051
Nebraska,2024-12-14,1152.6417176088896
Nebraska,2024-12-21,837.0101472023238
Nebraska,2024-12-28,709.182430204205
Nebraska,2025-01-04,606.5069078363786
Nebraska,2025-01-11,766.3011248012515
Nebraska,2025-01-18,790.1840811522586
Nebraska,2025-01-25,913.2372215799847
Nebraska,2025-02-01,699.0394133684051
Nebraska,2025-02-08,742.6773327650627
Nebraska,2025-02-15,890.7490159110137
Nebraska,2025-02-22,1004.2695266537406
Nebraska,2025-03-01,1398.5937213065417
Nebraska,2025-03-08,699.6850257670251
Nebraska,2025-03-15,1061.7505040264248
Nebraska,2025-03-22,999.3533788603668
Nebraska,2025-03-29,670.4055750968463
Nebraska,2025-04-05,691.8859709441108
Nebraska,2025-04-12,945.4643405648293
New Hampshire,2020-01-04,303.37681121276944
New Hampshire,2020-01-11,468.2249770521642
New Hampshire,2020-01-18,415.57540688288276
New Hampshire,2020-01-25,458.84012105642637
New Hampshire,2020-02-01,351.85108048129865
New Hampshire,2020-02-08,409.71209921631146
New Hampshire,2020-02-15,409.2221728183886
New Hampshire,2020-02-22,394.1499366141071
New Hampshire,2020-02-29,763.0091646868398
New Hampshire,2020-03-07,268.63874474459084
New Hampshire,2020-03-14,572.4557276200751
New Hampshire,2020-03-21,36047.069878779985
New Hampshire,2020-03-28,35433.79821784495
New Hampshire,2020-04-04,48115.03713021325
New Hampshire,2020-04-11,28243.420518391154
New Hampshire,2020-04-18,22039.942239684988
New Hampshire,2020-04-25,16663.8160965354
New Hampshire,2020-05-02,7745.710945223652
New Hampshire,2020-05-09,10699.412678758505
New Hampshire,2020-05-16,12730.462669403032
New Hampshire,2020-05-23,9331.987356191932
New Hampshire,2020-05-30,9135.255902065806
New Hampshire,2020-06-06,8803.98600190946
New Hampshire,2020-06-13,7793.050011293092
New Hampshire,2020-06-20,6513.449959771513
New Hampshire,2020-06-27,2759.618463024016
New Hampshire,2020-07-04,5574.496124258639
New Hampshire,2020-07-11,3257.92925780331
New Hampshire,2020-07-18,4330.1874234468305
New Hampshire,2020-07-25,4313.405069609291
New Hampshire,2020-08-01,3737.855963636374
New Hampshire,2020-08-08,3260.623732412426
New Hampshire,2020-08-15,3116.4064845759344
New Hampshire,2020-08-22,2996.3347843641764
New Hampshire,2020-08-29,3185.578179876128
New Hampshire,2020-09-05,3786.4223510690795
New Hampshire,2020-09-12,3511.2986780730093
New Hampshire,2020-09-19,3326.698800485954
New Hampshire,2020-09-26,3240.2685127049917
New Hampshire,2020-10-03,3081.470367946782
New Hampshire,2020-10-10,3403.9015817187988
New Hampshire,2020-10-17,2819.812434791524
New Hampshire,2020-10-24,2585.23070938745
New Hampshire,2020-10-31,2532.070763529393
New Hampshire,2020-11-07,2480.135175678322
New Hampshire,2020-11-14,2370.223866128214
New Hampshire,2020-11-21,2590.5167594117115
New Hampshire,2020-11-28,2431.677251041783
New Hampshire,2020-12-05,2787.8713690197633
New Hampshire,2020-12-12,2875.219871969875
New Hampshire,2020-12-19,2329.494620698305
New Hampshire,2020-12-26,2595.530526626719
New Hampshire,2021-01-02,2168.484685364317
New Hampshire,2021-01-09,2502.6041363494483
New Hampshire,2021-01-16,2826.319529028937
New Hampshire,2021-01-23,2993.1962143091664
New Hampshire,2021-01-30,2549.377126996076
New Hampshire,2021-02-06,2904.349673734563
New Hampshire,2021-02-13,2256.512830305171
New Hampshire,2021-02-20,2603.697666867514
New Hampshire,2021-02-27,2088.460208041048
New Hampshire,2021-03-06,1597.179446026931
New Hampshire,2021-03-13,2289.8229104803004
New Hampshire,2021-03-20,1238.009922314885
New Hampshire,2021-03-27,1821.4901053408091
New Hampshire,2021-04-03,1404.1018947238395
New Hampshire,2021-04-10,1832.7547046318798
New Hampshire,2021-04-17,1925.013079913703
New Hampshire,2021-04-24,1676.268148101588
New Hampshire,2021-05-01,309.8284378089461
New Hampshire,2021-05-08,1366.2688514508914
New Hampshire,2021-05-15,542.8614397346073
New Hampshire,2021-05-22,1014.625655297499
New Hampshire,2021-05-29,1350.8310506400555
New Hampshire,2021-06-05,954.0095889741649
New Hampshire,2021-06-12,790.0899716005435
New Hampshire,2021-06-19,1070.9348723806847
New Hampshire,2021-06-26,692.1762366097425
New Hampshire,2021-07-03,783.672239075141
New Hampshire,2021-07-10,849.5078337753341
New Hampshire,2021-07-17,757.9981394837305
New Hampshire,2021-07-24,758.4008913598753
New Hampshire,2021-07-31,774.0788095195659
New Hampshire,2021-08-07,733.7600396361296
New Hampshire,2021-08-14,641.548368823365
New Hampshire,2021-08-21,643.8981654529689
New Hampshire,2021-08-28,720.9265293122305
New Hampshire,2021-09-04,654.4622033072663
New Hampshire,2021-09-11,737.4344323896743
New Hampshire,2021-09-18,684.816183669441
New Hampshire,2021-09-25,644.2120709253882
New Hampshire,2021-10-02,616.8858105779203
New Hampshire,2021-10-09,546.0591530391985
New Hampshire,2021-10-16,526.3649878277512
New Hampshire,2021-10-23,588.9430906000996
New Hampshire,2021-10-30,550.0287687283944
New Hampshire,2021-11-06,597.471532418131
New Hampshire,2021-11-13,523.0183054646009
New Hampshire,2021-11-20,481.14021916534773
New Hampshire,2021-11-27,485.70329840999227
New Hampshire,2021-12-04,467.2318848752724
New Hampshire,2021-12-11,443.31583929050936
New Hampshire,2021-12-18,470.4971510962738
New Hampshire,2021-12-25,533.1873133027763
New Hampshire,2022-01-01,464.29842411693414
New Hampshire,2022-01-08,409.85898268278083
New Hampshire,2022-01-15,404.72841420731
New Hampshire,2022-01-22,374.54713521243815
New Hampshire,2022-01-29,377.31398762139264
New Hampshire,2022-02-05,312.738821295291
New Hampshire,2022-02-12,289.54399020169
New Hampshire,2022-02-19,314.25467919232864
New Hampshire,2022-02-26,331.14939138533987
New Hampshire,2022-03-05,358.1849929927878
New Hampshire,2022-03-12,288.0112149864241
New Hampshire,2022-03-19,388.94860790269433
New Hampshire,2022-03-26,303.76989357512565
New Hampshire,2022-04-02,335.06977033182534
New Hampshire,2022-04-09,277.14827240774764
New Hampshire,2022-04-16,260.19526206348985
New Hampshire,2022-04-23,312.1480116743182
New Hampshire,2022-04-30,465.6740047228649
New Hampshire,2022-05-07,330.0837178251176
New Hampshire,2022-05-14,363.3552569956972
New Hampshire,2022-05-21,323.65274067717684
New Hampshire,2022-05-28,314.59751841617185
New Hampshire,2022-06-04,409.26033611922446
New Hampshire,2022-06-11,403.5275468450629
New Hampshire,2022-06-18,385.0552350132799
New Hampshire,2022-06-25,410.4952507461639
New Hampshire,2022-07-02,376.3943020188485
New Hampshire,2022-07-09,484.7976643011069
New Hampshire,2022-07-16,363.00235575925404
New Hampshire,2022-07-23,393.6837960357686
New Hampshire,2022-07-30,370.8246391687538
New Hampshire,2022-08-06,496.7543498352264
New Hampshire,2022-08-13,448.973815574499
New Hampshire,2022-08-20,388.1985329626202
New Hampshire,2022-08-27,398.67491815322995
New Hampshire,2022-09-03,370.70935991530473
New Hampshire,2022-09-10,356.37521732639067
New Hampshire,2022-09-17,383.2457541636321
New Hampshire,2022-09-24,404.8488702604504
New Hampshire,2022-10-01,365.3975904382406
New Hampshire,2022-10-08,341.4530470342433
New Hampshire,2022-10-15,380.00329478381013
New Hampshire,2022-10-22,425.7727105204183
New Hampshire,2022-10-29,365.8781677444386
New Hampshire,2022-11-05,319.870036476246
New Hampshire,2022-11-12,379.18827146183565
New Hampshire,2022-11-19,402.67099887228676
New Hampshire,2022-11-26,346.62990276982094
New Hampshire,2022-12-03,352.05759157559856
New Hampshire,2022-12-10,332.9392425691989
New Hampshire,2022-12-17,379.3537239205558
New Hampshire,2022-12-24,292.6992669466279
New Hampshire,2022-12-31,387.79470650675745
New Hampshire,2023-01-07,370.2998087213099
New Hampshire,2023-01-14,325.40978026718386
New Hampshire,2023-01-21,291.04936621603474
New Hampshire,2023-01-28,335.6474123012389
New Hampshire,2023-02-04,326.47670233410224
New Hampshire,2023-02-11,409.2221728183886
New Hampshire,2023-02-18,315.14240427479285
New Hampshire,2023-02-25,419.0576061087677
New Hampshire,2023-03-04,403.7721739191426
New Hampshire,2023-03-11,364.6953155710447
New Hampshire,2023-03-18,465.020575378931
New Hampshire,2023-03-25,417.8247606795408
New Hampshire,2023-04-01,455.35122634837796
New Hampshire,2023-04-08,452.60100937555563
New Hampshire,2023-04-15,408.10709153526625
New Hampshire,2023-04-22,436.56287753739167
New Hampshire,2023-04-29,523.4175813085001
New Hampshire,2023-05-06,443.3163200563878
New Hampshire,2023-05-13,545.7567007465252
New Hampshire,2023-05-20,550.9802609147177
New Hampshire,2023-05-27,447.29504988081305
New Hampshire,2023-06-03,539.1620810307871
New Hampshire,2023-06-10,506.5300738175264
New Hampshire,2023-06-17,431.9838417805234
New Hampshire,2023-06-24,471.4281395287976
New Hampshire,2023-07-01,538.5333859654294
New Hampshire,2023-07-08,489.245349294695
New Hampshire,2023-07-15,497.1286499211479
New Hampshire,2023-07-22,518.7672763815814
New Hampshire,2023-07-29,535.7922543122678
New Hampshire,2023-08-05,475.2083780351443
New Hampshire,2023-08-12,527.1040628926104
New Hampshire,2023-08-19,590.4336968413505
New Hampshire,2023-08-26,512.0361568613368
New Hampshire,2023-09-02,509.53467576836124
New Hampshire,2023-09-09,484.4234555865224
New Hampshire,2023-09-16,515.1828170724235
New Hampshire,2023-09-23,480.2039519512641
New Hampshire,2023-09-30,541.4393445360165
New Hampshire,2023-10-07,512.8438760903421
New Hampshire,2023-10-14,478.02534608846787
New Hampshire,2023-10-21,424.49794192604577
New Hampshire,2023-10-28,510.04870404108823
New Hampshire,2023-11-04,508.36487939974813
New Hampshire,2023-11-11,492.11267832351086
New Hampshire,2023-11-18,445.00307824091175
New Hampshire,2023-11-25,510.98937034456884
New Hampshire,2023-12-02,435.37516545195837
New Hampshire,2023-12-09,438.79220827734093
New Hampshire,2023-12-16,433.5471130520638
New Hampshire,2023-12-23,399.49494542715433
New Hampshire,2023-12-30,416.81335801406584
New Hampshire,2024-01-06,403.3738721972938
New Hampshire,2024-01-13,376.25505843393137
New Hampshire,2024-01-20,392.83712270688847
New Hampshire,2024-01-27,419.75216618821594
New Hampshire,2024-02-03,404.0553246709186
New Hampshire,2024-02-10,468.0961174927322
New Hampshire,2024-02-17,454.5152422216731
New Hampshire,2024-02-24,428.44586205010467
New Hampshire,2024-03-02,524.2525806530803
New Hampshire,2024-03-09,463.67130586049694
New Hampshire,2024-03-16,493.24082137818016
New Hampshire,2024-03-23,483.3216150563337
New Hampshire,2024-03-30,505.67305998795615
New Hampshire,2024-04-06,451.4834760190728
New Hampshire,2024-04-13,483.68247885661185
New Hampshire,2024-04-20,451.00388875364126
New Hampshire,2024-04-27,555.083413629655
New Hampshire,2024-05-04,490.3185323033301
New Hampshire,2024-05-11,574.7093108657043
New Hampshire,2024-05-18,470.06707574542355
New Hampshire,2024-05-25,478.60570337247
New Hampshire,2024-06-01,379.92768404241997
New Hampshire,2024-06-08,461.6936797236305
New Hampshire,2024-06-15,456.0497939688534
New Hampshire,2024-06-22,500.8255858712963
New Hampshire,2024-06-29,426.58020895469497
New Hampshire,2024-07-06,480.34997930751877
New Hampshire,2024-07-13,562.3460223117935
New Hampshire,2024-07-20,485.85057102742013
New Hampshire,2024-07-27,516.0525396797105
New Hampshire,2024-08-03,453.6624062350622
New Hampshire,2024-08-10,505.09554252131136
New Hampshire,2024-08-17,512.5615360374716
New Hampshire,2024-08-24,501.84638259543965
New Hampshire,2024-08-31,518.6879932971342
New Hampshire,2024-09-07,509.10745332341526
New Hampshire,2024-09-14,468.06243746214085
New Hampshire,2024-09-21,475.7713000870986
New Hampshire,2024-09-28,452.6787962514236
New Hampshire,2024-10-05,476.9713769855772
New Hampshire,2024-10-12,492.7957921754711
New Hampshire,2024-10-19,455.092388190986
New Hampshire,2024-10-26,427.6655404430027
New Hampshire,2024-11-02,390.6984016959862
New Hampshire,2024-11-09,533.7164071672859
New Hampshire,2024-11-16,352.0790015780764
New Hampshire,2024-11-23,465.68515812845243
New Hampshire,2024-11-30,345.52287989902135
New Hampshire,2024-12-07,457.79145853264845
New Hampshire,2024-12-14,401.5237467470818
New Hampshire,2024-12-21,413.73436922455784
New Hampshire,2024-12-28,461.2206883510075
New Hampshire,2025-01-04,340.46830048806953
New Hampshire,2025-01-11,372.86537322281487
New Hampshire,2025-01-18,388.86103846896447
New Hampshire,2025-01-25,367.28314541468893
New Hampshire,2025-02-01,403.2472140215768
New Hampshire,2025-02-08,432.3856920345238
New Hampshire,2025-02-15,385.2726857894651
New Hampshire,2025-02-22,341.3911251395256
New Hampshire,2025-03-01,528.0515123969432
New Hampshire,2025-03-08,440.4877405674721
New Hampshire,2025-03-15,507.96442798648405
New Hampshire,2025-03-22,507.03599336517254
New Hampshire,2025-03-29,454.12386455229074
New Hampshire,2025-04-05,401.1944749773444
New Hampshire,2025-04-12,361.68221075215394
New Jersey,2020-01-04,8870.466805957729
New Jersey,2020-01-11,8294.884014275054
New Jersey,2020-01-18,7736.700200356597
New Jersey,2020-01-25,8063.7877943989415
New Jersey,2020-02-01,7517.8374291681575
New Jersey,2020-02-08,8477.252390705462
New Jersey,2020-02-15,8934.158471741872
New Jersey,2020-02-22,9801.201649500694
New Jersey,2020-02-29,9539.907456209348
New Jersey,2020-03-07,8701.944386830608
New Jersey,2020-03-14,10630.075827017696
New Jersey,2020-03-21,135702.96484730273
New Jersey,2020-03-28,212018.70547720263
New Jersey,2020-04-04,207030.2543444831
New Jersey,2020-04-11,127401.72050940683
New Jersey,2020-04-18,136910.21525393374
New Jersey,2020-04-25,73071.8383810086
New Jersey,2020-05-02,96528.5475036876
New Jersey,2020-05-09,74817.38445513223
New Jersey,2020-05-16,41682.757307567685
New Jersey,2020-05-23,37664.37968223164
New Jersey,2020-05-30,29877.307740556167
New Jersey,2020-06-06,29596.923287390433
New Jersey,2020-06-13,30925.90594257937
New Jersey,2020-06-20,34341.824952717514
New Jersey,2020-06-27,18594.402779653243
New Jersey,2020-07-04,32374.82643961408
New Jersey,2020-07-11,34080.8527804514
New Jersey,2020-07-18,27355.412499457856
New Jersey,2020-07-25,31411.095560591388
New Jersey,2020-08-01,19645.323608213526
New Jersey,2020-08-08,15430.811676593252
New Jersey,2020-08-15,27397.953834307762
New Jersey,2020-08-22,24210.565991497253
New Jersey,2020-08-29,25807.177303180895
New Jersey,2020-09-05,29299.796451842078
New Jersey,2020-09-12,27107.94707219238
New Jersey,2020-09-19,29956.96159584576
New Jersey,2020-09-26,34596.08041262145
New Jersey,2020-10-03,29315.312519143463
New Jersey,2020-10-10,30509.71002893015
New Jersey,2020-10-17,32325.083827367354
New Jersey,2020-10-24,28903.504625127694
New Jersey,2020-10-31,25510.794081778382
New Jersey,2020-11-07,22005.290586433177
New Jersey,2020-11-14,14219.686301904429
New Jersey,2020-11-21,12306.277417209301
New Jersey,2020-11-28,15856.714941192797
New Jersey,2020-12-05,15487.496696126229
New Jersey,2020-12-12,15889.103559432851
New Jersey,2020-12-19,16556.07909257701
New Jersey,2020-12-26,14655.352978199617
New Jersey,2021-01-02,12148.343055363186
New Jersey,2021-01-09,13447.701190564265
New Jersey,2021-01-16,12093.281661053297
New Jersey,2021-01-23,14566.702991597873
New Jersey,2021-01-30,13298.351878257594
New Jersey,2021-02-06,14790.468883654394
New Jersey,2021-02-13,12095.0741883523
New Jersey,2021-02-20,12570.192873013753
New Jersey,2021-02-27,12745.650190754415
New Jersey,2021-03-06,10727.246851049187
New Jersey,2021-03-13,11533.974743332183
New Jersey,2021-03-20,12233.947726725277
New Jersey,2021-03-27,17195.623361709382
New Jersey,2021-04-03,19152.8715163967
New Jersey,2021-04-10,10221.325985714397
New Jersey,2021-04-17,10293.251899296027
New Jersey,2021-04-24,12511.3413630157
New Jersey,2021-05-01,15654.223155614669
New Jersey,2021-05-08,14446.2214298994
New Jersey,2021-05-15,17973.81353699154
New Jersey,2021-05-22,14205.414690961996
New Jersey,2021-05-29,14262.974624500703
New Jersey,2021-06-05,12502.611209980263
New Jersey,2021-06-12,11070.533846757364
New Jersey,2021-06-19,9111.860358514657
New Jersey,2021-06-26,8066.96296642287
New Jersey,2021-07-03,7716.357729943037
New Jersey,2021-07-10,9613.741137192628
New Jersey,2021-07-17,11718.775160283716
New Jersey,2021-07-24,12899.886749476655
New Jersey,2021-07-31,13600.335283761426
New Jersey,2021-08-07,11853.298931163523
New Jersey,2021-08-14,10712.549286121515
New Jersey,2021-08-21,12925.817488771325
New Jersey,2021-08-28,10500.177948350434
New Jersey,2021-09-04,9688.89532778936
New Jersey,2021-09-11,10027.815060917921
New Jersey,2021-09-18,10272.518881103835
New Jersey,2021-09-25,9528.430475621572
New Jersey,2021-10-02,9820.877289457985
New Jersey,2021-10-09,7849.437642729471
New Jersey,2021-10-16,7769.061071911262
New Jersey,2021-10-23,7688.334355307283
New Jersey,2021-10-30,8265.732738151406
New Jersey,2021-11-06,7703.634954083576
New Jersey,2021-11-13,7590.474679019357
New Jersey,2021-11-20,9068.632453124168
New Jersey,2021-11-27,7752.770046915686
New Jersey,2021-12-04,8043.491676190785
New Jersey,2021-12-11,8091.133807910119
New Jersey,2021-12-18,7180.474255244063
New Jersey,2021-12-25,8808.109223238143
New Jersey,2022-01-01,9001.8596911096
New Jersey,2022-01-08,10176.921696925925
New Jersey,2022-01-15,10732.435904335092
New Jersey,2022-01-22,8702.83757242155
New Jersey,2022-01-29,8258.395114266852
New Jersey,2022-02-05,8696.302840077697
New Jersey,2022-02-12,8972.820911911984
New Jersey,2022-02-19,8485.580608649421
New Jersey,2022-02-26,7576.205934282812
New Jersey,2022-03-05,9309.208639938597
New Jersey,2022-03-12,8430.401321353002
New Jersey,2022-03-19,8528.963270073105
New Jersey,2022-03-26,7460.893971741195
New Jersey,2022-04-02,5929.439921529001
New Jersey,2022-04-09,5923.252102597581
New Jersey,2022-04-16,7513.800337650508
New Jersey,2022-04-23,8710.825966021075
New Jersey,2022-04-30,6680.694369608523
New Jersey,2022-05-07,6277.278292257862
New Jersey,2022-05-14,6129.672560513318
New Jersey,2022-05-21,6700.9977452665535
New Jersey,2022-05-28,6503.273137457332
New Jersey,2022-06-04,6877.3304867488
New Jersey,2022-06-11,7523.845488413288
New Jersey,2022-06-18,7620.771946542728
New Jersey,2022-06-25,8567.826773791352
New Jersey,2022-07-02,8492.228006205676
New Jersey,2022-07-09,7989.798377531711
New Jersey,2022-07-16,7626.856099455511
New Jersey,2022-07-23,7327.726456962669
New Jersey,2022-07-30,7929.678981752372
New Jersey,2022-08-06,8541.200161236375
New Jersey,2022-08-13,8047.886191405034
New Jersey,2022-08-20,7276.845372332888
New Jersey,2022-08-27,8018.133227379085
New Jersey,2022-09-03,8313.414773478708
New Jersey,2022-09-10,8004.586753829335
New Jersey,2022-09-17,8453.009746899104
New Jersey,2022-09-24,7081.0988602054795
New Jersey,2022-10-01,7973.814524316007
New Jersey,2022-10-08,7852.590449387416
New Jersey,2022-10-15,7048.706189160391
New Jersey,2022-10-22,7843.4610573353175
New Jersey,2022-10-29,7828.900535722864
New Jersey,2022-11-05,7438.2455690913175
New Jersey,2022-11-12,8880.187526543488
New Jersey,2022-11-19,8936.54541161213
New Jersey,2022-11-26,8816.829834420798
New Jersey,2022-12-03,9025.048735522369
New Jersey,2022-12-10,8673.578953050619
New Jersey,2022-12-17,9582.426562411983
New Jersey,2022-12-24,7863.4112182413055
New Jersey,2022-12-31,8967.709117435765
New Jersey,2023-01-07,8595.41882747323
New Jersey,2023-01-14,8216.277533805249
New Jersey,2023-01-21,8150.262730531906
New Jersey,2023-01-28,9106.68674132978
New Jersey,2023-02-04,8210.741010635911
New Jersey,2023-02-11,8886.091654233085
New Jersey,2023-02-18,8813.610344655817
New Jersey,2023-02-25,9463.814022234694
New Jersey,2023-03-04,9046.931426678695
New Jersey,2023-03-11,9065.937702264802
New Jersey,2023-03-18,8666.054725300273
New Jersey,2023-03-25,7815.538284258515
New Jersey,2023-04-01,7458.778643366564
New Jersey,2023-04-08,10015.926521168047
New Jersey,2023-04-15,10876.497095184384
New Jersey,2023-04-22,8296.556587989067
New Jersey,2023-04-29,8074.0994606032655
New Jersey,2023-05-06,9032.10916243636
New Jersey,2023-05-13,7277.879282522795
New Jersey,2023-05-20,8302.36326328762
New Jersey,2023-05-27,8331.515989254971
New Jersey,2023-06-03,8815.452416601656
New Jersey,2023-06-10,8721.67163582237
New Jersey,2023-06-17,10260.851080431661
New Jersey,2023-06-24,10079.71805438905
New Jersey,2023-07-01,9587.051996389664
New Jersey,2023-07-08,9433.790723284255
New Jersey,2023-07-15,9189.148476121294
New Jersey,2023-07-22,8783.425360689716
New Jersey,2023-07-29,10163.825166333336
New Jersey,2023-08-05,11377.115033938306
New Jersey,2023-08-12,9979.55134744546
New Jersey,2023-08-19,9688.065154460995
New Jersey,2023-08-26,10096.861534825197
New Jersey,2023-09-02,10073.978366870713
New Jersey,2023-09-09,10274.853169355069
New Jersey,2023-09-16,9311.177163765511
New Jersey,2023-09-23,9396.073487580348
New Jersey,2023-09-30,9153.607295884576
New Jersey,2023-10-07,9465.776522702416
New Jersey,2023-10-14,8468.09704068664
New Jersey,2023-10-21,8558.531402985096
New Jersey,2023-10-28,8705.66304130639
New Jersey,2023-11-04,10614.526429789175
New Jersey,2023-11-11,12236.944394547721
New Jersey,2023-11-18,11247.564489059383
New Jersey,2023-11-25,10886.42026820412
New Jersey,2023-12-02,10349.559466186673
New Jersey,2023-12-09,10362.66987395807
New Jersey,2023-12-16,9823.091842503956
New Jersey,2023-12-23,10859.371608614143
New Jersey,2023-12-30,10620.828412562372
New Jersey,2024-01-06,8809.734636885043
New Jersey,2024-01-13,9208.605971136594
New Jersey,2024-01-20,9970.560136130809
New Jersey,2024-01-27,9979.422203964426
New Jersey,2024-02-03,9492.18613946348
New Jersey,2024-02-10,9934.157262087716
New Jersey,2024-02-17,10160.750256938309
New Jersey,2024-02-24,10291.023288346247
New Jersey,2024-03-02,9825.056768922803
New Jersey,2024-03-09,10240.444865575302
New Jersey,2024-03-16,9960.8073580013
New Jersey,2024-03-23,8621.454635022514
New Jersey,2024-03-30,9267.580647707526
New Jersey,2024-04-06,12572.609329863399
New Jersey,2024-04-13,9365.13977853566
New Jersey,2024-04-20,8828.608436245862
New Jersey,2024-04-27,8870.799312630848
New Jersey,2024-05-04,9027.814804104048
New Jersey,2024-05-11,8125.013804930814
New Jersey,2024-05-18,9378.332028984618
New Jersey,2024-05-25,9497.481497670815
New Jersey,2024-06-01,9892.470733586468
New Jersey,2024-06-08,10332.4202735004
New Jersey,2024-06-15,10184.944906042574
New Jersey,2024-06-22,10074.403849536335
New Jersey,2024-06-29,12104.532487854527
New Jersey,2024-07-06,10714.510986173595
New Jersey,2024-07-13,11259.897926084112
New Jersey,2024-07-20,9858.69565006842
New Jersey,2024-07-27,10013.38160035148
New Jersey,2024-08-03,10631.056422126434
New Jersey,2024-08-10,10641.405368544132
New Jersey,2024-08-17,10630.960054337957
New Jersey,2024-08-24,11178.713423935345
New Jersey,2024-08-31,10697.323486989024
New Jersey,2024-09-07,11120.855183164962
New Jersey,2024-09-14,10333.209646087316
New Jersey,2024-09-21,10629.28427038752
New Jersey,2024-09-28,9786.213913168458
New Jersey,2024-10-05,10044.842012211579
New Jersey,2024-10-12,10381.18905796115
New Jersey,2024-10-19,8844.347038913464
New Jersey,2024-10-26,8619.948921208119
New Jersey,2024-11-02,10137.245124763573
New Jersey,2024-11-09,13250.759417304382
New Jersey,2024-11-16,10768.622926324895
New Jersey,2024-11-23,11503.317416735686
New Jersey,2024-11-30,8755.780070497207
New Jersey,2024-12-07,12165.337598167918
New Jersey,2024-12-14,10115.462553865687
New Jersey,2024-12-21,10632.328949338937
New Jersey,2024-12-28,11909.867862928955
New Jersey,2025-01-04,9787.704479833204
New Jersey,2025-01-11,11238.696487915475
New Jersey,2025-01-18,10876.817466804278
New Jersey,2025-01-25,10552.494349034687
New Jersey,2025-02-01,9745.919576652985
New Jersey,2025-02-08,10911.167574494577
New Jersey,2025-02-15,11135.500540088984
New Jersey,2025-02-22,11979.806597203067
New Jersey,2025-03-01,10041.625920120812
New Jersey,2025-03-08,10164.090671402153
New Jersey,2025-03-15,9598.745309580832
New Jersey,2025-03-22,8495.01622795112
New Jersey,2025-03-29,7543.5812946089745
New Jersey,2025-04-05,8024.993114819658
New Jersey,2025-04-12,9552.716122941965
New Mexico,2020-01-04,840.3647846512603
New Mexico,2020-01-11,824.4821541742947
New Mexico,2020-01-18,766.9039001446976
New Mexico,2020-01-25,830.2332699497724
New Mexico,2020-02-01,834.4413945161273
New Mexico,2020-02-08,1018.1889158920326
New Mexico,2020-02-15,886.7480596903389
New Mexico,2020-02-22,979.1091043493989
New Mexico,2020-02-29,955.7380886179127
New Mexico,2020-03-07,922.3666838708647
New Mexico,2020-03-14,1130.431773818081
New Mexico,2020-03-21,22715.661020858475
New Mexico,2020-03-28,32792.59632592794
New Mexico,2020-04-04,26430.687914655307
New Mexico,2020-04-11,17810.32349394936
New Mexico,2020-04-18,14801.417167283857
New Mexico,2020-04-25,13418.879314178423
New Mexico,2020-05-02,15059.27256701905
New Mexico,2020-05-09,8574.370583116375
New Mexico,2020-05-16,7895.502516150636
New Mexico,2020-05-23,7678.393649913503
New Mexico,2020-05-30,6388.333836553806
New Mexico,2020-06-06,4232.138557753197
New Mexico,2020-06-13,3590.927654413646
New Mexico,2020-06-20,4157.79279114093
New Mexico,2020-06-27,4078.586986183396
New Mexico,2020-07-04,4769.329328957199
New Mexico,2020-07-11,4977.741222879856
New Mexico,2020-07-18,5653.61701701954
New Mexico,2020-07-25,5970.7605321848905
New Mexico,2020-08-01,5458.759581706545
New Mexico,2020-08-08,4799.599490938894
New Mexico,2020-08-15,3952.1376729224203
New Mexico,2020-08-22,3559.9112833941927
New Mexico,2020-08-29,3438.1565737846213
New Mexico,2020-09-05,3468.339270672221
New Mexico,2020-09-12,3696.2119827328897
New Mexico,2020-09-19,4045.304373340529
New Mexico,2020-09-26,3875.8768226820434
New Mexico,2020-10-03,4054.189440221052
New Mexico,2020-10-10,3505.673453457099
New Mexico,2020-10-17,3786.66831665376
New Mexico,2020-10-24,3592.1927964740817
New Mexico,2020-10-31,4207.649865469603
New Mexico,2020-11-07,3838.3620904504023
New Mexico,2020-11-14,5183.428177258895
New Mexico,2020-11-21,8614.24235675585
New Mexico,2020-11-28,7061.917876636412
New Mexico,2020-12-05,6363.457467925139
New Mexico,2020-12-12,4551.810521595584
New Mexico,2020-12-19,4429.835518449614
New Mexico,2020-12-26,3090.851554603927
New Mexico,2021-01-02,4292.276202955936
New Mexico,2021-01-09,7950.659567138047
New Mexico,2021-01-16,5184.497115867322
New Mexico,2021-01-23,5007.480245979779
New Mexico,2021-01-30,4818.260450222587
New Mexico,2021-02-06,4325.845004631786
New Mexico,2021-02-13,4167.1043301586
New Mexico,2021-02-20,4175.495135644723
New Mexico,2021-02-27,4420.814947351579
New Mexico,2021-03-06,3125.352618681278
New Mexico,2021-03-13,3499.2652146957857
New Mexico,2021-03-20,3139.1650855668545
New Mexico,2021-03-27,3375.93355834807
New Mexico,2021-04-03,5960.356799367202
New Mexico,2021-04-10,5156.136817840824
New Mexico,2021-04-17,4536.812030938265
New Mexico,2021-04-24,3972.5120271858723
New Mexico,2021-05-01,4353.148406393148
New Mexico,2021-05-08,4228.412811240217
New Mexico,2021-05-15,3645.068861452904
New Mexico,2021-05-22,4005.6454263221194
New Mexico,2021-05-29,4607.413432478555
New Mexico,2021-06-05,3175.303957603486
New Mexico,2021-06-12,2975.0233962271786
New Mexico,2021-06-19,3095.769231175281
New Mexico,2021-06-26,3220.566319191489
New Mexico,2021-07-03,3791.302726950171
New Mexico,2021-07-10,4355.30744718109
New Mexico,2021-07-17,3656.2412041472103
New Mexico,2021-07-24,2991.908745274778
New Mexico,2021-07-31,2597.631342867977
New Mexico,2021-08-07,2300.1521763182723
New Mexico,2021-08-14,4696.180837213923
New Mexico,2021-08-21,4890.219070369955
New Mexico,2021-08-28,4929.3687651709715
New Mexico,2021-09-04,4204.986842906148
New Mexico,2021-09-11,3670.7459552928008
New Mexico,2021-09-18,2407.1636162424634
New Mexico,2021-09-25,2118.0207221438227
New Mexico,2021-10-02,1776.3075036816438
New Mexico,2021-10-09,3099.4519762060722
New Mexico,2021-10-16,2846.5012860975944
New Mexico,2021-10-23,2960.877614065986
New Mexico,2021-10-30,2215.2891665195157
New Mexico,2021-11-06,1770.5542387082808
New Mexico,2021-11-13,1632.0488003486985
New Mexico,2021-11-20,1207.9351277464202
New Mexico,2021-11-27,1316.3272616400366
New Mexico,2021-12-04,1268.8537506718428
New Mexico,2021-12-11,1397.6735836899381
New Mexico,2021-12-18,1591.3090939870021
New Mexico,2021-12-25,1377.828724787198
New Mexico,2022-01-01,1575.5524998843402
New Mexico,2022-01-08,851.412475793053
New Mexico,2022-01-15,760.4253033113738
New Mexico,2022-01-22,792.1990232897698
New Mexico,2022-01-29,783.3531458722828
New Mexico,2022-02-05,784.9268503955761
New Mexico,2022-02-12,808.4696102831917
New Mexico,2022-02-19,795.775242205278
New Mexico,2022-02-26,731.1887579587849
New Mexico,2022-03-05,794.0374061149183
New Mexico,2022-03-12,723.2682005096123
New Mexico,2022-03-19,757.816031847474
New Mexico,2022-03-26,903.1534842179873
New Mexico,2022-04-02,739.3553063528635
New Mexico,2022-04-09,881.0231965184213
New Mexico,2022-04-16,760.6630950076133
New Mexico,2022-04-23,792.2831249750594
New Mexico,2022-04-30,808.3002606356113
New Mexico,2022-05-07,771.5223779922761
New Mexico,2022-05-14,846.8667054435634
New Mexico,2022-05-21,734.332064847211
New Mexico,2022-05-28,597.4700710446006
New Mexico,2022-06-04,820.8268733940985
New Mexico,2022-06-11,730.6936122186497
New Mexico,2022-06-18,822.5284133560195
New Mexico,2022-06-25,706.2806776525024
New Mexico,2022-07-02,431.0275340861015
New Mexico,2022-07-09,710.6118939227581
New Mexico,2022-07-16,557.0632666093952
New Mexico,2022-07-23,679.8944748457959
New Mexico,2022-07-30,694.479673185648
New Mexico,2022-08-06,699.1846012264734
New Mexico,2022-08-13,585.9576573746056
New Mexico,2022-08-20,526.580165677906
New Mexico,2022-08-27,615.0368064541404
New Mexico,2022-09-03,652.9611018959915
New Mexico,2022-09-10,642.7140258689079
New Mexico,2022-09-17,793.4362832442197
New Mexico,2022-09-24,738.0215404128834
New Mexico,2022-10-01,829.4328426282055
New Mexico,2022-10-08,649.5964592163997
New Mexico,2022-10-15,726.9654362375661
New Mexico,2022-10-22,694.3526149287251
New Mexico,2022-10-29,746.7603823962446
New Mexico,2022-11-05,828.9186323192007
New Mexico,2022-11-12,845.3703880670545
New Mexico,2022-11-19,648.9551771353202
New Mexico,2022-11-26,614.9637013839553
New Mexico,2022-12-03,683.5979564111062
New Mexico,2022-12-10,703.2993511798667
New Mexico,2022-12-17,737.0759223742695
New Mexico,2022-12-24,948.7113358290839
New Mexico,2022-12-31,740.4465687039891
New Mexico,2023-01-07,628.374171104362
New Mexico,2023-01-14,783.1003922280069
New Mexico,2023-01-21,806.3260291920565
New Mexico,2023-01-28,792.9321924930036
New Mexico,2023-02-04,857.2380906994775
New Mexico,2023-02-11,869.6246488825254
New Mexico,2023-02-18,838.2874421227554
New Mexico,2023-02-25,833.6393900720119
New Mexico,2023-03-04,904.9887608414136
New Mexico,2023-03-11,857.2549354961052
New Mexico,2023-03-18,966.0899743750912
New Mexico,2023-03-25,867.8280545875575
New Mexico,2023-04-01,629.1094398789071
New Mexico,2023-04-08,691.1636329374876
New Mexico,2023-04-15,741.1031868502746
New Mexico,2023-04-22,729.0336318047815
New Mexico,2023-04-29,744.4291228742142
New Mexico,2023-05-06,760.8364724799177
New Mexico,2023-05-13,728.799103924182
New Mexico,2023-05-20,756.090051953795
New Mexico,2023-05-27,792.7968250399507
New Mexico,2023-06-03,792.8259566603816
New Mexico,2023-06-10,787.6924638760092
New Mexico,2023-06-17,697.8731526206801
New Mexico,2023-06-24,614.3170477498328
New Mexico,2023-07-01,690.9970557658354
New Mexico,2023-07-08,615.5178448576688
New Mexico,2023-07-15,741.1077676720862
New Mexico,2023-07-22,761.9667845665504
New Mexico,2023-07-29,827.8283047497125
New Mexico,2023-08-05,986.5659885022366
New Mexico,2023-08-12,672.1000593472859
New Mexico,2023-08-19,737.7856404779374
New Mexico,2023-08-26,688.6395718166851
New Mexico,2023-09-02,750.0787341400156
New Mexico,2023-09-09,725.1754480558623
New Mexico,2023-09-16,889.8693084385171
New Mexico,2023-09-23,941.4829582321886
New Mexico,2023-09-30,912.6207973460787
New Mexico,2023-10-07,781.126320793274
New Mexico,2023-10-14,704.0852651399604
New Mexico,2023-10-21,716.9331877719356
New Mexico,2023-10-28,773.7517215190004
New Mexico,2023-11-04,860.8384833832373
New Mexico,2023-11-11,646.6414174252257
New Mexico,2023-11-18,415.1612814424647
New Mexico,2023-11-25,641.2224820215622
New Mexico,2023-12-02,679.600307543205
New Mexico,2023-12-09,894.2968907134853
New Mexico,2023-12-16,782.2783256237553
New Mexico,2023-12-23,858.2347779162284
New Mexico,2023-12-30,774.1032309178067
New Mexico,2024-01-06,565.5367539939257
New Mexico,2024-01-13,908.6232058736543
New Mexico,2024-01-20,878.0477514652043
New Mexico,2024-01-27,912.1381059953075
New Mexico,2024-02-03,917.8862277285563
New Mexico,2024-02-10,905.094571270139
New Mexico,2024-02-17,923.3118419577099
New Mexico,2024-02-24,899.6007559531307
New Mexico,2024-03-02,993.2151392986267
New Mexico,2024-03-09,1002.9492492678256
New Mexico,2024-03-16,912.139495286612
New Mexico,2024-03-23,850.1653397723427
New Mexico,2024-03-30,734.2981565146086
New Mexico,2024-04-06,684.6167514346968
New Mexico,2024-04-13,814.9961732224427
New Mexico,2024-04-20,875.5061423043724
New Mexico,2024-04-27,740.024216821704
New Mexico,2024-05-04,754.4249291725026
New Mexico,2024-05-11,806.079715827777
New Mexico,2024-05-18,775.6722403497206
New Mexico,2024-05-25,697.0484162187007
New Mexico,2024-06-01,739.2242017701237
New Mexico,2024-06-08,850.232870555612
New Mexico,2024-06-15,794.0638262589736
New Mexico,2024-06-22,951.8235694926302
New Mexico,2024-06-29,1158.7489088996317
New Mexico,2024-07-06,738.2756172871477
New Mexico,2024-07-13,828.2002547821097
New Mexico,2024-07-20,789.0133411790717
New Mexico,2024-07-27,864.0991325351381
New Mexico,2024-08-03,845.6279901447742
New Mexico,2024-08-10,734.5769662725265
New Mexico,2024-08-17,706.2481713901499
New Mexico,2024-08-24,645.2845182469671
New Mexico,2024-08-31,733.5480733325221
New Mexico,2024-09-07,896.1616322964585
New Mexico,2024-09-14,878.8832675935971
New Mexico,2024-09-21,961.7027264626785
New Mexico,2024-09-28,921.1842632729185
New Mexico,2024-10-05,850.917675915697
New Mexico,2024-10-12,835.1262450626118
New Mexico,2024-10-19,747.0406182295498
New Mexico,2024-10-26,833.7324751251246
New Mexico,2024-11-02,841.8860718139656
New Mexico,2024-11-09,942.1606639236966
New Mexico,2024-11-16,601.4879316461647
New Mexico,2024-11-23,750.4928917716038
New Mexico,2024-11-30,632.4280509019708
New Mexico,2024-12-07,763.097646267495
New Mexico,2024-12-14,741.688412501768
New Mexico,2024-12-21,732.4292783421628
New Mexico,2024-12-28,1016.0104905796213
New Mexico,2025-01-04,507.5329843535231
New Mexico,2025-01-11,827.6407454571075
New Mexico,2025-01-18,1045.398436769216
New Mexico,2025-01-25,819.5406553283393
New Mexico,2025-02-01,921.3851587110031
New Mexico,2025-02-08,982.1499199052995
New Mexico,2025-02-15,1054.8339604524053
New Mexico,2025-02-22,1115.7294867125413
New Mexico,2025-03-01,1140.259103393982
New Mexico,2025-03-08,1209.7831411401787
New Mexico,2025-03-15,1252.1529797744688
New Mexico,2025-03-22,1020.9049163194198
New Mexico,2025-03-29,866.7954822768864
New Mexico,2025-04-05,855.7709392933709
New Mexico,2025-04-12,916.0556987020257
Nevada,2020-01-04,2091.8343940771124
Nevada,2020-01-11,2073.988823695783
Nevada,2020-01-18,1836.5475499359138
Nevada,2020-01-25,1833.2204964547211
Nevada,2020-02-01,1973.2840909560148
Nevada,2020-02-08,2455.119974008683
Nevada,2020-02-15,2342.5339847942732
Nevada,2020-02-22,2154.419033835024
Nevada,2020-02-29,2211.4106310317356
Nevada,2020-03-07,2083.9762842624496
Nevada,2020-03-14,5772.381531975011
Nevada,2020-03-21,95085.20482328013
Nevada,2020-03-28,64366.42226276987
Nevada,2020-04-04,71854.38237963029
Nevada,2020-04-11,48483.69938761587
Nevada,2020-04-18,34482.528739995636
Nevada,2020-04-25,36433.426706540035
Nevada,2020-05-02,26207.20469570695
Nevada,2020-05-09,21590.423293774835
Nevada,2020-05-16,20601.279851451425
Nevada,2020-05-23,18777.98286983922
Nevada,2020-05-30,12296.751680104371
Nevada,2020-06-06,12406.172922095197
Nevada,2020-06-13,11469.589871595444
Nevada,2020-06-20,11641.504404953506
Nevada,2020-06-27,12452.988582045127
Nevada,2020-07-04,12789.575310656046
Nevada,2020-07-11,13580.443721161751
Nevada,2020-07-18,14902.828564816198
Nevada,2020-07-25,19000.130353408647
Nevada,2020-08-01,15258.376972941924
Nevada,2020-08-08,18369.460808144748
Nevada,2020-08-15,12633.824216930787
Nevada,2020-08-22,10661.76652550672
Nevada,2020-08-29,9687.300509688244
Nevada,2020-09-05,9362.734655008535
Nevada,2020-09-12,10757.217612539716
Nevada,2020-09-19,10667.48526061631
Nevada,2020-09-26,9039.996854561
Nevada,2020-10-03,10039.045085041807
Nevada,2020-10-10,9048.119915371337
Nevada,2020-10-17,9962.225243803192
Nevada,2020-10-24,9851.857879713034
Nevada,2020-10-31,9555.17576957295
Nevada,2020-11-07,7932.508658472494
Nevada,2020-11-14,7232.421413753918
Nevada,2020-11-21,7684.837737351609
Nevada,2020-11-28,7478.314643838983
Nevada,2020-12-05,8030.172189433251
Nevada,2020-12-12,7947.189536492754
Nevada,2020-12-19,6604.191559406584
Nevada,2020-12-26,6537.9530590427685
Nevada,2021-01-02,7817.584279278466
Nevada,2021-01-09,7065.081555218694
Nevada,2021-01-16,7848.224821717161
Nevada,2021-01-23,8817.083825166566
Nevada,2021-01-30,8477.525396884961
Nevada,2021-02-06,8745.815712708814
Nevada,2021-02-13,6796.388415183699
Nevada,2021-02-20,7883.787780247171
Nevada,2021-02-27,8761.905804879614
Nevada,2021-03-06,9520.044108445352
Nevada,2021-03-13,9159.886741897413
Nevada,2021-03-20,7871.742075176965
Nevada,2021-03-27,10447.39808126496
Nevada,2021-04-03,9724.380689076534
Nevada,2021-04-10,9082.270728209962
Nevada,2021-04-17,9453.535071821774
Nevada,2021-04-24,9466.987113939342
Nevada,2021-05-01,8242.18882531533
Nevada,2021-05-08,6131.340915967303
Nevada,2021-05-15,4825.483389547797
Nevada,2021-05-22,4785.034783965565
Nevada,2021-05-29,5469.923147461087
Nevada,2021-06-05,3901.457431771657
Nevada,2021-06-12,4295.156207093699
Nevada,2021-06-19,3821.995792367552
Nevada,2021-06-26,4012.7541965545956
Nevada,2021-07-03,4025.1715312053516
Nevada,2021-07-10,3719.66742314924
Nevada,2021-07-17,3463.0768976512045
Nevada,2021-07-24,2908.3940698665224
Nevada,2021-07-31,2161.9831873222147
Nevada,2021-08-07,2365.1133431382086
Nevada,2021-08-14,2973.072182700663
Nevada,2021-08-21,2882.6970906060733
Nevada,2021-08-28,2886.169088606072
Nevada,2021-09-04,3312.4603929743444
Nevada,2021-09-11,2861.0170702578025
Nevada,2021-09-18,3113.8438922486985
Nevada,2021-09-25,4381.244987187239
Nevada,2021-10-02,3637.1153141500163
Nevada,2021-10-09,3428.8781071526587
Nevada,2021-10-16,3255.3458719732434
Nevada,2021-10-23,2781.329067192115
Nevada,2021-10-30,2602.5497131639
Nevada,2021-11-06,2442.9523091934216
Nevada,2021-11-13,2473.3822783195437
Nevada,2021-11-20,2172.686546602548
Nevada,2021-11-27,2220.741371261095
Nevada,2021-12-04,2195.200207996042
Nevada,2021-12-11,1926.2712646334494
Nevada,2021-12-18,2268.8675541998255
Nevada,2021-12-25,2057.791023854632
Nevada,2022-01-01,2453.1008464111014
Nevada,2022-01-08,2582.829204867564
Nevada,2022-01-15,2361.8106394932684
Nevada,2022-01-22,2149.9549277793585
Nevada,2022-01-29,2236.561277194678
Nevada,2022-02-05,2046.5191193508315
Nevada,2022-02-12,2111.320445595153
Nevada,2022-02-19,1516.0726534394612
Nevada,2022-02-26,2029.6638881199192
Nevada,2022-03-05,1697.6870466425587
Nevada,2022-03-12,1687.395356577969
Nevada,2022-03-19,1788.4235365144891
Nevada,2022-03-26,1547.8289526923338
Nevada,2022-04-02,1825.247223466928
Nevada,2022-04-09,2009.922634526938
Nevada,2022-04-16,1839.545474356158
Nevada,2022-04-23,1711.1489283201379
Nevada,2022-04-30,1687.1748592192425
Nevada,2022-05-07,1995.8792044164397
Nevada,2022-05-14,2103.2085333572377
Nevada,2022-05-21,1980.4292819731756
Nevada,2022-05-28,1890.5564239588884
Nevada,2022-06-04,2208.1325641950234
Nevada,2022-06-11,2085.478158385198
Nevada,2022-06-18,2183.8368657596166
Nevada,2022-06-25,2172.2674952298344
Nevada,2022-07-02,2097.1051474617852
Nevada,2022-07-09,2394.5879901080248
Nevada,2022-07-16,2201.6849249667357
Nevada,2022-07-23,2079.7858837091685
Nevada,2022-07-30,2434.3152597612598
Nevada,2022-08-06,2257.5141359263216
Nevada,2022-08-13,2265.0328478150736
Nevada,2022-08-20,2505.9604770947158
Nevada,2022-08-27,2388.0546575177696
Nevada,2022-09-03,2465.7988136822883
Nevada,2022-09-10,2349.752286944585
Nevada,2022-09-17,2223.802428689104
Nevada,2022-09-24,2018.231855901991
Nevada,2022-10-01,2104.8998950503224
Nevada,2022-10-08,2213.5795375289317
Nevada,2022-10-15,1890.0168569935756
Nevada,2022-10-22,2314.6850684629007
Nevada,2022-10-29,2261.7117444282135
Nevada,2022-11-05,2428.254701832567
Nevada,2022-11-12,2463.3968835746123
Nevada,2022-11-19,2513.3516845715885
Nevada,2022-11-26,2548.106278054419
Nevada,2022-12-03,2476.8002346777503
Nevada,2022-12-10,2523.1688502922602
Nevada,2022-12-17,2596.62109786363
Nevada,2022-12-24,2424.1848421169816
Nevada,2022-12-31,2101.997900408759
Nevada,2023-01-07,2474.375634574016
Nevada,2023-01-14,2210.450947495286
Nevada,2023-01-21,2053.974797074923
Nevada,2023-01-28,2004.3594309710702
Nevada,2023-02-04,2050.0339654124045
Nevada,2023-02-11,2108.55693715851
Nevada,2023-02-18,2378.050249335443
Nevada,2023-02-25,2032.5185490033507
Nevada,2023-03-04,2236.506380425444
Nevada,2023-03-11,2035.227660974827
Nevada,2023-03-18,2152.083391577631
Nevada,2023-03-25,1843.974260982023
Nevada,2023-04-01,1866.9360875580298
Nevada,2023-04-08,2248.8644861839866
Nevada,2023-04-15,1813.3535596761935
Nevada,2023-04-22,1851.6035951091783
Nevada,2023-04-29,1934.1008859493709
Nevada,2023-05-06,2134.5928091233823
Nevada,2023-05-13,2400.0369754620206
Nevada,2023-05-20,2624.1289574626344
Nevada,2023-05-27,2313.5724912818755
Nevada,2023-06-03,2425.1367053704885
Nevada,2023-06-10,2406.237875133206
Nevada,2023-06-17,2405.4833688789595
Nevada,2023-06-24,2325.8282005169795
Nevada,2023-07-01,2622.6620310220665
Nevada,2023-07-08,2612.193627260146
Nevada,2023-07-15,2521.8254408304233
Nevada,2023-07-22,2268.857327682729
Nevada,2023-07-29,2622.1688117702333
Nevada,2023-08-05,2538.9274470958726
Nevada,2023-08-12,2638.11067027518
Nevada,2023-08-19,2749.0940104151446
Nevada,2023-08-26,2864.4595008104557
Nevada,2023-09-02,2658.9177274568324
Nevada,2023-09-09,2791.2991452605456
Nevada,2023-09-16,2648.003477110782
Nevada,2023-09-23,2527.5951338201126
Nevada,2023-09-30,2642.1866550481523
Nevada,2023-10-07,2717.2622503547123
Nevada,2023-10-14,2419.2672019815172
Nevada,2023-10-21,2394.276217778865
Nevada,2023-10-28,2461.997973479081
Nevada,2023-11-04,2660.2669323146242
Nevada,2023-11-11,2673.0901732181746
Nevada,2023-11-18,2715.858183253185
Nevada,2023-11-25,2621.240991274204
Nevada,2023-12-02,2530.743096931714
Nevada,2023-12-09,2726.5366117777844
Nevada,2023-12-16,2618.640715784196
Nevada,2023-12-23,3009.1452697883074
Nevada,2023-12-30,2545.4963585169808
Nevada,2024-01-06,2137.1296009214784
Nevada,2024-01-13,2367.805082740713
Nevada,2024-01-20,2395.140534397053
Nevada,2024-01-27,2381.5795305982697
Nevada,2024-02-03,2372.52109156172
Nevada,2024-02-10,2822.4632832912516
Nevada,2024-02-17,2768.6174426037805
Nevada,2024-02-24,2223.780828193273
Nevada,2024-03-02,2052.387211092599
Nevada,2024-03-09,2375.794538647991
Nevada,2024-03-16,2563.1323495668485
Nevada,2024-03-23,2150.8559550707346
Nevada,2024-03-30,2006.503154297805
Nevada,2024-04-06,1531.2121427988027
Nevada,2024-04-13,2002.8084091946018
Nevada,2024-04-20,2034.8798066509748
Nevada,2024-04-27,2413.2658894925944
Nevada,2024-05-04,2651.52552306724
Nevada,2024-05-11,2754.6141417117033
Nevada,2024-05-18,2650.5988506603317
Nevada,2024-05-25,2786.4827614173178
Nevada,2024-06-01,2961.875671575761
Nevada,2024-06-08,2919.2374221207615
Nevada,2024-06-15,2995.0405649933537
Nevada,2024-06-22,2983.785383024674
Nevada,2024-06-29,3102.117433568288
Nevada,2024-07-06,2737.2011209432794
Nevada,2024-07-13,2955.0694922387665
Nevada,2024-07-20,2986.915543866471
Nevada,2024-07-27,3169.05607560701
Nevada,2024-08-03,2848.2751678300474
Nevada,2024-08-10,3294.1732187499183
Nevada,2024-08-17,3240.1756024682877
Nevada,2024-08-24,3396.34440180305
Nevada,2024-08-31,3258.292892769289
Nevada,2024-09-07,3278.0335475562097
Nevada,2024-09-14,3296.0161216322413
Nevada,2024-09-21,2811.108656434916
Nevada,2024-09-28,2649.7718798951805
Nevada,2024-10-05,2501.2540328302293
Nevada,2024-10-12,2900.6112657421018
Nevada,2024-10-19,2711.550525326064
Nevada,2024-10-26,2741.9301883513454
Nevada,2024-11-02,2647.6689831481776
Nevada,2024-11-09,2937.7031339588607
Nevada,2024-11-16,2779.259750597423
Nevada,2024-11-23,3881.9441429676435
Nevada,2024-11-30,2307.657361508542
Nevada,2024-12-07,2584.795444681813
Nevada,2024-12-14,2373.8841935132923
Nevada,2024-12-21,2887.6186072953496
Nevada,2024-12-28,2757.082081239445
Nevada,2025-01-04,1987.0774009262966
Nevada,2025-01-11,2528.1564396098624
Nevada,2025-01-18,2490.2481184587214
Nevada,2025-01-25,2196.853898286552
Nevada,2025-02-01,2528.0530297863215
Nevada,2025-02-08,2744.1638775863703
Nevada,2025-02-15,3042.6444249775336
Nevada,2025-02-22,2355.0952288311296
Nevada,2025-03-01,2093.90427868726
Nevada,2025-03-08,2341.2837617104437
Nevada,2025-03-15,2638.33679551475
Nevada,2025-03-22,2158.013545603416
Nevada,2025-03-29,2065.4113318178397
Nevada,2025-04-05,2150.476664913437
Nevada,2025-04-12,2416.6406611380376
New York,2020-01-04,33888.605854154295
New York,2020-01-11,10641.497348453177
New York,2020-01-18,12996.79808777527
New York,2020-01-25,12885.18857228963
New York,2020-02-01,12429.148857486054
New York,2020-02-08,12948.082561346313
New York,2020-02-15,12764.292775539201
New York,2020-02-22,14610.978527796147
New York,2020-02-29,30048.923657485473
New York,2020-03-07,8167.8255826599525
New York,2020-03-14,14538.617116716816
New York,2020-03-21,90417.42842731319
New York,2020-03-28,387046.59050302446
New York,2020-04-04,368659.3141420512
New York,2020-04-11,346824.4046401107
New York,2020-04-18,187931.1852497674
New York,2020-04-25,194976.15093319898
New York,2020-05-02,188197.18495503804
New York,2020-05-09,198863.51106170804
New York,2020-05-16,277463.2220694805
New York,2020-05-23,244436.39054267338
New York,2020-05-30,101931.67502493052
New York,2020-06-06,124672.0873740133
New York,2020-06-13,117386.68247991386
New York,2020-06-20,116095.83903110307
New York,2020-06-27,114719.97067486939
New York,2020-07-04,88865.13134039239
New York,2020-07-11,64790.355815891366
New York,2020-07-18,70778.15431820725
New York,2020-07-25,93176.5726599284
New York,2020-08-01,89699.11764500338
New York,2020-08-08,67810.79541040072
New York,2020-08-15,79471.54625809068
New York,2020-08-22,78806.72714397576
New York,2020-08-29,65061.54763952
New York,2020-09-05,75174.98409607483
New York,2020-09-12,82117.57030176731
New York,2020-09-19,85606.5659724188
New York,2020-09-26,84112.07101311717
New York,2020-10-03,84560.8761529903
New York,2020-10-10,77164.30962268467
New York,2020-10-17,69667.54218114592
New York,2020-10-24,63974.42032869695
New York,2020-10-31,59807.45094240252
New York,2020-11-07,53340.64830153268
New York,2020-11-14,49730.23080418795
New York,2020-11-21,50002.94177027133
New York,2020-11-28,51769.762605898526
New York,2020-12-05,45358.85436616116
New York,2020-12-12,56678.88441223259
New York,2020-12-19,43504.08617059156
New York,2020-12-26,47596.76247568574
New York,2021-01-02,43010.25240603175
New York,2021-01-09,33375.5223306273
New York,2021-01-16,45346.231784116324
New York,2021-01-23,56826.237712301154
New York,2021-01-30,58137.91659600155
New York,2021-02-06,51743.16031160799
New York,2021-02-13,50700.05944353745
New York,2021-02-20,49392.627780546165
New York,2021-02-27,57896.75017702517
New York,2021-03-06,28064.497392104993
New York,2021-03-13,48172.412053841195
New York,2021-03-20,40678.179308834224
New York,2021-03-27,41995.02225575445
New York,2021-04-03,45451.61748309771
New York,2021-04-10,51399.650746826774
New York,2021-04-17,38152.455949679614
New York,2021-04-24,36483.439234290665
New York,2021-05-01,30406.129164766873
New York,2021-05-08,23351.771087669764
New York,2021-05-15,25154.0349803147
New York,2021-05-22,25133.273927689508
New York,2021-05-29,24286.249855622915
New York,2021-06-05,24512.872850678647
New York,2021-06-12,23574.627439299562
New York,2021-06-19,24046.278667390256
New York,2021-06-26,25919.38060617005
New York,2021-07-03,23685.596223605455
New York,2021-07-10,23458.28537141345
New York,2021-07-17,18051.22358383635
New York,2021-07-24,20582.2192122038
New York,2021-07-31,21121.677465601308
New York,2021-08-07,18686.052423201683
New York,2021-08-14,18660.564994283886
New York,2021-08-21,18772.90572745156
New York,2021-08-28,19208.588726448572
New York,2021-09-04,18218.326543998854
New York,2021-09-11,22256.39949242206
New York,2021-09-18,17787.3737378714
New York,2021-09-25,20016.899054298206
New York,2021-10-02,18670.19157533368
New York,2021-10-09,17893.61124247357
New York,2021-10-16,16833.67848330367
New York,2021-10-23,16844.444167245038
New York,2021-10-30,17781.583542067
New York,2021-11-06,17598.66954173095
New York,2021-11-13,16242.465740751575
New York,2021-11-20,15980.949160640315
New York,2021-11-27,16781.742595597614
New York,2021-12-04,16927.15994103913
New York,2021-12-11,14846.859942763727
New York,2021-12-18,16267.729979277063
New York,2021-12-25,16343.801178353664
New York,2022-01-01,20002.48398874959
New York,2022-01-08,16938.119803712318
New York,2022-01-15,16957.893706514835
New York,2022-01-22,15039.010200902281
New York,2022-01-29,13678.449223155398
New York,2022-02-05,14388.675357978449
New York,2022-02-12,14488.402927876039
New York,2022-02-19,13668.867921365852
New York,2022-02-26,12753.075937048035
New York,2022-03-05,17110.823497069323
New York,2022-03-12,13552.533780885688
New York,2022-03-19,14409.327554342128
New York,2022-03-26,14263.69546146527
New York,2022-04-02,13532.631253827381
New York,2022-04-09,12434.506500014457
New York,2022-04-16,10253.67289296995
New York,2022-04-23,14178.03178544202
New York,2022-04-30,22459.03979546464
New York,2022-05-07,13347.715591598402
New York,2022-05-14,16155.253915653866
New York,2022-05-21,15351.849555216242
New York,2022-05-28,16056.28794941208
New York,2022-06-04,16333.530238121657
New York,2022-06-11,15378.602517460851
New York,2022-06-18,16162.59387937909
New York,2022-06-25,15453.824185912325
New York,2022-07-02,16336.196414638376
New York,2022-07-09,19283.129359947387
New York,2022-07-16,16143.299082803702
New York,2022-07-23,15724.243051879492
New York,2022-07-30,16215.17067326001
New York,2022-08-06,17348.94900193739
New York,2022-08-13,16960.808326892588
New York,2022-08-20,17245.375560102668
New York,2022-08-27,18837.92908724353
New York,2022-09-03,17053.552097056552
New York,2022-09-10,15628.301503381728
New York,2022-09-17,16546.023332883757
New York,2022-09-24,15716.230838824964
New York,2022-10-01,15487.098553488935
New York,2022-10-08,17594.88069230365
New York,2022-10-15,15291.574935296885
New York,2022-10-22,17077.53378180724
New York,2022-10-29,17771.117630623758
New York,2022-11-05,16990.812760101668
New York,2022-11-12,16385.72768102775
New York,2022-11-19,17626.675079949775
New York,2022-11-26,17145.21344484645
New York,2022-12-03,17344.00663304591
New York,2022-12-10,16405.327024000464
New York,2022-12-17,17480.586563510456
New York,2022-12-24,17211.990412994943
New York,2022-12-31,16447.07457556233
New York,2023-01-07,17824.07443841025
New York,2023-01-14,15781.669989094564
New York,2023-01-21,14311.634358184825
New York,2023-01-28,13247.241520272533
New York,2023-02-04,14845.869479065293
New York,2023-02-11,14752.897098973168
New York,2023-02-18,14938.44460481194
New York,2023-02-25,13362.566089418848
New York,2023-03-04,17529.835568285223
New York,2023-03-11,14960.351105388394
New York,2023-03-18,15405.06193157763
New York,2023-03-25,16128.217014755252
New York,2023-04-01,14518.359930256915
New York,2023-04-08,12998.632934401376
New York,2023-04-15,19594.178133033154
New York,2023-04-22,20331.768552235248
New York,2023-04-29,12948.383018996621
New York,2023-05-06,14595.23088521735
New York,2023-05-13,17464.453256468976
New York,2023-05-20,17810.4133416316
New York,2023-05-27,18570.964138898195
New York,2023-06-03,18103.64695437104
New York,2023-06-10,18433.685548128247
New York,2023-06-17,17821.49588952128
New York,2023-06-24,18189.284783468127
New York,2023-07-01,17407.964214095864
New York,2023-07-08,18667.642835460745
New York,2023-07-15,19664.512660454384
New York,2023-07-22,16424.482026192036
New York,2023-07-29,16968.436748082244
New York,2023-08-05,18975.05172174584
New York,2023-08-12,17504.57835695289
New York,2023-08-19,17084.45057127908
New York,2023-08-26,17629.434917314622
New York,2023-09-02,17352.00377488723
New York,2023-09-09,15775.563088006124
New York,2023-09-16,16219.739530782259
New York,2023-09-23,15701.925622504974
New York,2023-09-30,15957.642739326853
New York,2023-10-07,15680.44794471667
New York,2023-10-14,14596.041812409876
New York,2023-10-21,16699.383077331328
New York,2023-10-28,15080.070150780335
New York,2023-11-04,16742.80719319692
New York,2023-11-11,18734.077406034805
New York,2023-11-18,16799.00630158194
New York,2023-11-25,15415.904932271245
New York,2023-12-02,16449.523106448032
New York,2023-12-09,15604.163834021354
New York,2023-12-16,16590.523398292058
New York,2023-12-23,15069.28457270223
New York,2023-12-30,13185.619309395224
New York,2024-01-06,17337.506874995517
New York,2024-01-13,15040.787597960654
New York,2024-01-20,14082.613898272608
New York,2024-01-27,15438.587982483885
New York,2024-02-03,14997.692432482812
New York,2024-02-10,15010.266847953202
New York,2024-02-17,15714.239632694782
New York,2024-02-24,14590.212130924037
New York,2024-03-02,17068.340328737708
New York,2024-03-09,15021.471973311813
New York,2024-03-16,16217.698727528057
New York,2024-03-23,14703.959044546766
New York,2024-03-30,15079.187103382947
New York,2024-04-06,14575.902326495641
New York,2024-04-13,15656.6578322848
New York,2024-04-20,11410.84964944287
New York,2024-04-27,12659.976692813667
New York,2024-05-04,23231.1081376075
New York,2024-05-11,16625.501878328916
New York,2024-05-18,16914.86730831993
New York,2024-05-25,15679.891316421545
New York,2024-06-01,15421.33097297893
New York,2024-06-08,16216.385640466548
New York,2024-06-15,15611.35998259203
New York,2024-06-22,14717.745868692933
New York,2024-06-29,15093.512340553747
New York,2024-07-06,14968.378466638987
New York,2024-07-13,18923.920900716574
New York,2024-07-20,16981.614439451627
New York,2024-07-27,15898.387829594802
New York,2024-08-03,17668.774892326255
New York,2024-08-10,17304.308742152127
New York,2024-08-17,17213.94489822306
New York,2024-08-24,16732.04842239715
New York,2024-08-31,17548.261882098846
New York,2024-09-07,16229.287970362368
New York,2024-09-14,17264.82900217502
New York,2024-09-21,16340.458460060874
New York,2024-09-28,15966.86909591191
New York,2024-10-05,14569.216793111842
New York,2024-10-12,18878.393558068215
New York,2024-10-19,14988.406119374744
New York,2024-10-26,18409.53822866148
New York,2024-11-02,16537.351601006223
New York,2024-11-09,18257.301668795695
New York,2024-11-16,15854.9299143856
New York,2024-11-23,18521.210231288467
New York,2024-11-30,10466.03621493407
New York,2024-12-07,22795.13952217935
New York,2024-12-14,17548.320264549668
New York,2024-12-21,14453.777279486398
New York,2024-12-28,11384.111117888651
New York,2025-01-04,17024.38741110949
New York,2025-01-11,15971.265876589461
New York,2025-01-18,15051.876518874877
New York,2025-01-25,11417.23809828184
New York,2025-02-01,16529.724053332317
New York,2025-02-08,14381.536596119624
New York,2025-02-15,15961.130460476405
New York,2025-02-22,13998.053452080358
New York,2025-03-01,17488.516322373653
New York,2025-03-08,15217.058750666747
New York,2025-03-15,16313.768446103559
New York,2025-03-22,15813.59219998718
New York,2025-03-29,16183.716955799102
New York,2025-04-05,12333.455814727082
New York,2025-04-12,13606.839169089913
Ohio,2020-01-04,9119.538501948939
Ohio,2020-01-11,7529.593147745957
Ohio,2020-01-18,5919.946055815738
Ohio,2020-01-25,6611.247772986633
Ohio,2020-02-01,6759.986365338827
Ohio,2020-02-08,4032.0621441363937
Ohio,2020-02-15,3424.501850599209
Ohio,2020-02-22,3990.786833966142
Ohio,2020-02-29,6171.357258400543
Ohio,2020-03-07,3813.8772935963084
Ohio,2020-03-14,4244.521956980528
Ohio,2020-03-21,150775.8597579986
Ohio,2020-03-28,205065.66235086773
Ohio,2020-04-04,173223.7222267045
Ohio,2020-04-11,165867.3982068013
Ohio,2020-04-18,135183.17656392
Ohio,2020-04-25,137824.80605010322
Ohio,2020-05-02,100821.19203184114
Ohio,2020-05-09,75808.51106890292
Ohio,2020-05-16,63773.32893037649
Ohio,2020-05-23,61261.103884197604
Ohio,2020-05-30,47668.89349708808
Ohio,2020-06-06,37060.92760425967
Ohio,2020-06-13,32064.945179438684
Ohio,2020-06-20,36593.85130791852
Ohio,2020-06-27,35186.171061470995
Ohio,2020-07-04,32429.980909934675
Ohio,2020-07-11,30450.450097216133
Ohio,2020-07-18,26752.81557156378
Ohio,2020-07-25,27703.204345943956
Ohio,2020-08-01,30803.609949522186
Ohio,2020-08-08,22755.579408128695
Ohio,2020-08-15,24340.75886587531
Ohio,2020-08-22,25166.066277115642
Ohio,2020-08-29,25793.649287560405
Ohio,2020-09-05,24835.514823631915
Ohio,2020-09-12,28741.163810896633
Ohio,2020-09-19,26251.341093702376
Ohio,2020-09-26,24818.843775622245
Ohio,2020-10-03,27805.122763101743
Ohio,2020-10-10,24342.845390914725
Ohio,2020-10-17,26281.10937096642
Ohio,2020-10-24,30387.282765408254
Ohio,2020-10-31,35072.283577032096
Ohio,2020-11-07,29437.375211025254
Ohio,2020-11-14,35075.724767281856
Ohio,2020-11-21,37083.32902720753
Ohio,2020-11-28,32524.366196202278
Ohio,2020-12-05,35028.56030966077
Ohio,2020-12-12,37445.728612101346
Ohio,2020-12-19,31945.594000588662
Ohio,2020-12-26,24994.125409161024
Ohio,2021-01-02,25196.338089872123
Ohio,2021-01-09,28233.138512714202
Ohio,2021-01-16,32365.884348388652
Ohio,2021-01-23,40882.46489548326
Ohio,2021-01-30,44108.24232185401
Ohio,2021-02-06,82997.26688724302
Ohio,2021-02-13,77093.75713907904
Ohio,2021-02-20,65481.56064456494
Ohio,2021-02-27,74998.54556079223
Ohio,2021-03-06,74699.55049972468
Ohio,2021-03-13,69399.68096138827
Ohio,2021-03-20,53300.62472747469
Ohio,2021-03-27,40759.23766276544
Ohio,2021-04-03,34584.8565847358
Ohio,2021-04-10,24288.183513162232
Ohio,2021-04-17,27522.8171824257
Ohio,2021-04-24,31719.186605896142
Ohio,2021-05-01,30657.76224924511
Ohio,2021-05-08,29114.60012115561
Ohio,2021-05-15,23920.953066937716
Ohio,2021-05-22,19757.515383063237
Ohio,2021-05-29,19047.71178461591
Ohio,2021-06-05,16719.500658290806
Ohio,2021-06-12,15431.974642541552
Ohio,2021-06-19,13615.658666509224
Ohio,2021-06-26,10307.713547920897
Ohio,2021-07-03,10479.871144282384
Ohio,2021-07-10,8494.570626957504
Ohio,2021-07-17,11159.07002955356
Ohio,2021-07-24,10523.895876902912
Ohio,2021-07-31,12730.660683304159
Ohio,2021-08-07,11460.93384444709
Ohio,2021-08-14,10858.035671948148
Ohio,2021-08-21,10791.483422968498
Ohio,2021-08-28,18885.764408066247
Ohio,2021-09-04,18654.1029556178
Ohio,2021-09-11,15652.744968890147
Ohio,2021-09-18,19486.038940356884
Ohio,2021-09-25,14104.849053183501
Ohio,2021-10-02,13816.015437563543
Ohio,2021-10-09,11957.506229861323
Ohio,2021-10-16,11271.83113137652
Ohio,2021-10-23,12198.454331255034
Ohio,2021-10-30,12141.353449230612
Ohio,2021-11-06,15081.706068908221
Ohio,2021-11-13,11114.86490945783
Ohio,2021-11-20,8869.88825629247
Ohio,2021-11-27,8805.902501044762
Ohio,2021-12-04,8966.841477009084
Ohio,2021-12-11,8914.20900057165
Ohio,2021-12-18,9586.75383502903
Ohio,2021-12-25,10380.747098192385
Ohio,2022-01-01,10474.882127250208
Ohio,2022-01-08,13220.081089574654
Ohio,2022-01-15,11600.535106450368
Ohio,2022-01-22,12404.061336134084
Ohio,2022-01-29,9522.458621334159
Ohio,2022-02-05,5746.500875606549
Ohio,2022-02-12,7926.369179303344
Ohio,2022-02-19,8297.21096423985
Ohio,2022-02-26,6727.127935261342
Ohio,2022-03-05,6949.472972258147
Ohio,2022-03-12,8116.1572986657175
Ohio,2022-03-19,9679.01311030212
Ohio,2022-03-26,12098.132430736092
Ohio,2022-04-02,13548.288260419862
Ohio,2022-04-09,14372.599485584664
Ohio,2022-04-16,13419.85044228735
Ohio,2022-04-23,12212.939682897852
Ohio,2022-04-30,10290.854996858443
Ohio,2022-05-07,10225.219336949607
Ohio,2022-05-14,11211.202868413427
Ohio,2022-05-21,11967.318872692225
Ohio,2022-05-28,11998.440870820283
Ohio,2022-06-04,9770.89709817706
Ohio,2022-06-11,10938.643508381234
Ohio,2022-06-18,11425.16319941629
Ohio,2022-06-25,13219.314322866037
Ohio,2022-07-02,11975.489018683676
Ohio,2022-07-09,12578.711794907987
Ohio,2022-07-16,9826.195820992742
Ohio,2022-07-23,9155.641119398579
Ohio,2022-07-30,9013.411842016072
Ohio,2022-08-06,8537.931402679777
Ohio,2022-08-13,6993.197286705703
Ohio,2022-08-20,8326.289921752876
Ohio,2022-08-27,8276.000477023721
Ohio,2022-09-03,9179.417224129382
Ohio,2022-09-10,10460.906034378255
Ohio,2022-09-17,9581.195113115395
Ohio,2022-09-24,11063.439180963558
Ohio,2022-10-01,10827.196027104554
Ohio,2022-10-08,8825.720693883048
Ohio,2022-10-15,8874.39191990021
Ohio,2022-10-22,11103.012398391622
Ohio,2022-10-29,10579.33679200411
Ohio,2022-11-05,10039.708409103256
Ohio,2022-11-12,10757.135444367366
Ohio,2022-11-19,12375.845749261458
Ohio,2022-11-26,12473.175202862285
Ohio,2022-12-03,12606.159911292978
Ohio,2022-12-10,12778.919712446377
Ohio,2022-12-17,11572.588738082311
Ohio,2022-12-24,11550.164371162746
Ohio,2022-12-31,11697.149486652603
Ohio,2023-01-07,10630.814549664827
Ohio,2023-01-14,10131.274496030494
Ohio,2023-01-21,7410.876801181157
Ohio,2023-01-28,7341.074018519816
Ohio,2023-02-04,6786.270747208023
Ohio,2023-02-11,6994.7494933702765
Ohio,2023-02-18,8227.783615968532
Ohio,2023-02-25,7172.740258477839
Ohio,2023-03-04,7420.307632796851
Ohio,2023-03-11,9117.348824709095
Ohio,2023-03-18,11385.628499215887
Ohio,2023-03-25,11781.885364971578
Ohio,2023-04-01,10158.727249701515
Ohio,2023-04-08,10543.376674430707
Ohio,2023-04-15,11137.872755412109
Ohio,2023-04-22,8559.659799455656
Ohio,2023-04-29,8703.610312830562
Ohio,2023-05-06,9157.432527642724
Ohio,2023-05-13,10779.741012241635
Ohio,2023-05-20,11817.673428089605
Ohio,2023-05-27,14098.54182759125
Ohio,2023-06-03,17242.33745611583
Ohio,2023-06-10,16786.845111597
Ohio,2023-06-17,16727.41993052784
Ohio,2023-06-24,17952.748097011117
Ohio,2023-07-01,20465.99664413101
Ohio,2023-07-08,19705.08661132555
Ohio,2023-07-15,19807.746516625684
Ohio,2023-07-22,21213.880481595366
Ohio,2023-07-29,21887.180100820027
Ohio,2023-08-05,25820.034867949766
Ohio,2023-08-12,26763.97783606062
Ohio,2023-08-19,23738.363302882208
Ohio,2023-08-26,18372.03425397382
Ohio,2023-09-02,14579.397554063062
Ohio,2023-09-09,12621.539478727187
Ohio,2023-09-16,10531.260693291999
Ohio,2023-09-23,11716.748386031693
Ohio,2023-09-30,10378.052421239274
Ohio,2023-10-07,7404.054891366595
Ohio,2023-10-14,8678.075557670141
Ohio,2023-10-21,10767.814078240986
Ohio,2023-10-28,9744.947242192264
Ohio,2023-11-04,8681.576486898672
Ohio,2023-11-11,9724.630007870968
Ohio,2023-11-18,9282.498315009661
Ohio,2023-11-25,10170.741304210811
Ohio,2023-12-02,9034.254096855571
Ohio,2023-12-09,8112.964683791563
Ohio,2023-12-16,9859.460125277958
Ohio,2023-12-23,10695.656942471496
Ohio,2023-12-30,10218.053410260662
Ohio,2024-01-06,7951.558898116777
Ohio,2024-01-13,8514.485668580754
Ohio,2024-01-20,7827.861263736585
Ohio,2024-01-27,9049.287246601069
Ohio,2024-02-03,3379.842861040924
Ohio,2024-02-10,2814.781144498952
Ohio,2024-02-17,4039.643116082995
Ohio,2024-02-24,3642.6940332208933
Ohio,2024-03-02,3291.763610622696
Ohio,2024-03-09,2527.6772823574074
Ohio,2024-03-16,3270.372783976069
Ohio,2024-03-23,3770.2930322705547
Ohio,2024-03-30,4769.58562466197
Ohio,2024-04-06,5932.276122336937
Ohio,2024-04-13,5590.476080791446
Ohio,2024-04-20,6906.038957413904
Ohio,2024-04-27,8247.769380847349
Ohio,2024-05-04,8297.109731557151
Ohio,2024-05-11,7749.98047016463
Ohio,2024-05-18,7473.638839096239
Ohio,2024-05-25,6317.973622699975
Ohio,2024-06-01,6499.579016099315
Ohio,2024-06-08,6184.015926617366
Ohio,2024-06-15,6242.388039237082
Ohio,2024-06-22,5058.796095680516
Ohio,2024-06-29,5647.874934678211
Ohio,2024-07-06,6385.1977584040205
Ohio,2024-07-13,8047.559045992707
Ohio,2024-07-20,7680.615036886681
Ohio,2024-07-27,6377.157414007434
Ohio,2024-08-03,5924.829847793592
Ohio,2024-08-10,6106.735658813431
Ohio,2024-08-17,6542.64991793216
Ohio,2024-08-24,6604.317061166814
Ohio,2024-08-31,7709.9413968076515
Ohio,2024-09-07,7947.480289205493
Ohio,2024-09-14,7514.0194551487175
Ohio,2024-09-21,7765.125477575171
Ohio,2024-09-28,7786.1506159635555
Ohio,2024-10-05,11957.506229861323
Ohio,2024-10-12,10871.762181074333
Ohio,2024-10-19,9465.03297827409
Ohio,2024-10-26,10157.214519756777
Ohio,2024-11-02,10863.713350045564
Ohio,2024-11-09,10928.284443351824
Ohio,2024-11-16,8184.660837351421
Ohio,2024-11-23,9543.336845808579
Ohio,2024-11-30,7073.509896749192
Ohio,2024-12-07,10323.462098538092
Ohio,2024-12-14,8857.82837500276
Ohio,2024-12-21,8101.77144827166
Ohio,2024-12-28,10534.215494211488
Ohio,2025-01-04,7103.846342264289
Ohio,2025-01-11,10492.568088756692
Ohio,2025-01-18,7052.760733339438
Ohio,2025-01-25,6709.256490854773
Ohio,2025-02-01,4468.647334541784
Ohio,2025-02-08,3391.4731279127805
Ohio,2025-02-15,3885.3601199245104
Ohio,2025-02-22,4138.717806410206
Ohio,2025-03-01,3816.2081582524406
Ohio,2025-03-08,3543.9288494062507
Ohio,2025-03-15,4199.717797740992
Ohio,2025-03-22,4283.166524266906
Ohio,2025-03-29,4696.831829809226
Ohio,2025-04-05,6445.546064125654
Ohio,2025-04-12,7029.32824689563
Oklahoma,2020-01-04,3512.735719368641
Oklahoma,2020-01-11,1559.7456396845616
Oklahoma,2020-01-18,1814.4561678865318
Oklahoma,2020-01-25,1917.0357294449796
Oklahoma,2020-02-01,1741.2015157291382
Oklahoma,2020-02-08,1873.664413331218
Oklahoma,2020-02-15,1710.3813579910357
Oklahoma,2020-02-22,1132.4836331667532
Oklahoma,2020-02-29,1654.7444908029847
Oklahoma,2020-03-07,1857.1731704807326
Oklahoma,2020-03-14,1899.251581190228
Oklahoma,2020-03-21,21183.500101296777
Oklahoma,2020-03-28,39409.062630595145
Oklahoma,2020-04-04,46542.69211580839
Oklahoma,2020-04-11,38095.06560446039
Oklahoma,2020-04-18,34820.63409208265
Oklahoma,2020-04-25,37541.082985298905
Oklahoma,2020-05-02,75591.29704645973
Oklahoma,2020-05-09,33191.517037812126
Oklahoma,2020-05-16,29439.845905646274
Oklahoma,2020-05-23,35159.9736869946
Oklahoma,2020-05-30,39169.570332459705
Oklahoma,2020-06-06,64599.91159227147
Oklahoma,2020-06-13,66444.6544804539
Oklahoma,2020-06-20,52584.108659914156
Oklahoma,2020-06-27,17157.4719438227
Oklahoma,2020-07-04,8706.718644789631
Oklahoma,2020-07-11,8426.643235993346
Oklahoma,2020-07-18,9768.568054245383
Oklahoma,2020-07-25,9494.055714632394
Oklahoma,2020-08-01,6568.463695565274
Oklahoma,2020-08-08,6026.310928045003
Oklahoma,2020-08-15,5908.327013990563
Oklahoma,2020-08-22,6745.812096061428
Oklahoma,2020-08-29,7851.449784005184
Oklahoma,2020-09-05,6479.48565050733
Oklahoma,2020-09-12,7264.138239234772
Oklahoma,2020-09-19,8004.95361700625
Oklahoma,2020-09-26,8325.38434855745
Oklahoma,2020-10-03,8002.326696962501
Oklahoma,2020-10-10,7454.037724633232
Oklahoma,2020-10-17,7245.79014412205
Oklahoma,2020-10-24,6590.559280472871
Oklahoma,2020-10-31,7132.121895761946
Oklahoma,2020-11-07,6725.284209003425
Oklahoma,2020-11-14,7531.172407723902
Oklahoma,2020-11-21,6663.494471961117
Oklahoma,2020-11-28,5538.40432189781
Oklahoma,2020-12-05,7025.801127350891
Oklahoma,2020-12-12,6812.0773935643665
Oklahoma,2020-12-19,4623.547381332553
Oklahoma,2020-12-26,5337.963227844827
Oklahoma,2021-01-02,7231.962529274413
Oklahoma,2021-01-09,5380.892405932433
Oklahoma,2021-01-16,6543.3997291173055
Oklahoma,2021-01-23,6551.4434163655205
Oklahoma,2021-01-30,7504.098943842217
Oklahoma,2021-02-06,7867.205504605306
Oklahoma,2021-02-13,7094.992846926684
Oklahoma,2021-02-20,4488.657793220908
Oklahoma,2021-02-27,8163.633142898401
Oklahoma,2021-03-06,8375.626102180791
Oklahoma,2021-03-13,7151.158050527259
Oklahoma,2021-03-20,6660.542264815286
Oklahoma,2021-03-27,7496.504415446236
Oklahoma,2021-04-03,10650.367912052365
Oklahoma,2021-04-10,12584.146687532784
Oklahoma,2021-04-17,12494.743550773876
Oklahoma,2021-04-24,12420.020388031557
Oklahoma,2021-05-01,8838.106914618826
Oklahoma,2021-05-08,8047.53509386806
Oklahoma,2021-05-15,7609.988875849474
Oklahoma,2021-05-22,6724.101661327603
Oklahoma,2021-05-29,8253.532426287802
Oklahoma,2021-06-05,7444.509644183854
Oklahoma,2021-06-12,8318.611479912923
Oklahoma,2021-06-19,8218.70607942732
Oklahoma,2021-06-26,8605.304184375296
Oklahoma,2021-07-03,6255.384190303067
Oklahoma,2021-07-10,6778.746991599193
Oklahoma,2021-07-17,4344.881873707279
Oklahoma,2021-07-24,3959.490245947844
Oklahoma,2021-07-31,3511.330342931172
Oklahoma,2021-08-07,4066.9916198059996
Oklahoma,2021-08-14,3589.4820115479934
Oklahoma,2021-08-21,3499.723755641367
Oklahoma,2021-08-28,3490.6927433124893
Oklahoma,2021-09-04,2630.2668196545965
Oklahoma,2021-09-11,4458.9554774430735
Oklahoma,2021-09-18,3198.1513254546503
Oklahoma,2021-09-25,3309.253192941246
Oklahoma,2021-10-02,3200.9306787850005
Oklahoma,2021-10-09,3292.3909168828395
Oklahoma,2021-10-16,3001.572343197044
Oklahoma,2021-10-23,4523.370895989556
Oklahoma,2021-10-30,3049.835286740117
Oklahoma,2021-11-06,3039.166465813628
Oklahoma,2021-11-13,2981.1570293025757
Oklahoma,2021-11-20,3789.7625399326334
Oklahoma,2021-11-27,2683.959846477448
Oklahoma,2021-12-04,2405.721786797192
Oklahoma,2021-12-11,2274.9792163895345
Oklahoma,2021-12-18,2407.9683006134637
Oklahoma,2021-12-25,1869.5072962557315
Oklahoma,2022-01-01,2179.495556767631
Oklahoma,2022-01-08,2116.46900960147
Oklahoma,2022-01-15,2051.681885949435
Oklahoma,2022-01-22,2242.827047399837
Oklahoma,2022-01-29,2034.8274037104431
Oklahoma,2022-02-05,1878.034476102836
Oklahoma,2022-02-12,1822.4516613009198
Oklahoma,2022-02-19,1201.5283609675093
Oklahoma,2022-02-26,1633.1806051203669
Oklahoma,2022-03-05,1840.6018356262198
Oklahoma,2022-03-12,1925.1128499972847
Oklahoma,2022-03-19,2184.433719284503
Oklahoma,2022-03-26,2431.700287150915
Oklahoma,2022-04-02,2085.1716558970556
Oklahoma,2022-04-09,1353.720508254902
Oklahoma,2022-04-16,1325.832778304843
Oklahoma,2022-04-23,1378.6515808696436
Oklahoma,2022-04-30,1799.5052340505672
Oklahoma,2022-05-07,1455.7757415187182
Oklahoma,2022-05-14,1663.914735695917
Oklahoma,2022-05-21,1462.2508158245912
Oklahoma,2022-05-28,1667.9635173703773
Oklahoma,2022-06-04,1644.0583756407818
Oklahoma,2022-06-11,1500.8612195245194
Oklahoma,2022-06-18,1418.3794685705266
Oklahoma,2022-06-25,1164.340258507718
Oklahoma,2022-07-02,1616.0512479822842
Oklahoma,2022-07-09,1835.058258416733
Oklahoma,2022-07-16,2649.0529220896224
Oklahoma,2022-07-23,2638.5966425454203
Oklahoma,2022-07-30,3456.6676854555944
Oklahoma,2022-08-06,2709.5616393548567
Oklahoma,2022-08-13,3580.4767882375368
Oklahoma,2022-08-20,3117.045760746062
Oklahoma,2022-08-27,2011.4529933437439
Oklahoma,2022-09-03,3412.4767656488925
Oklahoma,2022-09-10,2269.0696286959223
Oklahoma,2022-09-17,2186.115415465086
Oklahoma,2022-09-24,1534.290116727305
Oklahoma,2022-10-01,1427.4046409287782
Oklahoma,2022-10-08,1450.1075016643206
Oklahoma,2022-10-15,1390.9390593131773
Oklahoma,2022-10-22,1675.5659187642893
Oklahoma,2022-10-29,1644.43432363419
Oklahoma,2022-11-05,1645.9644126733212
Oklahoma,2022-11-12,1518.3026226918478
Oklahoma,2022-11-19,1573.927902359002
Oklahoma,2022-11-26,1756.4609018614067
Oklahoma,2022-12-03,1504.7151895639633
Oklahoma,2022-12-10,1638.3965639798005
Oklahoma,2022-12-17,1317.4671924564093
Oklahoma,2022-12-24,1533.165745226749
Oklahoma,2022-12-31,1449.0184041160485
Oklahoma,2023-01-07,1328.9278237823723
Oklahoma,2023-01-14,1357.4073906147603
Oklahoma,2023-01-21,1272.7860170905192
Oklahoma,2023-01-28,1248.8887768804836
Oklahoma,2023-02-04,1308.8338000995911
Oklahoma,2023-02-11,1420.2554326000272
Oklahoma,2023-02-18,1296.0896186076757
Oklahoma,2023-02-25,1292.6981996053494
Oklahoma,2023-03-04,993.0964244954331
Oklahoma,2023-03-11,1356.164936242042
Oklahoma,2023-03-18,1268.5366976649943
Oklahoma,2023-03-25,945.1109398465029
Oklahoma,2023-04-01,783.4771081707595
Oklahoma,2023-04-08,851.6692040570612
Oklahoma,2023-04-15,866.4891385771809
Oklahoma,2023-04-22,798.7312322776929
Oklahoma,2023-04-29,1097.4163910563414
Oklahoma,2023-05-06,1271.468077627492
Oklahoma,2023-05-13,1255.419266191734
Oklahoma,2023-05-20,1388.2535248147658
Oklahoma,2023-05-27,1060.0748297873188
Oklahoma,2023-06-03,1232.4188228954467
Oklahoma,2023-06-10,1096.4516167701317
Oklahoma,2023-06-17,1156.4143801311884
Oklahoma,2023-06-24,1182.0524001503495
Oklahoma,2023-07-01,1318.5278049575297
Oklahoma,2023-07-08,1869.0085772394334
Oklahoma,2023-07-15,1321.0655856333465
Oklahoma,2023-07-22,1519.7721089066529
Oklahoma,2023-07-29,1331.781109404973
Oklahoma,2023-08-05,1544.990563230106
Oklahoma,2023-08-12,1224.710370222095
Oklahoma,2023-08-19,1288.2009246766381
Oklahoma,2023-08-26,1881.0085709479108
Oklahoma,2023-09-02,1290.5973387484307
Oklahoma,2023-09-09,1546.0308511309174
Oklahoma,2023-09-16,1554.1453930698553
Oklahoma,2023-09-23,1814.547444550559
Oklahoma,2023-09-30,1810.9071487243862
Oklahoma,2023-10-07,1777.594604735352
Oklahoma,2023-10-14,1694.3917070014422
Oklahoma,2023-10-21,1696.5926283330962
Oklahoma,2023-10-28,2069.222524572969
Oklahoma,2023-11-04,1999.5308084486692
Oklahoma,2023-11-11,1968.411670879764
Oklahoma,2023-11-18,1586.4919131906051
Oklahoma,2023-11-25,1908.176580828955
Oklahoma,2023-12-02,1928.4502770111962
Oklahoma,2023-12-09,1706.5559186822568
Oklahoma,2023-12-16,2088.797244567497
Oklahoma,2023-12-23,1927.863085866438
Oklahoma,2023-12-30,1415.59788079212
Oklahoma,2024-01-06,1840.407834436061
Oklahoma,2024-01-13,1568.9870851032958
Oklahoma,2024-01-20,1474.9651951139515
Oklahoma,2024-01-27,1397.6592267910114
Oklahoma,2024-02-03,1324.1290198002541
Oklahoma,2024-02-10,1347.9857977553356
Oklahoma,2024-02-17,2318.2517845275684
Oklahoma,2024-02-24,1300.6427890673665
Oklahoma,2024-03-02,1401.4614619816361
Oklahoma,2024-03-09,1162.7226455652594
Oklahoma,2024-03-16,1154.5326380119332
Oklahoma,2024-03-23,1150.6416158480567
Oklahoma,2024-03-30,884.198895384076
Oklahoma,2024-04-06,868.4508632503038
Oklahoma,2024-04-13,862.0150122161972
Oklahoma,2024-04-20,885.9695584530541
Oklahoma,2024-04-27,998.3832171018807
Oklahoma,2024-05-04,1199.2738314028181
Oklahoma,2024-05-11,1145.3719953123746
Oklahoma,2024-05-18,1315.0605521854823
Oklahoma,2024-05-25,1161.2814842835376
Oklahoma,2024-06-01,1150.757535103862
Oklahoma,2024-06-08,1178.7442684934083
Oklahoma,2024-06-15,1171.6657722663554
Oklahoma,2024-06-22,1222.137773341568
Oklahoma,2024-06-29,1896.9429457447852
Oklahoma,2024-07-06,1057.6830094764375
Oklahoma,2024-07-13,1419.947740246621
Oklahoma,2024-07-20,1315.5759963033797
Oklahoma,2024-07-27,1173.756335975577
Oklahoma,2024-08-03,1408.2938673064548
Oklahoma,2024-08-10,1158.972240055762
Oklahoma,2024-08-17,1390.5450395904986
Oklahoma,2024-08-24,1562.7241803020784
Oklahoma,2024-08-31,1357.3354520829503
Oklahoma,2024-09-07,1439.5870813637173
Oklahoma,2024-09-14,1733.8664716997343
Oklahoma,2024-09-21,1887.3826822899357
Oklahoma,2024-09-28,1953.509164258493
Oklahoma,2024-10-05,1898.8861243912897
Oklahoma,2024-10-12,2062.379533157347
Oklahoma,2024-10-19,1654.5392091954827
Oklahoma,2024-10-26,1840.268884066983
Oklahoma,2024-11-02,1843.0588715948982
Oklahoma,2024-11-09,2128.232999584169
Oklahoma,2024-11-16,1588.776278796351
Oklahoma,2024-11-23,2188.1467512948425
Oklahoma,2024-11-30,1296.2648642875022
Oklahoma,2024-12-07,1649.9707940236137
Oklahoma,2024-12-14,1121.531627494857
Oklahoma,2024-12-21,1641.389209595696
Oklahoma,2024-12-28,1421.5658313856784
Oklahoma,2025-01-04,1144.8870403387662
Oklahoma,2025-01-11,1329.0135788002815
Oklahoma,2025-01-18,1661.4309655189822
Oklahoma,2025-01-25,1312.5077192764331
Oklahoma,2025-02-01,1453.0458715629852
Oklahoma,2025-02-08,1400.3550983674309
Oklahoma,2025-02-15,939.6086870276838
Oklahoma,2025-02-22,1389.168214501271
Oklahoma,2025-03-01,1487.8691365801662
Oklahoma,2025-03-08,1310.6491031416226
Oklahoma,2025-03-15,1284.9610113438252
Oklahoma,2025-03-22,1115.1483665787123
Oklahoma,2025-03-29,921.8734570134844
Oklahoma,2025-04-05,1183.1069731236023
Oklahoma,2025-04-12,1900.0123279644208
Oregon,2020-01-04,4236.116942449533
Oregon,2020-01-11,3792.1730030795907
Oregon,2020-01-18,2907.3403237646153
Oregon,2020-01-25,3957.9285075147613
Oregon,2020-02-01,3311.2041050789353
Oregon,2020-02-08,4335.614367355103
Oregon,2020-02-15,4157.7418969249275
Oregon,2020-02-22,3629.3762640559457
Oregon,2020-02-29,4136.655311281367
Oregon,2020-03-07,4309.682842028056
Oregon,2020-03-14,4342.076905068874
Oregon,2020-03-21,33459.87136389879
Oregon,2020-03-28,46359.37352634633
Oregon,2020-04-04,57259.805602206274
Oregon,2020-04-11,47122.999131929144
Oregon,2020-04-18,32536.67946230381
Oregon,2020-04-25,43090.06105382504
Oregon,2020-05-02,48091.789650418265
Oregon,2020-05-09,33854.627575375845
Oregon,2020-05-16,24519.778147668876
Oregon,2020-05-23,32414.05623386998
Oregon,2020-05-30,24355.511620127727
Oregon,2020-06-06,30022.61543659875
Oregon,2020-06-13,28101.235584825306
Oregon,2020-06-20,18210.38818768894
Oregon,2020-06-27,10705.997786489062
Oregon,2020-07-04,9716.585025502982
Oregon,2020-07-11,11887.75032372668
Oregon,2020-07-18,10342.281166730185
Oregon,2020-07-25,11887.854956594625
Oregon,2020-08-01,9421.602635498857
Oregon,2020-08-08,7645.792747880262
Oregon,2020-08-15,6624.520799627199
Oregon,2020-08-22,6503.316498248631
Oregon,2020-08-29,6544.454712146984
Oregon,2020-09-05,7139.941059932279
Oregon,2020-09-12,7270.9207969491545
Oregon,2020-09-19,8792.608596263886
Oregon,2020-09-26,7463.211833280288
Oregon,2020-10-03,6205.72417326645
Oregon,2020-10-10,6038.580662028248
Oregon,2020-10-17,6739.450077453045
Oregon,2020-10-24,5122.167410184933
Oregon,2020-10-31,4199.335902866017
Oregon,2020-11-07,5761.257140460669
Oregon,2020-11-14,7674.279627141425
Oregon,2020-11-21,8369.753894743382
Oregon,2020-11-28,14325.130268160912
Oregon,2020-12-05,9729.257920003625
Oregon,2020-12-12,9488.8705085014
Oregon,2020-12-19,9108.633105983461
Oregon,2020-12-26,7871.271914052155
Oregon,2021-01-02,8082.314273574399
Oregon,2021-01-09,7868.682710814868
Oregon,2021-01-16,7552.195069606281
Oregon,2021-01-23,7916.745040272403
Oregon,2021-01-30,6329.019014776881
Oregon,2021-02-06,7744.231840902605
Oregon,2021-02-13,7457.537053214553
Oregon,2021-02-20,7690.476853204488
Oregon,2021-02-27,8581.24761600924
Oregon,2021-03-06,7381.654651186717
Oregon,2021-03-13,6956.070263238705
Oregon,2021-03-20,8808.627877526029
Oregon,2021-03-27,9555.31320945999
Oregon,2021-04-03,8649.889407799683
Oregon,2021-04-10,7234.085299397855
Oregon,2021-04-17,6406.07685615947
Oregon,2021-04-24,9955.289967607854
Oregon,2021-05-01,10986.555353845553
Oregon,2021-05-08,9690.707575058963
Oregon,2021-05-15,9619.786362790352
Oregon,2021-05-22,9517.328334660122
Oregon,2021-05-29,7735.968971683652
Oregon,2021-06-05,7548.529309626306
Oregon,2021-06-12,6442.360765034002
Oregon,2021-06-19,5832.15824224129
Oregon,2021-06-26,5784.7771871793075
Oregon,2021-07-03,6571.3537903309825
Oregon,2021-07-10,5696.742300612811
Oregon,2021-07-17,4815.599199678249
Oregon,2021-07-24,5448.442390640586
Oregon,2021-07-31,5722.895126634976
Oregon,2021-08-07,7076.912857031062
Oregon,2021-08-14,7109.36533741761
Oregon,2021-08-21,8827.19182303041
Oregon,2021-08-28,6791.4394128596105
Oregon,2021-09-04,6981.518496245947
Oregon,2021-09-11,6845.62338980038
Oregon,2021-09-18,8662.711585344532
Oregon,2021-09-25,8073.223396509367
Oregon,2021-10-02,6180.3831943375035
Oregon,2021-10-09,5665.360193706787
Oregon,2021-10-16,5908.152270542538
Oregon,2021-10-23,4986.450896777516
Oregon,2021-10-30,4575.395834465959
Oregon,2021-11-06,5892.165345452014
Oregon,2021-11-13,5582.017489679579
Oregon,2021-11-20,3732.1839011978814
Oregon,2021-11-27,3338.2744532270112
Oregon,2021-12-04,3722.353677639932
Oregon,2021-12-11,3668.050574052768
Oregon,2021-12-18,4061.202266823344
Oregon,2021-12-25,3496.9936485101925
Oregon,2022-01-01,4628.5603053038085
Oregon,2022-01-08,5778.868948055801
Oregon,2022-01-15,3865.449267784798
Oregon,2022-01-22,4472.983148384979
Oregon,2022-01-29,3135.8528883047156
Oregon,2022-02-05,3743.8769733853783
Oregon,2022-02-12,3709.3579668643965
Oregon,2022-02-19,3537.4540991438857
Oregon,2022-02-26,3499.7617343920106
Oregon,2022-03-05,4003.626886708298
Oregon,2022-03-12,3377.8490048568124
Oregon,2022-03-19,3508.087265177517
Oregon,2022-03-26,3420.9778140099347
Oregon,2022-04-02,3289.4202523915083
Oregon,2022-04-09,2940.600850906921
Oregon,2022-04-16,3098.981214609495
Oregon,2022-04-23,3261.90888139706
Oregon,2022-04-30,3196.1251725277975
Oregon,2022-05-07,3287.0991826044146
Oregon,2022-05-14,3239.581547187655
Oregon,2022-05-21,3523.712777005477
Oregon,2022-05-28,3549.4027875284605
Oregon,2022-06-04,3869.8156587324734
Oregon,2022-06-11,3827.788511189229
Oregon,2022-06-18,3734.0583373674567
Oregon,2022-06-25,3510.649207164033
Oregon,2022-07-02,4002.9361687777437
Oregon,2022-07-09,4092.1548113434624
Oregon,2022-07-16,3906.8802476763453
Oregon,2022-07-23,3997.965025755036
Oregon,2022-07-30,4315.1587603411945
Oregon,2022-08-06,4032.7002179826563
Oregon,2022-08-13,4285.114256972687
Oregon,2022-08-20,4009.032064914141
Oregon,2022-08-27,4220.495041192951
Oregon,2022-09-03,4205.026496467385
Oregon,2022-09-10,4013.838874585587
Oregon,2022-09-17,3841.240180043776
Oregon,2022-09-24,3955.320178634604
Oregon,2022-10-01,4565.5997036985245
Oregon,2022-10-08,4846.80547165938
Oregon,2022-10-15,4238.487797819222
Oregon,2022-10-22,3506.0099296916082
Oregon,2022-10-29,4848.039284875917
Oregon,2022-11-05,4361.446631642329
Oregon,2022-11-12,5095.4140648072735
Oregon,2022-11-19,4754.121561403683
Oregon,2022-11-26,4199.403876672505
Oregon,2022-12-03,3672.9446359589638
Oregon,2022-12-10,4156.8217135866225
Oregon,2022-12-17,4182.816411206906
Oregon,2022-12-24,4550.020949409891
Oregon,2022-12-31,4547.800256356305
Oregon,2023-01-07,3467.565434674387
Oregon,2023-01-14,4109.462032553984
Oregon,2023-01-21,4082.2520415179174
Oregon,2023-01-28,3683.05785271298
Oregon,2023-02-04,4119.402627250781
Oregon,2023-02-11,4640.0943065354995
Oregon,2023-02-18,4386.443082938418
Oregon,2023-02-25,4630.615676195555
Oregon,2023-03-04,5894.948942802941
Oregon,2023-03-11,4626.86995576442
Oregon,2023-03-18,4688.211829153451
Oregon,2023-03-25,3827.00542331896
Oregon,2023-04-01,4535.150239851115
Oregon,2023-04-08,5243.179379787943
Oregon,2023-04-15,4259.350309357464
Oregon,2023-04-22,3441.08662005901
Oregon,2023-04-29,4003.651482534821
Oregon,2023-05-06,4372.490354280773
Oregon,2023-05-13,4287.497636085012
Oregon,2023-05-20,4045.491131958115
Oregon,2023-05-27,4962.29485476952
Oregon,2023-06-03,4581.548136644334
Oregon,2023-06-10,4783.310337932326
Oregon,2023-06-17,4998.5132133714205
Oregon,2023-06-24,4951.822826122409
Oregon,2023-07-01,4866.277717500285
Oregon,2023-07-08,4799.553596935326
Oregon,2023-07-15,6197.015005636299
Oregon,2023-07-22,5738.790340095483
Oregon,2023-07-29,5480.717849268888
Oregon,2023-08-05,6028.48132265609
Oregon,2023-08-12,5405.446935678988
Oregon,2023-08-19,4902.733167546135
Oregon,2023-08-26,6109.352130580701
Oregon,2023-09-02,5421.875670989126
Oregon,2023-09-09,5242.812164994145
Oregon,2023-09-16,4389.209083249793
Oregon,2023-09-23,4604.351671281321
Oregon,2023-09-30,4954.161380609037
Oregon,2023-10-07,4674.744509992536
Oregon,2023-10-14,4473.17391337559
Oregon,2023-10-21,7872.688748575253
Oregon,2023-10-28,6848.469198803385
Oregon,2023-11-04,5219.478628714311
Oregon,2023-11-11,3532.1839887188594
Oregon,2023-11-18,5173.031544430193
Oregon,2023-11-25,2931.0086977663177
Oregon,2023-12-02,5281.208942674474
Oregon,2023-12-09,4672.797183706777
Oregon,2023-12-16,4252.944275486479
Oregon,2023-12-23,5035.813734085464
Oregon,2023-12-30,3667.6419104049946
Oregon,2024-01-06,3678.6823870582225
Oregon,2024-01-13,5124.268060152888
Oregon,2024-01-20,4219.895954164269
Oregon,2024-01-27,6966.287639162565
Oregon,2024-02-03,4944.858784815057
Oregon,2024-02-10,4569.245763473987
Oregon,2024-02-17,4839.856907617007
Oregon,2024-02-24,4059.9338077946954
Oregon,2024-03-02,2904.937881001097
Oregon,2024-03-09,5101.864079603062
Oregon,2024-03-16,3746.338828093413
Oregon,2024-03-23,4201.800139604214
Oregon,2024-03-30,4146.65757904746
Oregon,2024-04-06,4665.592189753671
Oregon,2024-04-13,5947.000914379
Oregon,2024-04-20,4447.978107564212
Oregon,2024-04-27,3358.030200029206
Oregon,2024-05-04,3651.2239782495167
Oregon,2024-05-11,3817.706228438185
Oregon,2024-05-18,3733.335522226624
Oregon,2024-05-25,3783.897866584395
Oregon,2024-06-01,3771.8146290716318
Oregon,2024-06-08,4234.854492271908
Oregon,2024-06-15,4483.779370042374
Oregon,2024-06-22,4757.689949779642
Oregon,2024-06-29,5053.225452207342
Oregon,2024-07-06,4898.000773696316
Oregon,2024-07-13,4821.711658996647
Oregon,2024-07-20,4240.342444430428
Oregon,2024-07-27,4623.3843860798515
Oregon,2024-08-03,3989.211465996251
Oregon,2024-08-10,4502.851229557414
Oregon,2024-08-17,4067.097390791361
Oregon,2024-08-24,4143.712232681254
Oregon,2024-08-31,4437.197494973217
Oregon,2024-09-07,4841.730980316475
Oregon,2024-09-14,3949.305760556517
Oregon,2024-09-21,4277.88492848708
Oregon,2024-09-28,4926.004737354652
Oregon,2024-10-05,5165.624312395
Oregon,2024-10-12,5409.090832040141
Oregon,2024-10-19,4069.233460332389
Oregon,2024-10-26,4163.8191315482445
Oregon,2024-11-02,5618.683847895838
Oregon,2024-11-09,6148.174607991498
Oregon,2024-11-16,3533.708405207499
Oregon,2024-11-23,4867.617942268196
Oregon,2024-11-30,3025.686189938282
Oregon,2024-12-07,5809.938202214112
Oregon,2024-12-14,4119.790102803747
Oregon,2024-12-21,3923.491137409188
Oregon,2024-12-28,3952.825833250867
Oregon,2025-01-04,5388.973767208197
Oregon,2025-01-11,4218.550092097854
Oregon,2025-01-18,4319.354781366794
Oregon,2025-01-25,3036.9193224204287
Oregon,2025-02-01,4243.702494031404
Oregon,2025-02-08,5070.038204840294
Oregon,2025-02-15,5341.813898035672
Oregon,2025-02-22,4582.270619203953
Oregon,2025-03-01,4254.696517851964
Oregon,2025-03-08,4307.4948917701295
Oregon,2025-03-15,4744.991407231539
Oregon,2025-03-22,4722.999041938395
Oregon,2025-03-29,4597.163152843247
Oregon,2025-04-05,5501.323729295039
Oregon,2025-04-12,3937.5599349284867
Pennsylvania,2020-01-04,16700.275105065717
Pennsylvania,2020-01-11,15506.006145497771
Pennsylvania,2020-01-18,11022.960812909729
Pennsylvania,2020-01-25,11558.151153807428
Pennsylvania,2020-02-01,12347.637919817447
Pennsylvania,2020-02-08,12174.294643082732
Pennsylvania,2020-02-15,13392.511013787353
Pennsylvania,2020-02-22,13007.639217967386
Pennsylvania,2020-02-29,12858.478995138928
Pennsylvania,2020-03-07,14090.269490134617
Pennsylvania,2020-03-14,17821.38222208246
Pennsylvania,2020-03-21,429061.68748929026
Pennsylvania,2020-03-28,441411.23057891615
Pennsylvania,2020-04-04,255247.7919057014
Pennsylvania,2020-04-11,159171.33218872556
Pennsylvania,2020-04-18,127535.3921197457
Pennsylvania,2020-04-25,90108.14463876383
Pennsylvania,2020-05-02,64454.31404037719
Pennsylvania,2020-05-09,53277.2467737804
Pennsylvania,2020-05-16,41828.78944314274
Pennsylvania,2020-05-23,52724.10485546398
Pennsylvania,2020-05-30,43316.762766881824
Pennsylvania,2020-06-06,55214.4017081219
Pennsylvania,2020-06-13,33672.814585864784
Pennsylvania,2020-06-20,28306.622788851255
Pennsylvania,2020-06-27,39820.282175536944
Pennsylvania,2020-07-04,39765.66552422585
Pennsylvania,2020-07-11,36712.77146192452
Pennsylvania,2020-07-18,30496.44423071094
Pennsylvania,2020-07-25,41282.000263208814
Pennsylvania,2020-08-01,38776.62047538396
Pennsylvania,2020-08-08,34998.71664786139
Pennsylvania,2020-08-15,35441.41220799146
Pennsylvania,2020-08-22,39624.39982561551
Pennsylvania,2020-08-29,36242.1597096706
Pennsylvania,2020-09-05,31918.41377047364
Pennsylvania,2020-09-12,33542.72161978711
Pennsylvania,2020-09-19,33797.64512976212
Pennsylvania,2020-09-26,33609.41764741835
Pennsylvania,2020-10-03,27531.496459520677
Pennsylvania,2020-10-10,24799.406189300953
Pennsylvania,2020-10-17,24923.621166821442
Pennsylvania,2020-10-24,25865.547903192022
Pennsylvania,2020-10-31,29497.81380041643
Pennsylvania,2020-11-07,27194.306907821032
Pennsylvania,2020-11-14,25639.74691165524
Pennsylvania,2020-11-21,26019.56973312609
Pennsylvania,2020-11-28,23767.54332665339
Pennsylvania,2020-12-05,28956.806157696334
Pennsylvania,2020-12-12,31572.734117950553
Pennsylvania,2020-12-19,38295.70583079205
Pennsylvania,2020-12-26,29028.09350714558
Pennsylvania,2021-01-02,23643.326690067945
Pennsylvania,2021-01-09,24370.951531761257
Pennsylvania,2021-01-16,22375.56375149841
Pennsylvania,2021-01-23,22996.905282446398
Pennsylvania,2021-01-30,23637.106655290132
Pennsylvania,2021-02-06,26779.228355287007
Pennsylvania,2021-02-13,28018.477912007304
Pennsylvania,2021-02-20,25797.98670329356
Pennsylvania,2021-02-27,25734.038576738814
Pennsylvania,2021-03-06,24012.345249524413
Pennsylvania,2021-03-13,23014.620036523098
Pennsylvania,2021-03-20,23341.901389913237
Pennsylvania,2021-03-27,25455.230379456018
Pennsylvania,2021-04-03,24940.03362480366
Pennsylvania,2021-04-10,20691.08446542145
Pennsylvania,2021-04-17,22876.61555309617
Pennsylvania,2021-04-24,26554.426539685697
Pennsylvania,2021-05-01,24303.171983631233
Pennsylvania,2021-05-08,25543.928968696957
Pennsylvania,2021-05-15,22991.63129567412
Pennsylvania,2021-05-22,23092.384784548125
Pennsylvania,2021-05-29,32095.56285360427
Pennsylvania,2021-06-05,9417.910779933154
Pennsylvania,2021-06-12,21976.445756756522
Pennsylvania,2021-06-19,28557.9299127488
Pennsylvania,2021-06-26,23437.668570210648
Pennsylvania,2021-07-03,28806.33974916474
Pennsylvania,2021-07-10,29711.62840644836
Pennsylvania,2021-07-17,30982.158671809768
Pennsylvania,2021-07-24,19335.950302014582
Pennsylvania,2021-07-31,14271.739720775617
Pennsylvania,2021-08-07,12440.859232138224
Pennsylvania,2021-08-14,13056.414558330189
Pennsylvania,2021-08-21,13102.986739862752
Pennsylvania,2021-08-28,15114.129779658879
Pennsylvania,2021-09-04,13761.342098955642
Pennsylvania,2021-09-11,15288.336630125066
Pennsylvania,2021-09-18,16539.494293138574
Pennsylvania,2021-09-25,16966.496697812407
Pennsylvania,2021-10-02,18692.39325736354
Pennsylvania,2021-10-09,17864.487555652675
Pennsylvania,2021-10-16,13738.266133467201
Pennsylvania,2021-10-23,12054.790499189672
Pennsylvania,2021-10-30,10287.33460818162
Pennsylvania,2021-11-06,8646.352667017498
Pennsylvania,2021-11-13,10496.567157188443
Pennsylvania,2021-11-20,10154.025471215866
Pennsylvania,2021-11-27,9617.3047835717
Pennsylvania,2021-12-04,8432.527172168762
Pennsylvania,2021-12-11,9877.63819951777
Pennsylvania,2021-12-18,6401.102335991392
Pennsylvania,2021-12-25,8268.824462549059
Pennsylvania,2022-01-01,10547.026991403509
Pennsylvania,2022-01-08,11374.169707501458
Pennsylvania,2022-01-15,12748.654332701184
Pennsylvania,2022-01-22,9452.264492502894
Pennsylvania,2022-01-29,10469.81492527905
Pennsylvania,2022-02-05,10102.343631036416
Pennsylvania,2022-02-12,10135.832527551644
Pennsylvania,2022-02-19,9820.350533016943
Pennsylvania,2022-02-26,9828.809971626742
Pennsylvania,2022-03-05,8205.015029832213
Pennsylvania,2022-03-12,8499.17982390007
Pennsylvania,2022-03-19,9189.957631485488
Pennsylvania,2022-03-26,8376.117251558982
Pennsylvania,2022-04-02,9162.47296952333
Pennsylvania,2022-04-09,9396.409917783136
Pennsylvania,2022-04-16,9284.287569924922
Pennsylvania,2022-04-23,9773.542176400973
Pennsylvania,2022-04-30,9242.066905068508
Pennsylvania,2022-05-07,8616.680301888777
Pennsylvania,2022-05-14,10329.471652134043
Pennsylvania,2022-05-21,10581.192929150344
Pennsylvania,2022-05-28,6547.8350758909755
Pennsylvania,2022-06-04,9161.74948984908
Pennsylvania,2022-06-11,7654.05151464629
Pennsylvania,2022-06-18,6846.457042055341
Pennsylvania,2022-06-25,7658.5925264145535
Pennsylvania,2022-07-02,7016.6745024033235
Pennsylvania,2022-07-09,8036.194405009864
Pennsylvania,2022-07-16,6810.4390146138285
Pennsylvania,2022-07-23,8217.663591268778
Pennsylvania,2022-07-30,8886.501393204502
Pennsylvania,2022-08-06,9304.486455102442
Pennsylvania,2022-08-13,9133.256358946517
Pennsylvania,2022-08-20,9075.73039989834
Pennsylvania,2022-08-27,9254.618928394768
Pennsylvania,2022-09-03,10460.312830728455
Pennsylvania,2022-09-10,9346.985469991718
Pennsylvania,2022-09-17,9014.388172514973
Pennsylvania,2022-09-24,8571.096968328775
Pennsylvania,2022-10-01,8353.514421627393
Pennsylvania,2022-10-08,9686.59833871762
Pennsylvania,2022-10-15,9188.664787455838
Pennsylvania,2022-10-22,10574.650254203767
Pennsylvania,2022-10-29,10361.880511139458
Pennsylvania,2022-11-05,10789.949719271664
Pennsylvania,2022-11-12,10988.945844145435
Pennsylvania,2022-11-19,11554.181690038795
Pennsylvania,2022-11-26,11586.154800328566
Pennsylvania,2022-12-03,10547.218621786731
Pennsylvania,2022-12-10,9814.907717547214
Pennsylvania,2022-12-17,10252.125962184771
Pennsylvania,2022-12-24,10912.360969926718
Pennsylvania,2022-12-31,10272.339339481225
Pennsylvania,2023-01-07,10058.665467809053
Pennsylvania,2023-01-14,9772.359758787527
Pennsylvania,2023-01-21,10103.756955922086
Pennsylvania,2023-01-28,9391.445741820507
Pennsylvania,2023-02-04,9784.166225113215
Pennsylvania,2023-02-11,8872.797365314907
Pennsylvania,2023-02-18,9778.127968854433
Pennsylvania,2023-02-25,9706.043256438616
Pennsylvania,2023-03-04,10969.59804339506
Pennsylvania,2023-03-11,10856.279538745097
Pennsylvania,2023-03-18,10362.489846332253
Pennsylvania,2023-03-25,10535.64029612829
Pennsylvania,2023-04-01,8805.881735333072
Pennsylvania,2023-04-08,10292.095947015774
Pennsylvania,2023-04-15,9598.436835213904
Pennsylvania,2023-04-22,9305.584233510313
Pennsylvania,2023-04-29,10516.987402570474
Pennsylvania,2023-05-06,10665.194094618082
Pennsylvania,2023-05-13,9361.867855354603
Pennsylvania,2023-05-20,9394.819637535
Pennsylvania,2023-05-27,9771.02200869378
Pennsylvania,2023-06-03,14221.24138203597
Pennsylvania,2023-06-10,11435.13321832958
Pennsylvania,2023-06-17,10152.674838728599
Pennsylvania,2023-06-24,10627.891754059483
Pennsylvania,2023-07-01,10511.03072072322
Pennsylvania,2023-07-08,10692.252539482326
Pennsylvania,2023-07-15,10989.188875637637
Pennsylvania,2023-07-22,12534.012144258439
Pennsylvania,2023-07-29,13960.164274512616
Pennsylvania,2023-08-05,15312.422940272712
Pennsylvania,2023-08-12,14821.281629663095
Pennsylvania,2023-08-19,14338.818621010629
Pennsylvania,2023-08-26,13932.905991347869
Pennsylvania,2023-09-02,13625.915257182218
Pennsylvania,2023-09-09,13650.300562611666
Pennsylvania,2023-09-16,13341.175709116624
Pennsylvania,2023-09-23,13030.878547681259
Pennsylvania,2023-09-30,12325.630646360698
Pennsylvania,2023-10-07,11071.622702951456
Pennsylvania,2023-10-14,11576.913769887566
Pennsylvania,2023-10-21,13237.089749996438
Pennsylvania,2023-10-28,13091.502991112286
Pennsylvania,2023-11-04,14441.261153903832
Pennsylvania,2023-11-11,12985.5019843921
Pennsylvania,2023-11-18,12086.472483971478
Pennsylvania,2023-11-25,13082.202108309135
Pennsylvania,2023-12-02,13069.672507196225
Pennsylvania,2023-12-09,11355.021473619232
Pennsylvania,2023-12-16,10954.004768976794
Pennsylvania,2023-12-23,12027.105280266696
Pennsylvania,2023-12-30,12483.29963802718
Pennsylvania,2024-01-06,11083.535049894996
Pennsylvania,2024-01-13,10197.83598698345
Pennsylvania,2024-01-20,12829.123834767313
Pennsylvania,2024-01-27,11987.145627940818
Pennsylvania,2024-02-03,10426.428840252622
Pennsylvania,2024-02-10,10724.46015585401
Pennsylvania,2024-02-17,10925.34593170897
Pennsylvania,2024-02-24,10857.91530589938
Pennsylvania,2024-03-02,12042.472901930707
Pennsylvania,2024-03-09,12169.883591386448
Pennsylvania,2024-03-16,11587.029538450448
Pennsylvania,2024-03-23,11208.278621485942
Pennsylvania,2024-03-30,12182.822075883329
Pennsylvania,2024-04-06,12158.108507917103
Pennsylvania,2024-04-13,11859.902230290954
Pennsylvania,2024-04-20,9651.085892280053
Pennsylvania,2024-04-27,10026.718495979007
Pennsylvania,2024-05-04,9943.871502659107
Pennsylvania,2024-05-11,10350.550158080483
Pennsylvania,2024-05-18,9837.567294518254
Pennsylvania,2024-05-25,9750.524794494717
Pennsylvania,2024-06-01,13580.225330772952
Pennsylvania,2024-06-08,11551.32231265847
Pennsylvania,2024-06-15,9969.845581924828
Pennsylvania,2024-06-22,11034.355826110434
Pennsylvania,2024-06-29,10902.499641412645
Pennsylvania,2024-07-06,9294.974193516406
Pennsylvania,2024-07-13,10838.256123692878
Pennsylvania,2024-07-20,12233.112846093294
Pennsylvania,2024-07-27,13643.307888482444
Pennsylvania,2024-08-03,13682.232477085252
Pennsylvania,2024-08-10,13836.336191894103
Pennsylvania,2024-08-17,13376.655804452608
Pennsylvania,2024-08-24,12827.420349759635
Pennsylvania,2024-08-31,13445.346134817655
Pennsylvania,2024-09-07,13338.734380278609
Pennsylvania,2024-09-14,12537.883994188178
Pennsylvania,2024-09-21,11834.67317987726
Pennsylvania,2024-09-28,11924.67305329471
Pennsylvania,2024-10-05,12005.99369314634
Pennsylvania,2024-10-12,14499.342220702501
Pennsylvania,2024-10-19,12522.271363966498
Pennsylvania,2024-10-26,12465.31740626645
Pennsylvania,2024-11-02,12454.570214995732
Pennsylvania,2024-11-09,13077.893408489294
Pennsylvania,2024-11-16,11237.892957412128
Pennsylvania,2024-11-23,14372.206972675614
Pennsylvania,2024-11-30,10694.722250733927
Pennsylvania,2024-12-07,15868.399227706004
Pennsylvania,2024-12-14,12050.133839791559
Pennsylvania,2024-12-21,11930.03910902621
Pennsylvania,2024-12-28,12944.579124774178
Pennsylvania,2025-01-04,11964.852290976938
Pennsylvania,2025-01-11,13195.200469961123
Pennsylvania,2025-01-18,13585.304994167545
Pennsylvania,2025-01-25,11488.3610344391
Pennsylvania,2025-02-01,13019.110513982268
Pennsylvania,2025-02-08,12306.95151837545
Pennsylvania,2025-02-15,11711.097552586898
Pennsylvania,2025-02-22,12687.673130529362
Pennsylvania,2025-03-01,12894.088928201212
Pennsylvania,2025-03-08,12443.45490990666
Pennsylvania,2025-03-15,11705.228350430969
Pennsylvania,2025-03-22,11019.467863490812
Pennsylvania,2025-03-29,9163.54060794905
Pennsylvania,2025-04-05,8603.930509202819
Pennsylvania,2025-04-12,11455.703664202523
Puerto Rico,2020-01-04,997.2846776282094
Puerto Rico,2020-01-11,981.2603758473356
Puerto Rico,2020-01-18,2709.8203975472848
Puerto Rico,2020-01-25,2409.492794081527
Puerto Rico,2020-02-01,2137.660070354406
Puerto Rico,2020-02-08,1893.7234019440893
Puerto Rico,2020-02-15,1779.6693544750894
Puerto Rico,2020-02-22,2015.141485144125
Puerto Rico,2020-02-29,1910.1251262506644
Puerto Rico,2020-03-07,1827.953532677964
Puerto Rico,2020-03-14,1558.3258970978952
Puerto Rico,2020-03-21,28077.85857820287
Puerto Rico,2020-03-28,64807.48690076801
Puerto Rico,2020-04-04,94837.43781776461
Puerto Rico,2020-04-11,50119.63591162926
Puerto Rico,2020-04-18,30125.736515644236
Puerto Rico,2020-04-25,19596.590450944823
Puerto Rico,2020-05-02,21676.71563773398
Puerto Rico,2020-05-09,15400.977053274295
Puerto Rico,2020-05-16,13151.743633852999
Puerto Rico,2020-05-23,15729.340357081597
Puerto Rico,2020-05-30,7542.706989629786
Puerto Rico,2020-06-06,8095.292032191356
Puerto Rico,2020-06-13,5127.4708521296125
Puerto Rico,2020-06-20,4397.638191024875
Puerto Rico,2020-06-27,4987.036157959437
Puerto Rico,2020-07-04,4398.965228993601
Puerto Rico,2020-07-11,3541.7261640116626
Puerto Rico,2020-07-18,3888.740560619873
Puerto Rico,2020-07-25,4498.109944132772
Puerto Rico,2020-08-01,2654.712679098345
Puerto Rico,2020-08-08,5176.326999353901
Puerto Rico,2020-08-15,3053.3170933944416
Puerto Rico,2020-08-22,3109.5941090230735
Puerto Rico,2020-08-29,2365.5136516365897
Puerto Rico,2020-09-05,1776.9317957549315
Puerto Rico,2020-09-12,1749.6217299258744
Puerto Rico,2020-09-19,1593.6872019328378
Puerto Rico,2020-09-26,1216.6451749948576
Puerto Rico,2020-10-03,1019.1154469470122
Puerto Rico,2020-10-10,1045.0905130531744
Puerto Rico,2020-10-17,1222.7294526109802
Puerto Rico,2020-10-24,1327.031395440945
Puerto Rico,2020-10-31,1540.5771164552575
Puerto Rico,2020-11-07,1185.796483357424
Puerto Rico,2020-11-14,1612.2631634622044
Puerto Rico,2020-11-21,1599.7504010067837
Puerto Rico,2020-11-28,1822.1209102585049
Puerto Rico,2020-12-05,1536.8431665941703
Puerto Rico,2020-12-12,1717.9619216337362
Puerto Rico,2020-12-19,1595.997581116925
Puerto Rico,2020-12-26,1276.3045017246684
Puerto Rico,2021-01-02,1448.5764543743862
Puerto Rico,2021-01-09,2271.2186929002323
Puerto Rico,2021-01-16,1469.409652191133
Puerto Rico,2021-01-23,1478.716562706136
Puerto Rico,2021-01-30,1131.9541313488296
Puerto Rico,2021-02-06,1507.4894199656621
Puerto Rico,2021-02-13,1698.979056287302
Puerto Rico,2021-02-20,1848.4211464451505
Puerto Rico,2021-02-27,1885.0694725884257
Puerto Rico,2021-03-06,1740.8433122078302
Puerto Rico,2021-03-13,1683.3110799709348
Puerto Rico,2021-03-20,2218.580050451607
Puerto Rico,2021-03-27,2403.5211261689
Puerto Rico,2021-04-03,2106.194079200612
Puerto Rico,2021-04-10,2742.2018792739113
Puerto Rico,2021-04-17,2470.704522344022
Puerto Rico,2021-04-24,2215.72055524201
Puerto Rico,2021-05-01,2946.4630115510167
Puerto Rico,2021-05-08,3034.811234563708
Puerto Rico,2021-05-15,2436.9796864339896
Puerto Rico,2021-05-22,2753.5943070196095
Puerto Rico,2021-05-29,2573.651680126581
Puerto Rico,2021-06-05,2780.1178645700247
Puerto Rico,2021-06-12,1946.6278127017943
Puerto Rico,2021-06-19,1933.808584437576
Puerto Rico,2021-06-26,3962.129039849275
Puerto Rico,2021-07-03,5802.241780234253
Puerto Rico,2021-07-10,4865.248502709035
Puerto Rico,2021-07-17,3884.8612412634047
Puerto Rico,2021-07-24,3595.138655273357
Puerto Rico,2021-07-31,2813.783345622214
Puerto Rico,2021-08-07,2174.3402957655007
Puerto Rico,2021-08-14,2177.1478405073412
Puerto Rico,2021-08-21,2765.1102115464087
Puerto Rico,2021-08-28,2121.8333412214233
Puerto Rico,2021-09-04,2118.3510054196345
Puerto Rico,2021-09-11,1353.9266888962252
Puerto Rico,2021-09-18,1443.888927077532
Puerto Rico,2021-09-25,1546.7179813171847
Puerto Rico,2021-10-02,733.1186219144514
Puerto Rico,2021-10-09,847.8743241114906
Puerto Rico,2021-10-16,900.6493966389925
Puerto Rico,2021-10-23,1105.8594962007876
Puerto Rico,2021-10-30,1026.2170881342902
Puerto Rico,2021-11-06,1224.8121138321687
Puerto Rico,2021-11-13,1103.5736465065572
Puerto Rico,2021-11-20,1100.9962328582176
Puerto Rico,2021-11-27,1214.74727350567
Puerto Rico,2021-12-04,1137.2639432796861
Puerto Rico,2021-12-11,1182.1953207785962
Puerto Rico,2021-12-18,1456.222994030724
Puerto Rico,2021-12-25,1294.9878247142335
Puerto Rico,2022-01-01,911.9367509378702
Puerto Rico,2022-01-08,1262.9619191527909
Puerto Rico,2022-01-15,1343.6337374522227
Puerto Rico,2022-01-22,1414.7385955827722
Puerto Rico,2022-01-29,1696.861297088132
Puerto Rico,2022-02-05,1329.8859822692107
Puerto Rico,2022-02-12,1291.0447710045987
Puerto Rico,2022-02-19,1254.0268954314158
Puerto Rico,2022-02-26,1240.991787270879
Puerto Rico,2022-03-05,1275.3480715705525
Puerto Rico,2022-03-12,1244.5333103102646
Puerto Rico,2022-03-19,1266.764614233989
Puerto Rico,2022-03-26,1207.5037437921417
Puerto Rico,2022-04-02,1277.1754715478899
Puerto Rico,2022-04-09,1031.6015757824532
Puerto Rico,2022-04-16,1043.414173567139
Puerto Rico,2022-04-23,1388.6543572023659
Puerto Rico,2022-04-30,1285.960810226803
Puerto Rico,2022-05-07,1123.360574868816
Puerto Rico,2022-05-14,1393.075838539588
Puerto Rico,2022-05-21,1216.8397317881333
Puerto Rico,2022-05-28,1286.304646932443
Puerto Rico,2022-06-04,1538.2890528291057
Puerto Rico,2022-06-11,1184.1880317997252
Puerto Rico,2022-06-18,1310.6498102071953
Puerto Rico,2022-06-25,967.8594811839541
Puerto Rico,2022-07-02,732.7049661866397
Puerto Rico,2022-07-09,849.6576549535845
Puerto Rico,2022-07-16,1115.0272207449316
Puerto Rico,2022-07-23,896.2726887936932
Puerto Rico,2022-07-30,1125.2776780021834
Puerto Rico,2022-08-06,1269.7652154206016
Puerto Rico,2022-08-13,1435.773857295179
Puerto Rico,2022-08-20,1437.3293653336702
Puerto Rico,2022-08-27,1419.3081909819539
Puerto Rico,2022-09-03,1511.8146064319615
Puerto Rico,2022-09-10,1603.450800590295
Puerto Rico,2022-09-17,1507.6918959973843
Puerto Rico,2022-09-24,1109.810015460578
Puerto Rico,2022-10-01,4070.0167889140757
Puerto Rico,2022-10-08,3587.9370436988997
Puerto Rico,2022-10-15,3021.0913456825338
Puerto Rico,2022-10-22,2848.694062213229
Puerto Rico,2022-10-29,2758.2712954243607
Puerto Rico,2022-11-05,2671.1772721459242
Puerto Rico,2022-11-12,2393.666782563518
Puerto Rico,2022-11-19,2483.7095174660576
Puerto Rico,2022-11-26,2262.1377245004965
Puerto Rico,2022-12-03,2404.3057539606575
Puerto Rico,2022-12-10,2002.7144475290372
Puerto Rico,2022-12-17,1731.4933543127318
Puerto Rico,2022-12-24,1605.5980694157538
Puerto Rico,2022-12-31,1689.4212885964391
Puerto Rico,2023-01-07,1320.4759842443211
Puerto Rico,2023-01-14,1594.318146828396
Puerto Rico,2023-01-21,1633.5019670368551
Puerto Rico,2023-01-28,1513.908408183926
Puerto Rico,2023-02-04,1567.403832682537
Puerto Rico,2023-02-11,1575.7022118337377
Puerto Rico,2023-02-18,1472.9379488535474
Puerto Rico,2023-02-25,1444.3847405290517
Puerto Rico,2023-03-04,1463.1794844592787
Puerto Rico,2023-03-11,1507.7999721066667
Puerto Rico,2023-03-18,1348.9858598223336
Puerto Rico,2023-03-25,1430.051996215188
Puerto Rico,2023-04-01,1556.378629565646
Puerto Rico,2023-04-08,1269.846743399648
Puerto Rico,2023-04-15,1566.260358793467
Puerto Rico,2023-04-22,1359.1567973271522
Puerto Rico,2023-04-29,1155.4548864166572
Puerto Rico,2023-05-06,1243.976177993948
Puerto Rico,2023-05-13,1240.1625874639376
Puerto Rico,2023-05-20,1299.4359277316873
Puerto Rico,2023-05-27,1400.9671357189652
Puerto Rico,2023-06-03,1591.5233995260558
Puerto Rico,2023-06-10,1307.6728800355254
Puerto Rico,2023-06-17,1609.746818177555
Puerto Rico,2023-06-24,1010.7671055387087
Puerto Rico,2023-07-01,851.1100887224006
Puerto Rico,2023-07-08,1012.8133221692257
Puerto Rico,2023-07-15,1088.4261737291479
Puerto Rico,2023-07-22,1307.5667328290651
Puerto Rico,2023-07-29,1412.7831789786576
Puerto Rico,2023-08-05,1633.1868752659132
Puerto Rico,2023-08-12,1689.0255760783969
Puerto Rico,2023-08-19,1861.0049633796832
Puerto Rico,2023-08-26,1596.8837363376867
Puerto Rico,2023-09-02,1837.714761111905
Puerto Rico,2023-09-09,2120.2167123827476
Puerto Rico,2023-09-16,2068.0484056413065
Puerto Rico,2023-09-23,2195.7017116224365
Puerto Rico,2023-09-30,1215.6879126031947
Puerto Rico,2023-10-07,1525.707918387435
Puerto Rico,2023-10-14,1498.7980720155408
Puerto Rico,2023-10-21,1576.955641582323
Puerto Rico,2023-10-28,1574.36719130846
Puerto Rico,2023-11-04,1609.3947570832252
Puerto Rico,2023-11-11,1705.5229082374065
Puerto Rico,2023-11-18,1573.8784268665122
Puerto Rico,2023-11-25,1528.7763674305102
Puerto Rico,2023-12-02,1549.3655923960487
Puerto Rico,2023-12-09,1734.156378082758
Puerto Rico,2023-12-16,1811.3645469334178
Puerto Rico,2023-12-23,2161.4269283553167
Puerto Rico,2023-12-30,2202.6779984191635
Puerto Rico,2024-01-06,1664.3866183630644
Puerto Rico,2024-01-13,1707.0827600425916
Puerto Rico,2024-01-20,1507.6098381812037
Puerto Rico,2024-01-27,1434.7358129856148
Puerto Rico,2024-02-03,1560.984431320015
Puerto Rico,2024-02-10,1454.6667645520567
Puerto Rico,2024-02-17,1474.3876909291907
Puerto Rico,2024-02-24,1473.8619801316854
Puerto Rico,2024-03-02,1494.484719940733
Puerto Rico,2024-03-09,1526.4147865771192
Puerto Rico,2024-03-16,1322.5078315820194
Puerto Rico,2024-03-23,1220.4259003844475
Puerto Rico,2024-03-30,1227.0620842113694
Puerto Rico,2024-04-06,1405.646488941449
Puerto Rico,2024-04-13,1289.459437203058
Puerto Rico,2024-04-20,1275.2022038361595
Puerto Rico,2024-04-27,1144.8446487085153
Puerto Rico,2024-05-04,1174.4688812777704
Puerto Rico,2024-05-11,1267.855538446142
Puerto Rico,2024-05-18,1195.8998511263874
Puerto Rico,2024-05-25,1139.328184033355
Puerto Rico,2024-06-01,592.0026486126332
Puerto Rico,2024-06-08,1692.0590486464523
Puerto Rico,2024-06-15,1290.4859669732384
Puerto Rico,2024-06-22,985.412600238172
Puerto Rico,2024-06-29,774.5179962570239
Puerto Rico,2024-07-06,1204.9447226335462
Puerto Rico,2024-07-13,1402.6510416030924
Puerto Rico,2024-07-20,1456.9455142946806
Puerto Rico,2024-07-27,1950.0885414592813
Puerto Rico,2024-08-03,1545.647351361568
Puerto Rico,2024-08-10,1721.7032172117154
Puerto Rico,2024-08-17,1197.1145402733139
Puerto Rico,2024-08-24,1983.142951783004
Puerto Rico,2024-08-31,1778.2250503369949
Puerto Rico,2024-09-07,1892.8397111940683
Puerto Rico,2024-09-14,1991.7622471501784
Puerto Rico,2024-09-21,2206.863593961839
Puerto Rico,2024-09-28,1023.9491961024921
Puerto Rico,2024-10-05,1031.891004344479
Puerto Rico,2024-10-12,1434.1862674740478
Puerto Rico,2024-10-19,1329.2431144333466
Puerto Rico,2024-10-26,1504.2840730944108
Puerto Rico,2024-11-02,1361.3668204937758
Puerto Rico,2024-11-09,1526.068550866942
Puerto Rico,2024-11-16,1497.6998363423797
Puerto Rico,2024-11-23,2119.2262805586533
Puerto Rico,2024-11-30,1039.3613415559093
Puerto Rico,2024-12-07,1770.5939050930572
Puerto Rico,2024-12-14,1831.3323450885894
Puerto Rico,2024-12-21,1472.4793931151023
Puerto Rico,2024-12-28,1600.5659128640311
Puerto Rico,2025-01-04,1170.2351611480785
Puerto Rico,2025-01-11,1634.2194715041883
Puerto Rico,2025-01-18,1888.3819328347724
Puerto Rico,2025-01-25,1663.6943990996501
Puerto Rico,2025-02-01,1520.3282226907068
Puerto Rico,2025-02-08,1637.34063406052
Puerto Rico,2025-02-15,1733.8915224693335
Puerto Rico,2025-02-22,1554.9243890389282
Puerto Rico,2025-03-01,1531.2343442015706
Puerto Rico,2025-03-08,1356.2221971329805
Puerto Rico,2025-03-15,1392.1868532670571
Puerto Rico,2025-03-22,1453.024719045954
Puerto Rico,2025-03-29,1540.628707831311
Puerto Rico,2025-04-05,1542.637460321336
Puerto Rico,2025-04-12,1503.6099444417284
Rhode Island,2020-01-04,984.7691504770675
Rhode Island,2020-01-11,1118.727584411651
Rhode Island,2020-01-18,642.6003040255191
Rhode Island,2020-01-25,754.3892223350203
Rhode Island,2020-02-01,628.9765917506824
Rhode Island,2020-02-08,614.2626614740129
Rhode Island,2020-02-15,796.7848170909922
Rhode Island,2020-02-22,1751.718387788636
Rhode Island,2020-02-29,426.39577678913645
Rhode Island,2020-03-07,890.6111196458116
Rhode Island,2020-03-14,1446.6402840039862
Rhode Island,2020-03-21,48589.01262982927
Rhode Island,2020-03-28,37948.03151314436
Rhode Island,2020-04-04,36663.084896113025
Rhode Island,2020-04-11,25004.767146332597
Rhode Island,2020-04-18,13525.127075880471
Rhode Island,2020-04-25,7578.529972716579
Rhode Island,2020-05-02,9369.779945616416
Rhode Island,2020-05-09,6886.450660429813
Rhode Island,2020-05-16,4268.8233936889565
Rhode Island,2020-05-23,3023.5241421855926
Rhode Island,2020-05-30,2757.062461627638
Rhode Island,2020-06-06,3717.1835876997948
Rhode Island,2020-06-13,2494.2833093103877
Rhode Island,2020-06-20,3709.1408362749617
Rhode Island,2020-06-27,1827.3961705818906
Rhode Island,2020-07-04,2205.3800373534646
Rhode Island,2020-07-11,2981.582410835382
Rhode Island,2020-07-18,3412.396246329585
Rhode Island,2020-07-25,5687.4792547935085
Rhode Island,2020-08-01,5084.7612546057935
Rhode Island,2020-08-08,4256.452252154163
Rhode Island,2020-08-15,3991.6338271592467
Rhode Island,2020-08-22,5152.378223521544
Rhode Island,2020-08-29,5690.893115910692
Rhode Island,2020-09-05,4827.3878866997375
Rhode Island,2020-09-12,5930.262320744088
Rhode Island,2020-09-19,4763.733382051231
Rhode Island,2020-09-26,5556.13634611927
Rhode Island,2020-10-03,5182.930624899944
Rhode Island,2020-10-10,5162.069089442055
Rhode Island,2020-10-17,4693.729895739355
Rhode Island,2020-10-24,5435.6576616702105
Rhode Island,2020-10-31,4651.6826978910785
Rhode Island,2020-11-07,3955.1375905901264
Rhode Island,2020-11-14,5141.9370694173
Rhode Island,2020-11-21,4786.7194319345635
Rhode Island,2020-11-28,4991.877385698288
Rhode Island,2020-12-05,5389.495387204187
Rhode Island,2020-12-12,5958.973991068544
Rhode Island,2020-12-19,5511.1186384421335
Rhode Island,2020-12-26,3666.246347676717
Rhode Island,2021-01-02,2802.497196996604
Rhode Island,2021-01-09,4801.847237659034
Rhode Island,2021-01-16,5810.850487909153
Rhode Island,2021-01-23,8418.494232068762
Rhode Island,2021-01-30,10609.688564659555
Rhode Island,2021-02-06,11352.650064614605
Rhode Island,2021-02-13,9275.823247158689
Rhode Island,2021-02-20,7532.1155039740415
Rhode Island,2021-02-27,2823.286453408161
Rhode Island,2021-03-06,6140.127519158124
Rhode Island,2021-03-13,5518.906570834702
Rhode Island,2021-03-20,5222.569968553356
Rhode Island,2021-03-27,6191.808307324562
Rhode Island,2021-04-03,6902.1570793695055
Rhode Island,2021-04-10,5524.399441055222
Rhode Island,2021-04-17,4239.040270601768
Rhode Island,2021-04-24,4657.517541318711
Rhode Island,2021-05-01,8004.728377835151
Rhode Island,2021-05-08,8293.514077997217
Rhode Island,2021-05-15,9138.997906705203
Rhode Island,2021-05-22,9220.873592630694
Rhode Island,2021-05-29,9641.692232984571
Rhode Island,2021-06-05,9558.170191680598
Rhode Island,2021-06-12,8723.85268008332
Rhode Island,2021-06-19,6977.509331019491
Rhode Island,2021-06-26,4532.553710185928
Rhode Island,2021-07-03,5818.326553727927
Rhode Island,2021-07-10,4052.2112688595776
Rhode Island,2021-07-17,4159.185234553341
Rhode Island,2021-07-24,3604.938707852612
Rhode Island,2021-07-31,4903.065057168241
Rhode Island,2021-08-07,3931.199883908929
Rhode Island,2021-08-14,4555.491158688637
Rhode Island,2021-08-21,2965.9327250277815
Rhode Island,2021-08-28,2924.314913637804
Rhode Island,2021-09-04,3245.976598070017
Rhode Island,2021-09-11,1640.3270199810977
Rhode Island,2021-09-18,1390.4041602736104
Rhode Island,2021-09-25,1752.209557830383
Rhode Island,2021-10-02,1804.1261546866997
Rhode Island,2021-10-09,2099.2526797207966
Rhode Island,2021-10-16,1544.6743440225534
Rhode Island,2021-10-23,1644.4298522353754
Rhode Island,2021-10-30,1633.6615780109273
Rhode Island,2021-11-06,1403.85474594192
Rhode Island,2021-11-13,995.3890871333209
Rhode Island,2021-11-20,1017.3298708006565
Rhode Island,2021-11-27,959.7811046764765
Rhode Island,2021-12-04,969.1052340420379
Rhode Island,2021-12-11,989.8028722924962
Rhode Island,2021-12-18,893.1447992866036
Rhode Island,2021-12-25,1490.975273480876
Rhode Island,2022-01-01,987.765405498803
Rhode Island,2022-01-08,956.7983853471136
Rhode Island,2022-01-15,1086.0698605724435
Rhode Island,2022-01-22,897.6367941333687
Rhode Island,2022-01-29,647.7616804847398
Rhode Island,2022-02-05,543.8050047877341
Rhode Island,2022-02-12,829.5841920917259
Rhode Island,2022-02-19,912.7902687019389
Rhode Island,2022-02-26,995.7365908771482
Rhode Island,2022-03-05,1039.4704067866116
Rhode Island,2022-03-12,984.4465470568642
Rhode Island,2022-03-19,878.3351517317869
Rhode Island,2022-03-26,810.832040244883
Rhode Island,2022-04-02,898.3059429986266
Rhode Island,2022-04-09,968.6861678262927
Rhode Island,2022-04-16,927.7108957900092
Rhode Island,2022-04-23,1167.7099071382318
Rhode Island,2022-04-30,833.0526184042765
Rhode Island,2022-05-07,725.5859943255111
Rhode Island,2022-05-14,646.4249692220208
Rhode Island,2022-05-21,737.0933897871583
Rhode Island,2022-05-28,584.9226401488039
Rhode Island,2022-06-04,620.2350102273392
Rhode Island,2022-06-11,633.7236276210792
Rhode Island,2022-06-18,819.6332640199031
Rhode Island,2022-06-25,959.2556547340677
Rhode Island,2022-07-02,985.8741959764033
Rhode Island,2022-07-09,1001.1569410146255
Rhode Island,2022-07-16,955.2195753998103
Rhode Island,2022-07-23,991.9840020740261
Rhode Island,2022-07-30,1031.4333012432494
Rhode Island,2022-08-06,1101.2481759484297
Rhode Island,2022-08-13,775.1178620760222
Rhode Island,2022-08-20,1196.723127873805
Rhode Island,2022-08-27,1152.0965683025722
Rhode Island,2022-09-03,993.3935700406411
Rhode Island,2022-09-10,1199.378896330265
Rhode Island,2022-09-17,1198.5081865796737
Rhode Island,2022-09-24,1167.5418855144108
Rhode Island,2022-10-01,1071.3733780139478
Rhode Island,2022-10-08,1036.126322627467
Rhode Island,2022-10-15,963.0139301886244
Rhode Island,2022-10-22,919.5596108166105
Rhode Island,2022-10-29,1183.4514303903215
Rhode Island,2022-11-05,1293.4939104227865
Rhode Island,2022-11-12,915.6129125725447
Rhode Island,2022-11-19,1387.513648489076
Rhode Island,2022-11-26,1230.1956222638964
Rhode Island,2022-12-03,1038.7660753896685
Rhode Island,2022-12-10,1141.50899312618
Rhode Island,2022-12-17,1301.0441105378238
Rhode Island,2022-12-24,1202.7814651028425
Rhode Island,2022-12-31,1191.011371139861
Rhode Island,2023-01-07,1153.2068055052405
Rhode Island,2023-01-14,1137.1980254655962
Rhode Island,2023-01-21,861.6449419227284
Rhode Island,2023-01-28,706.0602317283665
Rhode Island,2023-02-04,801.9362379201921
Rhode Island,2023-02-11,707.9865091621768
Rhode Island,2023-02-18,1059.602689542111
Rhode Island,2023-02-25,1157.2205749929424
Rhode Island,2023-03-04,871.5265956534014
Rhode Island,2023-03-11,1005.3366594612539
Rhode Island,2023-03-18,1146.7153369831663
Rhode Island,2023-03-25,963.716195981292
Rhode Island,2023-04-01,765.8966855046094
Rhode Island,2023-04-08,1244.1840687677154
Rhode Island,2023-04-15,1629.4792992182581
Rhode Island,2023-04-22,435.57433044045155
Rhode Island,2023-04-29,711.393943934345
Rhode Island,2023-05-06,875.5551360098113
Rhode Island,2023-05-13,882.7878406212291
Rhode Island,2023-05-20,723.7104092463301
Rhode Island,2023-05-27,699.298593797112
Rhode Island,2023-06-03,673.0659310303495
Rhode Island,2023-06-10,814.1129165564386
Rhode Island,2023-06-17,794.6838861974257
Rhode Island,2023-06-24,1011.3214483833503
Rhode Island,2023-07-01,1252.2399455403404
Rhode Island,2023-07-08,1142.0041152258086
Rhode Island,2023-07-15,1001.3047303533099
Rhode Island,2023-07-22,1071.7808224301386
Rhode Island,2023-07-29,998.6460174951196
Rhode Island,2023-08-05,1007.7701331062956
Rhode Island,2023-08-12,1233.3449283320967
Rhode Island,2023-08-19,1120.715037319658
Rhode Island,2023-08-26,1169.1073901164357
Rhode Island,2023-09-02,1055.7590856485738
Rhode Island,2023-09-09,962.2467942780395
Rhode Island,2023-09-16,1328.122133723824
Rhode Island,2023-09-23,1235.6933319806897
Rhode Island,2023-09-30,1254.5615721821357
Rhode Island,2023-10-07,1152.5639712614984
Rhode Island,2023-10-14,1147.9126047848404
Rhode Island,2023-10-21,1329.7979249049283
Rhode Island,2023-10-28,1184.917912955861
Rhode Island,2023-11-04,1270.772561933553
Rhode Island,2023-11-11,1579.205637328092
Rhode Island,2023-11-18,1136.2210110801489
Rhode Island,2023-11-25,1278.4385878428727
Rhode Island,2023-12-02,1386.0458579903564
Rhode Island,2023-12-09,1141.50899312618
Rhode Island,2023-12-16,1088.5456669518587
Rhode Island,2023-12-23,1096.8472113383143
Rhode Island,2023-12-30,1548.0650945633415
Rhode Island,2024-01-06,1220.3181465624061
Rhode Island,2024-01-13,932.1471746835838
Rhode Island,2024-01-20,894.0376089123047
Rhode Island,2024-01-27,860.8752733642193
Rhode Island,2024-02-03,700.733421952628
Rhode Island,2024-02-10,869.5834298974985
Rhode Island,2024-02-17,701.2344821496414
Rhode Island,2024-02-24,1319.6802931517325
Rhode Island,2024-03-02,954.2261996205125
Rhode Island,2024-03-09,963.5564346524745
Rhode Island,2024-03-16,974.5724908875846
Rhode Island,2024-03-23,1051.0785706878114
Rhode Island,2024-03-30,1019.03203071376
Rhode Island,2024-04-06,684.3012378222435
Rhode Island,2024-04-13,555.8783835257877
Rhode Island,2024-04-20,1436.468536558936
Rhode Island,2024-04-27,880.4788813332327
Rhode Island,2024-05-04,763.0782797465862
Rhode Island,2024-05-11,675.0083862284366
Rhode Island,2024-05-18,707.2390485806952
Rhode Island,2024-05-25,805.6481647332581
Rhode Island,2024-06-01,790.350575213032
Rhode Island,2024-06-08,771.6128223046522
Rhode Island,2024-06-15,912.9624180965775
Rhode Island,2024-06-22,1017.5467063196777
Rhode Island,2024-06-29,1064.179307896404
Rhode Island,2024-07-06,1397.0517009595726
Rhode Island,2024-07-13,1483.1040775944423
Rhode Island,2024-07-20,1087.4272577940822
Rhode Island,2024-07-27,904.3825767192465
Rhode Island,2024-08-03,1165.2742326896175
Rhode Island,2024-08-10,1111.3494106924925
Rhode Island,2024-08-17,1010.7458850285515
Rhode Island,2024-08-24,935.5951997624915
Rhode Island,2024-08-31,1259.1894579887348
Rhode Island,2024-09-07,1471.7868482745573
Rhode Island,2024-09-14,1312.972451590092
Rhode Island,2024-09-21,1124.4988666936028
Rhode Island,2024-09-28,1180.546140194989
Rhode Island,2024-10-05,1142.4389583368
Rhode Island,2024-10-12,1446.4469231433138
Rhode Island,2024-10-19,1161.1830246228656
Rhode Island,2024-10-26,818.2972715710031
Rhode Island,2024-11-02,1296.73981734982
Rhode Island,2024-11-09,1321.7461648819508
Rhode Island,2024-11-16,1072.72233388542
Rhode Island,2024-11-23,1675.8082780065463
Rhode Island,2024-11-30,1235.4555097829784
Rhode Island,2024-12-07,1350.502740008947
Rhode Island,2024-12-14,1151.236778661128
Rhode Island,2024-12-21,1141.5896290773696
Rhode Island,2024-12-28,1614.9814567154342
Rhode Island,2025-01-04,1294.2021917629554
Rhode Island,2025-01-11,1052.1638143801422
Rhode Island,2025-01-18,1387.8458212422893
Rhode Island,2025-01-25,834.3170444643449
Rhode Island,2025-02-01,684.7203181602919
Rhode Island,2025-02-08,795.9848323348767
Rhode Island,2025-02-15,828.8974567932692
Rhode Island,2025-02-22,1458.7223942786247
Rhode Island,2025-03-01,1279.9354090909808
Rhode Island,2025-03-08,1146.3449181908843
Rhode Island,2025-03-15,1210.4217445933423
Rhode Island,2025-03-22,1246.2788766726906
Rhode Island,2025-03-29,941.1442321878675
Rhode Island,2025-04-05,803.1652515348735
Rhode Island,2025-04-12,659.8717823280549
South Carolina,2020-01-04,4474.618510705668
South Carolina,2020-01-11,1902.5830300858386
South Carolina,2020-01-18,2185.1865172061157
South Carolina,2020-01-25,2284.9605995603238
South Carolina,2020-02-01,1914.4437926657781
South Carolina,2020-02-08,1745.899743957727
South Carolina,2020-02-15,2263.0444849571163
South Carolina,2020-02-22,2191.996432306317
South Carolina,2020-02-29,2425.5771113741325
South Carolina,2020-03-07,1752.5200719677428
South Carolina,2020-03-14,2409.5457023492495
South Carolina,2020-03-21,33840.453670961455
South Carolina,2020-03-28,76714.81704456404
South Carolina,2020-04-04,85146.0321392845
South Carolina,2020-04-11,69838.03279829366
South Carolina,2020-04-18,56943.49936254341
South Carolina,2020-04-25,58446.673720188395
South Carolina,2020-05-02,48278.310310886256
South Carolina,2020-05-09,34148.87406073666
South Carolina,2020-05-16,31412.7764441151
South Carolina,2020-05-23,27513.62355500951
South Carolina,2020-05-30,20235.426682662754
South Carolina,2020-06-06,23456.108713885234
South Carolina,2020-06-13,15503.153828025765
South Carolina,2020-06-20,19017.037777457477
South Carolina,2020-06-27,19838.12874523293
South Carolina,2020-07-04,16011.945529239689
South Carolina,2020-07-11,16463.355123828027
South Carolina,2020-07-18,7651.6942593667545
South Carolina,2020-07-25,11937.605057281597
South Carolina,2020-08-01,10613.406494155066
South Carolina,2020-08-08,6534.232809633743
South Carolina,2020-08-15,9285.643369078396
South Carolina,2020-08-22,6635.94310577791
South Carolina,2020-08-29,6446.372012435233
South Carolina,2020-09-05,6904.1221164286235
South Carolina,2020-09-12,5367.697624340429
South Carolina,2020-09-19,5196.514653128778
South Carolina,2020-09-26,7437.276322077788
South Carolina,2020-10-03,7660.752413112393
South Carolina,2020-10-10,5391.759022750395
South Carolina,2020-10-17,4356.130117412565
South Carolina,2020-10-24,4632.807667132273
South Carolina,2020-10-31,4505.061179941055
South Carolina,2020-11-07,4403.744384430927
South Carolina,2020-11-14,4227.0531987814165
South Carolina,2020-11-21,3954.239158062378
South Carolina,2020-11-28,4720.951340566457
South Carolina,2020-12-05,3692.273958504448
South Carolina,2020-12-12,3869.6805832455993
South Carolina,2020-12-19,3846.516009120757
South Carolina,2020-12-26,4360.124264214259
South Carolina,2021-01-02,5257.422204119175
South Carolina,2021-01-09,3307.839322992186
South Carolina,2021-01-16,4417.208446009419
South Carolina,2021-01-23,4892.133169788184
South Carolina,2021-01-30,4061.466512025112
South Carolina,2021-02-06,5388.1492098091685
South Carolina,2021-02-13,4646.394495694999
South Carolina,2021-02-20,4236.177315723557
South Carolina,2021-02-27,4788.582430800829
South Carolina,2021-03-06,5084.0709340302965
South Carolina,2021-03-13,3187.7840658409327
South Carolina,2021-03-20,3399.356827313007
South Carolina,2021-03-27,3630.61022071754
South Carolina,2021-04-03,4909.717723069643
South Carolina,2021-04-10,4019.6411128590394
South Carolina,2021-04-17,3869.3889658553003
South Carolina,2021-04-24,2719.206906726607
South Carolina,2021-05-01,2935.8089818400194
South Carolina,2021-05-08,3213.128067599066
South Carolina,2021-05-15,2719.029580834472
South Carolina,2021-05-22,2258.111815015162
South Carolina,2021-05-29,2126.271434079899
South Carolina,2021-06-05,1915.899167849691
South Carolina,2021-06-12,1354.8567920024532
South Carolina,2021-06-19,1806.5699961209675
South Carolina,2021-06-26,1883.3524287419502
South Carolina,2021-07-03,2193.5815479957464
South Carolina,2021-07-10,2151.034049491437
South Carolina,2021-07-17,1334.9149976500607
South Carolina,2021-07-24,1471.2767856575842
South Carolina,2021-07-31,1623.7594625135655
South Carolina,2021-08-07,1601.418997612069
South Carolina,2021-08-14,1847.8828389024773
South Carolina,2021-08-21,1902.8832486728504
South Carolina,2021-08-28,1703.1314856853885
South Carolina,2021-09-04,1713.4714082463959
South Carolina,2021-09-11,3093.890017690705
South Carolina,2021-09-18,1721.2263170269598
South Carolina,2021-09-25,1716.4111715784006
South Carolina,2021-10-02,1810.609779790215
South Carolina,2021-10-09,1514.5909746787588
South Carolina,2021-10-16,1187.0174613000818
South Carolina,2021-10-23,1572.0030369833864
South Carolina,2021-10-30,1556.0426038692112
South Carolina,2021-11-06,1668.1042727503454
South Carolina,2021-11-13,1596.400797226944
South Carolina,2021-11-20,1485.9280144697361
South Carolina,2021-11-27,1425.2969571246608
South Carolina,2021-12-04,1382.8625550494246
South Carolina,2021-12-11,1373.4610503505046
South Carolina,2021-12-18,1344.3266400526536
South Carolina,2021-12-25,1146.337975418852
South Carolina,2022-01-01,2222.635429424272
South Carolina,2022-01-08,1667.072104132245
South Carolina,2022-01-15,1476.3640193024046
South Carolina,2022-01-22,1165.8584553806456
South Carolina,2022-01-29,1357.1664428235722
South Carolina,2022-02-05,1347.2498024211282
South Carolina,2022-02-12,1131.5222424785582
South Carolina,2022-02-19,1343.559216731613
South Carolina,2022-02-26,1060.0397694624432
South Carolina,2022-03-05,1597.5857935036806
South Carolina,2022-03-12,1853.4966941148075
South Carolina,2022-03-19,1745.9317830616071
South Carolina,2022-03-26,1824.537431326901
South Carolina,2022-04-02,1495.9296187477821
South Carolina,2022-04-09,1647.4966400979458
South Carolina,2022-04-16,1346.9731230832126
South Carolina,2022-04-23,2099.885760710583
South Carolina,2022-04-30,1897.7944228934794
South Carolina,2022-05-07,1850.9181535737175
South Carolina,2022-05-14,1969.930627536567
South Carolina,2022-05-21,1889.5289935532537
South Carolina,2022-05-28,2047.084677098564
South Carolina,2022-06-04,2164.7435159442125
South Carolina,2022-06-11,2081.872165693683
South Carolina,2022-06-18,2089.487712190121
South Carolina,2022-06-25,2219.344299979327
South Carolina,2022-07-02,1786.6591733219684
South Carolina,2022-07-09,2049.376761211262
South Carolina,2022-07-16,2967.1908681740933
South Carolina,2022-07-23,2327.8085138348206
South Carolina,2022-07-30,2576.8097706653284
South Carolina,2022-08-06,3149.642070043945
South Carolina,2022-08-13,2561.866757199751
South Carolina,2022-08-20,2242.166365980637
South Carolina,2022-08-27,2768.0721421396893
South Carolina,2022-09-03,2559.345170003531
South Carolina,2022-09-10,2232.2366088550198
South Carolina,2022-09-17,2546.355733004807
South Carolina,2022-09-24,2601.909514512841
South Carolina,2022-10-01,2550.4623967044927
South Carolina,2022-10-08,2495.4359308208386
South Carolina,2022-10-15,2507.294430048003
South Carolina,2022-10-22,2758.2539253565756
South Carolina,2022-10-29,2372.757682809445
South Carolina,2022-11-05,2476.0723987583315
South Carolina,2022-11-12,2541.8920026756173
South Carolina,2022-11-19,2884.7945300710953
South Carolina,2022-11-26,2503.0053659956943
South Carolina,2022-12-03,2167.1034000271184
South Carolina,2022-12-10,2604.280984535575
South Carolina,2022-12-17,2746.7138991109036
South Carolina,2022-12-24,2591.6328149116953
South Carolina,2022-12-31,1963.8969477451328
South Carolina,2023-01-07,2171.7970902945713
South Carolina,2023-01-14,2138.351105608928
South Carolina,2023-01-21,2295.125015038795
South Carolina,2023-01-28,2150.6710162486447
South Carolina,2023-02-04,1814.7497338606365
South Carolina,2023-02-11,2268.463652785079
South Carolina,2023-02-18,2143.926335106617
South Carolina,2023-02-25,2073.45741943464
South Carolina,2023-03-04,1683.866559354925
South Carolina,2023-03-11,2187.356347092009
South Carolina,2023-03-18,2260.5669736839077
South Carolina,2023-03-25,1815.30511035877
South Carolina,2023-04-01,1754.5946350072604
South Carolina,2023-04-08,1716.436109583737
South Carolina,2023-04-15,2204.6251400549
South Carolina,2023-04-22,2051.501296178081
South Carolina,2023-04-29,2066.9148437169642
South Carolina,2023-05-06,2021.7088225527264
South Carolina,2023-05-13,2135.930115083648
South Carolina,2023-05-20,2531.296729745753
South Carolina,2023-05-27,2363.831705023904
South Carolina,2023-06-03,2556.2181611173014
South Carolina,2023-06-10,3052.5274927594173
South Carolina,2023-06-17,2415.5989726973125
South Carolina,2023-06-24,2250.8084217005526
South Carolina,2023-07-01,2107.59795039883
South Carolina,2023-07-08,2113.4464807155737
South Carolina,2023-07-15,2593.8853119402224
South Carolina,2023-07-22,2256.3492953697482
South Carolina,2023-07-29,2458.8697950315477
South Carolina,2023-08-05,2594.409600975677
South Carolina,2023-08-12,2365.3927652942066
South Carolina,2023-08-19,2360.492862408263
South Carolina,2023-08-26,2430.2822486880827
South Carolina,2023-09-02,2655.744908502338
South Carolina,2023-09-09,2159.1724309128126
South Carolina,2023-09-16,2983.812021578428
South Carolina,2023-09-23,2453.3156144998698
South Carolina,2023-09-30,2591.0450296997906
South Carolina,2023-10-07,2311.7441192465267
South Carolina,2023-10-14,1976.496055844004
South Carolina,2023-10-21,2638.4942713762853
South Carolina,2023-10-28,2939.345131820437
South Carolina,2023-11-04,2581.680830976698
South Carolina,2023-11-11,2552.1830634151947
South Carolina,2023-11-18,2349.4839627047213
South Carolina,2023-11-25,2479.0971589729584
South Carolina,2023-12-02,3154.751880339263
South Carolina,2023-12-09,2588.071766789503
South Carolina,2023-12-16,2426.2639442146315
South Carolina,2023-12-23,2541.133344628927
South Carolina,2023-12-30,1198.4622727776793
South Carolina,2024-01-06,2534.3112904535064
South Carolina,2024-01-13,2183.78844521814
South Carolina,2024-01-20,2103.017562495689
South Carolina,2024-01-27,2371.3929780519406
South Carolina,2024-02-03,1886.9997232649241
South Carolina,2024-02-10,2085.2957801999482
South Carolina,2024-02-17,2135.5140680966692
South Carolina,2024-02-24,2178.970637228356
South Carolina,2024-03-02,1654.1785539007333
South Carolina,2024-03-09,2016.972800055368
South Carolina,2024-03-16,1908.6160478657641
South Carolina,2024-03-23,2066.8858567403413
South Carolina,2024-03-30,1610.0176107101374
South Carolina,2024-04-06,2029.7973345191524
South Carolina,2024-04-13,1997.8697431063683
South Carolina,2024-04-20,2070.8550819910815
South Carolina,2024-04-27,2133.752854341815
South Carolina,2024-05-04,2012.4490874875994
South Carolina,2024-05-11,2118.0694107273166
South Carolina,2024-05-18,2155.125438430217
South Carolina,2024-05-25,2231.14038251464
South Carolina,2024-06-01,2052.4600905844895
South Carolina,2024-06-08,2100.613700568645
South Carolina,2024-06-15,2363.766719371666
South Carolina,2024-06-22,2318.2315396746085
South Carolina,2024-06-29,2514.520325072608
South Carolina,2024-07-06,2134.803053883678
South Carolina,2024-07-13,2627.044258195953
South Carolina,2024-07-20,2947.4480383333243
South Carolina,2024-07-27,2499.3744331279977
South Carolina,2024-08-03,2311.8062484559005
South Carolina,2024-08-10,2497.6595703025146
South Carolina,2024-08-17,3127.2002627301285
South Carolina,2024-08-24,2726.8153612601036
South Carolina,2024-08-31,2602.792939467782
South Carolina,2024-09-07,2016.8232566460988
South Carolina,2024-09-14,2445.730194470923
South Carolina,2024-09-21,2529.1288287922016
South Carolina,2024-09-28,2135.2708437525985
South Carolina,2024-10-05,3036.1137158320203
South Carolina,2024-10-12,3815.2532930654515
South Carolina,2024-10-19,3204.5162149252355
South Carolina,2024-10-26,2744.49432618495
South Carolina,2024-11-02,2581.680830976698
South Carolina,2024-11-09,2473.713725275917
South Carolina,2024-11-16,1474.1629470550906
South Carolina,2024-11-23,2856.1111927930297
South Carolina,2024-11-30,1041.7873946597174
South Carolina,2024-12-07,3360.711146018937
South Carolina,2024-12-14,2377.1357281329733
South Carolina,2024-12-21,2640.1123063831533
South Carolina,2024-12-28,1327.2325819466953
South Carolina,2025-01-04,2079.7299918415088
South Carolina,2025-01-11,3647.5698166287625
South Carolina,2025-01-18,2477.068052103429
South Carolina,2025-01-25,1596.1298890734215
South Carolina,2025-02-01,1869.1497258826882
South Carolina,2025-02-08,2541.589711314386
South Carolina,2025-02-15,2469.601243634584
South Carolina,2025-02-22,2475.8799245083455
South Carolina,2025-03-01,1789.630078785482
South Carolina,2025-03-08,2372.7060165034895
South Carolina,2025-03-15,2005.3759700695439
South Carolina,2025-03-22,2176.519668236898
South Carolina,2025-03-29,1741.8089117701
South Carolina,2025-04-05,1613.02690535505
South Carolina,2025-04-12,1958.0501851755398
South Dakota,2020-01-04,229.452110445274
South Dakota,2020-01-11,214.44829389193714
South Dakota,2020-01-18,184.9027640215986
South Dakota,2020-01-25,204.89265053527228
South Dakota,2020-02-01,174.63017807063179
South Dakota,2020-02-08,179.6082151780082
South Dakota,2020-02-15,169.43776167424173
South Dakota,2020-02-22,190.14830390283865
South Dakota,2020-02-29,186.6747220678396
South Dakota,2020-03-07,201.4074753428769
South Dakota,2020-03-14,204.38586431302878
South Dakota,2020-03-21,2341.5178122861444
South Dakota,2020-03-28,9481.556190625723
South Dakota,2020-04-04,10989.712238317123
South Dakota,2020-04-11,8106.9238063992525
South Dakota,2020-04-18,7082.325906287207
South Dakota,2020-04-25,6830.217610620758
South Dakota,2020-05-02,5619.708708476625
South Dakota,2020-05-09,6857.176010196383
South Dakota,2020-05-16,4211.289236157286
South Dakota,2020-05-23,4731.662530498853
South Dakota,2020-05-30,1665.0892489613893
South Dakota,2020-06-06,1011.6973450300741
South Dakota,2020-06-13,1154.9832311684393
South Dakota,2020-06-20,1234.1184988680873
South Dakota,2020-06-27,971.7280480470579
South Dakota,2020-07-04,1136.0094792979576
South Dakota,2020-07-11,1534.528221245819
South Dakota,2020-07-18,1084.644228960005
South Dakota,2020-07-25,1244.349093497486
South Dakota,2020-08-01,1180.2053020817573
South Dakota,2020-08-08,1208.021988688847
South Dakota,2020-08-15,1126.3022479368158
South Dakota,2020-08-22,1282.8869591271787
South Dakota,2020-08-29,1102.4682942160853
South Dakota,2020-09-05,897.3027673049572
South Dakota,2020-09-12,667.2307114679409
South Dakota,2020-09-19,962.3838697340422
South Dakota,2020-09-26,516.2906379838332
South Dakota,2020-10-03,779.4128422169781
South Dakota,2020-10-10,580.7376360382452
South Dakota,2020-10-17,635.5887971052831
South Dakota,2020-10-24,700.8800426772083
South Dakota,2020-10-31,858.856648855965
South Dakota,2020-11-07,543.9032638503326
South Dakota,2020-11-14,511.3148143049695
South Dakota,2020-11-21,418.39866567257275
South Dakota,2020-11-28,356.30556714903656
South Dakota,2020-12-05,434.61531827171586
South Dakota,2020-12-12,420.41643619632407
South Dakota,2020-12-19,393.19432154434935
South Dakota,2020-12-26,310.6184013004657
South Dakota,2021-01-02,347.6372427097996
South Dakota,2021-01-09,451.34950744350016
South Dakota,2021-01-16,410.28719827277797
South Dakota,2021-01-23,408.3771041596492
South Dakota,2021-01-30,491.70063963666365
South Dakota,2021-02-06,520.300031412526
South Dakota,2021-02-13,531.0214386491699
South Dakota,2021-02-20,493.78826563250243
South Dakota,2021-02-27,517.7581913957061
South Dakota,2021-03-06,324.4293386604179
South Dakota,2021-03-13,381.8788517427643
South Dakota,2021-03-20,392.2474472597459
South Dakota,2021-03-27,416.8483018669447
South Dakota,2021-04-03,424.03165923219177
South Dakota,2021-04-10,369.713461842394
South Dakota,2021-04-17,448.0791649870093
South Dakota,2021-04-24,478.7939354870559
South Dakota,2021-05-01,377.6032321297605
South Dakota,2021-05-08,396.9327544334592
South Dakota,2021-05-15,442.6670001512027
South Dakota,2021-05-22,316.2620878927496
South Dakota,2021-05-29,292.33542888974995
South Dakota,2021-06-05,290.8629866961463
South Dakota,2021-06-12,331.8543368427628
South Dakota,2021-06-19,292.9336217093482
South Dakota,2021-06-26,283.6721630944827
South Dakota,2021-07-03,316.994261887933
South Dakota,2021-07-10,333.1541532967897
South Dakota,2021-07-17,273.9710163823847
South Dakota,2021-07-24,247.94579709541492
South Dakota,2021-07-31,232.995369314205
South Dakota,2021-08-07,240.85947153713906
South Dakota,2021-08-14,249.97014176148718
South Dakota,2021-08-21,281.5313027511016
South Dakota,2021-08-28,244.99295427024117
South Dakota,2021-09-04,299.10092243498576
South Dakota,2021-09-11,296.3498106785801
South Dakota,2021-09-18,296.92424293064823
South Dakota,2021-09-25,232.0407361725093
South Dakota,2021-10-02,231.7173314699124
South Dakota,2021-10-09,224.16734935110594
South Dakota,2021-10-16,228.0256715388026
South Dakota,2021-10-23,261.7394350246836
South Dakota,2021-10-30,212.70748780077636
South Dakota,2021-11-06,231.7334328376417
South Dakota,2021-11-13,221.27073835419733
South Dakota,2021-11-20,170.50026054217443
South Dakota,2021-11-27,202.66922168110335
South Dakota,2021-12-04,180.28843401758127
South Dakota,2021-12-11,207.03012408803863
South Dakota,2021-12-18,249.70392627946342
South Dakota,2021-12-25,222.8864864293418
South Dakota,2022-01-01,247.32400849503153
South Dakota,2022-01-08,255.2301275594209
South Dakota,2022-01-15,166.85012729759637
South Dakota,2022-01-22,188.69838605997586
South Dakota,2022-01-29,178.65391489253574
South Dakota,2022-02-05,166.72152709348742
South Dakota,2022-02-12,145.85621752370292
South Dakota,2022-02-19,179.19735446340815
South Dakota,2022-02-26,177.28228322165901
South Dakota,2022-03-05,172.01287083337593
South Dakota,2022-03-12,168.88726682708167
South Dakota,2022-03-19,151.58036944952892
South Dakota,2022-03-26,163.11455290445664
South Dakota,2022-04-02,148.5461226609589
South Dakota,2022-04-09,169.55824284496
South Dakota,2022-04-16,127.06722589183845
South Dakota,2022-04-23,172.7606983716181
South Dakota,2022-04-30,145.89215786831656
South Dakota,2022-05-07,153.5674263054039
South Dakota,2022-05-14,158.01804895373007
South Dakota,2022-05-21,193.57420896883812
South Dakota,2022-05-28,188.96206430135928
South Dakota,2022-06-04,170.1490989368761
South Dakota,2022-06-11,178.9410639838427
South Dakota,2022-06-18,172.2341201717001
South Dakota,2022-06-25,188.6118105681401
South Dakota,2022-07-02,171.42178969047023
South Dakota,2022-07-09,175.41070950096122
South Dakota,2022-07-16,158.76269154466397
South Dakota,2022-07-23,184.80432081645833
South Dakota,2022-07-30,191.87853943522765
South Dakota,2022-08-06,173.81611348040963
South Dakota,2022-08-13,186.75930131605364
South Dakota,2022-08-20,159.9609674722168
South Dakota,2022-08-27,125.99637648183831
South Dakota,2022-09-03,168.7235972710176
South Dakota,2022-09-10,166.80767786698522
South Dakota,2022-09-17,179.90115895209863
South Dakota,2022-09-24,230.10706337107175
South Dakota,2022-10-01,240.4945031165
South Dakota,2022-10-08,199.25986608987193
South Dakota,2022-10-15,192.64237767933324
South Dakota,2022-10-22,184.67171248963786
South Dakota,2022-10-29,197.65742970166482
South Dakota,2022-11-05,200.13341926887236
South Dakota,2022-11-12,228.24774361761797
South Dakota,2022-11-19,292.76689474676004
South Dakota,2022-11-26,210.02415311307888
South Dakota,2022-12-03,219.71150492275902
South Dakota,2022-12-10,213.38631210828544
South Dakota,2022-12-17,170.0437780185303
South Dakota,2022-12-24,252.76276014221102
South Dakota,2022-12-31,188.51969878292613
South Dakota,2023-01-07,181.9144715279894
South Dakota,2023-01-14,186.54391281468972
South Dakota,2023-01-21,145.04428182222023
South Dakota,2023-01-28,178.65391489253574
South Dakota,2023-02-04,181.2190511885733
South Dakota,2023-02-11,186.9055721561223
South Dakota,2023-02-18,201.09925334226915
South Dakota,2023-02-25,176.10822836588645
South Dakota,2023-03-04,290.67997792728715
South Dakota,2023-03-11,229.1273110456586
South Dakota,2023-03-18,223.3815970835163
South Dakota,2023-03-25,214.69778758364376
South Dakota,2023-04-01,178.2553471931507
South Dakota,2023-04-08,172.10799085766615
South Dakota,2023-04-15,173.8814670098842
South Dakota,2023-04-22,141.91057366240057
South Dakota,2023-04-29,211.6866604363809
South Dakota,2023-05-06,209.52843758618667
South Dakota,2023-05-13,163.42962597269343
South Dakota,2023-05-20,199.02700358767862
South Dakota,2023-05-27,178.95819030893438
South Dakota,2023-06-03,187.39394004534327
South Dakota,2023-06-10,191.95495954630397
South Dakota,2023-06-17,203.42612618704737
South Dakota,2023-06-24,158.43392087723768
South Dakota,2023-07-01,238.08581901454198
South Dakota,2023-07-08,167.83902419876145
South Dakota,2023-07-15,181.2423646837314
South Dakota,2023-07-22,210.98493293212326
South Dakota,2023-07-29,216.24406825239942
South Dakota,2023-08-05,288.03813091039314
South Dakota,2023-08-12,225.54777158938785
South Dakota,2023-08-19,188.75394161721582
South Dakota,2023-08-26,220.49365884321705
South Dakota,2023-09-02,200.93446584093914
South Dakota,2023-09-09,228.9169196259691
South Dakota,2023-09-16,206.10035685774406
South Dakota,2023-09-23,193.36728014375777
South Dakota,2023-09-30,184.3206045783394
South Dakota,2023-10-07,205.81446694809142
South Dakota,2023-10-14,233.26764099946473
South Dakota,2023-10-21,205.0292241026688
South Dakota,2023-10-28,180.60069718933843
South Dakota,2023-11-04,219.28494264388405
South Dakota,2023-11-11,189.37585714998872
South Dakota,2023-11-18,181.71738294626485
South Dakota,2023-11-25,249.250454083615
South Dakota,2023-12-02,228.84611891298314
South Dakota,2023-12-09,209.7542046681444
South Dakota,2023-12-16,218.04412376550283
South Dakota,2023-12-23,184.47413451279567
South Dakota,2023-12-30,210.42718671488697
South Dakota,2024-01-06,161.2944432691493
South Dakota,2024-01-13,259.3015093083957
South Dakota,2024-01-20,278.1188899018301
South Dakota,2024-01-27,211.6485568321482
South Dakota,2024-02-03,202.15991932591953
South Dakota,2024-02-10,206.12016368619095
South Dakota,2024-02-17,166.25532330771756
South Dakota,2024-02-24,177.28228322165901
South Dakota,2024-03-02,153.5051568829494
South Dakota,2024-03-09,190.40156833371628
South Dakota,2024-03-16,207.425768720408
South Dakota,2024-03-23,188.20909950514226
South Dakota,2024-03-30,237.67379625753426
South Dakota,2024-04-06,247.32555723249803
South Dakota,2024-04-13,248.7842527987574
South Dakota,2024-04-20,209.78084802267912
South Dakota,2024-04-27,217.40792152925604
South Dakota,2024-05-04,193.9114111822473
South Dakota,2024-05-11,207.80455752819296
South Dakota,2024-05-18,200.39020224238874
South Dakota,2024-05-25,241.20451737291154
South Dakota,2024-06-01,252.92433625751852
South Dakota,2024-06-08,207.13783770250882
South Dakota,2024-06-15,225.12491298033243
South Dakota,2024-06-22,259.5298513417608
South Dakota,2024-06-29,201.35257836658408
South Dakota,2024-07-06,196.86381785719388
South Dakota,2024-07-13,309.09550566217763
South Dakota,2024-07-20,238.705581054592
South Dakota,2024-07-27,243.65528817171764
South Dakota,2024-08-03,173.81611348040963
South Dakota,2024-08-10,228.42099160963483
South Dakota,2024-08-17,247.93949958193605
South Dakota,2024-08-24,309.7410921845192
South Dakota,2024-08-31,260.7546503279363
South Dakota,2024-09-07,266.1824646813594
South Dakota,2024-09-14,227.0597151822604
South Dakota,2024-09-21,303.5866298256997
South Dakota,2024-09-28,244.00537177513502
South Dakota,2024-10-05,297.578878963164
South Dakota,2024-10-12,245.06207228595454
South Dakota,2024-10-19,258.83121907996485
South Dakota,2024-10-26,203.67745294130944
South Dakota,2024-11-02,239.39404218764636
South Dakota,2024-11-09,278.08349549919393
South Dakota,2024-11-16,146.38344737338002
South Dakota,2024-11-23,352.21949413127237
South Dakota,2024-11-30,195.19227789636798
South Dakota,2024-12-07,280.5802997508945
South Dakota,2024-12-14,242.55493861502072
South Dakota,2024-12-21,202.02051748702044
South Dakota,2024-12-28,170.64780073316862
South Dakota,2025-01-04,172.75001452406048
South Dakota,2025-01-11,288.8421875840357
South Dakota,2025-01-18,232.35249029773146
South Dakota,2025-01-25,239.0099672210951
South Dakota,2025-02-01,223.1007874632658
South Dakota,2025-02-08,234.0686604571999
South Dakota,2025-02-15,245.8985919581212
South Dakota,2025-02-22,257.1180134141942
South Dakota,2025-03-01,217.73781118148852
South Dakota,2025-03-08,203.31014923769706
South Dakota,2025-03-15,244.65603490099406
South Dakota,2025-03-22,243.974758617777
South Dakota,2025-03-29,213.3662489130137
South Dakota,2025-04-05,235.8516911753203
South Dakota,2025-04-12,228.7210066053092
Tennessee,2020-01-04,2513.550624569477
Tennessee,2020-01-11,1877.8195721689606
Tennessee,2020-01-18,1892.0531986455028
Tennessee,2020-01-25,1947.1012765147552
Tennessee,2020-02-01,1893.690005024995
Tennessee,2020-02-08,2219.3209863463308
Tennessee,2020-02-15,2087.9126495320593
Tennessee,2020-02-22,1850.4959495390085
Tennessee,2020-02-29,2015.8481074303397
Tennessee,2020-03-07,2410.9377904732296
Tennessee,2020-03-14,3295.122503733209
Tennessee,2020-03-21,42762.40778925742
Tennessee,2020-03-28,111356.89462010421
Tennessee,2020-04-04,118753.21271988165
Tennessee,2020-04-11,69086.00567911286
Tennessee,2020-04-18,59395.91875928916
Tennessee,2020-04-25,42924.954371674314
Tennessee,2020-05-02,39925.1542368245
Tennessee,2020-05-09,29176.657074055067
Tennessee,2020-05-16,28313.927412531946
Tennessee,2020-05-23,27601.080542973283
Tennessee,2020-05-30,18952.354517972515
Tennessee,2020-06-06,17103.405536406397
Tennessee,2020-06-13,19375.388785596682
Tennessee,2020-06-20,24787.47718085107
Tennessee,2020-06-27,27354.87568647821
Tennessee,2020-07-04,24546.809727649368
Tennessee,2020-07-11,16506.36649470258
Tennessee,2020-07-18,20980.14611486658
Tennessee,2020-07-25,17881.72717887706
Tennessee,2020-08-01,13872.173675899336
Tennessee,2020-08-08,11886.519965130581
Tennessee,2020-08-15,16663.313124400764
Tennessee,2020-08-22,13890.488424619569
Tennessee,2020-08-29,14743.45931599789
Tennessee,2020-09-05,14862.5318031669
Tennessee,2020-09-12,15476.263244330534
Tennessee,2020-09-19,15151.746911455932
Tennessee,2020-09-26,13083.492003482701
Tennessee,2020-10-03,12891.740953083909
Tennessee,2020-10-10,11609.24564047559
Tennessee,2020-10-17,9430.746225289146
Tennessee,2020-10-24,9903.031393314985
Tennessee,2020-10-31,9146.095368925522
Tennessee,2020-11-07,7600.589648216632
Tennessee,2020-11-14,8503.67397902813
Tennessee,2020-11-21,8508.003351016247
Tennessee,2020-11-28,7255.192255570286
Tennessee,2020-12-05,6546.281746766683
Tennessee,2020-12-12,7508.526083405939
Tennessee,2020-12-19,7626.583376910209
Tennessee,2020-12-26,8431.70352194132
Tennessee,2021-01-02,13799.262524184764
Tennessee,2021-01-09,11109.040928967222
Tennessee,2021-01-16,11817.227187660466
Tennessee,2021-01-23,10426.868430031913
Tennessee,2021-01-30,9217.50803885367
Tennessee,2021-02-06,11051.4174613942
Tennessee,2021-02-13,8386.774362325974
Tennessee,2021-02-20,12552.447726711236
Tennessee,2021-02-27,10787.890219406258
Tennessee,2021-03-06,9490.694579722127
Tennessee,2021-03-13,10093.904131532114
Tennessee,2021-03-20,7222.34011326298
Tennessee,2021-03-27,9811.445309771343
Tennessee,2021-04-03,12074.74994647897
Tennessee,2021-04-10,10975.99386344051
Tennessee,2021-04-17,12281.011375868255
Tennessee,2021-04-24,9864.566666374494
Tennessee,2021-05-01,9073.64887880919
Tennessee,2021-05-08,8783.739697066372
Tennessee,2021-05-15,7810.354896468709
Tennessee,2021-05-22,6783.362378814771
Tennessee,2021-05-29,5906.6965147902665
Tennessee,2021-06-05,6621.966128621092
Tennessee,2021-06-12,6336.6992942746265
Tennessee,2021-06-19,6041.539595722893
Tennessee,2021-06-26,6584.774661626253
Tennessee,2021-07-03,6497.22138698135
Tennessee,2021-07-10,5046.937534305027
Tennessee,2021-07-17,5003.878406397582
Tennessee,2021-07-24,6978.777701934948
Tennessee,2021-07-31,5500.916838550843
Tennessee,2021-08-07,5583.978164410213
Tennessee,2021-08-14,5408.379851241711
Tennessee,2021-08-21,6477.752800021069
Tennessee,2021-08-28,8310.657635563271
Tennessee,2021-09-04,6441.235350925704
Tennessee,2021-09-11,6140.7230441007505
Tennessee,2021-09-18,5546.518393687379
Tennessee,2021-09-25,5348.357947306719
Tennessee,2021-10-02,6244.377055870056
Tennessee,2021-10-09,4179.758004877983
Tennessee,2021-10-16,5054.126386584079
Tennessee,2021-10-23,5841.97069498404
Tennessee,2021-10-30,6858.036328733733
Tennessee,2021-11-06,7864.2052850384325
Tennessee,2021-11-13,5171.87054549084
Tennessee,2021-11-20,4873.878821644537
Tennessee,2021-11-27,4741.794744466645
Tennessee,2021-12-04,4167.812109777796
Tennessee,2021-12-11,5120.138163129537
Tennessee,2021-12-18,4208.767105914705
Tennessee,2021-12-25,3959.1624616327413
Tennessee,2022-01-01,3335.1002450513292
Tennessee,2022-01-08,4804.607070262538
Tennessee,2022-01-15,4370.746881449117
Tennessee,2022-01-22,4803.476901160394
Tennessee,2022-01-29,4693.336701700389
Tennessee,2022-02-05,3017.290632987284
Tennessee,2022-02-12,4561.211045122606
Tennessee,2022-02-19,2709.405390268435
Tennessee,2022-02-26,3295.020838957636
Tennessee,2022-03-05,2297.0352176949664
Tennessee,2022-03-12,2185.366220092491
Tennessee,2022-03-19,2380.8678339476783
Tennessee,2022-03-26,2269.2729336096913
Tennessee,2022-04-02,2481.214506403674
Tennessee,2022-04-09,2290.1491442587107
Tennessee,2022-04-16,1907.5326302517672
Tennessee,2022-04-23,1937.414130266903
Tennessee,2022-04-30,2140.084114723379
Tennessee,2022-05-07,2247.6009572500398
Tennessee,2022-05-14,2114.187505973268
Tennessee,2022-05-21,2378.2997975626963
Tennessee,2022-05-28,2213.3079933592708
Tennessee,2022-06-04,2524.445642115465
Tennessee,2022-06-11,2250.631108613842
Tennessee,2022-06-18,2653.297201402911
Tennessee,2022-06-25,2684.1908281291744
Tennessee,2022-07-02,1003.7399322822916
Tennessee,2022-07-09,3542.209382861379
Tennessee,2022-07-16,3335.918937598388
Tennessee,2022-07-23,2515.2436915786457
Tennessee,2022-07-30,3065.7867445590114
Tennessee,2022-08-06,3117.133531345449
Tennessee,2022-08-13,2745.8106341810735
Tennessee,2022-08-20,2622.7466925325866
Tennessee,2022-08-27,2294.648374437696
Tennessee,2022-09-03,2478.698439634577
Tennessee,2022-09-10,2334.5688722227133
Tennessee,2022-09-17,2453.9842788841543
Tennessee,2022-09-24,2786.475457244497
Tennessee,2022-10-01,2451.1834540149616
Tennessee,2022-10-08,2518.3793734426695
Tennessee,2022-10-15,2382.142006579951
Tennessee,2022-10-22,2443.716116038038
Tennessee,2022-10-29,2123.4858188360718
Tennessee,2022-11-05,1983.019118778922
Tennessee,2022-11-12,2637.731672800411
Tennessee,2022-11-19,2718.5957246358976
Tennessee,2022-11-26,3059.9412536021464
Tennessee,2022-12-03,2560.8412550799653
Tennessee,2022-12-10,2390.4076986444998
Tennessee,2022-12-17,2835.4451601672667
Tennessee,2022-12-24,2978.925007850401
Tennessee,2022-12-31,2659.4408845558373
Tennessee,2023-01-07,2765.874907430757
Tennessee,2023-01-14,1953.8370244014666
Tennessee,2023-01-21,1990.2134223313058
Tennessee,2023-01-28,2108.5540699473904
Tennessee,2023-02-04,2538.714242595155
Tennessee,2023-02-11,2558.180825735075
Tennessee,2023-02-18,2122.833089282485
Tennessee,2023-02-25,2072.9004123576137
Tennessee,2023-03-04,2775.188726337049
Tennessee,2023-03-11,2780.4882710998213
Tennessee,2023-03-18,3136.681066139559
Tennessee,2023-03-25,2564.21822206294
Tennessee,2023-04-01,2103.316221938609
Tennessee,2023-04-08,2313.2140118467128
Tennessee,2023-04-15,2024.1580620226023
Tennessee,2023-04-22,2327.504242416916
Tennessee,2023-04-29,2395.091569585127
Tennessee,2023-05-06,2596.153896183143
Tennessee,2023-05-13,3201.6284480408576
Tennessee,2023-05-20,3079.203843742214
Tennessee,2023-05-27,2752.3706943198013
Tennessee,2023-06-03,3242.6774223414463
Tennessee,2023-06-10,3241.707246464638
Tennessee,2023-06-17,2899.8906542895597
Tennessee,2023-06-24,2751.486057027399
Tennessee,2023-07-01,3580.5639390050346
Tennessee,2023-07-08,2618.8704774006815
Tennessee,2023-07-15,2502.3462211267556
Tennessee,2023-07-22,2131.6378773286824
Tennessee,2023-07-29,3136.238478496246
Tennessee,2023-08-05,3296.2148114227457
Tennessee,2023-08-12,2866.048236688371
Tennessee,2023-08-19,2872.075445753235
Tennessee,2023-08-26,2596.9373818486497
Tennessee,2023-09-02,2959.2254630026055
Tennessee,2023-09-09,2950.0088209633227
Tennessee,2023-09-16,2840.7116442999295
Tennessee,2023-09-23,2931.1285547517255
Tennessee,2023-09-30,2869.5221750289975
Tennessee,2023-10-07,2574.2240333228483
Tennessee,2023-10-14,3177.3970186625356
Tennessee,2023-10-21,2949.0600081657835
Tennessee,2023-10-28,2744.93395320915
Tennessee,2023-11-04,2497.463066755795
Tennessee,2023-11-11,3045.6283232334645
Tennessee,2023-11-18,3039.3223759764687
Tennessee,2023-11-25,2956.731276477965
Tennessee,2023-12-02,4019.814199808596
Tennessee,2023-12-09,3263.961842847074
Tennessee,2023-12-16,3269.1257746138263
Tennessee,2023-12-23,2985.5706855031626
Tennessee,2023-12-30,2234.810574763134
Tennessee,2024-01-06,1670.8596678258982
Tennessee,2024-01-13,2555.7705347367964
Tennessee,2024-01-20,2454.2568827567225
Tennessee,2024-01-27,2663.352327135069
Tennessee,2024-02-03,2808.8120766576653
Tennessee,2024-02-10,2350.3652208984727
Tennessee,2024-02-17,2891.961055371205
Tennessee,2024-02-24,2968.721691478842
Tennessee,2024-03-02,3324.5313429655457
Tennessee,2024-03-09,3143.9029661821664
Tennessee,2024-03-16,3499.426495557059
Tennessee,2024-03-23,3300.979514035954
Tennessee,2024-03-30,2772.312624689088
Tennessee,2024-04-06,3038.7963047192798
Tennessee,2024-04-13,3199.247639713594
Tennessee,2024-04-20,3686.3014197003804
Tennessee,2024-04-27,3675.624694214165
Tennessee,2024-05-04,3389.9086715706226
Tennessee,2024-05-11,3143.9687887870414
Tennessee,2024-05-18,3383.0012631389086
Tennessee,2024-05-25,4256.296018010633
Tennessee,2024-06-01,3029.1711642104883
Tennessee,2024-06-08,3417.366259819865
Tennessee,2024-06-15,3464.3962547702704
Tennessee,2024-06-22,3349.524789311619
Tennessee,2024-06-29,3205.269616925002
Tennessee,2024-07-06,3307.259288603146
Tennessee,2024-07-13,2835.286886201851
Tennessee,2024-07-20,3784.4360143639074
Tennessee,2024-07-27,3140.783751653487
Tennessee,2024-08-03,3085.794307331922
Tennessee,2024-08-10,3343.5302543375433
Tennessee,2024-08-17,3363.5407766208587
Tennessee,2024-08-24,2986.248982302151
Tennessee,2024-08-31,3222.4287069579573
Tennessee,2024-09-07,3462.875444913831
Tennessee,2024-09-14,3749.071270043959
Tennessee,2024-09-21,3486.9009820163383
Tennessee,2024-09-28,3237.9672871147536
Tennessee,2024-10-05,4710.28227373968
Tennessee,2024-10-12,3880.264774216164
Tennessee,2024-10-19,3729.047319928174
Tennessee,2024-10-26,3384.804463107122
Tennessee,2024-11-02,2671.567423910492
Tennessee,2024-11-09,3906.7434741476877
Tennessee,2024-11-16,3238.756039173697
Tennessee,2024-11-23,3253.4599607099863
Tennessee,2024-11-30,2784.270357872177
Tennessee,2024-12-07,4331.414710387097
Tennessee,2024-12-14,3225.7577131691705
Tennessee,2024-12-21,4271.509311312538
Tennessee,2024-12-28,3040.059607537013
Tennessee,2025-01-04,1812.0376954829017
Tennessee,2025-01-11,3352.2313380463484
Tennessee,2025-01-18,3027.2564935185123
Tennessee,2025-01-25,2272.9090449813125
Tennessee,2025-02-01,3078.909910720176
Tennessee,2025-02-08,2821.6090572180915
Tennessee,2025-02-15,5644.262039079089
Tennessee,2025-02-22,3110.8519949818747
Tennessee,2025-03-01,3245.036839047383
Tennessee,2025-03-08,3465.854239677935
Tennessee,2025-03-15,2926.6705543715325
Tennessee,2025-03-22,3653.710001859635
Tennessee,2025-03-29,2971.3178837351165
Tennessee,2025-04-05,5258.789810064483
Tennessee,2025-04-12,2518.0490950521244
Texas,2020-01-04,16461.48707841836
Texas,2020-01-11,16236.880429277417
Texas,2020-01-18,12724.984326911517
Texas,2020-01-25,12533.88598108423
Texas,2020-02-01,12866.651920444321
Texas,2020-02-08,13425.393580069527
Texas,2020-02-15,13436.220382424932
Texas,2020-02-22,13190.321349812053
Texas,2020-02-29,12872.5697478165
Texas,2020-03-07,14102.908532218158
Texas,2020-03-14,13484.70717071768
Texas,2020-03-21,126765.60016738118
Texas,2020-03-28,200393.19985495106
Texas,2020-04-04,252657.7459680127
Texas,2020-04-11,218126.55222268822
Texas,2020-04-18,271048.3786495936
Texas,2020-04-25,266200.18522051506
Texas,2020-05-02,268455.0179332238
Texas,2020-05-09,145165.22976675385
Texas,2020-05-16,139415.93053497866
Texas,2020-05-23,126232.92492663815
Texas,2020-05-30,105503.71610976398
Texas,2020-06-06,94067.26740105591
Texas,2020-06-13,82348.97392809344
Texas,2020-06-20,72675.35843343861
Texas,2020-06-27,98588.46899376479
Texas,2020-07-04,108624.98249856921
Texas,2020-07-11,96912.54644234153
Texas,2020-07-18,67161.13378705776
Texas,2020-07-25,61841.677661587164
Texas,2020-08-01,58420.231624974964
Texas,2020-08-08,50713.096973932006
Texas,2020-08-15,64461.50756477402
Texas,2020-08-22,59081.63669167354
Texas,2020-08-29,65645.99377116469
Texas,2020-09-05,74817.02511665835
Texas,2020-09-12,65611.19182547356
Texas,2020-09-19,60160.56603101112
Texas,2020-09-26,50964.893675366395
Texas,2020-10-03,52655.43400572789
Texas,2020-10-10,49027.58598971149
Texas,2020-10-17,53051.46962367075
Texas,2020-10-24,43639.7358832333
Texas,2020-10-31,45733.94955600752
Texas,2020-11-07,37509.69159948022
Texas,2020-11-14,42173.93596697826
Texas,2020-11-21,41076.6549201324
Texas,2020-11-28,38716.311336228595
Texas,2020-12-05,40907.38910145817
Texas,2020-12-12,41238.50766146512
Texas,2020-12-19,38746.2495500645
Texas,2020-12-26,39898.334135667414
Texas,2021-01-02,61215.115165309435
Texas,2021-01-09,47980.41906050879
Texas,2021-01-16,44787.78460015597
Texas,2021-01-23,51639.226649535085
Texas,2021-01-30,48957.15429303815
Texas,2021-02-06,45517.97944495128
Texas,2021-02-13,37594.10340934
Texas,2021-02-20,39855.63936702154
Texas,2021-02-27,57098.95459049585
Texas,2021-03-06,48499.07228153825
Texas,2021-03-13,61569.82580457879
Texas,2021-03-20,66436.41020700763
Texas,2021-03-27,63352.214852129335
Texas,2021-04-03,67330.07823903344
Texas,2021-04-10,52931.22255229345
Texas,2021-04-17,44906.82958553537
Texas,2021-04-24,35456.82871970644
Texas,2021-05-01,33263.17632579044
Texas,2021-05-08,32141.802938472512
Texas,2021-05-15,28668.320389276036
Texas,2021-05-22,24750.022887226805
Texas,2021-05-29,21685.836526512696
Texas,2021-06-05,19540.178611299227
Texas,2021-06-12,18913.06153527309
Texas,2021-06-19,19128.340680510955
Texas,2021-06-26,19975.308010694054
Texas,2021-07-03,22463.57847791486
Texas,2021-07-10,31509.71161527551
Texas,2021-07-17,34407.97177012013
Texas,2021-07-24,27282.193169724986
Texas,2021-07-31,28076.81418478202
Texas,2021-08-07,30097.81195061176
Texas,2021-08-14,24540.516927143202
Texas,2021-08-21,23036.989609702054
Texas,2021-08-28,23444.58408639693
Texas,2021-09-04,23292.730537843105
Texas,2021-09-11,22175.961081091904
Texas,2021-09-18,20946.749759403592
Texas,2021-09-25,26481.38389661489
Texas,2021-10-02,23766.955072262743
Texas,2021-10-09,20736.78640390934
Texas,2021-10-16,19700.515944607145
Texas,2021-10-23,19883.699520486694
Texas,2021-10-30,18373.368846388385
Texas,2021-11-06,17965.478867782058
Texas,2021-11-13,16798.856061943763
Texas,2021-11-20,16793.77051983314
Texas,2021-11-27,16339.495220674402
Texas,2021-12-04,16443.52910536508
Texas,2021-12-11,16023.739967513526
Texas,2021-12-18,16827.075585780894
Texas,2021-12-25,14255.204857172446
Texas,2022-01-01,17836.494449001857
Texas,2022-01-08,17671.377901227548
Texas,2022-01-15,15370.278223927084
Texas,2022-01-22,14525.690203173895
Texas,2022-01-29,14835.106266935803
Texas,2022-02-05,13962.641646760607
Texas,2022-02-12,14649.577266060647
Texas,2022-02-19,14474.644994149194
Texas,2022-02-26,12578.44390264893
Texas,2022-03-05,13103.768303916808
Texas,2022-03-12,11369.80224415297
Texas,2022-03-19,10733.3090873003
Texas,2022-03-26,11181.8513060617
Texas,2022-04-02,10360.693565286327
Texas,2022-04-09,12360.32169859948
Texas,2022-04-16,12753.979827468136
Texas,2022-04-23,13720.492536514952
Texas,2022-04-30,14281.430576667743
Texas,2022-05-07,13771.688841195437
Texas,2022-05-14,14444.39096804426
Texas,2022-05-21,14149.647683939897
Texas,2022-05-28,14062.612740935103
Texas,2022-06-04,15137.659305328492
Texas,2022-06-11,13263.050645006953
Texas,2022-06-18,13477.246609553436
Texas,2022-06-25,14832.209698605386
Texas,2022-07-02,13936.76920433568
Texas,2022-07-09,14081.875374862393
Texas,2022-07-16,12793.833853552229
Texas,2022-07-23,12079.433991447459
Texas,2022-07-30,13151.515888465317
Texas,2022-08-06,14388.619591104907
Texas,2022-08-13,14932.182770257017
Texas,2022-08-20,16118.529046808007
Texas,2022-08-27,16214.292887420172
Texas,2022-09-03,16685.465113471415
Texas,2022-09-10,16032.80004353086
Texas,2022-09-17,15551.355998352066
Texas,2022-09-24,15179.406314377222
Texas,2022-10-01,15071.060259847196
Texas,2022-10-08,15906.649889260194
Texas,2022-10-15,15132.806423067026
Texas,2022-10-22,16108.07810368188
Texas,2022-10-29,15881.178142942746
Texas,2022-11-05,17237.946607275906
Texas,2022-11-12,15598.163031173375
Texas,2022-11-19,16743.104210282414
Texas,2022-11-26,17570.071750722327
Texas,2022-12-03,17121.861266135034
Texas,2022-12-10,17005.482160515152
Texas,2022-12-17,16609.966322742708
Texas,2022-12-24,17178.30845195042
Texas,2022-12-31,13694.168275472472
Texas,2023-01-07,15172.312796346981
Texas,2023-01-14,14468.088686968711
Texas,2023-01-21,14851.743855321458
Texas,2023-01-28,14717.781173436311
Texas,2023-02-04,14468.913248345174
Texas,2023-02-11,16439.672616463467
Texas,2023-02-18,15919.919683428841
Texas,2023-02-25,13300.573563887927
Texas,2023-03-04,13933.929063911539
Texas,2023-03-11,12099.223533370203
Texas,2023-03-18,11380.89627691401
Texas,2023-03-25,11437.979624213654
Texas,2023-04-01,11596.85802502569
Texas,2023-04-08,13876.232718323476
Texas,2023-04-15,14139.337563628667
Texas,2023-04-22,15156.869695003194
Texas,2023-04-29,15717.607420510803
Texas,2023-05-06,16397.01637365953
Texas,2023-05-13,16735.319211572085
Texas,2023-05-20,18681.369857093323
Texas,2023-05-27,19908.600778889067
Texas,2023-06-03,20468.515419920648
Texas,2023-06-10,23333.788628210976
Texas,2023-06-17,23110.807807638423
Texas,2023-06-24,19917.130474716865
Texas,2023-07-01,15202.06161612441
Texas,2023-07-08,14437.320572492954
Texas,2023-07-15,12977.192274957491
Texas,2023-07-22,12478.807358982316
Texas,2023-07-29,13411.434634153624
Texas,2023-08-05,16127.082861108349
Texas,2023-08-12,15739.526407346777
Texas,2023-08-19,16839.03681134061
Texas,2023-08-26,16445.958738076268
Texas,2023-09-02,15879.896678970323
Texas,2023-09-09,16560.22974333876
Texas,2023-09-16,16711.682448460775
Texas,2023-09-23,15982.992942907098
Texas,2023-09-30,16691.591000776465
Texas,2023-10-07,17881.26849620284
Texas,2023-10-14,15446.60958937637
Texas,2023-10-21,17775.79922210634
Texas,2023-10-28,17838.198563559647
Texas,2023-11-04,18035.66957591665
Texas,2023-11-11,19019.10776382902
Texas,2023-11-18,17563.26509613473
Texas,2023-11-25,17301.468751777855
Texas,2023-12-02,16700.05573469179
Texas,2023-12-09,16737.637279598406
Texas,2023-12-16,16828.183286102518
Texas,2023-12-23,17736.540041230935
Texas,2023-12-30,10860.295388761653
Texas,2024-01-06,12970.525978935151
Texas,2024-01-13,16067.68121719696
Texas,2024-01-20,13706.720147485607
Texas,2024-01-27,14146.985282045924
Texas,2024-02-03,16172.618829203373
Texas,2024-02-10,16047.826627202758
Texas,2024-02-17,15605.68192901728
Texas,2024-02-24,13318.829650829362
Texas,2024-03-02,14966.47221036652
Texas,2024-03-09,13026.213788923991
Texas,2024-03-16,12046.426688406187
Texas,2024-03-23,12366.71686850403
Texas,2024-03-30,11059.743765605863
Texas,2024-04-06,12183.757036281155
Texas,2024-04-13,14553.496775344951
Texas,2024-04-20,16265.321214828546
Texas,2024-04-27,15833.161879210818
Texas,2024-05-04,16039.110393647825
Texas,2024-05-11,16344.311939866928
Texas,2024-05-18,16323.095243103338
Texas,2024-05-25,16525.22654815983
Texas,2024-06-01,15615.988779601223
Texas,2024-06-08,14949.62106001177
Texas,2024-06-15,14781.470101156012
Texas,2024-06-22,16042.710710341278
Texas,2024-06-29,14475.724403198768
Texas,2024-07-06,12671.116140855831
Texas,2024-07-13,19652.202807531587
Texas,2024-07-20,25512.389416012047
Texas,2024-07-27,23362.87564290807
Texas,2024-08-03,19292.77308785751
Texas,2024-08-10,19380.446736901114
Texas,2024-08-17,18701.481410226777
Texas,2024-08-24,17366.83049443425
Texas,2024-08-31,15580.816506275038
Texas,2024-09-07,17724.029282461484
Texas,2024-09-14,19326.765079594432
Texas,2024-09-21,17386.804553176313
Texas,2024-09-28,16883.11957645038
Texas,2024-10-05,16338.871962113195
Texas,2024-10-12,18476.917777468097
Texas,2024-10-19,17253.783912919203
Texas,2024-10-26,17845.496340143676
Texas,2024-11-02,17056.34207670546
Texas,2024-11-09,17987.618086988336
Texas,2024-11-16,16280.774135632075
Texas,2024-11-23,26448.025523974164
Texas,2024-11-30,9417.454110181865
Texas,2024-12-07,22357.044223453377
Texas,2024-12-14,17220.309199957195
Texas,2024-12-21,19459.445719055802
Texas,2024-12-28,9300.267665311641
Texas,2025-01-04,9488.440901028293
Texas,2025-01-11,19541.796243786437
Texas,2025-01-18,16221.169194341219
Texas,2025-01-25,13560.359814548463
Texas,2025-02-01,14869.671265660681
Texas,2025-02-08,17041.62369379963
Texas,2025-02-15,17209.71785310416
Texas,2025-02-22,14747.875567522828
Texas,2025-03-01,16028.488519898241
Texas,2025-03-08,14826.008718546856
Texas,2025-03-15,15694.609936696022
Texas,2025-03-22,12675.08665664732
Texas,2025-03-29,13390.979984102663
Texas,2025-04-05,13354.492094535994
Texas,2025-04-12,16619.46580348679
Utah,2020-01-04,1547.6834981095178
Utah,2020-01-11,1415.6710496487729
Utah,2020-01-18,1209.129256043224
Utah,2020-01-25,1285.9103084031406
Utah,2020-02-01,1236.393000662317
Utah,2020-02-08,1221.0996919049965
Utah,2020-02-15,1145.7407528376393
Utah,2020-02-22,1058.6866454542064
Utah,2020-02-29,1014.620919867637
Utah,2020-03-07,1023.3473559662377
Utah,2020-03-14,1351.3092073652458
Utah,2020-03-21,20023.438819213534
Utah,2020-03-28,25987.527223387686
Utah,2020-04-04,27485.30808685607
Utah,2020-04-11,19402.62859866089
Utah,2020-04-18,11803.128593469428
Utah,2020-04-25,7677.655683428981
Utah,2020-05-02,7980.114898207041
Utah,2020-05-09,6152.466418715865
Utah,2020-05-16,5793.647022379729
Utah,2020-05-23,5022.248850854817
Utah,2020-05-30,4842.8896854254945
Utah,2020-06-06,6081.2106184937875
Utah,2020-06-13,4948.135533328421
Utah,2020-06-20,4997.343776237444
Utah,2020-06-27,5464.567172217563
Utah,2020-07-04,5006.470769963824
Utah,2020-07-11,5342.423072776805
Utah,2020-07-18,4728.619354211819
Utah,2020-07-25,4396.503308099265
Utah,2020-08-01,4157.838240280234
Utah,2020-08-08,3098.9513061046146
Utah,2020-08-15,3498.842448352594
Utah,2020-08-22,3703.8660985288243
Utah,2020-08-29,3410.5459947856166
Utah,2020-09-05,3343.69632057435
Utah,2020-09-12,3391.3354707776502
Utah,2020-09-19,3486.9750619175206
Utah,2020-09-26,3357.7351042094074
Utah,2020-10-03,3335.836270651416
Utah,2020-10-10,3047.349909365828
Utah,2020-10-17,2747.192958944089
Utah,2020-10-24,2826.1384030985896
Utah,2020-10-31,2573.3854951416424
Utah,2020-11-07,2538.227209763739
Utah,2020-11-14,2727.9359640868465
Utah,2020-11-21,2857.4801004229594
Utah,2020-11-28,2874.8477712591207
Utah,2020-12-05,2568.4800565615665
Utah,2020-12-12,2473.7158520463317
Utah,2020-12-19,2513.792751200876
Utah,2020-12-26,2807.207481778784
Utah,2021-01-02,3033.1741810776125
Utah,2021-01-09,2952.530951421241
Utah,2021-01-16,2740.029534956661
Utah,2021-01-23,2958.3019211414503
Utah,2021-01-30,2937.631431806203
Utah,2021-02-06,3062.589250303552
Utah,2021-02-13,2893.0737332363365
Utah,2021-02-20,2654.068604228948
Utah,2021-02-27,2547.443710673321
Utah,2021-03-06,2462.082998295126
Utah,2021-03-13,2349.5176946450133
Utah,2021-03-20,2619.623077617779
Utah,2021-03-27,2964.720353011598
Utah,2021-04-03,3401.556439683852
Utah,2021-04-10,3444.4315586935422
Utah,2021-04-17,5053.077394690052
Utah,2021-04-24,4296.6876967494445
Utah,2021-05-01,3309.3692677284316
Utah,2021-05-08,2904.075443543102
Utah,2021-05-15,2829.844932896457
Utah,2021-05-22,3067.242082640472
Utah,2021-05-29,3037.0830019958184
Utah,2021-06-05,2813.4920921682515
Utah,2021-06-12,2207.756495507559
Utah,2021-06-19,2665.9278497038817
Utah,2021-06-26,2638.1807677352463
Utah,2021-07-03,1926.6884595779147
Utah,2021-07-10,1764.8279891915033
Utah,2021-07-17,1594.8410581236383
Utah,2021-07-24,1670.173405530295
Utah,2021-07-31,2109.787512498556
Utah,2021-08-07,2473.997918792299
Utah,2021-08-14,2178.1261906103814
Utah,2021-08-21,1976.223857939876
Utah,2021-08-28,1907.6382120041696
Utah,2021-09-04,1794.9962507672562
Utah,2021-09-11,1619.165862088322
Utah,2021-09-18,1589.348161817023
Utah,2021-09-25,1669.3130213203679
Utah,2021-10-02,1533.8369493014666
Utah,2021-10-09,1528.1464879321668
Utah,2021-10-16,1600.8742905332822
Utah,2021-10-23,1379.0983266069456
Utah,2021-10-30,1323.7669453821838
Utah,2021-11-06,1387.238794259336
Utah,2021-11-13,1296.8875894839105
Utah,2021-11-20,1310.5383126365314
Utah,2021-11-27,1275.2993467472327
Utah,2021-12-04,1360.7892826140098
Utah,2021-12-11,1427.2055419111466
Utah,2021-12-18,1556.3162819312654
Utah,2021-12-25,1520.3564155621261
Utah,2022-01-01,1702.6557587897858
Utah,2022-01-08,1373.9882597463554
Utah,2022-01-15,1071.464333887411
Utah,2022-01-22,1016.7898189969759
Utah,2022-01-29,838.6386632399438
Utah,2022-02-05,874.3561109342761
Utah,2022-02-12,879.4108604277961
Utah,2022-02-19,1361.1685441554082
Utah,2022-02-26,1527.0904692245113
Utah,2022-03-05,1459.9083462454307
Utah,2022-03-12,1379.2673288969404
Utah,2022-03-19,1316.9300797806768
Utah,2022-03-26,1491.012970162822
Utah,2022-04-02,1509.0299294660083
Utah,2022-04-09,1222.013402257084
Utah,2022-04-16,952.7081250568738
Utah,2022-04-23,1075.3165738249486
Utah,2022-04-30,1253.992699195568
Utah,2022-05-07,1269.4461519679428
Utah,2022-05-14,1249.336536778416
Utah,2022-05-21,1279.4887451668978
Utah,2022-05-28,1263.5752998957787
Utah,2022-06-04,1308.4433103336687
Utah,2022-06-11,1269.2281859380832
Utah,2022-06-18,1225.1880468700144
Utah,2022-06-25,1224.9875654940881
Utah,2022-07-02,1394.9724885905032
Utah,2022-07-09,1370.166518456322
Utah,2022-07-16,1374.3901446660718
Utah,2022-07-23,1519.6325804753997
Utah,2022-07-30,1646.7616271219647
Utah,2022-08-06,1358.5475527976841
Utah,2022-08-13,1426.2797241692103
Utah,2022-08-20,1370.9276196903668
Utah,2022-08-27,1396.1222297943439
Utah,2022-09-03,1458.4344537483958
Utah,2022-09-10,1399.315818428623
Utah,2022-09-17,1519.4716478061023
Utah,2022-09-24,1409.975757174113
Utah,2022-10-01,1504.0411301849683
Utah,2022-10-08,1459.9556058810606
Utah,2022-10-15,1471.7893201732588
Utah,2022-10-22,1553.1245631537167
Utah,2022-10-29,1511.3187696043713
Utah,2022-11-05,1631.2991028904646
Utah,2022-11-12,1519.6120301390242
Utah,2022-11-19,1748.6352288865385
Utah,2022-11-26,1632.0938709789725
Utah,2022-12-03,1753.2499266574564
Utah,2022-12-10,1831.1922541122194
Utah,2022-12-17,1864.9106143613665
Utah,2022-12-24,1716.8300795488421
Utah,2022-12-31,1591.5243350124883
Utah,2023-01-07,1902.7421686936887
Utah,2023-01-14,1861.793676143373
Utah,2023-01-21,1931.3947905126636
Utah,2023-01-28,2165.125417438895
Utah,2023-02-04,2076.712906570585
Utah,2023-02-11,2102.4395036118212
Utah,2023-02-18,1684.6561302664156
Utah,2023-02-25,1673.8379017025422
Utah,2023-03-04,1631.3064255698253
Utah,2023-03-11,1533.5547403125893
Utah,2023-03-18,1572.1806203404838
Utah,2023-03-25,1369.8738589644988
Utah,2023-04-01,1259.4659940526662
Utah,2023-04-08,1532.2655095658772
Utah,2023-04-15,998.9619243187775
Utah,2023-04-22,1086.436027447226
Utah,2023-04-29,1310.7906700013123
Utah,2023-05-06,1277.271504959526
Utah,2023-05-13,1384.2239513970835
Utah,2023-05-20,1250.6839876504318
Utah,2023-05-27,1352.6421878047763
Utah,2023-06-03,1448.552956690642
Utah,2023-06-10,1561.810008021213
Utah,2023-06-17,1461.0748741512123
Utah,2023-06-24,1288.8233955018663
Utah,2023-07-01,1562.827922568882
Utah,2023-07-08,1781.5509328667229
Utah,2023-07-15,1853.2643777270055
Utah,2023-07-22,1849.1628904380839
Utah,2023-07-29,1790.3667567894872
Utah,2023-08-05,1923.2644690437526
Utah,2023-08-12,1755.8723249023913
Utah,2023-08-19,1900.406464647843
Utah,2023-08-26,1883.9080891181468
Utah,2023-09-02,2002.6071677022621
Utah,2023-09-09,1925.173355290335
Utah,2023-09-16,1855.1529406036632
Utah,2023-09-23,1939.5697492201496
Utah,2023-09-30,1862.886429979315
Utah,2023-10-07,1825.5034490074825
Utah,2023-10-14,1758.6448098622
Utah,2023-10-21,1883.2976283828643
Utah,2023-10-28,1993.2833411520858
Utah,2023-11-04,1784.5689767108136
Utah,2023-11-11,1851.06808749191
Utah,2023-11-18,1523.489062077113
Utah,2023-11-25,1618.8346150109012
Utah,2023-12-02,1511.5563419099083
Utah,2023-12-09,1379.016272066088
Utah,2023-12-16,1167.6542308165979
Utah,2023-12-23,1170.6127205072391
Utah,2023-12-30,960.4201944790289
Utah,2024-01-06,1012.7374139254034
Utah,2024-01-13,1438.847228556237
Utah,2024-01-20,1304.1214693404
Utah,2024-01-27,1261.3125495128754
Utah,2024-02-03,1225.7854159721685
Utah,2024-02-10,1265.8503121597255
Utah,2024-02-17,1236.1847040670643
Utah,2024-02-24,1107.484529482641
Utah,2024-03-02,1245.1566350919247
Utah,2024-03-09,1462.1062075093694
Utah,2024-03-16,1349.4719813659908
Utah,2024-03-23,1153.0986073464464
Utah,2024-03-30,990.7688235909679
Utah,2024-04-06,1022.5656189871454
Utah,2024-04-13,911.2599153286744
Utah,2024-04-20,1083.8196854184548
Utah,2024-04-27,1210.5067527974204
Utah,2024-05-04,1424.214244468144
Utah,2024-05-11,1377.7121451741134
Utah,2024-05-18,1314.7978027677273
Utah,2024-05-25,1259.6602718558229
Utah,2024-06-01,1249.6876521839704
Utah,2024-06-08,1525.7523891025173
Utah,2024-06-15,1394.985892369842
Utah,2024-06-22,1556.2735108792817
Utah,2024-06-29,1615.9995196676232
Utah,2024-07-06,1445.9771964506506
Utah,2024-07-13,1642.3065658058895
Utah,2024-07-20,1548.0812403282932
Utah,2024-07-27,1256.2093585869266
Utah,2024-08-03,1449.9779106660953
Utah,2024-08-10,1626.8503103805056
Utah,2024-08-17,1617.0234208677853
Utah,2024-08-24,1727.0256100383292
Utah,2024-08-31,1636.386668264115
Utah,2024-09-07,1883.5801037871488
Utah,2024-09-14,1797.6075761240813
Utah,2024-09-21,1706.16621148852
Utah,2024-09-28,1658.2021073529368
Utah,2024-10-05,1689.12168490527
Utah,2024-10-12,1656.0388077811556
Utah,2024-10-19,1709.2713918360935
Utah,2024-10-26,1607.2755168808394
Utah,2024-11-02,1480.9579527736894
Utah,2024-11-09,1213.5851412073916
Utah,2024-11-16,1803.0455525321497
Utah,2024-11-23,2559.0364018377836
Utah,2024-11-30,1392.6524240115966
Utah,2024-12-07,1966.1222096783831
Utah,2024-12-14,1767.3280822145507
Utah,2024-12-21,1939.0201917013585
Utah,2024-12-28,1523.2141937915808
Utah,2025-01-04,1214.2042317870882
Utah,2025-01-11,1937.2605913010775
Utah,2025-01-18,2064.943304052565
Utah,2025-01-25,1560.3471357195754
Utah,2025-02-01,1590.334748398142
Utah,2025-02-08,1726.4443613861604
Utah,2025-02-15,1563.873427660033
Utah,2025-02-22,1710.52475982205
Utah,2025-03-01,1554.6814018718608
Utah,2025-03-08,1612.2516749943966
Utah,2025-03-15,1509.130686018938
Utah,2025-03-22,1228.6966992972798
Utah,2025-03-29,1040.6816106736362
Utah,2025-04-05,1113.5834565904904
Utah,2025-04-12,967.1248936579866
Vermont,2020-01-04,349.0896172840509
Vermont,2020-01-11,398.04736566238057
Vermont,2020-01-18,467.47228069944515
Vermont,2020-01-25,449.83934653935574
Vermont,2020-02-01,401.3384087007248
Vermont,2020-02-08,452.1977131257212
Vermont,2020-02-15,556.6310238684715
Vermont,2020-02-22,724.3543064396173
Vermont,2020-02-29,725.8506916464098
Vermont,2020-03-07,347.77295064571774
Vermont,2020-03-14,791.0437983460766
Vermont,2020-03-21,4235.535779230123
Vermont,2020-03-28,15494.55790643077
Vermont,2020-04-04,16791.722220968222
Vermont,2020-04-11,6916.09880349226
Vermont,2020-04-18,4692.492852029092
Vermont,2020-04-25,2025.6904234277592
Vermont,2020-05-02,1544.018891897771
Vermont,2020-05-09,3236.859462729789
Vermont,2020-05-16,3320.2990746295377
Vermont,2020-05-23,2319.767777818266
Vermont,2020-05-30,2448.409534646018
Vermont,2020-06-06,3042.335053560341
Vermont,2020-06-13,2967.928755939442
Vermont,2020-06-20,1688.224670639187
Vermont,2020-06-27,1435.1831062565705
Vermont,2020-07-04,2223.8520831189935
Vermont,2020-07-11,2595.322196188397
Vermont,2020-07-18,2227.4756728570073
Vermont,2020-07-25,1904.7291032398355
Vermont,2020-08-01,1893.707001309995
Vermont,2020-08-08,1314.27734999284
Vermont,2020-08-15,1136.1977965697881
Vermont,2020-08-22,936.5902646585715
Vermont,2020-08-29,1203.4885036380206
Vermont,2020-09-05,1399.0518369922524
Vermont,2020-09-12,1420.8090205165083
Vermont,2020-09-19,1354.6258298250712
Vermont,2020-09-26,1196.5934045635747
Vermont,2020-10-03,1240.831848776245
Vermont,2020-10-10,959.5173739761385
Vermont,2020-10-17,1072.223580701889
Vermont,2020-10-24,1155.2138640303135
Vermont,2020-10-31,1031.9091313033466
Vermont,2020-11-07,817.2527071951688
Vermont,2020-11-14,1068.4811243824854
Vermont,2020-11-21,1252.7564239411836
Vermont,2020-11-28,922.7152448388831
Vermont,2020-12-05,1228.806781147978
Vermont,2020-12-12,1121.959203931429
Vermont,2020-12-19,1176.2947297242806
Vermont,2020-12-26,676.4814824466357
Vermont,2021-01-02,924.0607516342525
Vermont,2021-01-09,1122.3831728230455
Vermont,2021-01-16,1147.3193856106911
Vermont,2021-01-23,1267.0185455616217
Vermont,2021-01-30,1064.6732006281181
Vermont,2021-02-06,1100.5064344701761
Vermont,2021-02-13,1024.0780715370222
Vermont,2021-02-20,922.6611411534142
Vermont,2021-02-27,843.6016729100221
Vermont,2021-03-06,771.9623792360102
Vermont,2021-03-13,1015.5129793638556
Vermont,2021-03-20,875.3142123038996
Vermont,2021-03-27,1599.9642586357475
Vermont,2021-04-03,1794.9631438099452
Vermont,2021-04-10,1611.990737473046
Vermont,2021-04-17,1807.1573714771027
Vermont,2021-04-24,2070.424255330698
Vermont,2021-05-01,2538.964743012283
Vermont,2021-05-08,596.7022078564698
Vermont,2021-05-15,540.5489171065823
Vermont,2021-05-22,535.1010724606567
Vermont,2021-05-29,621.7121821763268
Vermont,2021-06-05,639.8122809608717
Vermont,2021-06-12,619.4493584209271
Vermont,2021-06-19,618.6510852090325
Vermont,2021-06-26,285.97499713203047
Vermont,2021-07-03,527.5128875202304
Vermont,2021-07-10,528.9919011903125
Vermont,2021-07-17,434.0652044235708
Vermont,2021-07-24,373.67299062901316
Vermont,2021-07-31,386.2561105846577
Vermont,2021-08-07,453.6001473426616
Vermont,2021-08-14,540.5975684924027
Vermont,2021-08-21,339.9576908163037
Vermont,2021-08-28,547.9166618699132
Vermont,2021-09-04,754.0717151504069
Vermont,2021-09-11,731.2987605599675
Vermont,2021-09-18,732.0027776073366
Vermont,2021-09-25,724.7254563413331
Vermont,2021-10-02,681.8432436344712
Vermont,2021-10-09,625.541713420908
Vermont,2021-10-16,694.0016187904073
Vermont,2021-10-23,595.6060148824846
Vermont,2021-10-30,586.1243865803009
Vermont,2021-11-06,529.9452337340101
Vermont,2021-11-13,555.3617006964779
Vermont,2021-11-20,456.54882522264904
Vermont,2021-11-27,521.2789709886598
Vermont,2021-12-04,506.05107877380715
Vermont,2021-12-11,504.6469222704127
Vermont,2021-12-18,468.5544257247703
Vermont,2021-12-25,495.7986434704605
Vermont,2022-01-01,510.8002488200451
Vermont,2022-01-08,556.8983174444401
Vermont,2022-01-15,439.6096944325908
Vermont,2022-01-22,443.76043645098605
Vermont,2022-01-29,418.02607642216867
Vermont,2022-02-05,406.5019442203851
Vermont,2022-02-12,419.2671984570992
Vermont,2022-02-19,438.17498209216194
Vermont,2022-02-26,510.5346116215188
Vermont,2022-03-05,301.7671118831676
Vermont,2022-03-12,427.33170290015676
Vermont,2022-03-19,368.2587926444795
Vermont,2022-03-26,314.4866875015334
Vermont,2022-04-02,308.84374365384065
Vermont,2022-04-09,303.5009203768079
Vermont,2022-04-16,275.23412151186096
Vermont,2022-04-23,262.0689975198704
Vermont,2022-04-30,137.86594492816226
Vermont,2022-05-07,334.46436604245326
Vermont,2022-05-14,398.6170785366976
Vermont,2022-05-21,469.3344602029224
Vermont,2022-05-28,357.65163168208045
Vermont,2022-06-04,468.33521430565247
Vermont,2022-06-11,395.9367033205926
Vermont,2022-06-18,542.0793398884647
Vermont,2022-06-25,345.6913538417352
Vermont,2022-07-02,341.4015991142165
Vermont,2022-07-09,372.9889276489335
Vermont,2022-07-16,341.53719846494124
Vermont,2022-07-23,268.34234897519735
Vermont,2022-07-30,359.20315342308635
Vermont,2022-08-06,334.3847240026031
Vermont,2022-08-13,400.7336626905892
Vermont,2022-08-20,602.0937415662246
Vermont,2022-08-27,502.9264374348471
Vermont,2022-09-03,394.26084599234474
Vermont,2022-09-10,438.7792563359805
Vermont,2022-09-17,422.79470775596167
Vermont,2022-09-24,398.2008001875457
Vermont,2022-10-01,376.754224710939
Vermont,2022-10-08,448.8350147144368
Vermont,2022-10-15,403.198883924504
Vermont,2022-10-22,397.6161033418785
Vermont,2022-10-29,416.89128904655206
Vermont,2022-11-05,410.149184729004
Vermont,2022-11-12,347.8775753803441
Vermont,2022-11-19,379.4691534318122
Vermont,2022-11-26,365.40994158161345
Vermont,2022-12-03,363.20915786539837
Vermont,2022-12-10,342.6904681464198
Vermont,2022-12-17,427.50013318507615
Vermont,2022-12-24,477.9153590666752
Vermont,2022-12-31,476.40465417588126
Vermont,2023-01-07,340.39489667584166
Vermont,2023-01-14,334.35103520225215
Vermont,2023-01-21,342.15579640252156
Vermont,2023-01-28,346.26910521996007
Vermont,2023-02-04,355.09420420188206
Vermont,2023-02-11,341.3593571790074
Vermont,2023-02-18,382.3640765140275
Vermont,2023-02-25,366.7101987923924
Vermont,2023-03-04,447.58222796108066
Vermont,2023-03-11,345.70654616641895
Vermont,2023-03-18,394.00332830047654
Vermont,2023-03-25,316.60444297292423
Vermont,2023-04-01,300.68945339235313
Vermont,2023-04-08,306.36413660677783
Vermont,2023-04-15,255.32054166087363
Vermont,2023-04-22,302.44820861809814
Vermont,2023-04-29,226.72174180382754
Vermont,2023-05-06,431.1367907789763
Vermont,2023-05-13,353.3196832484365
Vermont,2023-05-20,390.1155863470151
Vermont,2023-05-27,367.6792475236341
Vermont,2023-06-03,283.9512716656318
Vermont,2023-06-10,379.97151367056864
Vermont,2023-06-17,371.9199058427583
Vermont,2023-06-24,362.2792307055421
Vermont,2023-07-01,380.5205323460538
Vermont,2023-07-08,355.97042144441946
Vermont,2023-07-15,485.7720312828049
Vermont,2023-07-22,747.3459812580263
Vermont,2023-07-29,604.1827099417603
Vermont,2023-08-05,625.154049222258
Vermont,2023-08-12,553.1696049689701
Vermont,2023-08-19,623.9384124620514
Vermont,2023-08-26,424.19354467348126
Vermont,2023-09-02,403.83028400186765
Vermont,2023-09-09,352.88067176227
Vermont,2023-09-16,387.0359513785918
Vermont,2023-09-23,442.0028882081757
Vermont,2023-09-30,458.65731703940406
Vermont,2023-10-07,425.8631438825955
Vermont,2023-10-14,362.1653691888244
Vermont,2023-10-21,374.70817969255216
Vermont,2023-10-28,327.45916433359537
Vermont,2023-11-04,379.6925621006126
Vermont,2023-11-11,349.1199952924168
Vermont,2023-11-18,343.8939202975798
Vermont,2023-11-25,385.9964171636762
Vermont,2023-12-02,311.93257087263623
Vermont,2023-12-09,354.426443082941
Vermont,2023-12-16,275.7777477122934
Vermont,2023-12-23,342.24906358968354
Vermont,2023-12-30,255.6568079521432
Vermont,2024-01-06,285.80904838007604
Vermont,2024-01-13,377.0736674780955
Vermont,2024-01-20,318.7085717759528
Vermont,2024-01-27,393.82895822607503
Vermont,2024-02-03,377.9420886545501
Vermont,2024-02-10,400.81534131228796
Vermont,2024-02-17,375.2392800572444
Vermont,2024-02-24,351.5707869156423
Vermont,2024-03-02,469.4155073738163
Vermont,2024-03-09,375.71579496558724
Vermont,2024-03-16,423.1058468681254
Vermont,2024-03-23,296.48576599471164
Vermont,2024-03-30,246.66728040999814
Vermont,2024-04-06,302.7851163193155
Vermont,2024-04-13,305.10449128834205
Vermont,2024-04-20,179.72707684897455
Vermont,2024-04-27,194.44676625706123
Vermont,2024-05-04,488.91801016172576
Vermont,2024-05-11,520.9200458150025
Vermont,2024-05-18,420.00950100962166
Vermont,2024-05-25,503.0520613846085
Vermont,2024-06-01,466.49137487925225
Vermont,2024-06-08,443.83227227066425
Vermont,2024-06-15,311.14867939786313
Vermont,2024-06-22,629.6758057501088
Vermont,2024-06-29,491.9502209458328
Vermont,2024-07-06,418.37161086097103
Vermont,2024-07-13,415.0153208438529
Vermont,2024-07-20,298.4368180191447
Vermont,2024-07-27,348.68255897136413
Vermont,2024-08-03,418.707828316303
Vermont,2024-08-10,413.3056991671567
Vermont,2024-08-17,256.6748830259642
Vermont,2024-08-24,417.7663697541861
Vermont,2024-08-31,421.05527241900893
Vermont,2024-09-07,434.13608960226645
Vermont,2024-09-14,420.69125149846934
Vermont,2024-09-21,398.2008001875457
Vermont,2024-09-28,370.61149278630415
Vermont,2024-10-05,376.3852682447836
Vermont,2024-10-12,387.1422912018468
Vermont,2024-10-19,463.06731376852514
Vermont,2024-10-26,434.7777139891434
Vermont,2024-11-02,324.8706413695081
Vermont,2024-11-09,464.66504711517393
Vermont,2024-11-16,272.743454029115
Vermont,2024-11-23,319.82560279276026
Vermont,2024-11-30,365.65090010314896
Vermont,2024-12-07,479.6101757391674
Vermont,2024-12-14,447.1347948344951
Vermont,2024-12-21,378.63229737669496
Vermont,2024-12-28,461.00364164864374
Vermont,2025-01-04,344.07484150476967
Vermont,2025-01-11,380.78867898034275
Vermont,2025-01-18,378.62925693273957
Vermont,2025-01-25,326.24390395422745
Vermont,2025-02-01,331.29432456368625
Vermont,2025-02-08,379.28817464334156
Vermont,2025-02-15,388.3014068946801
Vermont,2025-02-22,349.0475516028506
Vermont,2025-03-01,523.2189459266291
Vermont,2025-03-08,474.1461310268593
Vermont,2025-03-15,444.37307197525337
Vermont,2025-03-22,311.31005429444724
Vermont,2025-03-29,319.0366064807001
Vermont,2025-04-05,321.39602181411976
Vermont,2025-04-12,307.23808912951927
Virgin Islands,2020-01-04,26.30641733209346
Virgin Islands,2020-01-11,72.41856967208373
Virgin Islands,2020-01-18,57.48024525555475
Virgin Islands,2020-01-25,65.39404557288529
Virgin Islands,2020-02-01,35.17660060510344
Virgin Islands,2020-02-08,50.575099719668174
Virgin Islands,2020-02-15,45.578470200083764
Virgin Islands,2020-02-22,63.96509287128398
Virgin Islands,2020-02-29,66.23641636766843
Virgin Islands,2020-03-07,68.17065815685785
Virgin Islands,2020-03-14,39.97548545222737
Virgin Islands,2020-03-21,137.6935282667185
Virgin Islands,2020-03-28,333.20579082419226
Virgin Islands,2020-04-04,106.38223323612264
Virgin Islands,2020-04-11,9.14107982017929
Virgin Islands,2020-04-18,16.715394641943455
Virgin Islands,2020-04-25,120.937844833009
Virgin Islands,2020-05-02,57.092487828413695
Virgin Islands,2020-05-09,77.91675362269831
Virgin Islands,2020-05-16,69.8253159421659
Virgin Islands,2020-05-23,32.496592821128225
Virgin Islands,2020-05-30,33.668092642546206
Virgin Islands,2020-06-06,28.55016468940513
Virgin Islands,2020-06-13,42.624484484114376
Virgin Islands,2020-06-20,68.58263953001754
Virgin Islands,2020-06-27,60.033796152143886
Virgin Islands,2020-07-04,35.089113261544234
Virgin Islands,2020-07-11,80.63132927533582
Virgin Islands,2020-07-18,107.95864037433036
Virgin Islands,2020-07-25,39.01302092613111
Virgin Islands,2020-08-01,9.852136882742832
Virgin Islands,2020-08-08,53.29957427841987
Virgin Islands,2020-08-15,205.06257051600792
Virgin Islands,2020-08-22,154.97620445582155
Virgin Islands,2020-08-29,213.47164307042297
Virgin Islands,2020-09-05,175.94727317750664
Virgin Islands,2020-09-12,114.29586666745786
Virgin Islands,2020-09-19,176.48220249148596
Virgin Islands,2020-09-26,185.58737005558797
Virgin Islands,2020-10-03,170.59728399172272
Virgin Islands,2020-10-10,134.46444254078793
Virgin Islands,2020-10-17,143.6582190054963
Virgin Islands,2020-10-24,141.47094652174044
Virgin Islands,2020-10-31,122.0171866372306
Virgin Islands,2020-11-07,98.84229751639681
Virgin Islands,2020-11-14,151.67247507848415
Virgin Islands,2020-11-21,132.15850871215937
Virgin Islands,2020-11-28,117.5074314940391
Virgin Islands,2020-12-05,25.32515404776071
Virgin Islands,2020-12-12,143.4050296953529
Virgin Islands,2020-12-19,98.95783349011982
Virgin Islands,2020-12-26,110.72134884149148
Virgin Islands,2021-01-02,71.02732679665235
Virgin Islands,2021-01-09,147.85457974717096
Virgin Islands,2021-01-16,83.34635562055438
Virgin Islands,2021-01-23,89.17369850847993
Virgin Islands,2021-01-30,228.14538106738516
Virgin Islands,2021-02-06,188.8137056200945
Virgin Islands,2021-02-13,191.42957484035182
Virgin Islands,2021-02-20,152.35322120251274
Virgin Islands,2021-02-27,234.51271740985308
Virgin Islands,2021-03-06,173.62214499324733
Virgin Islands,2021-03-13,194.4262246994695
Virgin Islands,2021-03-20,214.93623924560936
Virgin Islands,2021-03-27,150.60901745253489
Virgin Islands,2021-04-03,127.06766747647981
Virgin Islands,2021-04-10,198.05672943721794
Virgin Islands,2021-04-17,248.1593204534682
Virgin Islands,2021-04-24,228.95999749938596
Virgin Islands,2021-05-01,265.16288791418805
Virgin Islands,2021-05-08,219.28000662387953
Virgin Islands,2021-05-15,220.0555411510683
Virgin Islands,2021-05-22,318.0517595259358
Virgin Islands,2021-05-29,227.25962533718692
Virgin Islands,2021-06-05,173.0853734295186
Virgin Islands,2021-06-12,146.37087124733617
Virgin Islands,2021-06-19,136.0766657341618
Virgin Islands,2021-06-26,185.36751092591797
Virgin Islands,2021-07-03,270.5555312008542
Virgin Islands,2021-07-10,236.13460716348348
Virgin Islands,2021-07-17,178.62247771025568
Virgin Islands,2021-07-24,188.56293447630037
Virgin Islands,2021-07-31,86.20619772399978
Virgin Islands,2021-08-07,209.29832826403901
Virgin Islands,2021-08-14,121.05015175834829
Virgin Islands,2021-08-21,122.05379832790089
Virgin Islands,2021-08-28,83.50681354269989
Virgin Islands,2021-09-04,72.10071744888651
Virgin Islands,2021-09-11,69.05375277825578
Virgin Islands,2021-09-18,66.25221841104327
Virgin Islands,2021-09-25,66.51108059795638
Virgin Islands,2021-10-02,94.3302629130702
Virgin Islands,2021-10-09,119.61560839517945
Virgin Islands,2021-10-16,117.73493136540675
Virgin Islands,2021-10-23,103.59683485450284
Virgin Islands,2021-10-30,113.56054993960076
Virgin Islands,2021-11-06,128.7945088850019
Virgin Islands,2021-11-13,110.47748184729093
Virgin Islands,2021-11-20,89.20699338070759
Virgin Islands,2021-11-27,110.8560674472067
Virgin Islands,2021-12-04,20.682209139004577
Virgin Islands,2021-12-11,79.66946094186272
Virgin Islands,2021-12-18,90.71134736594317
Virgin Islands,2021-12-25,87.29952504809904
Virgin Islands,2022-01-01,105.22566932837384
Virgin Islands,2022-01-08,162.9417817621884
Virgin Islands,2022-01-15,64.66527591249908
Virgin Islands,2022-01-22,65.39404557288529
Virgin Islands,2022-01-29,61.30778962603742
Virgin Islands,2022-02-05,84.29183286611362
Virgin Islands,2022-02-12,71.78609056513193
Virgin Islands,2022-02-19,61.63908949414638
Virgin Islands,2022-02-26,53.70520246027169
Virgin Islands,2022-03-05,48.997660550241584
Virgin Islands,2022-03-12,50.877890575562105
Virgin Islands,2022-03-19,40.30054485855175
Virgin Islands,2022-03-26,30.654932755825687
Virgin Islands,2022-04-02,44.3259305150511
Virgin Islands,2022-04-09,48.752425707622876
Virgin Islands,2022-04-16,32.14498969604511
Virgin Islands,2022-04-23,34.050461166575346
Virgin Islands,2022-04-30,34.25549269704822
Virgin Islands,2022-05-07,42.29766625232194
Virgin Islands,2022-05-14,39.14449530091119
Virgin Islands,2022-05-21,25.582424135781793
Virgin Islands,2022-05-28,35.77234843270534
Virgin Islands,2022-06-04,63.34567790461763
Virgin Islands,2022-06-11,50.66684004715483
Virgin Islands,2022-06-18,48.987599664298244
Virgin Islands,2022-06-25,35.809632792506875
Virgin Islands,2022-07-02,39.706101848589526
Virgin Islands,2022-07-09,51.83442596271588
Virgin Islands,2022-07-16,38.27624522362622
Virgin Islands,2022-07-23,48.76627615766389
Virgin Islands,2022-07-30,19.21166692134852
Virgin Islands,2022-08-06,42.89965734604526
Virgin Islands,2022-08-13,28.907498927366756
Virgin Islands,2022-08-20,47.376145403593114
Virgin Islands,2022-08-27,24.11112222007532
Virgin Islands,2022-09-03,32.821968390911024
Virgin Islands,2022-09-10,41.67036805584401
Virgin Islands,2022-09-17,33.12610920552164
Virgin Islands,2022-09-24,29.500882523287103
Virgin Islands,2022-10-01,32.78143888468397
Virgin Islands,2022-10-08,29.697668291216967
Virgin Islands,2022-10-15,29.163698595100755
Virgin Islands,2022-10-22,25.620722598425434
Virgin Islands,2022-10-29,36.2427287041279
Virgin Islands,2022-11-05,37.44026421075637
Virgin Islands,2022-11-12,35.57749415421233
Virgin Islands,2022-11-19,37.995571254745826
Virgin Islands,2022-11-26,31.039698885217874
Virgin Islands,2022-12-03,11.81840522228833
Virgin Islands,2022-12-10,37.179081772869274
Virgin Islands,2022-12-17,31.33664727187128
Virgin Islands,2022-12-24,29.80959391886309
Virgin Islands,2022-12-31,49.982192930977575
Virgin Islands,2023-01-07,12.069761612013956
Virgin Islands,2023-01-14,37.362159416110586
Virgin Islands,2023-01-21,46.07307756271464
Virgin Islands,2023-01-28,26.131189020933984
Virgin Islands,2023-02-04,28.097277622037872
Virgin Islands,2023-02-11,36.46277616006701
Virgin Islands,2023-02-18,37.21605403420159
Virgin Islands,2023-02-25,37.593641722190185
Virgin Islands,2023-03-04,33.020162544728024
Virgin Islands,2023-03-11,28.16454656861474
Virgin Islands,2023-03-18,30.225408643913816
Virgin Islands,2023-03-25,41.31751806219984
Virgin Islands,2023-04-01,45.80346153221947
Virgin Islands,2023-04-08,28.94675276390108
Virgin Islands,2023-04-15,30.8591901082033
Virgin Islands,2023-04-22,42.26953799988664
Virgin Islands,2023-04-29,22.836995131365477
Virgin Islands,2023-05-06,35.61908737037637
Virgin Islands,2023-05-13,37.02857663599707
Virgin Islands,2023-05-20,30.422342215524292
Virgin Islands,2023-05-27,34.72022053762578
Virgin Islands,2023-06-03,27.657972042861218
Virgin Islands,2023-06-10,25.735537801729436
Virgin Islands,2023-06-17,34.83562642794542
Virgin Islands,2023-06-24,36.862857286404136
Virgin Islands,2023-07-01,36.012510978953294
Virgin Islands,2023-07-08,26.49315104761034
Virgin Islands,2023-07-15,33.369034297520294
Virgin Islands,2023-07-22,46.3279623497807
Virgin Islands,2023-07-29,10.344743726879972
Virgin Islands,2023-08-05,28.599771564030174
Virgin Islands,2023-08-12,33.42429563476781
Virgin Islands,2023-08-19,35.331362673866046
Virgin Islands,2023-08-26,26.463426826911938
Virgin Islands,2023-09-02,34.97422861326585
Virgin Islands,2023-09-09,48.81385972256013
Virgin Islands,2023-09-16,43.97776566939942
Virgin Islands,2023-09-23,36.47381839242769
Virgin Islands,2023-09-30,33.450447841514254
Virgin Islands,2023-10-07,26.397927369970635
Virgin Islands,2023-10-14,21.602739700074633
Virgin Islands,2023-10-21,45.67172289284534
Virgin Islands,2023-10-28,36.2427287041279
Virgin Islands,2023-11-04,35.942653642326114
Virgin Islands,2023-11-11,28.087495384904475
Virgin Islands,2023-11-18,37.995571254745826
Virgin Islands,2023-11-25,39.90818428099441
Virgin Islands,2023-12-02,119.02822402447534
Virgin Islands,2023-12-09,37.179081772869274
Virgin Islands,2023-12-16,49.47891674505991
Virgin Islands,2023-12-23,48.97290429527507
Virgin Islands,2023-12-30,26.30641733209346
Virgin Islands,2024-01-06,21.122082821024424
Virgin Islands,2024-01-13,53.16922686138814
Virgin Islands,2024-01-20,40.12816432881597
Virgin Islands,2024-01-27,35.17660060510344
Virgin Islands,2024-02-03,29.221168726919387
Virgin Islands,2024-02-10,23.928696855043977
Virgin Islands,2024-02-17,37.21605403420159
Virgin Islands,2024-02-24,19.69190756876629
Virgin Islands,2024-03-02,42.606661348036155
Virgin Islands,2024-03-09,40.884019212505265
Virgin Islands,2024-03-16,39.18108527914754
Virgin Islands,2024-03-23,47.98163387868369
Virgin Islands,2024-03-30,36.93827542920925
Virgin Islands,2024-04-06,33.517292673990724
Virgin Islands,2024-04-13,29.5733905203615
Virgin Islands,2024-04-20,17.612307499952767
Virgin Islands,2024-04-27,31.718048793563163
Virgin Islands,2024-05-04,20.035736645836707
Virgin Islands,2024-05-11,20.101227316684124
Virgin Islands,2024-05-18,12.445503633623574
Virgin Islands,2024-05-25,23.14681369175052
Virgin Islands,2024-06-01,21.412623517053845
Virgin Islands,2024-06-08,42.624484484114376
Virgin Islands,2024-06-15,37.01285307969201
Virgin Islands,2024-06-22,33.70318380471235
Virgin Islands,2024-06-29,32.318920109317055
Virgin Islands,2024-07-06,20.733770385086356
Virgin Islands,2024-07-13,31.40614992707792
Virgin Islands,2024-07-20,31.69807950248153
Virgin Islands,2024-07-27,138.9151300466739
Virgin Islands,2024-08-03,42.89965734604526
Virgin Islands,2024-08-10,20.777264854044855
Virgin Islands,2024-08-17,16.862695821617887
Virgin Islands,2024-08-24,42.92955907476826
Virgin Islands,2024-08-31,41.96907433591902
Virgin Islands,2024-09-07,40.47978611139133
Virgin Islands,2024-09-14,34.83952864718655
Virgin Islands,2024-09-21,42.91037457932669
Virgin Islands,2024-09-28,37.46450158249597
Virgin Islands,2024-10-05,52.79585473994127
Virgin Islands,2024-10-12,56.16712322019404
Virgin Islands,2024-10-19,38.98805612803871
Virgin Islands,2024-10-26,72.4854574082558
Virgin Islands,2024-11-02,28.45460080017484
Virgin Islands,2024-11-09,59.91999015446288
Virgin Islands,2024-11-16,39.64755261364782
Virgin Islands,2024-11-23,101.98758205143017
Virgin Islands,2024-11-30,12.240491123084341
Virgin Islands,2024-12-07,56.65383889199128
Virgin Islands,2024-12-14,65.97188899341322
Virgin Islands,2024-12-21,42.58513416980441
Virgin Islands,2024-12-28,26.30641733209346
Virgin Islands,2025-01-04,33.191844433038376
Virgin Islands,2025-01-11,31.61413489055511
Virgin Islands,2025-01-18,63.907817264410625
Virgin Islands,2025-01-25,31.1564176788059
Virgin Islands,2025-02-01,47.20342640502363
Virgin Islands,2025-02-08,42.160084935077485
Virgin Islands,2025-02-15,45.35706585418318
Virgin Islands,2025-02-22,68.02658978301082
Virgin Islands,2025-03-01,52.193160151344294
Virgin Islands,2025-03-08,31.79868160972632
Virgin Islands,2025-03-15,26.86702990570117
Virgin Islands,2025-03-22,29.322109592528918
Virgin Islands,2025-03-29,42.84839949788273
Virgin Islands,2025-04-05,36.56431928071716
Virgin Islands,2025-04-12,27.00179134467789
Virginia,2020-01-04,3469.788585954176
Virginia,2020-01-11,2788.6440660891512
Virginia,2020-01-18,2113.845144669618
Virginia,2020-01-25,2777.527474900358
Virginia,2020-02-01,2294.334443602623
Virginia,2020-02-08,3020.3510348091227
Virginia,2020-02-15,2561.701237617706
Virginia,2020-02-22,2305.991587299951
Virginia,2020-02-29,3937.3892522414276
Virginia,2020-03-07,2524.4787429624967
Virginia,2020-03-14,2638.662528129278
Virginia,2020-03-21,46541.948175365585
Virginia,2020-03-28,86896.58422060474
Virginia,2020-04-04,114746.23126483812
Virginia,2020-04-11,124321.44034738862
Virginia,2020-04-18,79286.35956765788
Virginia,2020-04-25,46216.23288456619
Virginia,2020-05-02,51322.72788007551
Virginia,2020-05-09,44280.89493073254
Virginia,2020-05-16,42886.64970067942
Virginia,2020-05-23,40078.0509719235
Virginia,2020-05-30,33012.98236624655
Virginia,2020-06-06,33133.71883484179
Virginia,2020-06-13,23995.49521589528
Virginia,2020-06-20,23194.818137421073
Virginia,2020-06-27,32670.624038717644
Virginia,2020-07-04,33201.799333250085
Virginia,2020-07-11,29315.032039971593
Virginia,2020-07-18,31881.000630388862
Virginia,2020-07-25,35332.51699165679
Virginia,2020-08-01,21299.50925888777
Virginia,2020-08-08,11750.271383548792
Virginia,2020-08-15,10204.8287868985
Virginia,2020-08-22,9176.078022156844
Virginia,2020-08-29,9795.205889428871
Virginia,2020-09-05,12057.900987826544
Virginia,2020-09-12,12533.152109747769
Virginia,2020-09-19,10052.15451304715
Virginia,2020-09-26,11036.37870867295
Virginia,2020-10-03,12764.824169711597
Virginia,2020-10-10,10648.083866700586
Virginia,2020-10-17,17128.360984306913
Virginia,2020-10-24,22079.995155738237
Virginia,2020-10-31,19200.733572373014
Virginia,2020-11-07,18334.851585904547
Virginia,2020-11-14,22753.465141804136
Virginia,2020-11-21,9605.822763275326
Virginia,2020-11-28,11970.799128973767
Virginia,2020-12-05,18632.836106591396
Virginia,2020-12-12,17113.144149393378
Virginia,2020-12-19,16519.86283576988
Virginia,2020-12-26,16796.927199475846
Virginia,2021-01-02,21256.264455359178
Virginia,2021-01-09,21607.207261459916
Virginia,2021-01-16,15734.743459421712
Virginia,2021-01-23,16627.029460730744
Virginia,2021-01-30,16195.773662665975
Virginia,2021-02-06,13851.483935225693
Virginia,2021-02-13,14174.493182971197
Virginia,2021-02-20,13248.082500582304
Virginia,2021-02-27,14649.20917079723
Virginia,2021-03-06,13722.295216989653
Virginia,2021-03-13,15138.668052182942
Virginia,2021-03-20,17660.535686397554
Virginia,2021-03-27,21816.645108107416
Virginia,2021-04-03,22211.258765824376
Virginia,2021-04-10,5982.031282164371
Virginia,2021-04-17,13178.773228430946
Virginia,2021-04-24,23817.09518314555
Virginia,2021-05-01,10526.878380392807
Virginia,2021-05-08,9571.447205917944
Virginia,2021-05-15,10210.513123663402
Virginia,2021-05-22,10052.705155614978
Virginia,2021-05-29,8511.266367409242
Virginia,2021-06-05,8172.628811850751
Virginia,2021-06-12,6927.854114233872
Virginia,2021-06-19,6332.1954390104975
Virginia,2021-06-26,8379.54732033578
Virginia,2021-07-03,7120.260186942084
Virginia,2021-07-10,5403.290929701193
Virginia,2021-07-17,5296.4166967261735
Virginia,2021-07-24,5080.395893833627
Virginia,2021-07-31,5368.958162130378
Virginia,2021-08-07,9058.294396394265
Virginia,2021-08-14,11176.075774602787
Virginia,2021-08-21,9566.839651816723
Virginia,2021-08-28,7392.267462599547
Virginia,2021-09-04,6691.133381569844
Virginia,2021-09-11,4742.743303312473
Virginia,2021-09-18,15162.775499646435
Virginia,2021-09-25,10259.583363922588
Virginia,2021-10-02,11018.975765793652
Virginia,2021-10-09,10925.097684088954
Virginia,2021-10-16,2964.495033535565
Virginia,2021-10-23,4594.040442863283
Virginia,2021-10-30,2018.3959542745738
Virginia,2021-11-06,2386.916797438376
Virginia,2021-11-13,802.3633541166502
Virginia,2021-11-20,10281.072687782173
Virginia,2021-11-27,9105.374285180373
Virginia,2021-12-04,3859.9306213366344
Virginia,2021-12-11,3904.0945023428276
Virginia,2021-12-18,3821.9108896688927
Virginia,2021-12-25,1700.8831243203465
Virginia,2022-01-01,1973.2517899419454
Virginia,2022-01-08,1870.067925735876
Virginia,2022-01-15,2127.285346931735
Virginia,2022-01-22,1761.4917624408938
Virginia,2022-01-29,1921.8949106216926
Virginia,2022-02-05,1945.624899723668
Virginia,2022-02-12,1876.8052513255602
Virginia,2022-02-19,1785.7847309056858
Virginia,2022-02-26,1708.973969904605
Virginia,2022-03-05,1827.1751566594405
Virginia,2022-03-12,1807.8641268114122
Virginia,2022-03-19,1554.8512625951378
Virginia,2022-03-26,1256.751224716427
Virginia,2022-04-02,1431.1257663740166
Virginia,2022-04-09,2297.033466115163
Virginia,2022-04-16,1783.557339692385
Virginia,2022-04-23,1176.3181446863566
Virginia,2022-04-30,1662.8181694807379
Virginia,2022-05-07,1163.5210889181528
Virginia,2022-05-14,1248.2501009101754
Virginia,2022-05-21,1231.6938349762943
Virginia,2022-05-28,1447.6517331959353
Virginia,2022-06-04,1282.003215839556
Virginia,2022-06-11,1322.1971541753524
Virginia,2022-06-18,1836.8410520402645
Virginia,2022-06-25,1588.8014318938262
Virginia,2022-07-02,862.7773149598687
Virginia,2022-07-09,1552.3567691177823
Virginia,2022-07-16,1735.7863095552466
Virginia,2022-07-23,1931.6688175162174
Virginia,2022-07-30,2104.3038873965966
Virginia,2022-08-06,2284.5043270389997
Virginia,2022-08-13,2009.1745938431936
Virginia,2022-08-20,2257.9121680963062
Virginia,2022-08-27,2095.9174173887104
Virginia,2022-09-03,2052.0630778564255
Virginia,2022-09-10,2072.3132696315615
Virginia,2022-09-17,1312.8026400520846
Virginia,2022-09-24,1121.6453993137807
Virginia,2022-10-01,718.1170103775777
Virginia,2022-10-08,563.3783121569355
Virginia,2022-10-15,568.1823221367098
Virginia,2022-10-22,1097.5645260381539
Virginia,2022-10-29,1421.0397986896355
Virginia,2022-11-05,1400.694585783605
Virginia,2022-11-12,1233.3001939235467
Virginia,2022-11-19,726.2862560102727
Virginia,2022-11-26,678.799671733581
Virginia,2022-12-03,1354.8915891126562
Virginia,2022-12-10,1587.5864653031558
Virginia,2022-12-17,1644.0874420571529
Virginia,2022-12-24,1679.6927199475847
Virginia,2022-12-31,1481.2993304528338
Virginia,2023-01-07,1498.8100690097608
Virginia,2023-01-14,1983.1765115657033
Virginia,2023-01-21,1768.755645997351
Virginia,2023-01-28,1710.7270414435095
Virginia,2023-02-04,1783.733304057438
Virginia,2023-02-11,1726.5086321114504
Virginia,2023-02-18,1771.3653510909194
Virginia,2023-02-25,1669.2023612961057
Virginia,2023-03-04,1884.118286199948
Virginia,2023-03-11,1657.6963406577136
Virginia,2023-03-18,1632.292108144831
Virginia,2023-03-25,1449.0874600909756
Virginia,2023-04-01,1217.001943875184
Virginia,2023-04-08,1851.4113503401052
Virginia,2023-04-15,1686.7602997628146
Virginia,2023-04-22,1171.8551490154598
Virginia,2023-04-29,2353.0770576399264
Virginia,2023-05-06,2833.2163157890204
Virginia,2023-05-13,2514.7298343470943
Virginia,2023-05-20,2522.623360191913
Virginia,2023-05-27,2526.026025729245
Virginia,2023-06-03,2626.349647303494
Virginia,2023-06-10,2773.259985593429
Virginia,2023-06-17,2279.7737670354954
Virginia,2023-06-24,2083.640487901942
Virginia,2023-07-01,2594.59151427472
Virginia,2023-07-08,2556.3957086758332
Virginia,2023-07-15,2036.5663186650136
Virginia,2023-07-22,1885.6179644804965
Virginia,2023-07-29,2020.5948034290639
Virginia,2023-08-05,2232.2415293285303
Virginia,2023-08-12,2330.4539372100066
Virginia,2023-08-19,1854.3123740122828
Virginia,2023-08-26,2639.6202576364844
Virginia,2023-09-02,2780.8432632903964
Virginia,2023-09-09,2628.2392245985916
Virginia,2023-09-16,1412.5452429503978
Virginia,2023-09-23,1667.7560659261565
Virginia,2023-09-30,2057.8172690819765
Virginia,2023-10-07,1610.6541787391227
Virginia,2023-10-14,2494.275180732771
Virginia,2023-10-21,2647.3828388640163
Virginia,2023-10-28,3339.258012586611
Virginia,2023-11-04,3201.058960905729
Virginia,2023-11-11,3511.1092043314284
Virginia,2023-11-18,1389.758565554792
Virginia,2023-11-25,1535.6451590038391
Virginia,2023-12-02,2176.1058140579
Virginia,2023-12-09,1968.5600375861568
Virginia,2023-12-16,1937.472984222465
Virginia,2023-12-23,2852.228428573737
Virginia,2023-12-30,2252.968121996595
Virginia,2024-01-06,2129.5656853856763
Virginia,2024-01-13,2152.6723956490673
Virginia,2024-01-20,2338.9705051792484
Virginia,2024-01-27,2264.0403189103945
Virginia,2024-02-03,2473.2354615033696
Virginia,2024-02-10,2445.6494177182035
Virginia,2024-02-17,2520.063918396098
Virginia,2024-02-24,2405.579720683774
Virginia,2024-03-02,2171.8309407204065
Virginia,2024-03-09,2173.532437250614
Virginia,2024-03-16,1914.900908137867
Virginia,2024-03-23,1620.5679590996092
Virginia,2024-03-30,1620.3333622548034
Virginia,2024-04-06,2718.889069048884
Virginia,2024-04-13,2144.869062993852
Virginia,2024-04-20,1486.1775584086165
Virginia,2024-04-27,1950.2825942253376
Virginia,2024-05-04,2120.6658095099474
Virginia,2024-05-11,2289.258063621582
Virginia,2024-05-18,2271.3823291768476
Virginia,2024-05-25,2173.5817447549434
Virginia,2024-06-01,2264.7589966820806
Virginia,2024-06-08,2233.965952748876
Virginia,2024-06-15,2132.129528703752
Virginia,2024-06-22,2254.3804101196183
Virginia,2024-06-29,2203.3684270801
Virginia,2024-07-06,1939.0842449330894
Virginia,2024-07-13,2044.1278272739182
Virginia,2024-07-20,1681.6784724651616
Virginia,2024-07-27,2388.380459584288
Virginia,2024-08-03,1715.8142231386362
Virginia,2024-08-10,1545.1044312022414
Virginia,2024-08-17,2168.045017127299
Virginia,2024-08-24,2076.906828568858
Virginia,2024-08-31,1977.3441583988567
Virginia,2024-09-07,2641.889192242871
Virginia,2024-09-14,2055.647549256665
Virginia,2024-09-21,3356.6974594364137
Virginia,2024-09-28,2791.238412467601
Virginia,2024-10-05,3535.7248843874063
Virginia,2024-10-12,4825.781950879959
Virginia,2024-10-19,5432.408134576465
Virginia,2024-10-26,4109.142498821858
Virginia,2024-11-02,4364.912190044285
Virginia,2024-11-09,4941.409096452413
Virginia,2024-11-16,1778.4198593116407
Virginia,2024-11-23,3121.3657036273685
Virginia,2024-11-30,1436.5654834191996
Virginia,2024-12-07,3260.095832167847
Virginia,2024-12-14,2727.3571362059974
Virginia,2024-12-21,3150.306783417253
Virginia,2024-12-28,1597.7571029425128
Virginia,2025-01-04,1771.320990647899
Virginia,2025-01-11,2543.931617057361
Virginia,2025-01-18,2595.0224005443683
Virginia,2025-01-25,2247.1112492294433
Virginia,2025-02-01,2541.503001844551
Virginia,2025-02-08,3045.8846501492367
Virginia,2025-02-15,3215.5216986929086
Virginia,2025-02-22,2980.460245115718
Virginia,2025-03-01,2878.125547477227
Virginia,2025-03-08,3935.566135820313
Virginia,2025-03-15,3158.983063267353
Virginia,2025-03-22,2072.442247027765
Virginia,2025-03-29,2004.9776106708885
Virginia,2025-04-05,4413.441434636169
Virginia,2025-04-12,3133.923966036593
Washington,2020-01-04,5624.806955786892
Washington,2020-01-11,5188.05200039267
Washington,2020-01-18,7743.284755549198
Washington,2020-01-25,7239.044126753186
Washington,2020-02-01,5873.784977411943
Washington,2020-02-08,6857.645325882425
Washington,2020-02-15,6181.839334574566
Washington,2020-02-22,5716.673933874677
Washington,2020-02-29,6105.5896761180575
Washington,2020-03-07,6378.065032680275
Washington,2020-03-14,14808.166051554768
Washington,2020-03-21,144462.7124795323
Washington,2020-03-28,196368.69634274565
Washington,2020-04-04,181751.56319772956
Washington,2020-04-11,124316.87885803073
Washington,2020-04-18,80655.3646266612
Washington,2020-04-25,149692.0633512825
Washington,2020-05-02,117910.91824909928
Washington,2020-05-09,104924.78586815273
Washington,2020-05-16,125008.26953166096
Washington,2020-05-23,53465.799306543464
Washington,2020-05-30,35034.73978068623
Washington,2020-06-06,36077.29743978892
Washington,2020-06-13,35493.09982262745
Washington,2020-06-20,35594.96261621438
Washington,2020-06-27,35840.24212485361
Washington,2020-07-04,33714.91145225786
Washington,2020-07-11,47638.045829896495
Washington,2020-07-18,37365.54873556107
Washington,2020-07-25,43150.98419041815
Washington,2020-08-01,36346.05312445695
Washington,2020-08-08,28639.453040985252
Washington,2020-08-15,30690.990391575382
Washington,2020-08-22,28641.50516655115
Washington,2020-08-29,31383.281791387715
Washington,2020-09-05,31933.96844088816
Washington,2020-09-12,28474.01536048389
Washington,2020-09-19,29636.81013160574
Washington,2020-09-26,27059.276918352265
Washington,2020-10-03,22548.433329873962
Washington,2020-10-10,24893.72356918761
Washington,2020-10-17,20562.24478766389
Washington,2020-10-24,20337.22481709508
Washington,2020-10-31,19968.14089771974
Washington,2020-11-07,22882.596075588168
Washington,2020-11-14,16848.604226500007
Washington,2020-11-21,23654.674991226835
Washington,2020-11-28,21287.585570569932
Washington,2020-12-05,17395.730013061126
Washington,2020-12-12,17073.18026943852
Washington,2020-12-19,15607.092607799797
Washington,2020-12-26,14231.55094741116
Washington,2021-01-02,17311.544233138608
Washington,2021-01-09,16176.836968475458
Washington,2021-01-16,17399.57619759436
Washington,2021-01-23,15539.910385081666
Washington,2021-01-30,14877.47471616728
Washington,2021-02-06,15565.447161973598
Washington,2021-02-13,13868.242956568962
Washington,2021-02-20,14975.94562695083
Washington,2021-02-27,14287.29147434073
Washington,2021-03-06,11794.02170644052
Washington,2021-03-13,12648.295202602572
Washington,2021-03-20,13207.580969135355
Washington,2021-03-27,12711.14356607221
Washington,2021-04-03,12970.27686590202
Washington,2021-04-10,15147.287285176692
Washington,2021-04-17,13111.62980513678
Washington,2021-04-24,12783.995145458439
Washington,2021-05-01,12435.232240796846
Washington,2021-05-08,15990.874016285767
Washington,2021-05-15,17766.43195750395
Washington,2021-05-22,12863.545128085361
Washington,2021-05-29,11320.536512804656
Washington,2021-06-05,10741.925051831404
Washington,2021-06-12,8381.995576472498
Washington,2021-06-19,9018.669773380465
Washington,2021-06-26,8322.788144486689
Washington,2021-07-03,7003.277038259623
Washington,2021-07-10,6003.049526019792
Washington,2021-07-17,5998.91726949627
Washington,2021-07-24,6723.2930053644695
Washington,2021-07-31,6972.524953762961
Washington,2021-08-07,6993.253419689931
Washington,2021-08-14,7308.0483681834985
Washington,2021-08-21,7413.2843684682
Washington,2021-08-28,7387.449352850218
Washington,2021-09-04,7035.944066721709
Washington,2021-09-11,6860.23612710071
Washington,2021-09-18,6428.898177000994
Washington,2021-09-25,6565.759221784741
Washington,2021-10-02,6071.574583481282
Washington,2021-10-09,5172.797461257586
Washington,2021-10-16,5057.200745074092
Washington,2021-10-23,6518.066450394356
Washington,2021-10-30,5921.739923757845
Washington,2021-11-06,5282.323090153104
Washington,2021-11-13,5052.098195113084
Washington,2021-11-20,4428.462644065779
Washington,2021-11-27,4645.5625260624665
Washington,2021-12-04,4734.7235339768295
Washington,2021-12-11,4478.143029303101
Washington,2021-12-18,5255.89171276877
Washington,2021-12-25,5140.263715893242
Washington,2022-01-01,6629.236769320266
Washington,2022-01-08,6631.942533967606
Washington,2022-01-15,4756.503919120815
Washington,2022-01-22,4357.596061929352
Washington,2022-01-29,4421.977722079425
Washington,2022-02-05,4763.291139636808
Washington,2022-02-12,4642.011821668337
Washington,2022-02-19,4560.032654505225
Washington,2022-02-26,4703.526188967897
Washington,2022-03-05,5104.572906294145
Washington,2022-03-12,4474.686693809001
Washington,2022-03-19,4393.630749267811
Washington,2022-03-26,4571.758884823369
Washington,2022-04-02,4573.187383616055
Washington,2022-04-09,4047.366178182261
Washington,2022-04-16,4373.119859841493
Washington,2022-04-23,4346.815874958212
Washington,2022-04-30,4346.563551328619
Washington,2022-05-07,3821.867172088428
Washington,2022-05-14,3466.03335115511
Washington,2022-05-21,3875.0699675407645
Washington,2022-05-28,4326.536344866604
Washington,2022-06-04,4368.97871332972
Washington,2022-06-11,4598.5864184262655
Washington,2022-06-18,4505.867056733792
Washington,2022-06-25,4767.422335191404
Washington,2022-07-02,4970.509890101053
Washington,2022-07-09,4367.847654781839
Washington,2022-07-16,4350.223053533143
Washington,2022-07-23,4805.972010116059
Washington,2022-07-30,5195.429930121348
Washington,2022-08-06,5056.21938555779
Washington,2022-08-13,4987.5256620510545
Washington,2022-08-20,5186.622781982445
Washington,2022-08-27,5207.546265123924
Washington,2022-09-03,5091.887522771324
Washington,2022-09-10,4900.360825691742
Washington,2022-09-17,4970.466966456275
Washington,2022-09-24,4522.334157861939
Washington,2022-10-01,4552.768193386145
Washington,2022-10-08,4687.179975221388
Washington,2022-10-15,4612.611668584062
Washington,2022-10-22,4722.974928397226
Washington,2022-10-29,5164.849676084113
Washington,2022-11-05,5097.85554098653
Washington,2022-11-12,5645.170591930707
Washington,2022-11-19,5114.380614493121
Washington,2022-11-26,5287.118737798044
Washington,2022-12-03,5811.475975170872
Washington,2022-12-10,5699.37913686709
Washington,2022-12-17,5222.755635045204
Washington,2022-12-24,5966.939405316251
Washington,2022-12-31,4695.569094775011
Washington,2023-01-07,4034.770179597475
Washington,2023-01-14,4711.301353635176
Washington,2023-01-21,4892.991173880746
Washington,2023-01-28,4882.544938165964
Washington,2023-02-04,5112.828989650365
Washington,2023-02-11,5471.677154640078
Washington,2023-02-18,5186.461382800892
Washington,2023-02-25,5227.315944544749
Washington,2023-03-04,5738.908878407751
Washington,2023-03-11,5337.803113948779
Washington,2023-03-18,5354.424717217036
Washington,2023-03-25,5408.357468632955
Washington,2023-04-01,5286.388108097371
Washington,2023-04-08,5231.541355979155
Washington,2023-04-15,5318.084778737865
Washington,2023-04-22,5354.384402873729
Washington,2023-04-29,5220.951866590586
Washington,2023-05-06,4849.993936737433
Washington,2023-05-13,4440.26975256087
Washington,2023-05-20,5312.404041462527
Washington,2023-05-27,5261.410543655939
Washington,2023-06-03,5487.39022244858
Washington,2023-06-10,5756.748923807695
Washington,2023-06-17,5825.954326818449
Washington,2023-06-24,5773.698597579827
Washington,2023-07-01,6257.129231768591
Washington,2023-07-08,5726.339119967392
Washington,2023-07-15,6530.934764457198
Washington,2023-07-22,5784.340653065872
Washington,2023-07-29,5634.557657971012
Washington,2023-08-05,6595.881164456392
Washington,2023-08-12,5927.2414686666725
Washington,2023-08-19,5790.123007646553
Washington,2023-08-26,5746.889212539409
Washington,2023-09-02,5910.506362970714
Washington,2023-09-09,6272.408051111885
Washington,2023-09-16,6294.214555974437
Washington,2023-09-23,5984.684376999632
Washington,2023-09-30,5976.649184100336
Washington,2023-10-07,5669.098531986581
Washington,2023-10-14,5441.070480099049
Washington,2023-10-21,6589.148012861873
Washington,2023-10-28,6283.776937330455
Washington,2023-11-04,5873.653644958103
Washington,2023-11-11,6284.084333429886
Washington,2023-11-18,5308.837979309732
Washington,2023-11-25,5278.881924808571
Washington,2023-12-02,5463.87367385224
Washington,2023-12-09,5797.543892107247
Washington,2023-12-16,5779.271812197409
Washington,2023-12-23,5320.473295248431
Washington,2023-12-30,4079.443991278003
Washington,2024-01-06,4958.082113507914
Washington,2024-01-13,5694.670372596321
Washington,2024-01-20,6371.829598684513
Washington,2024-01-27,6383.159894625186
Washington,2024-02-03,5397.247459387424
Washington,2024-02-10,5609.79145446182
Washington,2024-02-17,5498.652170595302
Washington,2024-02-24,5415.668624327941
Washington,2024-03-02,5200.0125130407205
Washington,2024-03-09,5911.8275283068015
Washington,2024-03-16,5658.00892236766
Washington,2024-03-23,5477.089573079442
Washington,2024-03-30,5411.622759122363
Washington,2024-04-06,5087.822420883165
Washington,2024-04-13,5382.821639234856
Washington,2024-04-20,5454.175535031496
Washington,2024-04-27,5673.14212989229
Washington,2024-05-04,4906.796520419698
Washington,2024-05-11,4747.172062161219
Washington,2024-05-18,5516.81046732499
Washington,2024-05-25,5612.537003295126
Washington,2024-06-01,5460.341363658114
Washington,2024-06-08,6044.5276396479085
Washington,2024-06-15,5634.067735895461
Washington,2024-06-22,5658.418554672374
Washington,2024-06-29,6287.98067246577
Washington,2024-07-06,6086.5847429412715
Washington,2024-07-13,6626.137895134417
Washington,2024-07-20,5502.795719842905
Washington,2024-07-27,5898.034294680811
Washington,2024-08-03,6041.55309681086
Washington,2024-08-10,6266.050569011079
Washington,2024-08-17,6329.392610623572
Washington,2024-08-24,5925.7313909252225
Washington,2024-08-31,6014.955337796792
Washington,2024-09-07,6416.338495347135
Washington,2024-09-14,6303.1934640428735
Washington,2024-09-21,7099.162737840252
Washington,2024-09-28,7791.184703036113
Washington,2024-10-05,7883.514268311646
Washington,2024-10-12,8791.954815866497
Washington,2024-10-19,8497.06741179157
Washington,2024-10-26,7233.330157139319
Washington,2024-11-02,5576.264371769
Washington,2024-11-09,6852.326001878333
Washington,2024-11-16,5055.891485231875
Washington,2024-11-23,6897.873277961547
Washington,2024-11-30,4399.341626063931
Washington,2024-12-07,6902.313340911728
Washington,2024-12-14,4973.810230609179
Washington,2024-12-21,5347.6477556273885
Washington,2024-12-28,4978.3806176916705
Washington,2025-01-04,6137.678896483952
Washington,2025-01-11,5843.924126558333
Washington,2025-01-18,5234.675491558269
Washington,2025-01-25,5571.177230426376
Washington,2025-02-01,6199.748057500742
Washington,2025-02-08,6968.405169729594
Washington,2025-02-15,8034.050798027276
Washington,2025-02-22,6189.1844047858785
Washington,2025-03-01,5774.578226383744
Washington,2025-03-08,6365.2236237055295
Washington,2025-03-15,5874.854783189533
Washington,2025-03-22,6079.569426118181
Washington,2025-03-29,5842.514863496492
Washington,2025-04-05,5617.9473551294495
Washington,2025-04-12,6149.035525415657
West Virginia,2020-01-04,1473.3641313272324
West Virginia,2020-01-11,1472.7657884720318
West Virginia,2020-01-18,1091.1151205219119
West Virginia,2020-01-25,1009.3756744152611
West Virginia,2020-02-01,966.8995570463082
West Virginia,2020-02-08,896.1422546551373
West Virginia,2020-02-15,1076.4199101666572
West Virginia,2020-02-22,1219.2983472652234
West Virginia,2020-02-29,833.1548888008997
West Virginia,2020-03-07,766.6197637817179
West Virginia,2020-03-14,864.0746209085682
West Virginia,2020-03-21,3407.5388856585555
West Virginia,2020-03-28,13530.64340755932
West Virginia,2020-04-04,13975.55204303542
West Virginia,2020-04-11,12904.436582955675
West Virginia,2020-04-18,42497.786133772745
West Virginia,2020-04-25,21607.959922019792
West Virginia,2020-05-02,11824.045703745316
West Virginia,2020-05-09,5154.183035716469
West Virginia,2020-05-16,4012.5166115742722
West Virginia,2020-05-23,4558.201934174467
West Virginia,2020-05-30,4721.657003791391
West Virginia,2020-06-06,5298.878094754936
West Virginia,2020-06-13,4369.519639826054
West Virginia,2020-06-20,4460.731261090568
West Virginia,2020-06-27,4405.528848959487
West Virginia,2020-07-04,4451.34670736297
West Virginia,2020-07-11,5536.4844560184365
West Virginia,2020-07-18,4255.59872392885
West Virginia,2020-07-25,4084.516711690125
West Virginia,2020-08-01,3650.2503012296324
West Virginia,2020-08-08,2602.680703149371
West Virginia,2020-08-15,3276.9318914346472
West Virginia,2020-08-22,2978.943352491321
West Virginia,2020-08-29,2933.812288384686
West Virginia,2020-09-05,3029.1667192141376
West Virginia,2020-09-12,3215.4614047445157
West Virginia,2020-09-19,3388.4854329383747
West Virginia,2020-09-26,3132.909904167574
West Virginia,2020-10-03,3203.8406376677212
West Virginia,2020-10-10,3062.340788981117
West Virginia,2020-10-17,2831.4571515092375
West Virginia,2020-10-24,2836.54680377231
West Virginia,2020-10-31,2786.096749225645
West Virginia,2020-11-07,2162.0573682578292
West Virginia,2020-11-14,2574.8154698367657
West Virginia,2020-11-21,2209.43676830024
West Virginia,2020-11-28,2189.653046536164
West Virginia,2020-12-05,1745.1424214727424
West Virginia,2020-12-12,1898.3502998787962
West Virginia,2020-12-19,2036.2723253876284
West Virginia,2020-12-26,2206.4088030178177
West Virginia,2021-01-02,2287.294188531023
West Virginia,2021-01-09,2039.428895105509
West Virginia,2021-01-16,1961.7040715663081
West Virginia,2021-01-23,2275.3988071314566
West Virginia,2021-01-30,2069.902277547815
West Virginia,2021-02-06,2022.6361668086931
West Virginia,2021-02-13,2297.9544498609016
West Virginia,2021-02-20,2823.478774321706
West Virginia,2021-02-27,5859.906180889361
West Virginia,2021-03-06,5597.882747536783
West Virginia,2021-03-13,4217.4832941918785
West Virginia,2021-03-20,5007.231914559348
West Virginia,2021-03-27,5258.345479051492
West Virginia,2021-04-03,4993.748035799672
West Virginia,2021-04-10,4777.853828526081
West Virginia,2021-04-17,4891.0402563539965
West Virginia,2021-04-24,5844.39589412736
West Virginia,2021-05-01,4557.268087827446
West Virginia,2021-05-08,4793.518118577003
West Virginia,2021-05-15,5212.439505962679
West Virginia,2021-05-22,3686.3435707455005
West Virginia,2021-05-29,2614.296321843088
West Virginia,2021-06-05,1853.9469246094768
West Virginia,2021-06-12,1740.941035142158
West Virginia,2021-06-19,1655.553615005392
West Virginia,2021-06-26,1774.9341880151046
West Virginia,2021-07-03,1538.5886066590926
West Virginia,2021-07-10,1397.0441121206227
West Virginia,2021-07-17,1110.894717449229
West Virginia,2021-07-24,1143.0892110205473
West Virginia,2021-07-31,1217.721169923373
West Virginia,2021-08-07,1849.8608935054588
West Virginia,2021-08-14,1338.4651387549968
West Virginia,2021-08-21,1342.0983980004128
West Virginia,2021-08-28,1578.4083881240413
West Virginia,2021-09-04,1737.505945900395
West Virginia,2021-09-11,1543.6266073813385
West Virginia,2021-09-18,1334.6732190890361
West Virginia,2021-09-25,1353.259033749735
West Virginia,2021-10-02,1225.5754022538933
West Virginia,2021-10-09,1248.999610847303
West Virginia,2021-10-16,1185.1253644461344
West Virginia,2021-10-23,1142.215403527635
West Virginia,2021-10-30,1155.4795712310015
West Virginia,2021-11-06,1180.5024987438812
West Virginia,2021-11-13,1141.2623780133033
West Virginia,2021-11-20,939.4696507869442
West Virginia,2021-11-27,816.4124074001544
West Virginia,2021-12-04,993.2307799228652
West Virginia,2021-12-11,979.5420684434763
West Virginia,2021-12-18,889.1912311820527
West Virginia,2021-12-25,844.118519336362
West Virginia,2022-01-01,951.4691640923943
West Virginia,2022-01-08,1195.8545560678895
West Virginia,2022-01-15,1060.0226579846121
West Virginia,2022-01-22,1080.5796948585082
West Virginia,2022-01-29,1199.4091279489396
West Virginia,2022-02-05,1113.1186546213894
West Virginia,2022-02-12,1014.8839596707818
West Virginia,2022-02-19,876.8442132777249
West Virginia,2022-02-26,545.1600129789281
West Virginia,2022-03-05,525.4276793392606
West Virginia,2022-03-12,640.3142566501645
West Virginia,2022-03-19,547.3648436238857
West Virginia,2022-03-26,519.8718599062247
West Virginia,2022-04-02,560.2177271287139
West Virginia,2022-04-09,690.8156628991261
West Virginia,2022-04-16,601.7224771801424
West Virginia,2022-04-23,474.653355319705
West Virginia,2022-04-30,539.0413214907709
West Virginia,2022-05-07,577.2343945707278
West Virginia,2022-05-14,488.5913581940817
West Virginia,2022-05-21,736.153330315289
West Virginia,2022-05-28,921.1514410811806
West Virginia,2022-06-04,854.9288926955618
West Virginia,2022-06-11,839.1658933892885
West Virginia,2022-06-18,744.6428383130423
West Virginia,2022-06-25,1016.5645560311386
West Virginia,2022-07-02,847.4936373778147
West Virginia,2022-07-09,1071.928685833545
West Virginia,2022-07-16,877.6181508900636
West Virginia,2022-07-23,857.9708494616465
West Virginia,2022-07-30,954.0757970093413
West Virginia,2022-08-06,1053.684969170013
West Virginia,2022-08-13,1244.7997284364421
West Virginia,2022-08-20,1389.3150793799582
West Virginia,2022-08-27,1077.3723309764098
West Virginia,2022-09-03,943.299432675297
West Virginia,2022-09-10,917.9706402699654
West Virginia,2022-09-17,862.3573538862951
West Virginia,2022-09-24,854.4299738638838
West Virginia,2022-10-01,988.3144765839139
West Virginia,2022-10-08,979.719878233435
West Virginia,2022-10-15,979.3338910632466
West Virginia,2022-10-22,1054.0396300961668
West Virginia,2022-10-29,919.9765835307617
West Virginia,2022-11-05,963.5776741016047
West Virginia,2022-11-12,864.9147940473347
West Virginia,2022-11-19,1060.856066035203
West Virginia,2022-11-26,1047.751672759012
West Virginia,2022-12-03,1012.0570956824599
West Virginia,2022-12-10,991.8002740781501
West Virginia,2022-12-17,929.8678657283497
West Virginia,2022-12-24,1017.5389082099216
West Virginia,2022-12-31,1011.7602794408232
West Virginia,2023-01-07,881.5379757381874
West Virginia,2023-01-14,924.7128673130293
West Virginia,2023-01-21,782.4617631126055
West Virginia,2023-01-28,569.2231263256492
West Virginia,2023-02-04,795.0847533009925
West Virginia,2023-02-11,834.8683432947879
West Virginia,2023-02-18,813.2022945720836
West Virginia,2023-02-25,539.1444542150226
West Virginia,2023-03-04,544.7230460946572
West Virginia,2023-03-11,658.2950002066433
West Virginia,2023-03-18,625.4221540702496
West Virginia,2023-03-25,580.4304098953011
West Virginia,2023-04-01,591.0730924783161
West Virginia,2023-04-08,579.421637256642
West Virginia,2023-04-15,525.3709846074355
West Virginia,2023-04-22,454.36283020680156
West Virginia,2023-04-29,581.950083400484
West Virginia,2023-05-06,616.4556385149722
West Virginia,2023-05-13,595.5705117855963
West Virginia,2023-05-20,729.646924618058
West Virginia,2023-05-27,769.9777910131531
West Virginia,2023-06-03,981.0068895116208
West Virginia,2023-06-10,960.3450837704131
West Virginia,2023-06-17,1054.613780577323
West Virginia,2023-06-24,830.7141034561207
West Virginia,2023-07-01,937.0552678262588
West Virginia,2023-07-08,959.0224917673214
West Virginia,2023-07-15,1041.8176758953011
West Virginia,2023-07-22,1256.8749791656132
West Virginia,2023-07-29,1085.1701813312354
West Virginia,2023-08-05,1030.036179338267
West Virginia,2023-08-12,936.6541031855454
West Virginia,2023-08-19,859.9159245183881
West Virginia,2023-08-26,997.7278710251967
West Virginia,2023-09-02,976.2719052460141
West Virginia,2023-09-09,969.253916262701
West Virginia,2023-09-16,943.1081308403121
West Virginia,2023-09-23,963.0858086905049
West Virginia,2023-09-30,1024.312685995911
West Virginia,2023-10-07,895.2118770407849
West Virginia,2023-10-14,906.3581912820806
West Virginia,2023-10-21,953.6549034203415
West Virginia,2023-10-28,997.1003689764542
West Virginia,2023-11-04,1025.8986181977284
West Virginia,2023-11-11,988.474050339811
West Virginia,2023-11-18,969.051214166772
West Virginia,2023-11-25,1051.7866599455037
West Virginia,2023-12-02,1025.1784672724807
West Virginia,2023-12-09,999.6009503911242
West Virginia,2023-12-16,1092.5744039135377
West Virginia,2023-12-23,978.884966111598
West Virginia,2023-12-30,848.7858582646012
West Virginia,2024-01-06,810.6353013121267
West Virginia,2024-01-13,897.6509091787127
West Virginia,2024-01-20,928.7821128146627
West Virginia,2024-01-27,1087.4075663555989
West Virginia,2024-02-03,934.0388176629417
West Virginia,2024-02-10,891.8120586790309
West Virginia,2024-02-17,879.8747808351363
West Virginia,2024-02-24,577.4936413349196
West Virginia,2024-03-02,653.0739517211149
West Virginia,2024-03-09,820.1216922149532
West Virginia,2024-03-16,696.7337710212488
West Virginia,2024-03-23,682.9141098768149
West Virginia,2024-03-30,700.0311013690987
West Virginia,2024-04-06,634.6868902885722
West Virginia,2024-04-13,733.5196965020768
West Virginia,2024-04-20,621.0350007770796
West Virginia,2024-04-27,814.3725437447632
West Virginia,2024-05-04,650.5610680317064
West Virginia,2024-05-11,616.3276609899201
West Virginia,2024-05-18,705.4802748854854
West Virginia,2024-05-25,820.3690077024957
West Virginia,2024-06-01,901.7578629415266
West Virginia,2024-06-08,960.3450837704131
West Virginia,2024-06-15,985.7313489630384
West Virginia,2024-06-22,913.0371227175381
West Virginia,2024-06-29,1096.1274174287194
West Virginia,2024-07-06,682.8784267619792
West Virginia,2024-07-13,1107.4974858973962
West Virginia,2024-07-20,922.0570866927756
West Virginia,2024-07-27,1064.7777215478297
West Virginia,2024-08-03,968.2865614442636
West Virginia,2024-08-10,921.7219363231671
West Virginia,2024-08-17,891.3937121047518
West Virginia,2024-08-24,990.4874655750864
West Virginia,2024-08-31,1053.685536499002
West Virginia,2024-09-07,1121.3943017078163
West Virginia,2024-09-14,1256.9696412653593
West Virginia,2024-09-21,1242.956898395438
West Virginia,2024-09-28,1035.7666617179098
West Virginia,2024-10-05,1137.2771685926132
West Virginia,2024-10-12,1107.7711226780987
West Virginia,2024-10-19,887.1839357566192
West Virginia,2024-10-26,994.3459480676795
West Virginia,2024-11-02,1025.8986181977284
West Virginia,2024-11-09,1104.061741710192
West Virginia,2024-11-16,935.3894351483473
West Virginia,2024-11-23,1227.981100422308
West Virginia,2024-11-30,409.04449695846887
West Virginia,2024-12-07,1001.2725238867616
West Virginia,2024-12-14,1412.2927514474322
West Virginia,2024-12-21,1319.457537031962
West Virginia,2024-12-28,968.4260402841398
West Virginia,2025-01-04,587.8780800837943
West Virginia,2025-01-11,815.8892484324798
West Virginia,2025-01-18,1616.566002590643
West Virginia,2025-01-25,1074.647894781674
West Virginia,2025-02-01,1035.8393888799847
West Virginia,2025-02-08,875.2800122771539
West Virginia,2025-02-15,933.4148076827394
West Virginia,2025-02-22,605.3156006179822
West Virginia,2025-03-01,719.8656058744108
West Virginia,2025-03-08,832.1088545859391
West Virginia,2025-03-15,640.8408820596549
West Virginia,2025-03-22,608.3805098902594
West Virginia,2025-03-29,615.1788466576928
West Virginia,2025-04-05,537.1091779040705
West Virginia,2025-04-12,625.3550820240754
Wisconsin,2020-01-04,7682.559177589458
Wisconsin,2020-01-11,3732.2539048270096
Wisconsin,2020-01-18,4336.477651237502
Wisconsin,2020-01-25,4570.7183704402205
Wisconsin,2020-02-01,4557.140273154287
Wisconsin,2020-02-08,5380.47344991436
Wisconsin,2020-02-15,4780.305093498469
Wisconsin,2020-02-22,5565.945326036706
Wisconsin,2020-02-29,5398.319481219501
Wisconsin,2020-03-07,4842.271865616875
Wisconsin,2020-03-14,5203.19506815019
Wisconsin,2020-03-21,52535.13774707122
Wisconsin,2020-03-28,106104.30325107744
Wisconsin,2020-04-04,91311.9154958438
Wisconsin,2020-04-11,58254.42504972768
Wisconsin,2020-04-18,51611.4628303682
Wisconsin,2020-04-25,60056.88336356561
Wisconsin,2020-05-02,46243.05061204784
Wisconsin,2020-05-09,50222.6636097724
Wisconsin,2020-05-16,41896.4345531988
Wisconsin,2020-05-23,38429.22177765225
Wisconsin,2020-05-30,34600.01478531129
Wisconsin,2020-06-06,35074.07351348787
Wisconsin,2020-06-13,28377.96397940231
Wisconsin,2020-06-20,23649.958869861228
Wisconsin,2020-06-27,27223.87209466417
Wisconsin,2020-07-04,30483.9600029035
Wisconsin,2020-07-11,29494.963831312707
Wisconsin,2020-07-18,24533.663053535343
Wisconsin,2020-07-25,28998.224515133534
Wisconsin,2020-08-01,25005.53561822489
Wisconsin,2020-08-08,18232.425662090078
Wisconsin,2020-08-15,19705.149671865296
Wisconsin,2020-08-22,20254.242307908666
Wisconsin,2020-08-29,18854.724950933924
Wisconsin,2020-09-05,16957.276818243125
Wisconsin,2020-09-12,16474.299088168216
Wisconsin,2020-09-19,17456.189216974748
Wisconsin,2020-09-26,17673.92562232819
Wisconsin,2020-10-03,18060.24705584904
Wisconsin,2020-10-10,19946.171793380294
Wisconsin,2020-10-17,18705.506237334266
Wisconsin,2020-10-24,18457.730609863454
Wisconsin,2020-10-31,18762.27376409054
Wisconsin,2020-11-07,16199.018013948458
Wisconsin,2020-11-14,15962.78218304264
Wisconsin,2020-11-21,15341.352126514965
Wisconsin,2020-11-28,12259.59640430871
Wisconsin,2020-12-05,12348.206658918454
Wisconsin,2020-12-12,11918.358162138213
Wisconsin,2020-12-19,11339.814103591338
Wisconsin,2020-12-26,10859.13417520827
Wisconsin,2021-01-02,11468.25466777552
Wisconsin,2021-01-09,10208.878639732753
Wisconsin,2021-01-16,11550.58973635036
Wisconsin,2021-01-23,11528.135622608517
Wisconsin,2021-01-30,11348.58546685667
Wisconsin,2021-02-06,12300.094343625471
Wisconsin,2021-02-13,13374.648376265519
Wisconsin,2021-02-20,14832.176377188664
Wisconsin,2021-02-27,12699.122003363653
Wisconsin,2021-03-06,11708.866411396626
Wisconsin,2021-03-13,12512.731723618985
Wisconsin,2021-03-20,12140.59844900572
Wisconsin,2021-03-27,12461.760750160347
Wisconsin,2021-04-03,12564.828988981913
Wisconsin,2021-04-10,13740.554457086482
Wisconsin,2021-04-17,17414.70112788187
Wisconsin,2021-04-24,13637.224010225367
Wisconsin,2021-05-01,12634.599891389922
Wisconsin,2021-05-08,13486.556141141413
Wisconsin,2021-05-15,13230.31205886164
Wisconsin,2021-05-22,12604.551251751098
Wisconsin,2021-05-29,11741.921403765871
Wisconsin,2021-06-05,10417.057247048999
Wisconsin,2021-06-12,9805.579222573886
Wisconsin,2021-06-19,8670.163464875191
Wisconsin,2021-06-26,8587.12467034101
Wisconsin,2021-07-03,8062.63729417674
Wisconsin,2021-07-10,7950.675080479495
Wisconsin,2021-07-17,8633.498443328945
Wisconsin,2021-07-24,8571.26361721527
Wisconsin,2021-07-31,9332.134672273552
Wisconsin,2021-08-07,9018.381550751155
Wisconsin,2021-08-14,9721.0654778691
Wisconsin,2021-08-21,9783.445524333143
Wisconsin,2021-08-28,10312.052748712598
Wisconsin,2021-09-04,9653.648275265554
Wisconsin,2021-09-11,8385.585666195455
Wisconsin,2021-09-18,10413.796572616318
Wisconsin,2021-09-25,9689.45122182534
Wisconsin,2021-10-02,8875.52926813125
Wisconsin,2021-10-09,7766.096812745556
Wisconsin,2021-10-16,7895.635930128928
Wisconsin,2021-10-23,7125.447407515235
Wisconsin,2021-10-30,7023.553873770076
Wisconsin,2021-11-06,6938.884512741979
Wisconsin,2021-11-13,7208.569435687375
Wisconsin,2021-11-20,6852.225937847713
Wisconsin,2021-11-27,6494.441049723334
Wisconsin,2021-12-04,6669.7387211605155
Wisconsin,2021-12-11,6915.118870911866
Wisconsin,2021-12-18,7001.144524470975
Wisconsin,2021-12-25,5725.089907959251
Wisconsin,2022-01-01,6585.819167407674
Wisconsin,2022-01-08,6523.193136141017
Wisconsin,2022-01-15,6949.361571026661
Wisconsin,2022-01-22,5835.974287135279
Wisconsin,2022-01-29,5550.5678263307545
Wisconsin,2022-02-05,5619.278473075174
Wisconsin,2022-02-12,4804.173696754574
Wisconsin,2022-02-19,4836.658622936783
Wisconsin,2022-02-26,5164.564042389741
Wisconsin,2022-03-05,5148.02893709981
Wisconsin,2022-03-12,5064.8442166271225
Wisconsin,2022-03-19,4903.389333724603
Wisconsin,2022-03-26,5173.510161763552
Wisconsin,2022-04-02,5072.448641350643
Wisconsin,2022-04-09,3881.409120456142
Wisconsin,2022-04-16,3513.233087105571
Wisconsin,2022-04-23,4515.708690489531
Wisconsin,2022-04-30,4530.927910041483
Wisconsin,2022-05-07,4188.033018143769
Wisconsin,2022-05-14,4329.311628167984
Wisconsin,2022-05-21,4336.835916427149
Wisconsin,2022-05-28,4444.785160369253
Wisconsin,2022-06-04,4583.281135850433
Wisconsin,2022-06-11,4871.68195003246
Wisconsin,2022-06-18,4662.468295367875
Wisconsin,2022-06-25,4527.299892974242
Wisconsin,2022-07-02,4425.934817292105
Wisconsin,2022-07-09,4244.894970180662
Wisconsin,2022-07-16,4352.384491729101
Wisconsin,2022-07-23,4419.124894623624
Wisconsin,2022-07-30,4495.421099108882
Wisconsin,2022-08-06,4677.997690392474
Wisconsin,2022-08-13,4455.377645910489
Wisconsin,2022-08-20,4440.785311835584
Wisconsin,2022-08-27,4415.126650226721
Wisconsin,2022-09-03,4510.2088612012885
Wisconsin,2022-09-10,4309.571962341724
Wisconsin,2022-09-17,4142.583908446134
Wisconsin,2022-09-24,4176.324132303388
Wisconsin,2022-10-01,4030.0601646108253
Wisconsin,2022-10-08,3917.022581827404
Wisconsin,2022-10-15,4081.813492106563
Wisconsin,2022-10-22,4313.16540986765
Wisconsin,2022-10-29,4190.417738625035
Wisconsin,2022-11-05,4287.64297090278
Wisconsin,2022-11-12,4331.0746403718385
Wisconsin,2022-11-19,4913.453387409548
Wisconsin,2022-11-26,5239.461916006765
Wisconsin,2022-12-03,4786.779466120831
Wisconsin,2022-12-10,4982.104567981524
Wisconsin,2022-12-17,5003.685945560878
Wisconsin,2022-12-24,5653.678223863156
Wisconsin,2022-12-31,5131.069747907694
Wisconsin,2023-01-07,4817.794986049257
Wisconsin,2023-01-14,4481.072162776887
Wisconsin,2023-01-21,3967.1510603560046
Wisconsin,2023-01-28,4276.31013211755
Wisconsin,2023-02-04,4830.0769410539915
Wisconsin,2023-02-11,5121.873036646174
Wisconsin,2023-02-18,4383.934962439209
Wisconsin,2023-02-25,4808.683313069332
Wisconsin,2023-03-04,5219.915395912412
Wisconsin,2023-03-11,4757.063699108411
Wisconsin,2023-03-18,4804.559735564291
Wisconsin,2023-03-25,4755.535685762318
Wisconsin,2023-04-01,4116.845660144795
Wisconsin,2023-04-08,4118.587851015747
Wisconsin,2023-04-15,3991.6386441825125
Wisconsin,2023-04-22,4425.610751732756
Wisconsin,2023-04-29,4787.2573446074075
Wisconsin,2023-05-06,4447.514617780929
Wisconsin,2023-05-13,4283.7822142002415
Wisconsin,2023-05-20,4306.322846351338
Wisconsin,2023-05-27,4398.48531494874
Wisconsin,2023-06-03,4621.09005447798
Wisconsin,2023-06-10,4617.265720486865
Wisconsin,2023-06-17,4833.602180535976
Wisconsin,2023-06-24,4705.333640273349
Wisconsin,2023-07-01,4234.470836262367
Wisconsin,2023-07-08,3983.967439126745
Wisconsin,2023-07-15,4262.56408499086
Wisconsin,2023-07-22,3973.308362079662
Wisconsin,2023-07-29,4225.773991744194
Wisconsin,2023-08-05,4649.8632045563245
Wisconsin,2023-08-12,4236.195382471244
Wisconsin,2023-08-19,4119.729521955916
Wisconsin,2023-08-26,4356.09684585276
Wisconsin,2023-09-02,4183.201398453668
Wisconsin,2023-09-09,4305.351029959411
Wisconsin,2023-09-16,4049.411606007034
Wisconsin,2023-09-23,4364.361427704108
Wisconsin,2023-09-30,4436.249004067651
Wisconsin,2023-10-07,4058.2485660701605
Wisconsin,2023-10-14,4223.215807075612
Wisconsin,2023-10-21,4565.357445526788
Wisconsin,2023-10-28,4427.563594995146
Wisconsin,2023-11-04,4824.445925878747
Wisconsin,2023-11-11,4470.192767696017
Wisconsin,2023-11-18,4116.106796623572
Wisconsin,2023-11-25,4737.318328000317
Wisconsin,2023-12-02,4914.2448251806345
Wisconsin,2023-12-09,4543.152623665972
Wisconsin,2023-12-16,4501.711031279088
Wisconsin,2023-12-23,4784.5828344383435
Wisconsin,2023-12-30,4378.592542011854
Wisconsin,2024-01-06,4997.738905385556
Wisconsin,2024-01-13,4445.77209423206
Wisconsin,2024-01-20,5660.86525272813
Wisconsin,2024-01-27,5500.497336068391
Wisconsin,2024-02-03,4452.241596189964
Wisconsin,2024-02-10,4314.455802362083
Wisconsin,2024-02-17,4416.793937797905
Wisconsin,2024-02-24,4411.776118974721
Wisconsin,2024-03-02,4289.225375818591
Wisconsin,2024-03-09,4464.321317624816
Wisconsin,2024-03-16,4621.313188975381
Wisconsin,2024-03-23,4236.176096589161
Wisconsin,2024-03-30,4861.641055706326
Wisconsin,2024-04-06,5348.58842563714
Wisconsin,2024-04-13,4233.612111275483
Wisconsin,2024-04-20,4312.688001824266
Wisconsin,2024-04-27,4236.759368468208
Wisconsin,2024-05-04,4447.514617780929
Wisconsin,2024-05-11,4484.647275822635
Wisconsin,2024-05-18,4586.247097916382
Wisconsin,2024-05-25,4622.969413957288
Wisconsin,2024-06-01,4689.7062401353805
Wisconsin,2024-06-08,4587.269047134328
Wisconsin,2024-06-15,5014.036820332778
Wisconsin,2024-06-22,5228.5125663854515
Wisconsin,2024-06-29,4354.6924057461565
Wisconsin,2024-07-06,4978.9440166864315
Wisconsin,2024-07-13,5173.460166368888
Wisconsin,2024-07-20,4474.537119007619
Wisconsin,2024-07-27,4475.881453647673
Wisconsin,2024-08-03,5253.475809768257
Wisconsin,2024-08-10,5185.985190707976
Wisconsin,2024-08-17,5084.356236094372
Wisconsin,2024-08-24,4770.81906119802
Wisconsin,2024-08-31,5503.701873023508
Wisconsin,2024-09-07,6297.631114411217
Wisconsin,2024-09-14,5277.852578165628
Wisconsin,2024-09-21,4977.457819430826
Wisconsin,2024-09-28,5012.188403297479
Wisconsin,2024-10-05,5330.6147448610345
Wisconsin,2024-10-12,4848.079370367413
Wisconsin,2024-10-19,5210.151136698532
Wisconsin,2024-10-26,5208.37894123503
Wisconsin,2024-11-02,5179.300931904966
Wisconsin,2024-11-09,4242.079955980636
Wisconsin,2024-11-16,3546.311361781121
Wisconsin,2024-11-23,3530.1985680271764
Wisconsin,2024-11-30,3660.076738717212
Wisconsin,2024-12-07,7282.5379057834025
Wisconsin,2024-12-14,4715.351554797418
Wisconsin,2024-12-21,4359.1515249296945
Wisconsin,2024-12-28,4662.489819851826
Wisconsin,2025-01-04,4514.874317819808
Wisconsin,2025-01-11,4178.985037729816
Wisconsin,2025-01-18,4005.153446546492
Wisconsin,2025-01-25,4009.9931766641066
Wisconsin,2025-02-01,5148.211030127815
Wisconsin,2025-02-08,3906.220381154225
Wisconsin,2025-02-15,4263.452052790662
Wisconsin,2025-02-22,5425.988492346289
Wisconsin,2025-03-01,5432.699313997714
Wisconsin,2025-03-08,3911.9204539348834
Wisconsin,2025-03-15,4177.609472234818
Wisconsin,2025-03-22,3793.3335739608515
Wisconsin,2025-03-29,4101.165757080342
Wisconsin,2025-04-05,4031.206213441156
Wisconsin,2025-04-12,3261.1004286461016
Wyoming,2020-01-04,530.0656811587235
Wyoming,2020-01-11,469.1562064113699
Wyoming,2020-01-18,396.634403964086
Wyoming,2020-01-25,423.7363124906633
Wyoming,2020-02-01,415.1170288892325
Wyoming,2020-02-08,481.6712937665762
Wyoming,2020-02-15,509.833940054195
Wyoming,2020-02-22,372.52564825356075
Wyoming,2020-02-29,402.3394589497894
Wyoming,2020-03-07,498.4203625801644
Wyoming,2020-03-14,498.20096239962703
Wyoming,2020-03-21,3421.207864663087
Wyoming,2020-03-28,6918.682952714113
Wyoming,2020-04-04,6963.729516766787
Wyoming,2020-04-11,4437.115525451045
Wyoming,2020-04-18,2431.142070402009
Wyoming,2020-04-25,2614.7093555012166
Wyoming,2020-05-02,2901.011781848283
Wyoming,2020-05-09,3750.220038549848
Wyoming,2020-05-16,2736.2077280252693
Wyoming,2020-05-23,3479.7388548963804
Wyoming,2020-05-30,3344.7459293883703
Wyoming,2020-06-06,2787.579322492691
Wyoming,2020-06-13,1792.9333646694058
Wyoming,2020-06-20,1915.006322245175
Wyoming,2020-06-27,2125.644499477591
Wyoming,2020-07-04,1939.7008582290662
Wyoming,2020-07-11,2012.8854829697611
Wyoming,2020-07-18,3012.7121412453253
Wyoming,2020-07-25,2283.559460146593
Wyoming,2020-08-01,1952.5264105813567
Wyoming,2020-08-08,1792.364410810124
Wyoming,2020-08-15,1431.7496763543847
Wyoming,2020-08-22,1613.2011404545212
Wyoming,2020-08-29,1593.2497325469615
Wyoming,2020-09-05,1325.2912126403337
Wyoming,2020-09-12,1305.6223472139225
Wyoming,2020-09-19,1284.5832096828906
Wyoming,2020-09-26,1299.3122073605816
Wyoming,2020-10-03,1066.7972610709958
Wyoming,2020-10-10,1011.1379204346803
Wyoming,2020-10-17,1235.4230795199242
Wyoming,2020-10-24,1009.9627534384206
Wyoming,2020-10-31,877.281410943108
Wyoming,2020-11-07,888.5168742111684
Wyoming,2020-11-14,800.3138906021603
Wyoming,2020-11-21,738.6678529173071
Wyoming,2020-11-28,679.6622391392343
Wyoming,2020-12-05,631.8925381790009
Wyoming,2020-12-12,723.550143918246
Wyoming,2020-12-19,713.9756364110536
Wyoming,2020-12-26,608.0194653151528
Wyoming,2021-01-02,709.4232530311616
Wyoming,2021-01-09,744.198325007179
Wyoming,2021-01-16,727.1630739341578
Wyoming,2021-01-23,814.7547552786576
Wyoming,2021-01-30,768.241155543589
Wyoming,2021-02-06,733.5469448363647
Wyoming,2021-02-13,851.7125520303358
Wyoming,2021-02-20,927.0046979677296
Wyoming,2021-02-27,837.9936501693065
Wyoming,2021-03-06,801.7660888695904
Wyoming,2021-03-13,777.6560476914874
Wyoming,2021-03-20,752.9841563616541
Wyoming,2021-03-27,921.6256841326491
Wyoming,2021-04-03,930.200152476566
Wyoming,2021-04-10,990.1950939606836
Wyoming,2021-04-17,1111.5219281020827
Wyoming,2021-04-24,869.5759166279424
Wyoming,2021-05-01,872.1331845920907
Wyoming,2021-05-08,880.397424882494
Wyoming,2021-05-15,803.1595415306479
Wyoming,2021-05-22,705.8898819932657
Wyoming,2021-05-29,574.7270989779273
Wyoming,2021-06-05,709.0117303111067
Wyoming,2021-06-12,560.3644888927773
Wyoming,2021-06-19,551.827784726855
Wyoming,2021-06-26,580.1300573327418
Wyoming,2021-07-03,476.9518552745611
Wyoming,2021-07-10,555.7461602812135
Wyoming,2021-07-17,373.19632380291193
Wyoming,2021-07-24,433.87629742785276
Wyoming,2021-07-31,521.8256424739556
Wyoming,2021-08-07,485.4655175467779
Wyoming,2021-08-14,462.283867626619
Wyoming,2021-08-21,475.7519458868993
Wyoming,2021-08-28,567.709674815584
Wyoming,2021-09-04,524.7685255599808
Wyoming,2021-09-11,487.0327263638735
Wyoming,2021-09-18,506.25665368199714
Wyoming,2021-09-25,520.6981505152893
Wyoming,2021-10-02,482.09678596489005
Wyoming,2021-10-09,478.7909432566759
Wyoming,2021-10-16,485.1843366841884
Wyoming,2021-10-23,442.80917887689833
Wyoming,2021-10-30,470.38738242209456
Wyoming,2021-11-06,460.7959762194977
Wyoming,2021-11-13,467.4173680219
Wyoming,2021-11-20,430.7058326463104
Wyoming,2021-11-27,467.9641646532433
Wyoming,2021-12-04,431.94418265819246
Wyoming,2021-12-11,432.27085685908065
Wyoming,2021-12-18,416.9795469911029
Wyoming,2021-12-25,408.51307825861835
Wyoming,2022-01-01,462.00588826070003
Wyoming,2022-01-08,538.765631488087
Wyoming,2022-01-15,354.85059096786944
Wyoming,2022-01-22,326.38070020467285
Wyoming,2022-01-29,390.7907001641546
Wyoming,2022-02-05,409.7068220323509
Wyoming,2022-02-12,370.86582595915525
Wyoming,2022-02-19,343.7961638124121
Wyoming,2022-02-26,412.59014580201335
Wyoming,2022-03-05,380.8155579264178
Wyoming,2022-03-12,386.41892828288286
Wyoming,2022-03-19,405.5250493838261
Wyoming,2022-03-26,325.59780624874105
Wyoming,2022-04-02,312.904856782735
Wyoming,2022-04-09,346.1470862105406
Wyoming,2022-04-16,325.7430712910247
Wyoming,2022-04-23,367.1210447672569
Wyoming,2022-04-30,319.172284337898
Wyoming,2022-05-07,312.802702639129
Wyoming,2022-05-14,294.65024600532644
Wyoming,2022-05-21,359.1587603803764
Wyoming,2022-05-28,404.7957692320498
Wyoming,2022-06-04,353.1210766197895
Wyoming,2022-06-11,356.48967484654855
Wyoming,2022-06-18,390.65036245514983
Wyoming,2022-06-25,442.21800235958347
Wyoming,2022-07-02,371.1236320677436
Wyoming,2022-07-09,390.3777906365597
Wyoming,2022-07-16,265.76101846571004
Wyoming,2022-07-23,313.9894257701566
Wyoming,2022-07-30,350.763594113288
Wyoming,2022-08-06,356.8653804482937
Wyoming,2022-08-13,473.92410889779285
Wyoming,2022-08-20,400.3687150245385
Wyoming,2022-08-27,344.6214155038882
Wyoming,2022-09-03,371.0146900455915
Wyoming,2022-09-10,408.35820902817085
Wyoming,2022-09-17,311.67501468177375
Wyoming,2022-09-24,345.5099877250985
Wyoming,2022-10-01,379.49309682367436
Wyoming,2022-10-08,427.37715069220064
Wyoming,2022-10-15,340.52752519130996
Wyoming,2022-10-22,381.97882703118296
Wyoming,2022-10-29,391.6913944883601
Wyoming,2022-11-05,396.900938733923
Wyoming,2022-11-12,411.22511612855686
Wyoming,2022-11-19,453.4906121890333
Wyoming,2022-11-26,379.9423336827523
Wyoming,2022-12-03,427.06739349914835
Wyoming,2022-12-10,375.71929314812564
Wyoming,2022-12-17,434.754874038681
Wyoming,2022-12-24,451.6298432268804
Wyoming,2022-12-31,360.31655063659446
Wyoming,2023-01-07,359.36573108711684
Wyoming,2023-01-14,315.5613339714269
Wyoming,2023-01-21,336.75465889088497
Wyoming,2023-01-28,346.84636440272357
Wyoming,2023-02-04,368.0001395500158
Wyoming,2023-02-11,374.27608642774516
Wyoming,2023-02-18,339.9655658869256
Wyoming,2023-02-25,347.66912907126175
Wyoming,2023-03-04,366.8149859438289
Wyoming,2023-03-11,328.60063477422204
Wyoming,2023-03-18,349.33220189415044
Wyoming,2023-03-25,319.10748452949707
Wyoming,2023-04-01,332.06229699392287
Wyoming,2023-04-08,358.4000804126836
Wyoming,2023-04-15,287.4529998786215
Wyoming,2023-04-22,298.33258016728206
Wyoming,2023-04-29,311.0405063929834
Wyoming,2023-05-06,326.45227511792734
Wyoming,2023-05-13,297.0264576666597
Wyoming,2023-05-20,350.45941324313543
Wyoming,2023-05-27,363.34910344037235
Wyoming,2023-06-03,332.3492485833313
Wyoming,2023-06-10,346.00468440988533
Wyoming,2023-06-17,329.1843963345843
Wyoming,2023-06-24,320.7954322201724
Wyoming,2023-07-01,349.37810675127423
Wyoming,2023-07-08,341.5805668069898
Wyoming,2023-07-15,287.2480795331504
Wyoming,2023-07-22,339.67946969680577
Wyoming,2023-07-29,335.21249880777276
Wyoming,2023-08-05,369.72539415814214
Wyoming,2023-08-12,307.63494788102344
Wyoming,2023-08-19,363.51469104738436
Wyoming,2023-08-26,362.93463082052
Wyoming,2023-09-02,367.6722153604961
Wyoming,2023-09-09,365.27454477290513
Wyoming,2023-09-16,394.32916222169166
Wyoming,2023-09-23,382.8185779489354
Wyoming,2023-09-30,340.1382571530711
Wyoming,2023-10-07,411.3103405158021
Wyoming,2023-10-14,342.32450421606626
Wyoming,2023-10-21,388.24077501530076
Wyoming,2023-10-28,377.38303304586293
Wyoming,2023-11-04,360.0673288892975
Wyoming,2023-11-11,352.47867096733444
Wyoming,2023-11-18,347.651636248643
Wyoming,2023-11-25,394.4269387791622
Wyoming,2023-12-02,383.8729752333291
Wyoming,2023-12-09,393.5369091118512
Wyoming,2023-12-16,345.87823880079054
Wyoming,2023-12-23,366.8578985435177
Wyoming,2023-12-30,366.72217820346725
Wyoming,2024-01-06,281.2673517327513
Wyoming,2024-01-13,474.58927895702743
Wyoming,2024-01-20,431.7162807108264
Wyoming,2024-01-27,376.6657350979803
Wyoming,2024-02-03,346.73790926490375
Wyoming,2024-02-10,318.00678869601126
Wyoming,2024-02-17,336.13496796143914
Wyoming,2024-02-24,299.83259042755003
Wyoming,2024-03-02,318.27966973752075
Wyoming,2024-03-09,356.5461433034081
Wyoming,2024-03-16,325.91851544011894
Wyoming,2024-03-23,343.9870511199324
Wyoming,2024-03-30,333.12659922787776
Wyoming,2024-04-06,242.76244762995879
Wyoming,2024-04-13,262.4812141748802
Wyoming,2024-04-20,320.7636012324912
Wyoming,2024-04-27,343.5676181726418
Wyoming,2024-05-04,323.03988199822777
Wyoming,2024-05-11,402.7678765959906
Wyoming,2024-05-18,334.30348284540224
Wyoming,2024-05-25,344.00732607092283
Wyoming,2024-06-01,348.96671101249785
Wyoming,2024-06-08,405.41963021764343
Wyoming,2024-06-15,390.65036245514983
Wyoming,2024-06-22,331.28874075073884
Wyoming,2024-06-29,342.12959831245115
Wyoming,2024-07-06,265.6737741832143
Wyoming,2024-07-13,321.1750180606878
Wyoming,2024-07-20,346.81559300976386
Wyoming,2024-07-27,335.21249880777276
Wyoming,2024-08-03,347.2203701659074
Wyoming,2024-08-10,384.1279619487374
Wyoming,2024-08-17,348.4380448749122
Wyoming,2024-08-24,346.2862532599457
Wyoming,2024-08-31,394.41201284125947
Wyoming,2024-09-07,384.0065727099772
Wyoming,2024-09-14,430.4903517704057
Wyoming,2024-09-21,376.33012747522463
Wyoming,2024-09-28,441.3364163060509
Wyoming,2024-10-05,310.62499674370474
Wyoming,2024-10-12,371.07616861216627
Wyoming,2024-10-19,409.7103109608473
Wyoming,2024-10-26,408.6825737013255
Wyoming,2024-11-02,406.6731209375991
Wyoming,2024-11-09,488.70231192089364
Wyoming,2024-11-16,312.37197760184625
Wyoming,2024-11-23,574.9274022882703
Wyoming,2024-11-30,261.2565620916487
Wyoming,2024-12-07,416.77727776018884
Wyoming,2024-12-14,340.6937684119136
Wyoming,2024-12-21,374.1658248093249
Wyoming,2024-12-28,369.92499198690365
Wyoming,2025-01-04,252.9708374739232
Wyoming,2025-01-11,477.7074739567451
Wyoming,2025-01-18,398.2004141861412
Wyoming,2025-01-25,393.14486100851695
Wyoming,2025-02-01,344.28457500123693
Wyoming,2025-02-08,338.46835150755084
Wyoming,2025-02-15,429.984617135858
Wyoming,2025-02-22,363.04515934959767
Wyoming,2025-03-01,320.1464126685326
Wyoming,2025-03-08,341.1279317010986
Wyoming,2025-03-15,302.5048289860874
Wyoming,2025-03-22,363.45801627766446
Wyoming,2025-03-29,333.12659922787776
Wyoming,2025-04-05,287.9453637503612
Wyoming,2025-04-12,223.08128562008847
