State,Filed week ended,Initial Claims
Alabama,2020-01-04,4578
Alabama,2020-01-11,3629
Alabama,2020-01-18,2483
Alabama,2020-01-25,2129
Alabama,2020-02-01,2170
Alabama,2020-02-08,2176
Alabama,2020-02-15,1981
Alabama,2020-02-22,1735
Alabama,2020-02-29,1575
Alabama,2020-03-07,1663
Alabama,2020-03-14,1819
Alabama,2020-03-21,10892
Alabama,2020-03-28,80984
Alabama,2020-04-04,106739
Alabama,2020-04-11,77515
Alabama,2020-04-18,66432
Alabama,2020-04-25,74966
Alabama,2020-05-02,28985
Alabama,2020-05-09,26666
Alabama,2020-05-16,25150
Alabama,2020-05-23,27919
Alabama,2020-05-30,21335
Alabama,2020-06-06,19949
Alabama,2020-06-13,18367
Alabama,2020-06-20,18671
Alabama,2020-06-27,18338
Alabama,2020-07-04,19056
Alabama,2020-07-11,20563
Alabama,2020-07-18,23676
Alabama,2020-07-25,17437
Alabama,2020-08-01,11690
Alabama,2020-08-08,9467
Alabama,2020-08-15,11047
Alabama,2020-08-22,8676
Alabama,2020-08-29,8511
Alabama,2020-09-05,8901
Alabama,2020-09-12,8848
Alabama,2020-09-19,8679
Alabama,2020-09-26,8805
Alabama,2020-10-03,7732
Alabama,2020-10-10,8581
Alabama,2020-10-17,7964
Alabama,2020-10-24,7126
Alabama,2020-10-31,7060
Alabama,2020-11-07,8764
Alabama,2020-11-14,9262
Alabama,2020-11-21,11813
Alabama,2020-11-28,7061
Alabama,2020-12-05,7656
Alabama,2020-12-12,7568
Alabama,2020-12-19,7543
Alabama,2020-12-26,5506
Alabama,2021-01-02,10986
Alabama,2021-01-09,14084
Alabama,2021-01-16,11980
Alabama,2021-01-23,11615
Alabama,2021-01-30,12664
Alabama,2021-02-06,13464
Alabama,2021-02-13,12087
Alabama,2021-02-20,11395
Alabama,2021-02-27,11624
Alabama,2021-03-06,13592
Alabama,2021-03-13,16506
Alabama,2021-03-20,13994
Alabama,2021-03-27,18710
Alabama,2021-04-03,5392
Alabama,2021-04-10,10909
Alabama,2021-04-17,8983
Alabama,2021-04-24,9816
Alabama,2021-05-01,10325
Alabama,2021-05-08,10841
Alabama,2021-05-15,9377
Alabama,2021-05-22,8698
Alabama,2021-05-29,7247
Alabama,2021-06-05,7260
Alabama,2021-06-12,5554
Alabama,2021-06-19,6101
Alabama,2021-06-26,5816
Alabama,2021-07-03,7295
Alabama,2021-07-10,5435
Alabama,2021-07-17,4254
Alabama,2021-07-24,3977
Alabama,2021-07-31,5203
Alabama,2021-08-07,6196
Alabama,2021-08-14,5469
Alabama,2021-08-21,5407
Alabama,2021-08-28,5431
Alabama,2021-09-04,5095
Alabama,2021-09-11,3716
Alabama,2021-09-18,4234
Alabama,2021-09-25,4000
Alabama,2021-10-02,3967
Alabama,2021-10-09,3666
Alabama,2021-10-16,3495
Alabama,2021-10-23,3327
Alabama,2021-10-30,3749
Alabama,2021-11-06,3451
Alabama,2021-11-13,3225
Alabama,2021-11-20,3904
Alabama,2021-11-27,2184
Alabama,2021-12-04,3698
Alabama,2021-12-11,3077
Alabama,2021-12-18,3809
Alabama,2021-12-25,2516
Alabama,2022-01-01,2831
Alabama,2022-01-08,5395
Alabama,2022-01-15,4674
Alabama,2022-01-22,5302
Alabama,2022-01-29,3959
Alabama,2022-02-05,2495
Alabama,2022-02-12,2222
Alabama,2022-02-19,1869
Alabama,2022-02-26,1812
Alabama,2022-03-05,1703
Alabama,2022-03-12,2004
Alabama,2022-03-19,1830
Alabama,2022-03-26,2077
Alabama,2022-04-02,2240
Alabama,2022-04-09,2142
Alabama,2022-04-16,2085
Alabama,2022-04-23,2022
Alabama,2022-04-30,2011
Alabama,2022-05-07,2021
Alabama,2022-05-14,2343
Alabama,2022-05-21,2258
Alabama,2022-05-28,2606
Alabama,2022-06-04,2571
Alabama,2022-06-11,2590
Alabama,2022-06-18,2978
Alabama,2022-06-25,2703
Alabama,2022-07-02,3099
Alabama,2022-07-09,3938
Alabama,2022-07-16,6048
Alabama,2022-07-23,3923
Alabama,2022-07-30,3156
Alabama,2022-08-06,3151
Alabama,2022-08-13,2812
Alabama,2022-08-20,2529
Alabama,2022-08-27,2608
Alabama,2022-09-03,2294
Alabama,2022-09-10,2002
Alabama,2022-09-17,2138
Alabama,2022-09-24,2130
Alabama,2022-10-01,1971
Alabama,2022-10-08,2439
Alabama,2022-10-15,2394
Alabama,2022-10-22,2376
Alabama,2022-10-29,2165
Alabama,2022-11-05,2407
Alabama,2022-11-12,1770
Alabama,2022-11-19,2849
Alabama,2022-11-26,2032
Alabama,2022-12-03,3268
Alabama,2022-12-10,2608
Alabama,2022-12-17,2706
Alabama,2022-12-24,2778
Alabama,2022-12-31,2626
Alabama,2023-01-07,3351
Alabama,2023-01-14,2823
Alabama,2023-01-21,2356
Alabama,2023-01-28,2396
Alabama,2023-02-04,2488
Alabama,2023-02-11,2230
Alabama,2023-02-18,2033
Alabama,2023-02-25,1631
Alabama,2023-03-04,2207
Alabama,2023-03-11,2238
Alabama,2023-03-18,2135
Alabama,2023-03-25,2362
Alabama,2023-04-01,1931
Alabama,2023-04-08,2223
Alabama,2023-04-15,2121
Alabama,2023-04-22,2295
Alabama,2023-04-29,2145
Alabama,2023-05-06,2295
Alabama,2023-05-13,2545
Alabama,2023-05-20,2589
Alabama,2023-05-27,2697
Alabama,2023-06-03,2447
Alabama,2023-06-10,2646
Alabama,2023-06-17,2395
Alabama,2023-06-24,2281
Alabama,2023-07-01,2790
Alabama,2023-07-08,2911
Alabama,2023-07-15,3617
Alabama,2023-07-22,2645
Alabama,2023-07-29,2702
Alabama,2023-08-05,2976
Alabama,2023-08-12,2763
Alabama,2023-08-19,2392
Alabama,2023-08-26,2580
Alabama,2023-09-02,2170
Alabama,2023-09-09,2118
Alabama,2023-09-16,2010
Alabama,2023-09-23,2880
Alabama,2023-09-30,2086
Alabama,2023-10-07,2361
Alabama,2023-10-14,1944
Alabama,2023-10-21,2192
Alabama,2023-10-28,2035
Alabama,2023-11-04,2226
Alabama,2023-11-11,1963
Alabama,2023-11-18,2485
Alabama,2023-11-25,1480
Alabama,2023-12-02,2965
Alabama,2023-12-09,2450
Alabama,2023-12-16,2274
Alabama,2023-12-23,2423
Alabama,2023-12-30,2226
Alabama,2024-01-06,3043
Alabama,2024-01-13,2887
Alabama,2024-01-20,2828
Alabama,2024-01-27,3537
Alabama,2024-02-03,2417
Alabama,2024-02-10,2104
Alabama,2024-02-17,1782
Alabama,2024-02-24,1786
Alabama,2024-03-02,1951
Alabama,2024-03-09,1981
Alabama,2024-03-16,2125
Alabama,2024-03-23,1963
Alabama,2024-03-30,1907
Alabama,2024-04-06,2007
Alabama,2024-04-13,2264
Alabama,2024-04-20,2410
Alabama,2024-04-27,2259
Alabama,2024-05-04,2386
Alabama,2024-05-11,2598
Alabama,2024-05-18,2385
Alabama,2024-05-25,2349
Alabama,2024-06-01,2586
Alabama,2024-06-08,2501
Alabama,2024-06-15,2325
Alabama,2024-06-22,2294
Alabama,2024-06-29,2689
Alabama,2024-07-06,2667
Alabama,2024-07-13,3950
Alabama,2024-07-20,2442
Alabama,2024-07-27,2138
Alabama,2024-08-03,2126
Alabama,2024-08-10,2112
Alabama,2024-08-17,2132
Alabama,2024-08-24,2132
Alabama,2024-08-31,2016
Alabama,2024-09-07,1805
Alabama,2024-09-14,2042
Alabama,2024-09-21,1950
Alabama,2024-09-28,2009
Alabama,2024-10-05,2240
Alabama,2024-10-12,2289
Alabama,2024-10-19,1903
Alabama,2024-10-26,2002
Alabama,2024-11-02,1936
Alabama,2024-11-09,2204
Alabama,2024-11-16,1950
Alabama,2024-11-23,2158
Alabama,2024-11-30,1466
Alabama,2024-12-07,2457
Alabama,2024-12-14,2187
Alabama,2024-12-21,2441
Alabama,2024-12-28,1832
Alabama,2025-01-04,2656
Alabama,2025-01-11,2976
Alabama,2025-01-18,2506
Alabama,2025-01-25,1764
Alabama,2025-02-01,2312
Alabama,2025-02-08,2182
Alabama,2025-02-15,1900
Alabama,2025-02-22,1835
Alabama,2025-03-01,1824
Alabama,2025-03-08,1873
Alabama,2025-03-15,1808
Alabama,2025-03-22,1751
Alabama,2025-03-29,1658
Alabama,2025-04-05,1953
Alabama,2025-04-12,2109
Alaska,2020-01-04,981
Alaska,2020-01-11,1371
Alaska,2020-01-18,1181
Alaska,2020-01-25,1003
Alaska,2020-02-01,1122
Alaska,2020-02-08,980
Alaska,2020-02-15,915
Alaska,2020-02-22,773
Alaska,2020-02-29,874
Alaska,2020-03-07,815
Alaska,2020-03-14,1120
Alaska,2020-03-21,7847
Alaska,2020-03-28,13774
Alaska,2020-04-04,14590
Alaska,2020-04-11,12007
Alaska,2020-04-18,12201
Alaska,2020-04-25,10313
Alaska,2020-05-02,8718
Alaska,2020-05-09,7807
Alaska,2020-05-16,7741
Alaska,2020-05-23,8152
Alaska,2020-05-30,7452
Alaska,2020-06-06,7081
Alaska,2020-06-13,6797
Alaska,2020-06-20,6757
Alaska,2020-06-27,6467
Alaska,2020-07-04,6124
Alaska,2020-07-11,9572
Alaska,2020-07-18,6606
Alaska,2020-07-25,6069
Alaska,2020-08-01,5195
Alaska,2020-08-08,4619
Alaska,2020-08-15,4731
Alaska,2020-08-22,4344
Alaska,2020-08-29,4057
Alaska,2020-09-05,3817
Alaska,2020-09-12,3593
Alaska,2020-09-19,3631
Alaska,2020-09-26,3600
Alaska,2020-10-03,3719
Alaska,2020-10-10,5708
Alaska,2020-10-17,4608
Alaska,2020-10-24,4388
Alaska,2020-10-31,4451
Alaska,2020-11-07,4545
Alaska,2020-11-14,4605
Alaska,2020-11-21,4531
Alaska,2020-11-28,3834
Alaska,2020-12-05,4525
Alaska,2020-12-12,4507
Alaska,2020-12-19,4016
Alaska,2020-12-26,3923
Alaska,2021-01-02,2947
Alaska,2021-01-09,3900
Alaska,2021-01-16,4902
Alaska,2021-01-23,3975
Alaska,2021-01-30,4190
Alaska,2021-02-06,3997
Alaska,2021-02-13,3468
Alaska,2021-02-20,3994
Alaska,2021-02-27,3781
Alaska,2021-03-06,3340
Alaska,2021-03-13,3233
Alaska,2021-03-20,2773
Alaska,2021-03-27,3330
Alaska,2021-04-03,3707
Alaska,2021-04-10,4553
Alaska,2021-04-17,3904
Alaska,2021-04-24,3398
Alaska,2021-05-01,2829
Alaska,2021-05-08,3093
Alaska,2021-05-15,2755
Alaska,2021-05-22,3103
Alaska,2021-05-29,2959
Alaska,2021-06-05,2166
Alaska,2021-06-12,1744
Alaska,2021-06-19,1656
Alaska,2021-06-26,1591
Alaska,2021-07-03,1348
Alaska,2021-07-10,1852
Alaska,2021-07-17,1631
Alaska,2021-07-24,1520
Alaska,2021-07-31,1558
Alaska,2021-08-07,1322
Alaska,2021-08-14,1362
Alaska,2021-08-21,1787
Alaska,2021-08-28,1117
Alaska,2021-09-04,1115
Alaska,2021-09-11,1140
Alaska,2021-09-18,1237
Alaska,2021-09-25,1237
Alaska,2021-10-02,1168
Alaska,2021-10-09,1423
Alaska,2021-10-16,1311
Alaska,2021-10-23,1338
Alaska,2021-10-30,1379
Alaska,2021-11-06,1438
Alaska,2021-11-13,1423
Alaska,2021-11-20,1451
Alaska,2021-11-27,1253
Alaska,2021-12-04,1400
Alaska,2021-12-11,1258
Alaska,2021-12-18,1278
Alaska,2021-12-25,1134
Alaska,2022-01-01,1055
Alaska,2022-01-08,1475
Alaska,2022-01-15,1242
Alaska,2022-01-22,1168
Alaska,2022-01-29,1173
Alaska,2022-02-05,1099
Alaska,2022-02-12,1120
Alaska,2022-02-19,972
Alaska,2022-02-26,905
Alaska,2022-03-05,969
Alaska,2022-03-12,997
Alaska,2022-03-19,917
Alaska,2022-03-26,856
Alaska,2022-04-02,825
Alaska,2022-04-09,960
Alaska,2022-04-16,853
Alaska,2022-04-23,854
Alaska,2022-04-30,811
Alaska,2022-05-07,799
Alaska,2022-05-14,716
Alaska,2022-05-21,815
Alaska,2022-05-28,946
Alaska,2022-06-04,757
Alaska,2022-06-11,776
Alaska,2022-06-18,731
Alaska,2022-06-25,698
Alaska,2022-07-02,632
Alaska,2022-07-09,710
Alaska,2022-07-16,667
Alaska,2022-07-23,640
Alaska,2022-07-30,644
Alaska,2022-08-06,766
Alaska,2022-08-13,687
Alaska,2022-08-20,680
Alaska,2022-08-27,649
Alaska,2022-09-03,652
Alaska,2022-09-10,583
Alaska,2022-09-17,642
Alaska,2022-09-24,596
Alaska,2022-10-01,651
Alaska,2022-10-08,849
Alaska,2022-10-15,829
Alaska,2022-10-22,961
Alaska,2022-10-29,1034
Alaska,2022-11-05,1141
Alaska,2022-11-12,1020
Alaska,2022-11-19,1146
Alaska,2022-11-26,795
Alaska,2022-12-03,1065
Alaska,2022-12-10,964
Alaska,2022-12-17,874
Alaska,2022-12-24,896
Alaska,2022-12-31,718
Alaska,2023-01-07,1000
Alaska,2023-01-14,1028
Alaska,2023-01-21,871
Alaska,2023-01-28,852
Alaska,2023-02-04,884
Alaska,2023-02-11,825
Alaska,2023-02-18,778
Alaska,2023-02-25,693
Alaska,2023-03-04,673
Alaska,2023-03-11,725
Alaska,2023-03-18,741
Alaska,2023-03-25,721
Alaska,2023-04-01,688
Alaska,2023-04-08,699
Alaska,2023-04-15,662
Alaska,2023-04-22,602
Alaska,2023-04-29,626
Alaska,2023-05-06,637
Alaska,2023-05-13,624
Alaska,2023-05-20,637
Alaska,2023-05-27,738
Alaska,2023-06-03,679
Alaska,2023-06-10,700
Alaska,2023-06-17,657
Alaska,2023-06-24,596
Alaska,2023-07-01,598
Alaska,2023-07-08,588
Alaska,2023-07-15,590
Alaska,2023-07-22,514
Alaska,2023-07-29,550
Alaska,2023-08-05,579
Alaska,2023-08-12,624
Alaska,2023-08-19,575
Alaska,2023-08-26,545
Alaska,2023-09-02,562
Alaska,2023-09-09,524
Alaska,2023-09-16,590
Alaska,2023-09-23,608
Alaska,2023-09-30,595
Alaska,2023-10-07,789
Alaska,2023-10-14,736
Alaska,2023-10-21,780
Alaska,2023-10-28,882
Alaska,2023-11-04,952
Alaska,2023-11-11,965
Alaska,2023-11-18,942
Alaska,2023-11-25,734
Alaska,2023-12-02,961
Alaska,2023-12-09,928
Alaska,2023-12-16,798
Alaska,2023-12-23,788
Alaska,2023-12-30,767
Alaska,2024-01-06,783
Alaska,2024-01-13,934
Alaska,2024-01-20,789
Alaska,2024-01-27,792
Alaska,2024-02-03,738
Alaska,2024-02-10,759
Alaska,2024-02-17,693
Alaska,2024-02-24,621
Alaska,2024-03-02,755
Alaska,2024-03-09,729
Alaska,2024-03-16,727
Alaska,2024-03-23,676
Alaska,2024-03-30,623
Alaska,2024-04-06,622
Alaska,2024-04-13,662
Alaska,2024-04-20,670
Alaska,2024-04-27,642
Alaska,2024-05-04,674
Alaska,2024-05-11,629
Alaska,2024-05-18,612
Alaska,2024-05-25,583
Alaska,2024-06-01,585
Alaska,2024-06-08,564
Alaska,2024-06-15,513
Alaska,2024-06-22,522
Alaska,2024-06-29,528
Alaska,2024-07-06,395
Alaska,2024-07-13,523
Alaska,2024-07-20,477
Alaska,2024-07-27,474
Alaska,2024-08-03,466
Alaska,2024-08-10,485
Alaska,2024-08-17,471
Alaska,2024-08-24,497
Alaska,2024-08-31,482
Alaska,2024-09-07,451
Alaska,2024-09-14,536
Alaska,2024-09-21,578
Alaska,2024-09-28,583
Alaska,2024-10-05,573
Alaska,2024-10-12,627
Alaska,2024-10-19,600
Alaska,2024-10-26,768
Alaska,2024-11-02,775
Alaska,2024-11-09,880
Alaska,2024-11-16,741
Alaska,2024-11-23,772
Alaska,2024-11-30,592
Alaska,2024-12-07,731
Alaska,2024-12-14,644
Alaska,2024-12-21,631
Alaska,2024-12-28,595
Alaska,2025-01-04,547
Alaska,2025-01-11,747
Alaska,2025-01-18,724
Alaska,2025-01-25,548
Alaska,2025-02-01,615
Alaska,2025-02-08,619
Alaska,2025-02-15,535
Alaska,2025-02-22,548
Alaska,2025-03-01,455
Alaska,2025-03-08,648
Alaska,2025-03-15,626
Alaska,2025-03-22,549
Alaska,2025-03-29,479
Alaska,2025-04-05,472
Alaska,2025-04-12,555
Arizona,2020-01-04,3132
Arizona,2020-01-11,4654
Arizona,2020-01-18,4152
Arizona,2020-01-25,3475
Arizona,2020-02-01,3807
Arizona,2020-02-08,3636
Arizona,2020-02-15,3538
Arizona,2020-02-22,3151
Arizona,2020-02-29,3086
Arizona,2020-03-07,3357
Arizona,2020-03-14,3844
Arizona,2020-03-21,29348
Arizona,2020-03-28,88940
Arizona,2020-04-04,132428
Arizona,2020-04-11,98531
Arizona,2020-04-18,72457
Arizona,2020-04-25,52581
Arizona,2020-05-02,43023
Arizona,2020-05-09,31570
Arizona,2020-05-16,31957
Arizona,2020-05-23,26868
Arizona,2020-05-30,22012
Arizona,2020-06-06,24367
Arizona,2020-06-13,22419
Arizona,2020-06-20,25886
Arizona,2020-06-27,26328
Arizona,2020-07-04,25774
Arizona,2020-07-11,28695
Arizona,2020-07-18,21441
Arizona,2020-07-25,19063
Arizona,2020-08-01,15561
Arizona,2020-08-08,11655
Arizona,2020-08-15,12775
Arizona,2020-08-22,12487
Arizona,2020-08-29,11705
Arizona,2020-09-05,11343
Arizona,2020-09-12,10015
Arizona,2020-09-19,9065
Arizona,2020-09-26,8208
Arizona,2020-10-03,7966
Arizona,2020-10-10,7925
Arizona,2020-10-17,7053
Arizona,2020-10-24,6813
Arizona,2020-10-31,6389
Arizona,2020-11-07,6410
Arizona,2020-11-14,6285
Arizona,2020-11-21,7154
Arizona,2020-11-28,5569
Arizona,2020-12-05,7362
Arizona,2020-12-12,6921
Arizona,2020-12-19,7032
Arizona,2020-12-26,6569
Arizona,2021-01-02,7992
Arizona,2021-01-09,12309
Arizona,2021-01-16,12006
Arizona,2021-01-23,13034
Arizona,2021-01-30,15148
Arizona,2021-02-06,7670
Arizona,2021-02-13,3903
Arizona,2021-02-20,4108
Arizona,2021-02-27,4091
Arizona,2021-03-06,4244
Arizona,2021-03-13,5220
Arizona,2021-03-20,4822
Arizona,2021-03-27,5373
Arizona,2021-04-03,5177
Arizona,2021-04-10,6202
Arizona,2021-04-17,6308
Arizona,2021-04-24,7673
Arizona,2021-05-01,7267
Arizona,2021-05-08,5959
Arizona,2021-05-15,5378
Arizona,2021-05-22,4818
Arizona,2021-05-29,4375
Arizona,2021-06-05,3997
Arizona,2021-06-12,3952
Arizona,2021-06-19,3554
Arizona,2021-06-26,3656
Arizona,2021-07-03,3804
Arizona,2021-07-10,3829
Arizona,2021-07-17,3578
Arizona,2021-07-24,3301
Arizona,2021-07-31,3153
Arizona,2021-08-07,3172
Arizona,2021-08-14,2871
Arizona,2021-08-21,3019
Arizona,2021-08-28,2957
Arizona,2021-09-04,2759
Arizona,2021-09-11,6498
Arizona,2021-09-18,8280
Arizona,2021-09-25,4039
Arizona,2021-10-02,3276
Arizona,2021-10-09,3799
Arizona,2021-10-16,3005
Arizona,2021-10-23,2845
Arizona,2021-10-30,2714
Arizona,2021-11-06,2748
Arizona,2021-11-13,2588
Arizona,2021-11-20,2757
Arizona,2021-11-27,1956
Arizona,2021-12-04,2697
Arizona,2021-12-11,2493
Arizona,2021-12-18,2506
Arizona,2021-12-25,1850
Arizona,2022-01-01,2141
Arizona,2022-01-08,3317
Arizona,2022-01-15,3068
Arizona,2022-01-22,2672
Arizona,2022-01-29,2765
Arizona,2022-02-05,2889
Arizona,2022-02-12,2498
Arizona,2022-02-19,2521
Arizona,2022-02-26,2214
Arizona,2022-03-05,2508
Arizona,2022-03-12,2658
Arizona,2022-03-19,2358
Arizona,2022-03-26,2671
Arizona,2022-04-02,2786
Arizona,2022-04-09,4193
Arizona,2022-04-16,3888
Arizona,2022-04-23,3728
Arizona,2022-04-30,3494
Arizona,2022-05-07,3391
Arizona,2022-05-14,3113
Arizona,2022-05-21,3201
Arizona,2022-05-28,3266
Arizona,2022-06-04,3396
Arizona,2022-06-11,3455
Arizona,2022-06-18,3354
Arizona,2022-06-25,3071
Arizona,2022-07-02,2570
Arizona,2022-07-09,5017
Arizona,2022-07-16,4218
Arizona,2022-07-23,3548
Arizona,2022-07-30,3180
Arizona,2022-08-06,3266
Arizona,2022-08-13,3094
Arizona,2022-08-20,2907
Arizona,2022-08-27,2835
Arizona,2022-09-03,2905
Arizona,2022-09-10,2532
Arizona,2022-09-17,2638
Arizona,2022-09-24,2673
Arizona,2022-10-01,2711
Arizona,2022-10-08,3243
Arizona,2022-10-15,2823
Arizona,2022-10-22,2899
Arizona,2022-10-29,2816
Arizona,2022-11-05,3082
Arizona,2022-11-12,2390
Arizona,2022-11-19,3383
Arizona,2022-11-26,2136
Arizona,2022-12-03,2941
Arizona,2022-12-10,2968
Arizona,2022-12-17,2786
Arizona,2022-12-24,2424
Arizona,2022-12-31,2142
Arizona,2023-01-07,3371
Arizona,2023-01-14,3432
Arizona,2023-01-21,3126
Arizona,2023-01-28,3096
Arizona,2023-02-04,3352
Arizona,2023-02-11,3357
Arizona,2023-02-18,2990
Arizona,2023-02-25,2790
Arizona,2023-03-04,3121
Arizona,2023-03-11,2942
Arizona,2023-03-18,3007
Arizona,2023-03-25,3062
Arizona,2023-04-01,2975
Arizona,2023-04-08,4342
Arizona,2023-04-15,4201
Arizona,2023-04-22,4684
Arizona,2023-04-29,4716
Arizona,2023-05-06,4640
Arizona,2023-05-13,3982
Arizona,2023-05-20,4005
Arizona,2023-05-27,4076
Arizona,2023-06-03,4002
Arizona,2023-06-10,4281
Arizona,2023-06-17,3972
Arizona,2023-06-24,3645
Arizona,2023-07-01,3665
Arizona,2023-07-08,4783
Arizona,2023-07-15,4801
Arizona,2023-07-22,4306
Arizona,2023-07-29,3933
Arizona,2023-08-05,3863
Arizona,2023-08-12,3691
Arizona,2023-08-19,3627
Arizona,2023-08-26,3504
Arizona,2023-09-02,3377
Arizona,2023-09-09,3034
Arizona,2023-09-16,3255
Arizona,2023-09-23,3221
Arizona,2023-09-30,3168
Arizona,2023-10-07,3679
Arizona,2023-10-14,3254
Arizona,2023-10-21,3366
Arizona,2023-10-28,3283
Arizona,2023-11-04,3449
Arizona,2023-11-11,2990
Arizona,2023-11-18,3898
Arizona,2023-11-25,2464
Arizona,2023-12-02,3287
Arizona,2023-12-09,3546
Arizona,2023-12-16,3264
Arizona,2023-12-23,3025
Arizona,2023-12-30,2298
Arizona,2024-01-06,3248
Arizona,2024-01-13,4089
Arizona,2024-01-20,3476
Arizona,2024-01-27,3779
Arizona,2024-02-03,3726
Arizona,2024-02-10,3479
Arizona,2024-02-17,3263
Arizona,2024-02-24,3071
Arizona,2024-03-02,3259
Arizona,2024-03-09,3386
Arizona,2024-03-16,3330
Arizona,2024-03-23,3361
Arizona,2024-03-30,3471
Arizona,2024-04-06,4273
Arizona,2024-04-13,4717
Arizona,2024-04-20,4826
Arizona,2024-04-27,4656
Arizona,2024-05-04,4679
Arizona,2024-05-11,4288
Arizona,2024-05-18,3918
Arizona,2024-05-25,4219
Arizona,2024-06-01,4127
Arizona,2024-06-08,4604
Arizona,2024-06-15,4167
Arizona,2024-06-22,4055
Arizona,2024-06-29,4341
Arizona,2024-07-06,4423
Arizona,2024-07-13,5198
Arizona,2024-07-20,4384
Arizona,2024-07-27,3889
Arizona,2024-08-03,4014
Arizona,2024-08-10,4212
Arizona,2024-08-17,3947
Arizona,2024-08-24,3846
Arizona,2024-08-31,3767
Arizona,2024-09-07,3445
Arizona,2024-09-14,3682
Arizona,2024-09-21,3629
Arizona,2024-09-28,3675
Arizona,2024-10-05,3752
Arizona,2024-10-12,3465
Arizona,2024-10-19,3058
Arizona,2024-10-26,3004
Arizona,2024-11-02,2820
Arizona,2024-11-09,3158
Arizona,2024-11-16,2820
Arizona,2024-11-23,3075
Arizona,2024-11-30,1983
Arizona,2024-12-07,3095
Arizona,2024-12-14,2840
Arizona,2024-12-21,2646
Arizona,2024-12-28,1770
Arizona,2025-01-04,2398
Arizona,2025-01-11,3584
Arizona,2025-01-18,3219
Arizona,2025-01-25,3057
Arizona,2025-02-01,3245
Arizona,2025-02-08,3073
Arizona,2025-02-15,2884
Arizona,2025-02-22,2803
Arizona,2025-03-01,3137
Arizona,2025-03-08,3594
Arizona,2025-03-15,3737
Arizona,2025-03-22,3777
Arizona,2025-03-29,3258
Arizona,2025-04-05,3801
Arizona,2025-04-12,4439
Arkansas,2020-01-04,2576
Arkansas,2020-01-11,2493
Arkansas,2020-01-18,1729
Arkansas,2020-01-25,1683
Arkansas,2020-02-01,1837
Arkansas,2020-02-08,1724
Arkansas,2020-02-15,1602
Arkansas,2020-02-22,1055
Arkansas,2020-02-29,1418
Arkansas,2020-03-07,1843
Arkansas,2020-03-14,1382
Arkansas,2020-03-21,9275
Arkansas,2020-03-28,27756
Arkansas,2020-04-04,62086
Arkansas,2020-04-11,35629
Arkansas,2020-04-18,25404
Arkansas,2020-04-25,17671
Arkansas,2020-05-02,13448
Arkansas,2020-05-09,13152
Arkansas,2020-05-16,11427
Arkansas,2020-05-23,10825
Arkansas,2020-05-30,8481
Arkansas,2020-06-06,9663
Arkansas,2020-06-13,9381
Arkansas,2020-06-20,9669
Arkansas,2020-06-27,10395
Arkansas,2020-07-04,10832
Arkansas,2020-07-11,14155
Arkansas,2020-07-18,15932
Arkansas,2020-07-25,15257
Arkansas,2020-08-01,12750
Arkansas,2020-08-08,5908
Arkansas,2020-08-15,6351
Arkansas,2020-08-22,5660
Arkansas,2020-08-29,5337
Arkansas,2020-09-05,5624
Arkansas,2020-09-12,4585
Arkansas,2020-09-19,5778
Arkansas,2020-09-26,6137
Arkansas,2020-10-03,5484
Arkansas,2020-10-10,5719
Arkansas,2020-10-17,4318
Arkansas,2020-10-24,4019
Arkansas,2020-10-31,4014
Arkansas,2020-11-07,3672
Arkansas,2020-11-14,3484
Arkansas,2020-11-21,4276
Arkansas,2020-11-28,3663
Arkansas,2020-12-05,4649
Arkansas,2020-12-12,4049
Arkansas,2020-12-19,3976
Arkansas,2020-12-26,3663
Arkansas,2021-01-02,4400
Arkansas,2021-01-09,6371
Arkansas,2021-01-16,4774
Arkansas,2021-01-23,3901
Arkansas,2021-01-30,4807
Arkansas,2021-02-06,4331
Arkansas,2021-02-13,3147
Arkansas,2021-02-20,1889
Arkansas,2021-02-27,6064
Arkansas,2021-03-06,3806
Arkansas,2021-03-13,3291
Arkansas,2021-03-20,2325
Arkansas,2021-03-27,2836
Arkansas,2021-04-03,2117
Arkansas,2021-04-10,3374
Arkansas,2021-04-17,3213
Arkansas,2021-04-24,3107
Arkansas,2021-05-01,2654
Arkansas,2021-05-08,2791
Arkansas,2021-05-15,2371
Arkansas,2021-05-22,2415
Arkansas,2021-05-29,2503
Arkansas,2021-06-05,2404
Arkansas,2021-06-12,2290
Arkansas,2021-06-19,1958
Arkansas,2021-06-26,1510
Arkansas,2021-07-03,1549
Arkansas,2021-07-10,2131
Arkansas,2021-07-17,1917
Arkansas,2021-07-24,1658
Arkansas,2021-07-31,1741
Arkansas,2021-08-07,2103
Arkansas,2021-08-14,1737
Arkansas,2021-08-21,1610
Arkansas,2021-08-28,1481
Arkansas,2021-09-04,1682
Arkansas,2021-09-11,1238
Arkansas,2021-09-18,1555
Arkansas,2021-09-25,1465
Arkansas,2021-10-02,1333
Arkansas,2021-10-09,1598
Arkansas,2021-10-16,1493
Arkansas,2021-10-23,1335
Arkansas,2021-10-30,1279
Arkansas,2021-11-06,1450
Arkansas,2021-11-13,1050
Arkansas,2021-11-20,1408
Arkansas,2021-11-27,1611
Arkansas,2021-12-04,1944
Arkansas,2021-12-11,930
Arkansas,2021-12-18,1661
Arkansas,2021-12-25,1771
Arkansas,2022-01-01,1716
Arkansas,2022-01-08,1996
Arkansas,2022-01-15,1673
Arkansas,2022-01-22,1399
Arkansas,2022-01-29,1397
Arkansas,2022-02-05,755
Arkansas,2022-02-12,1221
Arkansas,2022-02-19,980
Arkansas,2022-02-26,690
Arkansas,2022-03-05,1025
Arkansas,2022-03-12,1059
Arkansas,2022-03-19,914
Arkansas,2022-03-26,1434
Arkansas,2022-04-02,988
Arkansas,2022-04-09,1276
Arkansas,2022-04-16,1195
Arkansas,2022-04-23,1387
Arkansas,2022-04-30,1301
Arkansas,2022-05-07,1705
Arkansas,2022-05-14,1572
Arkansas,2022-05-21,1374
Arkansas,2022-05-28,1534
Arkansas,2022-06-04,1827
Arkansas,2022-06-11,1737
Arkansas,2022-06-18,1481
Arkansas,2022-06-25,1426
Arkansas,2022-07-02,1414
Arkansas,2022-07-09,2278
Arkansas,2022-07-16,1821
Arkansas,2022-07-23,1665
Arkansas,2022-07-30,1491
Arkansas,2022-08-06,1543
Arkansas,2022-08-13,1522
Arkansas,2022-08-20,1973
Arkansas,2022-08-27,1450
Arkansas,2022-09-03,1355
Arkansas,2022-09-10,1572
Arkansas,2022-09-17,1186
Arkansas,2022-09-24,1224
Arkansas,2022-10-01,1503
Arkansas,2022-10-08,1365
Arkansas,2022-10-15,1332
Arkansas,2022-10-22,1775
Arkansas,2022-10-29,1258
Arkansas,2022-11-05,1371
Arkansas,2022-11-12,1599
Arkansas,2022-11-19,1468
Arkansas,2022-11-26,1191
Arkansas,2022-12-03,1786
Arkansas,2022-12-10,1807
Arkansas,2022-12-17,1363
Arkansas,2022-12-24,974
Arkansas,2022-12-31,1327
Arkansas,2023-01-07,1344
Arkansas,2023-01-14,1742
Arkansas,2023-01-21,2161
Arkansas,2023-01-28,1593
Arkansas,2023-02-04,961
Arkansas,2023-02-11,1355
Arkansas,2023-02-18,1508
Arkansas,2023-02-25,2127
Arkansas,2023-03-04,1816
Arkansas,2023-03-11,1347
Arkansas,2023-03-18,1325
Arkansas,2023-03-25,1157
Arkansas,2023-04-01,1334
Arkansas,2023-04-08,1177
Arkansas,2023-04-15,1402
Arkansas,2023-04-22,1515
Arkansas,2023-04-29,1220
Arkansas,2023-05-06,1852
Arkansas,2023-05-13,1769
Arkansas,2023-05-20,1941
Arkansas,2023-05-27,1486
Arkansas,2023-06-03,1719
Arkansas,2023-06-10,2068
Arkansas,2023-06-17,2020
Arkansas,2023-06-24,2132
Arkansas,2023-07-01,2624
Arkansas,2023-07-08,2482
Arkansas,2023-07-15,2004
Arkansas,2023-07-22,1391
Arkansas,2023-07-29,1648
Arkansas,2023-08-05,1450
Arkansas,2023-08-12,1838
Arkansas,2023-08-19,1322
Arkansas,2023-08-26,1376
Arkansas,2023-09-02,1304
Arkansas,2023-09-09,1325
Arkansas,2023-09-16,1209
Arkansas,2023-09-23,1130
Arkansas,2023-09-30,1062
Arkansas,2023-10-07,1512
Arkansas,2023-10-14,1528
Arkansas,2023-10-21,1354
Arkansas,2023-10-28,1262
Arkansas,2023-11-04,1462
Arkansas,2023-11-11,1008
Arkansas,2023-11-18,1834
Arkansas,2023-11-25,1582
Arkansas,2023-12-02,2319
Arkansas,2023-12-09,2034
Arkansas,2023-12-16,1493
Arkansas,2023-12-23,2250
Arkansas,2023-12-30,1437
Arkansas,2024-01-06,1585
Arkansas,2024-01-13,1871
Arkansas,2024-01-20,1529
Arkansas,2024-01-27,2074
Arkansas,2024-02-03,2116
Arkansas,2024-02-10,1769
Arkansas,2024-02-17,1807
Arkansas,2024-02-24,1244
Arkansas,2024-03-02,1254
Arkansas,2024-03-09,1034
Arkansas,2024-03-16,1313
Arkansas,2024-03-23,1556
Arkansas,2024-03-30,1097
Arkansas,2024-04-06,1223
Arkansas,2024-04-13,1186
Arkansas,2024-04-20,1295
Arkansas,2024-04-27,1065
Arkansas,2024-05-04,1197
Arkansas,2024-05-11,1270
Arkansas,2024-05-18,1351
Arkansas,2024-05-25,1302
Arkansas,2024-06-01,1401
Arkansas,2024-06-08,1766
Arkansas,2024-06-15,1943
Arkansas,2024-06-22,2117
Arkansas,2024-06-29,1711
Arkansas,2024-07-06,1864
Arkansas,2024-07-13,1803
Arkansas,2024-07-20,1618
Arkansas,2024-07-27,1501
Arkansas,2024-08-03,1297
Arkansas,2024-08-10,1527
Arkansas,2024-08-17,1193
Arkansas,2024-08-24,1306
Arkansas,2024-08-31,1634
Arkansas,2024-09-07,1031
Arkansas,2024-09-14,1171
Arkansas,2024-09-21,1214
Arkansas,2024-09-28,983
Arkansas,2024-10-05,1285
Arkansas,2024-10-12,1601
Arkansas,2024-10-19,1339
Arkansas,2024-10-26,1221
Arkansas,2024-11-02,1179
Arkansas,2024-11-09,1300
Arkansas,2024-11-16,1331
Arkansas,2024-11-23,1840
Arkansas,2024-11-30,1280
Arkansas,2024-12-07,1664
Arkansas,2024-12-14,1460
Arkansas,2024-12-21,1805
Arkansas,2024-12-28,1531
Arkansas,2025-01-04,1251
Arkansas,2025-01-11,1570
Arkansas,2025-01-18,1882
Arkansas,2025-01-25,1125
Arkansas,2025-02-01,1663
Arkansas,2025-02-08,1683
Arkansas,2025-02-15,1252
Arkansas,2025-02-22,870
Arkansas,2025-03-01,1473
Arkansas,2025-03-08,1204
Arkansas,2025-03-15,1188
Arkansas,2025-03-22,1162
Arkansas,2025-03-29,1512
Arkansas,2025-04-05,1378
Arkansas,2025-04-12,1495
California,2020-01-04,36720
California,2020-01-11,51993
California,2020-01-18,64858
California,2020-01-25,45596
California,2020-02-01,43458
California,2020-02-08,40392
California,2020-02-15,43445
California,2020-02-22,34979
California,2020-02-29,41678
California,2020-03-07,43385
California,2020-03-14,57606
California,2020-03-21,186333
California,2020-03-28,1058325
California,2020-04-04,918814
California,2020-04-11,655472
California,2020-04-18,528360
California,2020-04-25,325343
California,2020-05-02,316257
California,2020-05-09,212667
California,2020-05-16,244431
California,2020-05-23,203262
California,2020-05-30,228634
California,2020-06-06,255836
California,2020-06-13,241424
California,2020-06-20,284494
California,2020-06-27,277362
California,2020-07-04,264791
California,2020-07-11,284914
California,2020-07-18,289594
California,2020-07-25,244653
California,2020-08-01,222043
California,2020-08-08,202509
California,2020-08-15,190354
California,2020-08-22,196916
California,2020-08-29,219563
California,2020-09-05,243404
California,2020-09-12,226004
California,2020-09-19,226179
California,2020-09-26,171220
California,2020-10-03,148213
California,2020-10-10,176083
California,2020-10-17,159876
California,2020-10-24,152176
California,2020-10-31,152480
California,2020-11-07,157773
California,2020-11-14,158825
California,2020-11-21,168186
California,2020-11-28,130383
California,2020-12-05,178724
California,2020-12-12,204388
California,2020-12-19,158661
California,2020-12-26,168732
California,2021-01-02,160989
California,2021-01-09,182625
California,2021-01-16,117242
California,2021-01-23,58226
California,2021-01-30,109251
California,2021-02-06,137939
California,2021-02-13,139603
California,2021-02-20,90465
California,2021-02-27,88978
California,2021-03-06,106771
California,2021-03-13,109327
California,2021-03-20,95996
California,2021-03-27,106404
California,2021-04-03,81373
California,2021-04-10,69458
California,2021-04-17,72875
California,2021-04-24,78606
California,2021-05-01,70760
California,2021-05-08,69927
California,2021-05-15,70282
California,2021-05-22,71055
California,2021-05-29,72003
California,2021-06-05,52883
California,2021-06-12,68014
California,2021-06-19,63902
California,2021-06-26,56259
California,2021-07-03,58847
California,2021-07-10,56925
California,2021-07-17,56481
California,2021-07-24,64491
California,2021-07-31,62209
California,2021-08-07,65476
California,2021-08-14,64714
California,2021-08-21,63346
California,2021-08-28,56337
California,2021-09-04,57546
California,2021-09-11,51596
California,2021-09-18,68814
California,2021-09-25,78721
California,2021-10-02,63988
California,2021-10-09,63137
California,2021-10-16,72885
California,2021-10-23,59747
California,2021-10-30,59255
California,2021-11-06,55033
California,2021-11-13,59723
California,2021-11-20,52490
California,2021-11-27,46877
California,2021-12-04,55364
California,2021-12-11,55938
California,2021-12-18,56171
California,2021-12-25,48851
California,2022-01-01,50174
California,2022-01-08,61469
California,2022-01-15,62274
California,2022-01-22,54196
California,2022-01-29,51601
California,2022-02-05,47354
California,2022-02-12,45736
California,2022-02-19,43554
California,2022-02-26,38142
California,2022-03-05,43612
California,2022-03-12,44886
California,2022-03-19,39055
California,2022-03-26,42311
California,2022-04-02,43393
California,2022-04-09,46608
California,2022-04-16,46300
California,2022-04-23,43440
California,2022-04-30,40624
California,2022-05-07,43670
California,2022-05-14,45638
California,2022-05-21,39519
California,2022-05-28,41430
California,2022-06-04,41233
California,2022-06-11,45184
California,2022-06-18,43995
California,2022-06-25,41491
California,2022-07-02,44314
California,2022-07-09,40513
California,2022-07-16,43194
California,2022-07-23,40072
California,2022-07-30,39677
California,2022-08-06,42436
California,2022-08-13,39251
California,2022-08-20,37121
California,2022-08-27,36319
California,2022-09-03,36558
California,2022-09-10,33494
California,2022-09-17,34624
California,2022-09-24,34359
California,2022-10-01,35612
California,2022-10-08,40608
California,2022-10-15,37791
California,2022-10-22,38081
California,2022-10-29,40070
California,2022-11-05,43483
California,2022-11-12,43267
California,2022-11-19,47690
California,2022-11-26,36495
California,2022-12-03,51801
California,2022-12-10,46971
California,2022-12-17,44703
California,2022-12-24,41460
California,2022-12-31,42383
California,2023-01-07,59830
California,2023-01-14,63697
California,2023-01-21,48115
California,2023-01-28,45564
California,2023-02-04,52384
California,2023-02-11,48087
California,2023-02-18,43381
California,2023-02-25,40537
California,2023-03-04,50455
California,2023-03-11,47643
California,2023-03-18,44830
California,2023-03-25,46783
California,2023-04-01,39950
California,2023-04-08,50590
California,2023-04-15,46134
California,2023-04-22,42380
California,2023-04-29,43095
California,2023-05-06,45092
California,2023-05-13,44823
California,2023-05-20,44348
California,2023-05-27,43577
California,2023-06-03,47680
California,2023-06-10,48068
California,2023-06-17,54347
California,2023-06-24,43391
California,2023-07-01,44719
California,2023-07-08,45162
California,2023-07-15,49037
California,2023-07-22,43727
California,2023-07-29,40619
California,2023-08-05,42982
California,2023-08-12,39023
California,2023-08-19,37940
California,2023-08-26,37862
California,2023-09-02,38418
California,2023-09-09,36538
California,2023-09-16,35040
California,2023-09-23,37752
California,2023-09-30,38954
California,2023-10-07,42803
California,2023-10-14,40753
California,2023-10-21,40579
California,2023-10-28,41421
California,2023-11-04,44331
California,2023-11-11,44350
California,2023-11-18,51701
California,2023-11-25,37478
California,2023-12-02,50956
California,2023-12-09,47338
California,2023-12-16,43504
California,2023-12-23,48415
California,2023-12-30,40353
California,2024-01-06,49807
California,2024-01-13,51756
California,2024-01-20,47124
California,2024-01-27,52139
California,2024-02-03,47827
California,2024-02-10,49880
California,2024-02-17,40900
California,2024-02-24,41211
California,2024-03-02,46760
California,2024-03-09,47222
California,2024-03-16,41428
California,2024-03-23,40890
California,2024-03-30,43037
California,2024-04-06,42406
California,2024-04-13,44811
California,2024-04-20,45027
California,2024-04-27,39944
California,2024-05-04,43539
California,2024-05-11,42350
California,2024-05-18,39890
California,2024-05-25,38825
California,2024-06-01,40799
California,2024-06-08,50592
California,2024-06-15,46294
California,2024-06-22,45068
California,2024-06-29,46546
California,2024-07-06,40874
California,2024-07-13,47158
California,2024-07-20,41832
California,2024-07-27,40787
California,2024-08-03,41481
California,2024-08-10,38896
California,2024-08-17,39875
California,2024-08-24,38910
California,2024-08-31,38077
California,2024-09-07,36707
California,2024-09-14,37815
California,2024-09-21,37950
California,2024-09-28,38588
California,2024-10-05,42656
California,2024-10-12,42742
California,2024-10-19,40730
California,2024-10-26,38854
California,2024-11-02,42679
California,2024-11-09,48585
California,2024-11-16,43497
California,2024-11-23,48070
California,2024-11-30,37957
California,2024-12-07,52368
California,2024-12-14,47089
California,2024-12-21,48883
California,2024-12-28,39620
California,2025-01-04,41513
California,2025-01-11,54244
California,2025-01-18,59969
California,2025-01-25,45966
California,2025-02-01,49384
California,2025-02-08,50545
California,2025-02-15,45015
California,2025-02-22,42358
California,2025-03-01,42062
California,2025-03-08,46342
California,2025-03-15,42717
California,2025-03-22,40891
California,2025-03-29,41226
California,2025-04-05,46636
California,2025-04-12,43340
Colorado,2020-01-04,2431
Colorado,2020-01-11,3001
Colorado,2020-01-18,2522
Colorado,2020-01-25,2164
Colorado,2020-02-01,2049
Colorado,2020-02-08,2482
Colorado,2020-02-15,2209
Colorado,2020-02-22,1862
Colorado,2020-02-29,1681
Colorado,2020-03-07,1865
Colorado,2020-03-14,2321
Colorado,2020-03-21,19774
Colorado,2020-03-28,61838
Colorado,2020-04-04,46326
Colorado,2020-04-11,104572
Colorado,2020-04-18,67639
Colorado,2020-04-25,38662
Colorado,2020-05-02,28360
Colorado,2020-05-09,22732
Colorado,2020-05-16,18054
Colorado,2020-05-23,15719
Colorado,2020-05-30,12519
Colorado,2020-06-06,13098
Colorado,2020-06-13,10382
Colorado,2020-06-20,10013
Colorado,2020-06-27,8646
Colorado,2020-07-04,7928
Colorado,2020-07-11,10554
Colorado,2020-07-18,8531
Colorado,2020-07-25,8037
Colorado,2020-08-01,7167
Colorado,2020-08-08,6231
Colorado,2020-08-15,6971
Colorado,2020-08-22,6483
Colorado,2020-08-29,5863
Colorado,2020-09-05,6031
Colorado,2020-09-12,5171
Colorado,2020-09-19,5115
Colorado,2020-09-26,4862
Colorado,2020-10-03,5919
Colorado,2020-10-10,6406
Colorado,2020-10-17,5759
Colorado,2020-10-24,6071
Colorado,2020-10-31,7138
Colorado,2020-11-07,7516
Colorado,2020-11-14,9205
Colorado,2020-11-21,15266
Colorado,2020-11-28,17171
Colorado,2020-12-05,19087
Colorado,2020-12-12,19897
Colorado,2020-12-19,18165
Colorado,2020-12-26,16702
Colorado,2021-01-02,25234
Colorado,2021-01-09,14238
Colorado,2021-01-16,5794
Colorado,2021-01-23,4475
Colorado,2021-01-30,5098
Colorado,2021-02-06,6247
Colorado,2021-02-13,4950
Colorado,2021-02-20,5711
Colorado,2021-02-27,5694
Colorado,2021-03-06,4447
Colorado,2021-03-13,6263
Colorado,2021-03-20,4636
Colorado,2021-03-27,5210
Colorado,2021-04-03,4584
Colorado,2021-04-10,6737
Colorado,2021-04-17,5302
Colorado,2021-04-24,5019
Colorado,2021-05-01,3984
Colorado,2021-05-08,4174
Colorado,2021-05-15,4144
Colorado,2021-05-22,4132
Colorado,2021-05-29,3926
Colorado,2021-06-05,3815
Colorado,2021-06-12,3817
Colorado,2021-06-19,3512
Colorado,2021-06-26,3765
Colorado,2021-07-03,4554
Colorado,2021-07-10,5033
Colorado,2021-07-17,4456
Colorado,2021-07-24,3322
Colorado,2021-07-31,3785
Colorado,2021-08-07,3875
Colorado,2021-08-14,3259
Colorado,2021-08-21,3368
Colorado,2021-08-28,3233
Colorado,2021-09-04,2717
Colorado,2021-09-11,1813
Colorado,2021-09-18,2728
Colorado,2021-09-25,1967
Colorado,2021-10-02,2016
Colorado,2021-10-09,2423
Colorado,2021-10-16,2179
Colorado,2021-10-23,2032
Colorado,2021-10-30,1955
Colorado,2021-11-06,2056
Colorado,2021-11-13,2175
Colorado,2021-11-20,2083
Colorado,2021-11-27,1612
Colorado,2021-12-04,2282
Colorado,2021-12-11,2562
Colorado,2021-12-18,2163
Colorado,2021-12-25,1683
Colorado,2022-01-01,2208
Colorado,2022-01-08,4460
Colorado,2022-01-15,3701
Colorado,2022-01-22,3260
Colorado,2022-01-29,3396
Colorado,2022-02-05,3153
Colorado,2022-02-12,2901
Colorado,2022-02-19,2570
Colorado,2022-02-26,2469
Colorado,2022-03-05,2227
Colorado,2022-03-12,2073
Colorado,2022-03-19,1968
Colorado,2022-03-26,2096
Colorado,2022-04-02,2101
Colorado,2022-04-09,2604
Colorado,2022-04-16,2490
Colorado,2022-04-23,2458
Colorado,2022-04-30,2280
Colorado,2022-05-07,2419
Colorado,2022-05-14,2118
Colorado,2022-05-21,2257
Colorado,2022-05-28,2362
Colorado,2022-06-04,2339
Colorado,2022-06-11,2377
Colorado,2022-06-18,2105
Colorado,2022-06-25,2074
Colorado,2022-07-02,2289
Colorado,2022-07-09,2457
Colorado,2022-07-16,2505
Colorado,2022-07-23,2272
Colorado,2022-07-30,2261
Colorado,2022-08-06,2403
Colorado,2022-08-13,2110
Colorado,2022-08-20,2114
Colorado,2022-08-27,2056
Colorado,2022-09-03,2047
Colorado,2022-09-10,1900
Colorado,2022-09-17,2031
Colorado,2022-09-24,1929
Colorado,2022-10-01,2169
Colorado,2022-10-08,2516
Colorado,2022-10-15,2374
Colorado,2022-10-22,2685
Colorado,2022-10-29,2473
Colorado,2022-11-05,2748
Colorado,2022-11-12,2719
Colorado,2022-11-19,3404
Colorado,2022-11-26,2202
Colorado,2022-12-03,3391
Colorado,2022-12-10,3027
Colorado,2022-12-17,3096
Colorado,2022-12-24,2643
Colorado,2022-12-31,2555
Colorado,2023-01-07,3990
Colorado,2023-01-14,3709
Colorado,2023-01-21,3203
Colorado,2023-01-28,3419
Colorado,2023-02-04,3114
Colorado,2023-02-11,2701
Colorado,2023-02-18,2525
Colorado,2023-02-25,2502
Colorado,2023-03-04,2677
Colorado,2023-03-11,2507
Colorado,2023-03-18,2395
Colorado,2023-03-25,2424
Colorado,2023-04-01,1945
Colorado,2023-04-08,2490
Colorado,2023-04-15,1866
Colorado,2023-04-22,1971
Colorado,2023-04-29,1608
Colorado,2023-05-06,1397
Colorado,2023-05-13,1976
Colorado,2023-05-20,2219
Colorado,2023-05-27,2315
Colorado,2023-06-03,2401
Colorado,2023-06-10,2500
Colorado,2023-06-17,1877
Colorado,2023-06-24,2235
Colorado,2023-07-01,1726
Colorado,2023-07-08,2244
Colorado,2023-07-15,2396
Colorado,2023-07-22,2291
Colorado,2023-07-29,2222
Colorado,2023-08-05,2699
Colorado,2023-08-12,2428
Colorado,2023-08-19,2349
Colorado,2023-08-26,2243
Colorado,2023-09-02,2385
Colorado,2023-09-09,2276
Colorado,2023-09-16,2422
Colorado,2023-09-23,2359
Colorado,2023-09-30,1903
Colorado,2023-10-07,3245
Colorado,2023-10-14,2605
Colorado,2023-10-21,2734
Colorado,2023-10-28,2596
Colorado,2023-11-04,2849
Colorado,2023-11-11,2727
Colorado,2023-11-18,3109
Colorado,2023-11-25,2111
Colorado,2023-12-02,2700
Colorado,2023-12-09,2601
Colorado,2023-12-16,2118
Colorado,2023-12-23,1783
Colorado,2023-12-30,1408
Colorado,2024-01-06,2648
Colorado,2024-01-13,2715
Colorado,2024-01-20,2312
Colorado,2024-01-27,2334
Colorado,2024-02-03,3117
Colorado,2024-02-10,3166
Colorado,2024-02-17,2671
Colorado,2024-02-24,2522
Colorado,2024-03-02,2732
Colorado,2024-03-09,2608
Colorado,2024-03-16,2474
Colorado,2024-03-23,2578
Colorado,2024-03-30,2458
Colorado,2024-04-06,2977
Colorado,2024-04-13,2803
Colorado,2024-04-20,3246
Colorado,2024-04-27,3006
Colorado,2024-05-04,2988
Colorado,2024-05-11,2843
Colorado,2024-05-18,2689
Colorado,2024-05-25,2860
Colorado,2024-06-01,2718
Colorado,2024-06-08,3023
Colorado,2024-06-15,2660
Colorado,2024-06-22,2527
Colorado,2024-06-29,2582
Colorado,2024-07-06,2156
Colorado,2024-07-13,2921
Colorado,2024-07-20,2319
Colorado,2024-07-27,2725
Colorado,2024-08-03,2745
Colorado,2024-08-10,2860
Colorado,2024-08-17,2666
Colorado,2024-08-24,2531
Colorado,2024-08-31,2586
Colorado,2024-09-07,2566
Colorado,2024-09-14,2624
Colorado,2024-09-21,2553
Colorado,2024-09-28,2605
Colorado,2024-10-05,2986
Colorado,2024-10-12,2948
Colorado,2024-10-19,2912
Colorado,2024-10-26,3025
Colorado,2024-11-02,3027
Colorado,2024-11-09,3773
Colorado,2024-11-16,3396
Colorado,2024-11-23,3658
Colorado,2024-11-30,2467
Colorado,2024-12-07,3471
Colorado,2024-12-14,3640
Colorado,2024-12-21,3386
Colorado,2024-12-28,2241
Colorado,2025-01-04,3139
Colorado,2025-01-11,4255
Colorado,2025-01-18,3693
Colorado,2025-01-25,3405
Colorado,2025-02-01,3382
Colorado,2025-02-08,3387
Colorado,2025-02-15,3189
Colorado,2025-02-22,3228
Colorado,2025-03-01,3003
Colorado,2025-03-08,3162
Colorado,2025-03-15,2885
Colorado,2025-03-22,2772
Colorado,2025-03-29,2544
Colorado,2025-04-05,3356
Colorado,2025-04-12,3316
Connecticut,2020-01-04,7852
Connecticut,2020-01-11,5986
Connecticut,2020-01-18,3776
Connecticut,2020-01-25,2949
Connecticut,2020-02-01,2994
Connecticut,2020-02-08,2944
Connecticut,2020-02-15,2520
Connecticut,2020-02-22,2435
Connecticut,2020-02-29,2843
Connecticut,2020-03-07,2527
Connecticut,2020-03-14,3440
Connecticut,2020-03-21,25100
Connecticut,2020-03-28,33227
Connecticut,2020-04-04,33464
Connecticut,2020-04-11,34050
Connecticut,2020-04-18,102808
Connecticut,2020-04-25,33041
Connecticut,2020-05-02,36138
Connecticut,2020-05-09,30046
Connecticut,2020-05-16,25960
Connecticut,2020-05-23,16603
Connecticut,2020-05-30,14208
Connecticut,2020-06-06,15366
Connecticut,2020-06-13,11852
Connecticut,2020-06-20,10411
Connecticut,2020-06-27,10133
Connecticut,2020-07-04,12267
Connecticut,2020-07-11,9955
Connecticut,2020-07-18,11667
Connecticut,2020-07-25,11181
Connecticut,2020-08-01,10537
Connecticut,2020-08-08,7431
Connecticut,2020-08-15,9432
Connecticut,2020-08-22,6269
Connecticut,2020-08-29,5404
Connecticut,2020-09-05,4741
Connecticut,2020-09-12,5175
Connecticut,2020-09-19,5141
Connecticut,2020-09-26,5015
Connecticut,2020-10-03,4617
Connecticut,2020-10-10,4734
Connecticut,2020-10-17,4395
Connecticut,2020-10-24,6016
Connecticut,2020-10-31,4878
Connecticut,2020-11-07,5126
Connecticut,2020-11-14,5584
Connecticut,2020-11-21,6641
Connecticut,2020-11-28,5949
Connecticut,2020-12-05,7796
Connecticut,2020-12-12,8383
Connecticut,2020-12-19,7588
Connecticut,2020-12-26,8748
Connecticut,2021-01-02,9310
Connecticut,2021-01-09,10286
Connecticut,2021-01-16,10563
Connecticut,2021-01-23,10525
Connecticut,2021-01-30,10044
Connecticut,2021-02-06,7243
Connecticut,2021-02-13,6167
Connecticut,2021-02-20,6752
Connecticut,2021-02-27,5780
Connecticut,2021-03-06,4927
Connecticut,2021-03-13,4638
Connecticut,2021-03-20,4572
Connecticut,2021-03-27,5311
Connecticut,2021-04-03,5635
Connecticut,2021-04-10,6029
Connecticut,2021-04-17,7223
Connecticut,2021-04-24,5902
Connecticut,2021-05-01,4918
Connecticut,2021-05-08,4947
Connecticut,2021-05-15,4675
Connecticut,2021-05-22,4747
Connecticut,2021-05-29,4346
Connecticut,2021-06-05,3692
Connecticut,2021-06-12,4044
Connecticut,2021-06-19,5037
Connecticut,2021-06-26,6553
Connecticut,2021-07-03,4990
Connecticut,2021-07-10,4408
Connecticut,2021-07-17,3717
Connecticut,2021-07-24,3294
Connecticut,2021-07-31,3394
Connecticut,2021-08-07,3541
Connecticut,2021-08-14,3695
Connecticut,2021-08-21,3329
Connecticut,2021-08-28,3069
Connecticut,2021-09-04,3054
Connecticut,2021-09-11,2592
Connecticut,2021-09-18,2459
Connecticut,2021-09-25,2303
Connecticut,2021-10-02,2327
Connecticut,2021-10-09,2452
Connecticut,2021-10-16,2253
Connecticut,2021-10-23,2354
Connecticut,2021-10-30,2429
Connecticut,2021-11-06,2642
Connecticut,2021-11-13,2567
Connecticut,2021-11-20,2706
Connecticut,2021-11-27,2957
Connecticut,2021-12-04,3426
Connecticut,2021-12-11,3504
Connecticut,2021-12-18,4181
Connecticut,2021-12-25,3302
Connecticut,2022-01-01,9322
Connecticut,2022-01-08,7885
Connecticut,2022-01-15,5373
Connecticut,2022-01-22,3805
Connecticut,2022-01-29,3296
Connecticut,2022-02-05,2988
Connecticut,2022-02-12,2241
Connecticut,2022-02-19,2590
Connecticut,2022-02-26,2582
Connecticut,2022-03-05,2564
Connecticut,2022-03-12,2188
Connecticut,2022-03-19,2349
Connecticut,2022-03-26,2211
Connecticut,2022-04-02,2097
Connecticut,2022-04-09,2352
Connecticut,2022-04-16,3743
Connecticut,2022-04-23,4788
Connecticut,2022-04-30,2469
Connecticut,2022-05-07,2031
Connecticut,2022-05-14,2291
Connecticut,2022-05-21,2545
Connecticut,2022-05-28,2380
Connecticut,2022-06-04,1968
Connecticut,2022-06-11,2232
Connecticut,2022-06-18,3095
Connecticut,2022-06-25,3500
Connecticut,2022-07-02,4008
Connecticut,2022-07-09,4699
Connecticut,2022-07-16,10699
Connecticut,2022-07-23,8993
Connecticut,2022-07-30,13783
Connecticut,2022-08-06,6442
Connecticut,2022-08-13,6608
Connecticut,2022-08-20,6998
Connecticut,2022-08-27,4363
Connecticut,2022-09-03,3078
Connecticut,2022-09-10,2599
Connecticut,2022-09-17,2450
Connecticut,2022-09-24,2204
Connecticut,2022-10-01,3047
Connecticut,2022-10-08,2150
Connecticut,2022-10-15,1943
Connecticut,2022-10-22,2125
Connecticut,2022-10-29,2120
Connecticut,2022-11-05,2123
Connecticut,2022-11-12,1956
Connecticut,2022-11-19,2827
Connecticut,2022-11-26,3644
Connecticut,2022-12-03,3505
Connecticut,2022-12-10,3976
Connecticut,2022-12-17,4293
Connecticut,2022-12-24,5927
Connecticut,2022-12-31,7908
Connecticut,2023-01-07,5706
Connecticut,2023-01-14,4455
Connecticut,2023-01-21,3053
Connecticut,2023-01-28,2811
Connecticut,2023-02-04,3005
Connecticut,2023-02-11,3458
Connecticut,2023-02-18,3156
Connecticut,2023-02-25,3018
Connecticut,2023-03-04,3778
Connecticut,2023-03-11,3286
Connecticut,2023-03-18,3321
Connecticut,2023-03-25,2424
Connecticut,2023-04-01,2180
Connecticut,2023-04-08,3799
Connecticut,2023-04-15,5022
Connecticut,2023-04-22,2946
Connecticut,2023-04-29,2525
Connecticut,2023-05-06,2469
Connecticut,2023-05-13,3444
Connecticut,2023-05-20,5535
Connecticut,2023-05-27,5918
Connecticut,2023-06-03,3374
Connecticut,2023-06-10,4381
Connecticut,2023-06-17,6269
Connecticut,2023-06-24,8365
Connecticut,2023-07-01,7919
Connecticut,2023-07-08,4381
Connecticut,2023-07-15,3724
Connecticut,2023-07-22,2715
Connecticut,2023-07-29,2511
Connecticut,2023-08-05,3799
Connecticut,2023-08-12,3467
Connecticut,2023-08-19,3298
Connecticut,2023-08-26,2834
Connecticut,2023-09-02,3299
Connecticut,2023-09-09,2789
Connecticut,2023-09-16,2546
Connecticut,2023-09-23,2506
Connecticut,2023-09-30,2155
Connecticut,2023-10-07,2391
Connecticut,2023-10-14,2284
Connecticut,2023-10-21,2336
Connecticut,2023-10-28,2405
Connecticut,2023-11-04,2566
Connecticut,2023-11-11,2646
Connecticut,2023-11-18,3427
Connecticut,2023-11-25,3213
Connecticut,2023-12-02,3496
Connecticut,2023-12-09,3387
Connecticut,2023-12-16,3859
Connecticut,2023-12-23,5952
Connecticut,2023-12-30,7972
Connecticut,2024-01-06,5076
Connecticut,2024-01-13,5519
Connecticut,2024-01-20,4134
Connecticut,2024-01-27,3879
Connecticut,2024-02-03,3371
Connecticut,2024-02-10,3125
Connecticut,2024-02-17,2821
Connecticut,2024-02-24,3250
Connecticut,2024-03-02,2962
Connecticut,2024-03-09,3001
Connecticut,2024-03-16,2906
Connecticut,2024-03-23,2466
Connecticut,2024-03-30,2139
Connecticut,2024-04-06,2937
Connecticut,2024-04-13,4550
Connecticut,2024-04-20,4239
Connecticut,2024-04-27,2830
Connecticut,2024-05-04,2496
Connecticut,2024-05-11,2640
Connecticut,2024-05-18,2813
Connecticut,2024-05-25,2590
Connecticut,2024-06-01,2240
Connecticut,2024-06-08,2615
Connecticut,2024-06-15,4783
Connecticut,2024-06-22,6026
Connecticut,2024-06-29,4195
Connecticut,2024-07-06,3403
Connecticut,2024-07-13,3874
Connecticut,2024-07-20,3132
Connecticut,2024-07-27,3045
Connecticut,2024-08-03,3322
Connecticut,2024-08-10,3419
Connecticut,2024-08-17,2925
Connecticut,2024-08-24,2753
Connecticut,2024-08-31,3079
Connecticut,2024-09-07,2837
Connecticut,2024-09-14,2268
Connecticut,2024-09-21,2249
Connecticut,2024-09-28,2090
Connecticut,2024-10-05,2348
Connecticut,2024-10-12,2365
Connecticut,2024-10-19,2103
Connecticut,2024-10-26,2260
Connecticut,2024-11-02,2482
Connecticut,2024-11-09,2918
Connecticut,2024-11-16,2750
Connecticut,2024-11-23,3020
Connecticut,2024-11-30,3013
Connecticut,2024-12-07,3789
Connecticut,2024-12-14,3699
Connecticut,2024-12-21,5787
Connecticut,2024-12-28,9135
Connecticut,2025-01-04,5386
Connecticut,2025-01-11,6777
Connecticut,2025-01-18,4209
Connecticut,2025-01-25,3484
Connecticut,2025-02-01,3501
Connecticut,2025-02-08,3191
Connecticut,2025-02-15,2975
Connecticut,2025-02-22,3000
Connecticut,2025-03-01,2936
Connecticut,2025-03-08,2925
Connecticut,2025-03-15,2926
Connecticut,2025-03-22,2729
Connecticut,2025-03-29,2298
Connecticut,2025-04-05,2413
Connecticut,2025-04-12,3368
Delaware,2020-01-04,875
Delaware,2020-01-11,1107
Delaware,2020-01-18,830
Delaware,2020-01-25,674
Delaware,2020-02-01,622
Delaware,2020-02-08,608
Delaware,2020-02-15,610
Delaware,2020-02-22,632
Delaware,2020-02-29,524
Delaware,2020-03-07,518
Delaware,2020-03-14,472
Delaware,2020-03-21,10776
Delaware,2020-03-28,19137
Delaware,2020-04-04,18851
Delaware,2020-04-11,13258
Delaware,2020-04-18,9446
Delaware,2020-04-25,7947
Delaware,2020-05-02,6297
Delaware,2020-05-09,5197
Delaware,2020-05-16,5554
Delaware,2020-05-23,4651
Delaware,2020-05-30,3052
Delaware,2020-06-06,3037
Delaware,2020-06-13,2516
Delaware,2020-06-20,2797
Delaware,2020-06-27,2771
Delaware,2020-07-04,2791
Delaware,2020-07-11,3167
Delaware,2020-07-18,2720
Delaware,2020-07-25,2563
Delaware,2020-08-01,2133
Delaware,2020-08-08,1760
Delaware,2020-08-15,1927
Delaware,2020-08-22,1678
Delaware,2020-08-29,1577
Delaware,2020-09-05,1629
Delaware,2020-09-12,1598
Delaware,2020-09-19,1775
Delaware,2020-09-26,1815
Delaware,2020-10-03,1776
Delaware,2020-10-10,2010
Delaware,2020-10-17,1715
Delaware,2020-10-24,1657
Delaware,2020-10-31,1578
Delaware,2020-11-07,1522
Delaware,2020-11-14,1508
Delaware,2020-11-21,1869
Delaware,2020-11-28,1533
Delaware,2020-12-05,2037
Delaware,2020-12-12,4392
Delaware,2020-12-19,1512
Delaware,2020-12-26,2386
Delaware,2021-01-02,2678
Delaware,2021-01-09,3682
Delaware,2021-01-16,3000
Delaware,2021-01-23,2572
Delaware,2021-01-30,2584
Delaware,2021-02-06,2342
Delaware,2021-02-13,2066
Delaware,2021-02-20,1733
Delaware,2021-02-27,1806
Delaware,2021-03-06,1727
Delaware,2021-03-13,1914
Delaware,2021-03-20,1482
Delaware,2021-03-27,1539
Delaware,2021-04-03,2397
Delaware,2021-04-10,3802
Delaware,2021-04-17,3842
Delaware,2021-04-24,4172
Delaware,2021-05-01,5466
Delaware,2021-05-08,4237
Delaware,2021-05-15,4242
Delaware,2021-05-22,6429
Delaware,2021-05-29,5732
Delaware,2021-06-05,7452
Delaware,2021-06-12,4936
Delaware,2021-06-19,3519
Delaware,2021-06-26,2183
Delaware,2021-07-03,1238
Delaware,2021-07-10,1475
Delaware,2021-07-17,866
Delaware,2021-07-24,616
Delaware,2021-07-31,534
Delaware,2021-08-07,659
Delaware,2021-08-14,343
Delaware,2021-08-21,563
Delaware,2021-08-28,527
Delaware,2021-09-04,430
Delaware,2021-09-11,1047
Delaware,2021-09-18,716
Delaware,2021-09-25,880
Delaware,2021-10-02,705
Delaware,2021-10-09,694
Delaware,2021-10-16,387
Delaware,2021-10-23,303
Delaware,2021-10-30,342
Delaware,2021-11-06,388
Delaware,2021-11-13,397
Delaware,2021-11-20,357
Delaware,2021-11-27,467
Delaware,2021-12-04,636
Delaware,2021-12-11,405
Delaware,2021-12-18,387
Delaware,2021-12-25,484
Delaware,2022-01-01,725
Delaware,2022-01-08,790
Delaware,2022-01-15,695
Delaware,2022-01-22,467
Delaware,2022-01-29,415
Delaware,2022-02-05,650
Delaware,2022-02-12,604
Delaware,2022-02-19,504
Delaware,2022-02-26,484
Delaware,2022-03-05,468
Delaware,2022-03-12,309
Delaware,2022-03-19,409
Delaware,2022-03-26,420
Delaware,2022-04-02,298
Delaware,2022-04-09,299
Delaware,2022-04-16,212
Delaware,2022-04-23,671
Delaware,2022-04-30,371
Delaware,2022-05-07,290
Delaware,2022-05-14,305
Delaware,2022-05-21,318
Delaware,2022-05-28,292
Delaware,2022-06-04,300
Delaware,2022-06-11,385
Delaware,2022-06-18,865
Delaware,2022-06-25,494
Delaware,2022-07-02,402
Delaware,2022-07-09,371
Delaware,2022-07-16,387
Delaware,2022-07-23,316
Delaware,2022-07-30,303
Delaware,2022-08-06,602
Delaware,2022-08-13,325
Delaware,2022-08-20,267
Delaware,2022-08-27,251
Delaware,2022-09-03,232
Delaware,2022-09-10,194
Delaware,2022-09-17,266
Delaware,2022-09-24,293
Delaware,2022-10-01,240
Delaware,2022-10-08,346
Delaware,2022-10-15,281
Delaware,2022-10-22,304
Delaware,2022-10-29,266
Delaware,2022-11-05,379
Delaware,2022-11-12,304
Delaware,2022-11-19,464
Delaware,2022-11-26,465
Delaware,2022-12-03,612
Delaware,2022-12-10,345
Delaware,2022-12-17,330
Delaware,2022-12-24,529
Delaware,2022-12-31,706
Delaware,2023-01-07,520
Delaware,2023-01-14,551
Delaware,2023-01-21,347
Delaware,2023-01-28,348
Delaware,2023-02-04,379
Delaware,2023-02-11,323
Delaware,2023-02-18,310
Delaware,2023-02-25,248
Delaware,2023-03-04,536
Delaware,2023-03-11,292
Delaware,2023-03-18,256
Delaware,2023-03-25,221
Delaware,2023-04-01,207
Delaware,2023-04-08,378
Delaware,2023-04-15,717
Delaware,2023-04-22,328
Delaware,2023-04-29,230
Delaware,2023-05-06,306
Delaware,2023-05-13,237
Delaware,2023-05-20,274
Delaware,2023-05-27,320
Delaware,2023-06-03,364
Delaware,2023-06-10,435
Delaware,2023-06-17,823
Delaware,2023-06-24,576
Delaware,2023-07-01,369
Delaware,2023-07-08,383
Delaware,2023-07-15,347
Delaware,2023-07-22,313
Delaware,2023-07-29,294
Delaware,2023-08-05,317
Delaware,2023-08-12,304
Delaware,2023-08-19,332
Delaware,2023-08-26,239
Delaware,2023-09-02,273
Delaware,2023-09-09,237
Delaware,2023-09-16,278
Delaware,2023-09-23,299
Delaware,2023-09-30,320
Delaware,2023-10-07,367
Delaware,2023-10-14,352
Delaware,2023-10-21,309
Delaware,2023-10-28,406
Delaware,2023-11-04,473
Delaware,2023-11-11,307
Delaware,2023-11-18,517
Delaware,2023-11-25,650
Delaware,2023-12-02,636
Delaware,2023-12-09,512
Delaware,2023-12-16,420
Delaware,2023-12-23,586
Delaware,2023-12-30,917
Delaware,2024-01-06,595
Delaware,2024-01-13,574
Delaware,2024-01-20,361
Delaware,2024-01-27,337
Delaware,2024-02-03,242
Delaware,2024-02-10,173
Delaware,2024-02-17,186
Delaware,2024-02-24,121
Delaware,2024-03-02,215
Delaware,2024-03-09,216
Delaware,2024-03-16,216
Delaware,2024-03-23,164
Delaware,2024-03-30,169
Delaware,2024-04-06,608
Delaware,2024-04-13,225
Delaware,2024-04-20,221
Delaware,2024-04-27,195
Delaware,2024-05-04,245
Delaware,2024-05-11,269
Delaware,2024-05-18,163
Delaware,2024-05-25,236
Delaware,2024-06-01,270
Delaware,2024-06-08,298
Delaware,2024-06-15,698
Delaware,2024-06-22,436
Delaware,2024-06-29,306
Delaware,2024-07-06,278
Delaware,2024-07-13,194
Delaware,2024-07-20,453
Delaware,2024-07-27,527
Delaware,2024-08-03,188
Delaware,2024-08-10,248
Delaware,2024-08-17,235
Delaware,2024-08-24,191
Delaware,2024-08-31,187
Delaware,2024-09-07,171
Delaware,2024-09-14,185
Delaware,2024-09-21,192
Delaware,2024-09-28,166
Delaware,2024-10-05,194
Delaware,2024-10-12,229
Delaware,2024-10-19,203
Delaware,2024-10-26,220
Delaware,2024-11-02,224
Delaware,2024-11-09,242
Delaware,2024-11-16,333
Delaware,2024-11-23,239
Delaware,2024-11-30,463
Delaware,2024-12-07,300
Delaware,2024-12-14,398
Delaware,2024-12-21,326
Delaware,2024-12-28,723
Delaware,2025-01-04,412
Delaware,2025-01-11,499
Delaware,2025-01-18,399
Delaware,2025-01-25,271
Delaware,2025-02-01,208
Delaware,2025-02-08,266
Delaware,2025-02-15,200
Delaware,2025-02-22,257
Delaware,2025-03-01,195
Delaware,2025-03-08,197
Delaware,2025-03-15,221
Delaware,2025-03-22,196
Delaware,2025-03-29,220
Delaware,2025-04-05,226
Delaware,2025-04-12,282
District of Columbia,2020-01-04,481
District of Columbia,2020-01-11,706
District of Columbia,2020-01-18,594
District of Columbia,2020-01-25,534
District of Columbia,2020-02-01,539
District of Columbia,2020-02-08,508
District of Columbia,2020-02-15,473
District of Columbia,2020-02-22,422
District of Columbia,2020-02-29,452
District of Columbia,2020-03-07,471
District of Columbia,2020-03-14,1213
District of Columbia,2020-03-21,14462
District of Columbia,2020-03-28,15869
District of Columbia,2020-04-04,15329
District of Columbia,2020-04-11,9974
District of Columbia,2020-04-18,8639
District of Columbia,2020-04-25,8708
District of Columbia,2020-05-02,8113
District of Columbia,2020-05-09,5782
District of Columbia,2020-05-16,5196
District of Columbia,2020-05-23,5135
District of Columbia,2020-05-30,3559
District of Columbia,2020-06-06,3385
District of Columbia,2020-06-13,3065
District of Columbia,2020-06-20,3073
District of Columbia,2020-06-27,3132
District of Columbia,2020-07-04,2858
District of Columbia,2020-07-11,3300
District of Columbia,2020-07-18,3053
District of Columbia,2020-07-25,2712
District of Columbia,2020-08-01,2250
District of Columbia,2020-08-08,1797
District of Columbia,2020-08-15,1979
District of Columbia,2020-08-22,1645
District of Columbia,2020-08-29,1468
District of Columbia,2020-09-05,1493
District of Columbia,2020-09-12,1460
District of Columbia,2020-09-19,1549
District of Columbia,2020-09-26,1889
District of Columbia,2020-10-03,1649
District of Columbia,2020-10-10,1912
District of Columbia,2020-10-17,1559
District of Columbia,2020-10-24,1473
District of Columbia,2020-10-31,1347
District of Columbia,2020-11-07,1341
District of Columbia,2020-11-14,1380
District of Columbia,2020-11-21,1125
District of Columbia,2020-11-28,1110
District of Columbia,2020-12-05,1679
District of Columbia,2020-12-12,1810
District of Columbia,2020-12-19,1870
District of Columbia,2020-12-26,1655
District of Columbia,2021-01-02,1650
District of Columbia,2021-01-09,1876
District of Columbia,2021-01-16,1574
District of Columbia,2021-01-23,1292
District of Columbia,2021-01-30,1499
District of Columbia,2021-02-06,1480
District of Columbia,2021-02-13,1259
District of Columbia,2021-02-20,971
District of Columbia,2021-02-27,1036
District of Columbia,2021-03-06,1193
District of Columbia,2021-03-13,1289
District of Columbia,2021-03-20,1983
District of Columbia,2021-03-27,2377
District of Columbia,2021-04-03,2829
District of Columbia,2021-04-10,3627
District of Columbia,2021-04-17,3268
District of Columbia,2021-04-24,2788
District of Columbia,2021-05-01,1551
District of Columbia,2021-05-08,1870
District of Columbia,2021-05-15,1383
District of Columbia,2021-05-22,1307
District of Columbia,2021-05-29,1161
District of Columbia,2021-06-05,1289
District of Columbia,2021-06-12,3187
District of Columbia,2021-06-19,1767
District of Columbia,2021-06-26,1643
District of Columbia,2021-07-03,1816
District of Columbia,2021-07-10,2341
District of Columbia,2021-07-17,2730
District of Columbia,2021-07-24,2282
District of Columbia,2021-07-31,2336
District of Columbia,2021-08-07,1382
District of Columbia,2021-08-14,2139
District of Columbia,2021-08-21,2568
District of Columbia,2021-08-28,1917
District of Columbia,2021-09-04,941
District of Columbia,2021-09-11,4724
District of Columbia,2021-09-18,5638
District of Columbia,2021-09-25,7861
District of Columbia,2021-10-02,3956
District of Columbia,2021-10-09,4731
District of Columbia,2021-10-16,2568
District of Columbia,2021-10-23,6443
District of Columbia,2021-10-30,5657
District of Columbia,2021-11-06,3863
District of Columbia,2021-11-13,3079
District of Columbia,2021-11-20,1400
District of Columbia,2021-11-27,664
District of Columbia,2021-12-04,651
District of Columbia,2021-12-11,758
District of Columbia,2021-12-18,1059
District of Columbia,2021-12-25,1583
District of Columbia,2022-01-01,1510
District of Columbia,2022-01-08,2976
District of Columbia,2022-01-15,2105
District of Columbia,2022-01-22,1208
District of Columbia,2022-01-29,1108
District of Columbia,2022-02-05,597
District of Columbia,2022-02-12,721
District of Columbia,2022-02-19,960
District of Columbia,2022-02-26,1955
District of Columbia,2022-03-05,2422
District of Columbia,2022-03-12,1477
District of Columbia,2022-03-19,1481
District of Columbia,2022-03-26,1464
District of Columbia,2022-04-02,950
District of Columbia,2022-04-09,769
District of Columbia,2022-04-16,636
District of Columbia,2022-04-23,618
District of Columbia,2022-04-30,751
District of Columbia,2022-05-07,809
District of Columbia,2022-05-14,558
District of Columbia,2022-05-21,419
District of Columbia,2022-05-28,201
District of Columbia,2022-06-04,233
District of Columbia,2022-06-11,292
District of Columbia,2022-06-18,186
District of Columbia,2022-06-25,183
District of Columbia,2022-07-02,330
District of Columbia,2022-07-09,324
District of Columbia,2022-07-16,580
District of Columbia,2022-07-23,392
District of Columbia,2022-07-30,448
District of Columbia,2022-08-06,502
District of Columbia,2022-08-13,282
District of Columbia,2022-08-20,305
District of Columbia,2022-08-27,301
District of Columbia,2022-09-03,312
District of Columbia,2022-09-10,243
District of Columbia,2022-09-17,266
District of Columbia,2022-09-24,74
District of Columbia,2022-10-01,62
District of Columbia,2022-10-08,152
District of Columbia,2022-10-15,255
District of Columbia,2022-10-22,133
District of Columbia,2022-10-29,250
District of Columbia,2022-11-05,400
District of Columbia,2022-11-12,144
District of Columbia,2022-11-19,292
District of Columbia,2022-11-26,228
District of Columbia,2022-12-03,303
District of Columbia,2022-12-10,540
District of Columbia,2022-12-17,575
District of Columbia,2022-12-24,591
District of Columbia,2022-12-31,483
District of Columbia,2023-01-07,716
District of Columbia,2023-01-14,633
District of Columbia,2023-01-21,426
District of Columbia,2023-01-28,470
District of Columbia,2023-02-04,598
District of Columbia,2023-02-11,708
District of Columbia,2023-02-18,1086
District of Columbia,2023-02-25,1580
District of Columbia,2023-03-04,643
District of Columbia,2023-03-11,971
District of Columbia,2023-03-18,1578
District of Columbia,2023-03-25,2092
District of Columbia,2023-04-01,508
District of Columbia,2023-04-08,420
District of Columbia,2023-04-15,353
District of Columbia,2023-04-22,302
District of Columbia,2023-04-29,410
District of Columbia,2023-05-06,472
District of Columbia,2023-05-13,491
District of Columbia,2023-05-20,513
District of Columbia,2023-05-27,471
District of Columbia,2023-06-03,371
District of Columbia,2023-06-10,378
District of Columbia,2023-06-17,399
District of Columbia,2023-06-24,402
District of Columbia,2023-07-01,616
District of Columbia,2023-07-08,578
District of Columbia,2023-07-15,512
District of Columbia,2023-07-22,472
District of Columbia,2023-07-29,437
District of Columbia,2023-08-05,479
District of Columbia,2023-08-12,502
District of Columbia,2023-08-19,450
District of Columbia,2023-08-26,412
District of Columbia,2023-09-02,401
District of Columbia,2023-09-09,373
District of Columbia,2023-09-16,398
District of Columbia,2023-09-23,360
District of Columbia,2023-09-30,386
District of Columbia,2023-10-07,513
District of Columbia,2023-10-14,400
District of Columbia,2023-10-21,443
District of Columbia,2023-10-28,432
District of Columbia,2023-11-04,426
District of Columbia,2023-11-11,406
District of Columbia,2023-11-18,470
District of Columbia,2023-11-25,309
District of Columbia,2023-12-02,498
District of Columbia,2023-12-09,467
District of Columbia,2023-12-16,458
District of Columbia,2023-12-23,419
District of Columbia,2023-12-30,352
District of Columbia,2024-01-06,490
District of Columbia,2024-01-13,509
District of Columbia,2024-01-20,354
District of Columbia,2024-01-27,531
District of Columbia,2024-02-03,443
District of Columbia,2024-02-10,421
District of Columbia,2024-02-17,619
District of Columbia,2024-02-24,499
District of Columbia,2024-03-02,552
District of Columbia,2024-03-09,564
District of Columbia,2024-03-16,509
District of Columbia,2024-03-23,498
District of Columbia,2024-03-30,457
District of Columbia,2024-04-06,494
District of Columbia,2024-04-13,448
District of Columbia,2024-04-20,477
District of Columbia,2024-04-27,506
District of Columbia,2024-05-04,560
District of Columbia,2024-05-11,512
District of Columbia,2024-05-18,606
District of Columbia,2024-05-25,558
District of Columbia,2024-06-01,521
District of Columbia,2024-06-08,546
District of Columbia,2024-06-15,513
District of Columbia,2024-06-22,700
District of Columbia,2024-06-29,685
District of Columbia,2024-07-06,657
District of Columbia,2024-07-13,757
District of Columbia,2024-07-20,655
District of Columbia,2024-07-27,542
District of Columbia,2024-08-03,641
District of Columbia,2024-08-10,551
District of Columbia,2024-08-17,614
District of Columbia,2024-08-24,568
District of Columbia,2024-08-31,583
District of Columbia,2024-09-07,481
District of Columbia,2024-09-14,488
District of Columbia,2024-09-21,498
District of Columbia,2024-09-28,535
District of Columbia,2024-10-05,774
District of Columbia,2024-10-12,570
District of Columbia,2024-10-19,564
District of Columbia,2024-10-26,544
District of Columbia,2024-11-02,555
District of Columbia,2024-11-09,620
District of Columbia,2024-11-16,578
District of Columbia,2024-11-23,711
District of Columbia,2024-11-30,413
District of Columbia,2024-12-07,676
District of Columbia,2024-12-14,588
District of Columbia,2024-12-21,857
District of Columbia,2024-12-28,560
District of Columbia,2025-01-04,803
District of Columbia,2025-01-11,1033
District of Columbia,2025-01-18,1228
District of Columbia,2025-01-25,768
District of Columbia,2025-02-01,1310
District of Columbia,2025-02-08,1682
District of Columbia,2025-02-15,1626
District of Columbia,2025-02-22,1893
District of Columbia,2025-03-01,1405
District of Columbia,2025-03-08,1536
District of Columbia,2025-03-15,1207
District of Columbia,2025-03-22,1087
District of Columbia,2025-03-29,843
District of Columbia,2025-04-05,960
District of Columbia,2025-04-12,865
Florida,2020-01-04,4618
Florida,2020-01-11,6862
Florida,2020-01-18,6088
Florida,2020-01-25,5206
Florida,2020-02-01,5457
Florida,2020-02-08,5605
Florida,2020-02-15,5229
Florida,2020-02-22,4861
Florida,2020-02-29,4853
Florida,2020-03-07,5325
Florida,2020-03-14,6463
Florida,2020-03-21,74313
Florida,2020-03-28,228484
Florida,2020-04-04,169885
Florida,2020-04-11,180419
Florida,2020-04-18,506670
Florida,2020-04-25,433103
Florida,2020-05-02,174860
Florida,2020-05-09,223082
Florida,2020-05-16,225404
Florida,2020-05-23,175411
Florida,2020-05-30,207707
Florida,2020-06-06,112161
Florida,2020-06-13,88148
Florida,2020-06-20,95683
Florida,2020-06-27,84370
Florida,2020-07-04,66941
Florida,2020-07-11,132831
Florida,2020-07-18,108976
Florida,2020-07-25,91462
Florida,2020-08-01,78286
Florida,2020-08-08,61584
Florida,2020-08-15,72774
Florida,2020-08-22,51647
Florida,2020-08-29,45590
Florida,2020-09-05,40256
Florida,2020-09-12,37265
Florida,2020-09-19,39028
Florida,2020-09-26,32373
Florida,2020-10-03,42306
Florida,2020-10-10,47904
Florida,2020-10-17,40070
Florida,2020-10-24,33542
Florida,2020-10-31,31625
Florida,2020-11-07,31403
Florida,2020-11-14,24358
Florida,2020-11-21,26931
Florida,2020-11-28,23063
Florida,2020-12-05,29142
Florida,2020-12-12,26018
Florida,2020-12-19,28609
Florida,2020-12-26,26533
Florida,2021-01-02,24697
Florida,2021-01-09,30583
Florida,2021-01-16,39226
Florida,2021-01-23,62818
Florida,2021-01-30,69140
Florida,2021-02-06,21710
Florida,2021-02-13,21564
Florida,2021-02-20,18630
Florida,2021-02-27,19020
Florida,2021-03-06,19281
Florida,2021-03-13,20340
Florida,2021-03-20,17349
Florida,2021-03-27,15716
Florida,2021-04-03,15025
Florida,2021-04-10,24402
Florida,2021-04-17,18838
Florida,2021-04-24,28017
Florida,2021-05-01,19765
Florida,2021-05-08,17555
Florida,2021-05-15,14561
Florida,2021-05-22,9882
Florida,2021-05-29,8257
Florida,2021-06-05,6552
Florida,2021-06-12,9896
Florida,2021-06-19,7667
Florida,2021-06-26,6917
Florida,2021-07-03,6739
Florida,2021-07-10,7457
Florida,2021-07-17,9970
Florida,2021-07-24,10110
Florida,2021-07-31,7718
Florida,2021-08-07,5905
Florida,2021-08-14,5432
Florida,2021-08-21,7977
Florida,2021-08-28,9700
Florida,2021-09-04,7218
Florida,2021-09-11,7761
Florida,2021-09-18,9316
Florida,2021-09-25,7713
Florida,2021-10-02,7054
Florida,2021-10-09,6215
Florida,2021-10-16,7481
Florida,2021-10-23,8788
Florida,2021-10-30,6502
Florida,2021-11-06,6217
Florida,2021-11-13,6116
Florida,2021-11-20,5831
Florida,2021-11-27,4136
Florida,2021-12-04,6212
Florida,2021-12-11,6033
Florida,2021-12-18,5160
Florida,2021-12-25,4244
Florida,2022-01-01,4299
Florida,2022-01-08,10103
Florida,2022-01-15,8593
Florida,2022-01-22,7346
Florida,2022-01-29,6680
Florida,2022-02-05,5925
Florida,2022-02-12,6044
Florida,2022-02-19,5510
Florida,2022-02-26,3328
Florida,2022-03-05,3830
Florida,2022-03-12,3910
Florida,2022-03-19,4866
Florida,2022-03-26,4701
Florida,2022-04-02,5167
Florida,2022-04-09,6619
Florida,2022-04-16,5668
Florida,2022-04-23,5240
Florida,2022-04-30,5221
Florida,2022-05-07,4475
Florida,2022-05-14,5104
Florida,2022-05-21,5218
Florida,2022-05-28,3698
Florida,2022-06-04,5796
Florida,2022-06-11,7035
Florida,2022-06-18,6500
Florida,2022-06-25,6318
Florida,2022-07-02,6155
Florida,2022-07-09,7267
Florida,2022-07-16,7858
Florida,2022-07-23,6901
Florida,2022-07-30,6140
Florida,2022-08-06,5998
Florida,2022-08-13,6074
Florida,2022-08-20,5809
Florida,2022-08-27,5366
Florida,2022-09-03,5472
Florida,2022-09-10,5215
Florida,2022-09-17,5833
Florida,2022-09-24,5472
Florida,2022-10-01,4269
Florida,2022-10-08,14934
Florida,2022-10-15,11341
Florida,2022-10-22,9337
Florida,2022-10-29,7803
Florida,2022-11-05,7412
Florida,2022-11-12,6110
Florida,2022-11-19,6534
Florida,2022-11-26,4109
Florida,2022-12-03,6393
Florida,2022-12-10,6035
Florida,2022-12-17,5669
Florida,2022-12-24,4579
Florida,2022-12-31,4238
Florida,2023-01-07,7447
Florida,2023-01-14,7121
Florida,2023-01-21,5557
Florida,2023-01-28,5866
Florida,2023-02-04,6434
Florida,2023-02-11,5887
Florida,2023-02-18,5353
Florida,2023-02-25,5293
Florida,2023-03-04,4865
Florida,2023-03-11,5461
Florida,2023-03-18,5078
Florida,2023-03-25,5129
Florida,2023-04-01,5096
Florida,2023-04-08,6278
Florida,2023-04-15,5535
Florida,2023-04-22,5093
Florida,2023-04-29,5610
Florida,2023-05-06,5897
Florida,2023-05-13,5869
Florida,2023-05-20,5879
Florida,2023-05-27,5765
Florida,2023-06-03,5376
Florida,2023-06-10,6921
Florida,2023-06-17,6463
Florida,2023-06-24,6109
Florida,2023-07-01,5930
Florida,2023-07-08,5431
Florida,2023-07-15,6474
Florida,2023-07-22,6126
Florida,2023-07-29,6659
Florida,2023-08-05,6249
Florida,2023-08-12,5754
Florida,2023-08-19,5711
Florida,2023-08-26,5393
Florida,2023-09-02,4812
Florida,2023-09-09,5595
Florida,2023-09-16,5898
Florida,2023-09-23,5413
Florida,2023-09-30,5418
Florida,2023-10-07,6790
Florida,2023-10-14,6021
Florida,2023-10-21,6052
Florida,2023-10-28,5750
Florida,2023-11-04,5659
Florida,2023-11-11,5979
Florida,2023-11-18,6268
Florida,2023-11-25,4034
Florida,2023-12-02,6183
Florida,2023-12-09,6170
Florida,2023-12-16,5713
Florida,2023-12-23,5489
Florida,2023-12-30,4081
Florida,2024-01-06,6078
Florida,2024-01-13,7103
Florida,2024-01-20,5803
Florida,2024-01-27,5887
Florida,2024-02-03,6286
Florida,2024-02-10,6292
Florida,2024-02-17,5768
Florida,2024-02-24,5016
Florida,2024-03-02,5799
Florida,2024-03-09,5944
Florida,2024-03-16,5351
Florida,2024-03-23,5254
Florida,2024-03-30,5408
Florida,2024-04-06,6385
Florida,2024-04-13,6215
Florida,2024-04-20,6351
Florida,2024-04-27,5989
Florida,2024-05-04,5893
Florida,2024-05-11,7224
Florida,2024-05-18,6612
Florida,2024-05-25,6276
Florida,2024-06-01,7060
Florida,2024-06-08,8900
Florida,2024-06-15,7766
Florida,2024-06-22,7307
Florida,2024-06-29,6901
Florida,2024-07-06,6552
Florida,2024-07-13,7955
Florida,2024-07-20,7059
Florida,2024-07-27,5472
Florida,2024-08-03,5338
Florida,2024-08-10,5562
Florida,2024-08-17,7715
Florida,2024-08-24,6402
Florida,2024-08-31,6081
Florida,2024-09-07,6005
Florida,2024-09-14,6696
Florida,2024-09-21,6454
Florida,2024-09-28,5535
Florida,2024-10-05,9556
Florida,2024-10-12,6299
Florida,2024-10-19,10800
Florida,2024-10-26,8371
Florida,2024-11-02,6841
Florida,2024-11-09,6660
Florida,2024-11-16,6280
Florida,2024-11-23,6360
Florida,2024-11-30,3987
Florida,2024-12-07,6299
Florida,2024-12-14,6049
Florida,2024-12-21,5166
Florida,2024-12-28,3475
Florida,2025-01-04,5018
Florida,2025-01-11,7525
Florida,2025-01-18,6778
Florida,2025-01-25,5747
Florida,2025-02-01,5962
Florida,2025-02-08,6778
Florida,2025-02-15,5797
Florida,2025-02-22,5913
Florida,2025-03-01,5566
Florida,2025-03-08,5922
Florida,2025-03-15,5684
Florida,2025-03-22,5614
Florida,2025-03-29,5587
Florida,2025-04-05,6692
Florida,2025-04-12,6831
Georgia,2020-01-04,17060
Georgia,2020-01-11,17962
Georgia,2020-01-18,8161
Georgia,2020-01-25,5257
Georgia,2020-02-01,5199
Georgia,2020-02-08,5577
Georgia,2020-02-15,6277
Georgia,2020-02-22,5030
Georgia,2020-02-29,5538
Georgia,2020-03-07,4569
Georgia,2020-03-14,5445
Georgia,2020-03-21,12140
Georgia,2020-03-28,133820
Georgia,2020-04-04,390132
Georgia,2020-04-11,319581
Georgia,2020-04-18,247003
Georgia,2020-04-25,266565
Georgia,2020-05-02,228352
Georgia,2020-05-09,242772
Georgia,2020-05-16,177731
Georgia,2020-05-23,165499
Georgia,2020-05-30,149163
Georgia,2020-06-06,135254
Georgia,2020-06-13,131997
Georgia,2020-06-20,125725
Georgia,2020-06-27,117485
Georgia,2020-07-04,105160
Georgia,2020-07-11,138452
Georgia,2020-07-18,122313
Georgia,2020-07-25,84984
Georgia,2020-08-01,73931
Georgia,2020-08-08,62335
Georgia,2020-08-15,58099
Georgia,2020-08-22,56768
Georgia,2020-08-29,51283
Georgia,2020-09-05,50320
Georgia,2020-09-12,42085
Georgia,2020-09-19,49421
Georgia,2020-09-26,43526
Georgia,2020-10-03,44874
Georgia,2020-10-10,54166
Georgia,2020-10-17,44892
Georgia,2020-10-24,43695
Georgia,2020-10-31,37253
Georgia,2020-11-07,23827
Georgia,2020-11-14,19626
Georgia,2020-11-21,29088
Georgia,2020-11-28,19183
Georgia,2020-12-05,33003
Georgia,2020-12-12,23702
Georgia,2020-12-19,26673
Georgia,2020-12-26,18960
Georgia,2021-01-02,31458
Georgia,2021-01-09,37039
Georgia,2021-01-16,35912
Georgia,2021-01-23,28016
Georgia,2021-01-30,27215
Georgia,2021-02-06,32386
Georgia,2021-02-13,26532
Georgia,2021-02-20,25447
Georgia,2021-02-27,28387
Georgia,2021-03-06,24974
Georgia,2021-03-13,24700
Georgia,2021-03-20,24789
Georgia,2021-03-27,39282
Georgia,2021-04-03,33623
Georgia,2021-04-10,38382
Georgia,2021-04-17,32381
Georgia,2021-04-24,28764
Georgia,2021-05-01,25429
Georgia,2021-05-08,32833
Georgia,2021-05-15,25441
Georgia,2021-05-22,24553
Georgia,2021-05-29,24622
Georgia,2021-06-05,22240
Georgia,2021-06-12,22524
Georgia,2021-06-19,20698
Georgia,2021-06-26,20749
Georgia,2021-07-03,19761
Georgia,2021-07-10,14475
Georgia,2021-07-17,12605
Georgia,2021-07-24,11985
Georgia,2021-07-31,13406
Georgia,2021-08-07,10783
Georgia,2021-08-14,11157
Georgia,2021-08-21,9750
Georgia,2021-08-28,9849
Georgia,2021-09-04,8035
Georgia,2021-09-11,6851
Georgia,2021-09-18,6564
Georgia,2021-09-25,6106
Georgia,2021-10-02,6319
Georgia,2021-10-09,7490
Georgia,2021-10-16,8578
Georgia,2021-10-23,4471
Georgia,2021-10-30,4302
Georgia,2021-11-06,4341
Georgia,2021-11-13,4203
Georgia,2021-11-20,4249
Georgia,2021-11-27,2535
Georgia,2021-12-04,4118
Georgia,2021-12-11,4132
Georgia,2021-12-18,2433
Georgia,2021-12-25,2705
Georgia,2022-01-01,5727
Georgia,2022-01-08,7586
Georgia,2022-01-15,7320
Georgia,2022-01-22,5068
Georgia,2022-01-29,6619
Georgia,2022-02-05,5968
Georgia,2022-02-12,5909
Georgia,2022-02-19,5309
Georgia,2022-02-26,5196
Georgia,2022-03-05,4627
Georgia,2022-03-12,3987
Georgia,2022-03-19,4105
Georgia,2022-03-26,4026
Georgia,2022-04-02,4034
Georgia,2022-04-09,4153
Georgia,2022-04-16,3629
Georgia,2022-04-23,4561
Georgia,2022-04-30,4439
Georgia,2022-05-07,4296
Georgia,2022-05-14,3971
Georgia,2022-05-21,4577
Georgia,2022-05-28,2815
Georgia,2022-06-04,4875
Georgia,2022-06-11,6251
Georgia,2022-06-18,5630
Georgia,2022-06-25,4024
Georgia,2022-07-02,6959
Georgia,2022-07-09,5100
Georgia,2022-07-16,8266
Georgia,2022-07-23,7182
Georgia,2022-07-30,7297
Georgia,2022-08-06,6775
Georgia,2022-08-13,5829
Georgia,2022-08-20,5933
Georgia,2022-08-27,5080
Georgia,2022-09-03,5403
Georgia,2022-09-10,4066
Georgia,2022-09-17,5903
Georgia,2022-09-24,5104
Georgia,2022-10-01,4420
Georgia,2022-10-08,4401
Georgia,2022-10-15,3952
Georgia,2022-10-22,5253
Georgia,2022-10-29,5302
Georgia,2022-11-05,5720
Georgia,2022-11-12,3994
Georgia,2022-11-19,7711
Georgia,2022-11-26,3079
Georgia,2022-12-03,10885
Georgia,2022-12-10,6612
Georgia,2022-12-17,5852
Georgia,2022-12-24,4284
Georgia,2022-12-31,6218
Georgia,2023-01-07,14712
Georgia,2023-01-14,9889
Georgia,2023-01-21,5968
Georgia,2023-01-28,8038
Georgia,2023-02-04,6575
Georgia,2023-02-11,6510
Georgia,2023-02-18,5290
Georgia,2023-02-25,5072
Georgia,2023-03-04,5372
Georgia,2023-03-11,4410
Georgia,2023-03-18,5037
Georgia,2023-03-25,4954
Georgia,2023-04-01,4666
Georgia,2023-04-08,4198
Georgia,2023-04-15,7443
Georgia,2023-04-22,7499
Georgia,2023-04-29,6221
Georgia,2023-05-06,5305
Georgia,2023-05-13,5282
Georgia,2023-05-20,5502
Georgia,2023-05-27,5345
Georgia,2023-06-03,5025
Georgia,2023-06-10,6943
Georgia,2023-06-17,4781
Georgia,2023-06-24,4078
Georgia,2023-07-01,5326
Georgia,2023-07-08,5611
Georgia,2023-07-15,10490
Georgia,2023-07-22,7637
Georgia,2023-07-29,6264
Georgia,2023-08-05,6530
Georgia,2023-08-12,6069
Georgia,2023-08-19,5324
Georgia,2023-08-26,4999
Georgia,2023-09-02,4841
Georgia,2023-09-09,4756
Georgia,2023-09-16,6295
Georgia,2023-09-23,4442
Georgia,2023-09-30,4665
Georgia,2023-10-07,5137
Georgia,2023-10-14,4114
Georgia,2023-10-21,5366
Georgia,2023-10-28,5018
Georgia,2023-11-04,5003
Georgia,2023-11-11,3985
Georgia,2023-11-18,4834
Georgia,2023-11-25,2883
Georgia,2023-12-02,9611
Georgia,2023-12-09,6925
Georgia,2023-12-16,5241
Georgia,2023-12-23,5642
Georgia,2023-12-30,5331
Georgia,2024-01-06,11592
Georgia,2024-01-13,9042
Georgia,2024-01-20,5565
Georgia,2024-01-27,6597
Georgia,2024-02-03,6244
Georgia,2024-02-10,5596
Georgia,2024-02-17,5511
Georgia,2024-02-24,5591
Georgia,2024-03-02,4709
Georgia,2024-03-09,4779
Georgia,2024-03-16,4386
Georgia,2024-03-23,4447
Georgia,2024-03-30,3512
Georgia,2024-04-06,4448
Georgia,2024-04-13,5867
Georgia,2024-04-20,4763
Georgia,2024-04-27,4576
Georgia,2024-05-04,4997
Georgia,2024-05-11,4947
Georgia,2024-05-18,4431
Georgia,2024-05-25,4238
Georgia,2024-06-01,3429
Georgia,2024-06-08,5108
Georgia,2024-06-15,4995
Georgia,2024-06-22,5004
Georgia,2024-06-29,6853
Georgia,2024-07-06,4953
Georgia,2024-07-13,8054
Georgia,2024-07-20,5975
Georgia,2024-07-27,5419
Georgia,2024-08-03,4926
Georgia,2024-08-10,5619
Georgia,2024-08-17,4640
Georgia,2024-08-24,5806
Georgia,2024-08-31,5184
Georgia,2024-09-07,4293
Georgia,2024-09-14,5307
Georgia,2024-09-21,5219
Georgia,2024-09-28,3982
Georgia,2024-10-05,4873
Georgia,2024-10-12,8166
Georgia,2024-10-19,6314
Georgia,2024-10-26,6119
Georgia,2024-11-02,4816
Georgia,2024-11-09,5637
Georgia,2024-11-16,3685
Georgia,2024-11-23,5837
Georgia,2024-11-30,3598
Georgia,2024-12-07,9717
Georgia,2024-12-14,5055
Georgia,2024-12-21,5191
Georgia,2024-12-28,4372
Georgia,2025-01-04,12008
Georgia,2025-01-11,11484
Georgia,2025-01-18,6792
Georgia,2025-01-25,4679
Georgia,2025-02-01,5728
Georgia,2025-02-08,5444
Georgia,2025-02-15,5011
Georgia,2025-02-22,5107
Georgia,2025-03-01,4775
Georgia,2025-03-08,4915
Georgia,2025-03-15,4358
Georgia,2025-03-22,4285
Georgia,2025-03-29,4426
Georgia,2025-04-05,5070
Georgia,2025-04-12,4889
Hawaii,2020-01-04,1825
Hawaii,2020-01-11,1826
Hawaii,2020-01-18,1234
Hawaii,2020-01-25,1014
Hawaii,2020-02-01,1135
Hawaii,2020-02-08,1137
Hawaii,2020-02-15,1199
Hawaii,2020-02-22,1020
Hawaii,2020-02-29,1049
Hawaii,2020-03-07,1275
Hawaii,2020-03-14,1589
Hawaii,2020-03-21,8817
Hawaii,2020-03-28,48596
Hawaii,2020-04-04,53102
Hawaii,2020-04-11,34717
Hawaii,2020-04-18,26591
Hawaii,2020-04-25,22496
Hawaii,2020-05-02,15177
Hawaii,2020-05-09,12329
Hawaii,2020-05-16,10964
Hawaii,2020-05-23,9140
Hawaii,2020-05-30,7702
Hawaii,2020-06-06,7338
Hawaii,2020-06-13,7248
Hawaii,2020-06-20,7178
Hawaii,2020-06-27,8193
Hawaii,2020-07-04,7648
Hawaii,2020-07-11,7668
Hawaii,2020-07-18,7581
Hawaii,2020-07-25,5885
Hawaii,2020-08-01,5049
Hawaii,2020-08-08,5296
Hawaii,2020-08-15,5493
Hawaii,2020-08-22,5775
Hawaii,2020-08-29,6748
Hawaii,2020-09-05,7464
Hawaii,2020-09-12,7307
Hawaii,2020-09-19,6757
Hawaii,2020-09-26,5682
Hawaii,2020-10-03,5083
Hawaii,2020-10-10,4873
Hawaii,2020-10-17,5104
Hawaii,2020-10-24,4906
Hawaii,2020-10-31,4689
Hawaii,2020-11-07,4245
Hawaii,2020-11-14,4328
Hawaii,2020-11-21,4229
Hawaii,2020-11-28,3543
Hawaii,2020-12-05,4272
Hawaii,2020-12-12,4628
Hawaii,2020-12-19,3974
Hawaii,2020-12-26,3464
Hawaii,2021-01-02,3984
Hawaii,2021-01-09,5058
Hawaii,2021-01-16,4502
Hawaii,2021-01-23,3898
Hawaii,2021-01-30,3809
Hawaii,2021-02-06,3624
Hawaii,2021-02-13,3875
Hawaii,2021-02-20,2846
Hawaii,2021-02-27,2669
Hawaii,2021-03-06,2471
Hawaii,2021-03-13,2663
Hawaii,2021-03-20,3287
Hawaii,2021-03-27,5598
Hawaii,2021-04-03,4587
Hawaii,2021-04-10,3939
Hawaii,2021-04-17,3598
Hawaii,2021-04-24,3205
Hawaii,2021-05-01,2794
Hawaii,2021-05-08,2777
Hawaii,2021-05-15,2543
Hawaii,2021-05-22,2391
Hawaii,2021-05-29,2175
Hawaii,2021-06-05,2020
Hawaii,2021-06-12,2043
Hawaii,2021-06-19,2215
Hawaii,2021-06-26,1846
Hawaii,2021-07-03,2318
Hawaii,2021-07-10,2966
Hawaii,2021-07-17,2738
Hawaii,2021-07-24,2639
Hawaii,2021-07-31,1945
Hawaii,2021-08-07,2150
Hawaii,2021-08-14,2093
Hawaii,2021-08-21,2018
Hawaii,2021-08-28,2206
Hawaii,2021-09-04,2390
Hawaii,2021-09-11,2051
Hawaii,2021-09-18,3526
Hawaii,2021-09-25,3986
Hawaii,2021-10-02,2383
Hawaii,2021-10-09,2261
Hawaii,2021-10-16,1814
Hawaii,2021-10-23,1863
Hawaii,2021-10-30,1701
Hawaii,2021-11-06,1654
Hawaii,2021-11-13,1549
Hawaii,2021-11-20,1544
Hawaii,2021-11-27,1204
Hawaii,2021-12-04,1851
Hawaii,2021-12-11,1615
Hawaii,2021-12-18,1858
Hawaii,2021-12-25,1394
Hawaii,2022-01-01,1769
Hawaii,2022-01-08,2836
Hawaii,2022-01-15,2223
Hawaii,2022-01-22,1677
Hawaii,2022-01-29,1541
Hawaii,2022-02-05,1479
Hawaii,2022-02-12,1474
Hawaii,2022-02-19,1403
Hawaii,2022-02-26,1060
Hawaii,2022-03-05,1312
Hawaii,2022-03-12,1203
Hawaii,2022-03-19,1267
Hawaii,2022-03-26,1154
Hawaii,2022-04-02,1605
Hawaii,2022-04-09,1385
Hawaii,2022-04-16,1028
Hawaii,2022-04-23,1143
Hawaii,2022-04-30,1104
Hawaii,2022-05-07,1262
Hawaii,2022-05-14,1243
Hawaii,2022-05-21,1164
Hawaii,2022-05-28,1220
Hawaii,2022-06-04,1285
Hawaii,2022-06-11,1332
Hawaii,2022-06-18,1336
Hawaii,2022-06-25,1086
Hawaii,2022-07-02,1200
Hawaii,2022-07-09,1075
Hawaii,2022-07-16,1240
Hawaii,2022-07-23,1127
Hawaii,2022-07-30,1271
Hawaii,2022-08-06,1184
Hawaii,2022-08-13,1041
Hawaii,2022-08-20,931
Hawaii,2022-08-27,1194
Hawaii,2022-09-03,1097
Hawaii,2022-09-10,1034
Hawaii,2022-09-17,1055
Hawaii,2022-09-24,948
Hawaii,2022-10-01,937
Hawaii,2022-10-08,1071
Hawaii,2022-10-15,1263
Hawaii,2022-10-22,1223
Hawaii,2022-10-29,1041
Hawaii,2022-11-05,1093
Hawaii,2022-11-12,961
Hawaii,2022-11-19,1154
Hawaii,2022-11-26,794
Hawaii,2022-12-03,1320
Hawaii,2022-12-10,1090
Hawaii,2022-12-17,985
Hawaii,2022-12-24,1176
Hawaii,2022-12-31,1400
Hawaii,2023-01-07,1652
Hawaii,2023-01-14,1285
Hawaii,2023-01-21,889
Hawaii,2023-01-28,1015
Hawaii,2023-02-04,1074
Hawaii,2023-02-11,1091
Hawaii,2023-02-18,1023
Hawaii,2023-02-25,1132
Hawaii,2023-03-04,1427
Hawaii,2023-03-11,1137
Hawaii,2023-03-18,1031
Hawaii,2023-03-25,1137
Hawaii,2023-04-01,1097
Hawaii,2023-04-08,1067
Hawaii,2023-04-15,1159
Hawaii,2023-04-22,1066
Hawaii,2023-04-29,1093
Hawaii,2023-05-06,1073
Hawaii,2023-05-13,962
Hawaii,2023-05-20,1074
Hawaii,2023-05-27,1082
Hawaii,2023-06-03,1113
Hawaii,2023-06-10,1424
Hawaii,2023-06-17,1075
Hawaii,2023-06-24,1035
Hawaii,2023-07-01,1049
Hawaii,2023-07-08,1023
Hawaii,2023-07-15,1192
Hawaii,2023-07-22,1081
Hawaii,2023-07-29,1062
Hawaii,2023-08-05,1084
Hawaii,2023-08-12,1748
Hawaii,2023-08-19,5301
Hawaii,2023-08-26,3888
Hawaii,2023-09-02,3516
Hawaii,2023-09-09,2422
Hawaii,2023-09-16,2147
Hawaii,2023-09-23,1850
Hawaii,2023-09-30,1618
Hawaii,2023-10-07,1553
Hawaii,2023-10-14,1400
Hawaii,2023-10-21,1561
Hawaii,2023-10-28,1351
Hawaii,2023-11-04,1271
Hawaii,2023-11-11,1185
Hawaii,2023-11-18,1317
Hawaii,2023-11-25,934
Hawaii,2023-12-02,1576
Hawaii,2023-12-09,1476
Hawaii,2023-12-16,1138
Hawaii,2023-12-23,1181
Hawaii,2023-12-30,1411
Hawaii,2024-01-06,1729
Hawaii,2024-01-13,1450
Hawaii,2024-01-20,1305
Hawaii,2024-01-27,1281
Hawaii,2024-02-03,1286
Hawaii,2024-02-10,1332
Hawaii,2024-02-17,1029
Hawaii,2024-02-24,1068
Hawaii,2024-03-02,1073
Hawaii,2024-03-09,1051
Hawaii,2024-03-16,1074
Hawaii,2024-03-23,994
Hawaii,2024-03-30,1065
Hawaii,2024-04-06,1220
Hawaii,2024-04-13,1079
Hawaii,2024-04-20,1034
Hawaii,2024-04-27,981
Hawaii,2024-05-04,1058
Hawaii,2024-05-11,1003
Hawaii,2024-05-18,1049
Hawaii,2024-05-25,1414
Hawaii,2024-06-01,957
Hawaii,2024-06-08,1215
Hawaii,2024-06-15,1163
Hawaii,2024-06-22,1092
Hawaii,2024-06-29,971
Hawaii,2024-07-06,940
Hawaii,2024-07-13,1141
Hawaii,2024-07-20,932
Hawaii,2024-07-27,903
Hawaii,2024-08-03,958
Hawaii,2024-08-10,1067
Hawaii,2024-08-17,866
Hawaii,2024-08-24,975
Hawaii,2024-08-31,932
Hawaii,2024-09-07,1022
Hawaii,2024-09-14,1077
Hawaii,2024-09-21,1176
Hawaii,2024-09-28,1235
Hawaii,2024-10-05,1331
Hawaii,2024-10-12,1037
Hawaii,2024-10-19,1141
Hawaii,2024-10-26,1057
Hawaii,2024-11-02,886
Hawaii,2024-11-09,1006
Hawaii,2024-11-16,974
Hawaii,2024-11-23,917
Hawaii,2024-11-30,684
Hawaii,2024-12-07,1282
Hawaii,2024-12-14,913
Hawaii,2024-12-21,920
Hawaii,2024-12-28,870
Hawaii,2025-01-04,1718
Hawaii,2025-01-11,1552
Hawaii,2025-01-18,1074
Hawaii,2025-01-25,888
Hawaii,2025-02-01,1009
Hawaii,2025-02-08,1127
Hawaii,2025-02-15,916
Hawaii,2025-02-22,885
Hawaii,2025-03-01,872
Hawaii,2025-03-08,937
Hawaii,2025-03-15,892
Hawaii,2025-03-22,984
Hawaii,2025-03-29,1047
Hawaii,2025-04-05,1016
Hawaii,2025-04-12,978
Idaho,2020-01-04,2957
Idaho,2020-01-11,2131
Idaho,2020-01-18,2172
Idaho,2020-01-25,1821
Idaho,2020-02-01,1446
Idaho,2020-02-08,1443
Idaho,2020-02-15,1356
Idaho,2020-02-22,1114
Idaho,2020-02-29,998
Idaho,2020-03-07,938
Idaho,2020-03-14,1031
Idaho,2020-03-21,13586
Idaho,2020-03-28,32941
Idaho,2020-04-04,30904
Idaho,2020-04-11,18531
Idaho,2020-04-18,13023
Idaho,2020-04-25,8827
Idaho,2020-05-02,7495
Idaho,2020-05-09,5795
Idaho,2020-05-16,5800
Idaho,2020-05-23,4727
Idaho,2020-05-30,3646
Idaho,2020-06-06,3953
Idaho,2020-06-13,3631
Idaho,2020-06-20,4285
Idaho,2020-06-27,5417
Idaho,2020-07-04,4924
Idaho,2020-07-11,5458
Idaho,2020-07-18,5687
Idaho,2020-07-25,4703
Idaho,2020-08-01,3607
Idaho,2020-08-08,3250
Idaho,2020-08-15,3644
Idaho,2020-08-22,3794
Idaho,2020-08-29,3686
Idaho,2020-09-05,3804
Idaho,2020-09-12,3672
Idaho,2020-09-19,3437
Idaho,2020-09-26,2995
Idaho,2020-10-03,2955
Idaho,2020-10-10,3519
Idaho,2020-10-17,3293
Idaho,2020-10-24,3863
Idaho,2020-10-31,3919
Idaho,2020-11-07,5030
Idaho,2020-11-14,5060
Idaho,2020-11-21,4732
Idaho,2020-11-28,3991
Idaho,2020-12-05,5075
Idaho,2020-12-12,4083
Idaho,2020-12-19,3956
Idaho,2020-12-26,4226
Idaho,2021-01-02,4612
Idaho,2021-01-09,4685
Idaho,2021-01-16,3714
Idaho,2021-01-23,4289
Idaho,2021-01-30,4859
Idaho,2021-02-06,6457
Idaho,2021-02-13,11221
Idaho,2021-02-20,6110
Idaho,2021-02-27,5013
Idaho,2021-03-06,4198
Idaho,2021-03-13,3683
Idaho,2021-03-20,4047
Idaho,2021-03-27,5983
Idaho,2021-04-03,5223
Idaho,2021-04-10,6229
Idaho,2021-04-17,4484
Idaho,2021-04-24,3393
Idaho,2021-05-01,3392
Idaho,2021-05-08,2330
Idaho,2021-05-15,2024
Idaho,2021-05-22,1888
Idaho,2021-05-29,1655
Idaho,2021-06-05,1339
Idaho,2021-06-12,1369
Idaho,2021-06-19,1265
Idaho,2021-06-26,1203
Idaho,2021-07-03,1431
Idaho,2021-07-10,1504
Idaho,2021-07-17,1163
Idaho,2021-07-24,1057
Idaho,2021-07-31,936
Idaho,2021-08-07,1039
Idaho,2021-08-14,1033
Idaho,2021-08-21,980
Idaho,2021-08-28,866
Idaho,2021-09-04,867
Idaho,2021-09-11,805
Idaho,2021-09-18,854
Idaho,2021-09-25,818
Idaho,2021-10-02,831
Idaho,2021-10-09,949
Idaho,2021-10-16,819
Idaho,2021-10-23,922
Idaho,2021-10-30,1036
Idaho,2021-11-06,1120
Idaho,2021-11-13,1179
Idaho,2021-11-20,1329
Idaho,2021-11-27,1578
Idaho,2021-12-04,1663
Idaho,2021-12-11,1613
Idaho,2021-12-18,1858
Idaho,2021-12-25,1982
Idaho,2022-01-01,2434
Idaho,2022-01-08,2493
Idaho,2022-01-15,1615
Idaho,2022-01-22,1334
Idaho,2022-01-29,1325
Idaho,2022-02-05,1222
Idaho,2022-02-12,1048
Idaho,2022-02-19,955
Idaho,2022-02-26,925
Idaho,2022-03-05,977
Idaho,2022-03-12,864
Idaho,2022-03-19,893
Idaho,2022-03-26,1117
Idaho,2022-04-02,857
Idaho,2022-04-09,782
Idaho,2022-04-16,819
Idaho,2022-04-23,758
Idaho,2022-04-30,637
Idaho,2022-05-07,641
Idaho,2022-05-14,659
Idaho,2022-05-21,672
Idaho,2022-05-28,734
Idaho,2022-06-04,934
Idaho,2022-06-11,904
Idaho,2022-06-18,822
Idaho,2022-06-25,831
Idaho,2022-07-02,855
Idaho,2022-07-09,912
Idaho,2022-07-16,772
Idaho,2022-07-23,765
Idaho,2022-07-30,924
Idaho,2022-08-06,905
Idaho,2022-08-13,723
Idaho,2022-08-20,711
Idaho,2022-08-27,666
Idaho,2022-09-03,739
Idaho,2022-09-10,631
Idaho,2022-09-17,631
Idaho,2022-09-24,635
Idaho,2022-10-01,676
Idaho,2022-10-08,780
Idaho,2022-10-15,723
Idaho,2022-10-22,814
Idaho,2022-10-29,972
Idaho,2022-11-05,1268
Idaho,2022-11-12,1654
Idaho,2022-11-19,1769
Idaho,2022-11-26,1862
Idaho,2022-12-03,2424
Idaho,2022-12-10,2096
Idaho,2022-12-17,2091
Idaho,2022-12-24,2316
Idaho,2022-12-31,2260
Idaho,2023-01-07,1769
Idaho,2023-01-14,2064
Idaho,2023-01-21,1560
Idaho,2023-01-28,1467
Idaho,2023-02-04,1461
Idaho,2023-02-11,1365
Idaho,2023-02-18,1148
Idaho,2023-02-25,1118
Idaho,2023-03-04,1121
Idaho,2023-03-11,1135
Idaho,2023-03-18,1162
Idaho,2023-03-25,1293
Idaho,2023-04-01,1208
Idaho,2023-04-08,1154
Idaho,2023-04-15,1045
Idaho,2023-04-22,940
Idaho,2023-04-29,885
Idaho,2023-05-06,884
Idaho,2023-05-13,866
Idaho,2023-05-20,853
Idaho,2023-05-27,1276
Idaho,2023-06-03,1389
Idaho,2023-06-10,1076
Idaho,2023-06-17,854
Idaho,2023-06-24,760
Idaho,2023-07-01,1259
Idaho,2023-07-08,1168
Idaho,2023-07-15,842
Idaho,2023-07-22,744
Idaho,2023-07-29,778
Idaho,2023-08-05,879
Idaho,2023-08-12,725
Idaho,2023-08-19,776
Idaho,2023-08-26,802
Idaho,2023-09-02,747
Idaho,2023-09-09,835
Idaho,2023-09-16,733
Idaho,2023-09-23,740
Idaho,2023-09-30,822
Idaho,2023-10-07,933
Idaho,2023-10-14,814
Idaho,2023-10-21,887
Idaho,2023-10-28,1041
Idaho,2023-11-04,1280
Idaho,2023-11-11,1327
Idaho,2023-11-18,1420
Idaho,2023-11-25,1945
Idaho,2023-12-02,2247
Idaho,2023-12-09,2140
Idaho,2023-12-16,2108
Idaho,2023-12-23,2190
Idaho,2023-12-30,2364
Idaho,2024-01-06,1938
Idaho,2024-01-13,2438
Idaho,2024-01-20,2019
Idaho,2024-01-27,1731
Idaho,2024-02-03,1522
Idaho,2024-02-10,1493
Idaho,2024-02-17,1140
Idaho,2024-02-24,1105
Idaho,2024-03-02,1128
Idaho,2024-03-09,1177
Idaho,2024-03-16,1032
Idaho,2024-03-23,1285
Idaho,2024-03-30,1150
Idaho,2024-04-06,1054
Idaho,2024-04-13,915
Idaho,2024-04-20,977
Idaho,2024-04-27,885
Idaho,2024-05-04,939
Idaho,2024-05-11,859
Idaho,2024-05-18,782
Idaho,2024-05-25,1042
Idaho,2024-06-01,1199
Idaho,2024-06-08,1024
Idaho,2024-06-15,842
Idaho,2024-06-22,858
Idaho,2024-06-29,912
Idaho,2024-07-06,1070
Idaho,2024-07-13,868
Idaho,2024-07-20,759
Idaho,2024-07-27,714
Idaho,2024-08-03,818
Idaho,2024-08-10,792
Idaho,2024-08-17,818
Idaho,2024-08-24,749
Idaho,2024-08-31,738
Idaho,2024-09-07,761
Idaho,2024-09-14,786
Idaho,2024-09-21,755
Idaho,2024-09-28,843
Idaho,2024-10-05,822
Idaho,2024-10-12,886
Idaho,2024-10-19,987
Idaho,2024-10-26,1006
Idaho,2024-11-02,1195
Idaho,2024-11-09,1331
Idaho,2024-11-16,1531
Idaho,2024-11-23,1901
Idaho,2024-11-30,2050
Idaho,2024-12-07,2161
Idaho,2024-12-14,2064
Idaho,2024-12-21,2332
Idaho,2024-12-28,2553
Idaho,2025-01-04,1948
Idaho,2025-01-11,2254
Idaho,2025-01-18,1767
Idaho,2025-01-25,1577
Idaho,2025-02-01,1349
Idaho,2025-02-08,1574
Idaho,2025-02-15,1432
Idaho,2025-02-22,1385
Idaho,2025-03-01,1269
Idaho,2025-03-08,1194
Idaho,2025-03-15,1150
Idaho,2025-03-22,1319
Idaho,2025-03-29,1011
Idaho,2025-04-05,1037
Idaho,2025-04-12,1072
Illinois,2020-01-04,11779
Illinois,2020-01-11,12703
Illinois,2020-01-18,14807
Illinois,2020-01-25,9762
Illinois,2020-02-01,9343
Illinois,2020-02-08,9794
Illinois,2020-02-15,8045
Illinois,2020-02-22,11812
Illinois,2020-02-29,8980
Illinois,2020-03-07,8727
Illinois,2020-03-14,11305
Illinois,2020-03-21,126716
Illinois,2020-03-28,185575
Illinois,2020-04-04,202157
Illinois,2020-04-11,140787
Illinois,2020-04-18,118996
Illinois,2020-04-25,101322
Illinois,2020-05-02,74476
Illinois,2020-05-09,72671
Illinois,2020-05-16,72780
Illinois,2020-05-23,58263
Illinois,2020-05-30,46385
Illinois,2020-06-06,44606
Illinois,2020-06-13,44694
Illinois,2020-06-20,46276
Illinois,2020-06-27,45752
Illinois,2020-07-04,39015
Illinois,2020-07-11,38261
Illinois,2020-07-18,36435
Illinois,2020-07-25,33230
Illinois,2020-08-01,25274
Illinois,2020-08-08,22934
Illinois,2020-08-15,22406
Illinois,2020-08-22,26262
Illinois,2020-08-29,26194
Illinois,2020-09-05,25478
Illinois,2020-09-12,27384
Illinois,2020-09-19,25976
Illinois,2020-09-26,29390
Illinois,2020-10-03,36267
Illinois,2020-10-10,47528
Illinois,2020-10-17,46948
Illinois,2020-10-24,53138
Illinois,2020-10-31,73515
Illinois,2020-11-07,67381
Illinois,2020-11-14,46800
Illinois,2020-11-21,65596
Illinois,2020-11-28,74131
Illinois,2020-12-05,107616
Illinois,2020-12-12,138359
Illinois,2020-12-19,145054
Illinois,2020-12-26,110486
Illinois,2021-01-02,45387
Illinois,2021-01-09,94944
Illinois,2021-01-16,95472
Illinois,2021-01-23,95481
Illinois,2021-01-30,40008
Illinois,2021-02-06,34259
Illinois,2021-02-13,62369
Illinois,2021-02-20,68383
Illinois,2021-02-27,68111
Illinois,2021-03-06,57483
Illinois,2021-03-13,71175
Illinois,2021-03-20,15595
Illinois,2021-03-27,14189
Illinois,2021-04-03,16182
Illinois,2021-04-10,18986
Illinois,2021-04-17,15248
Illinois,2021-04-24,17141
Illinois,2021-05-01,15134
Illinois,2021-05-08,18355
Illinois,2021-05-15,17530
Illinois,2021-05-22,19218
Illinois,2021-05-29,23516
Illinois,2021-06-05,29231
Illinois,2021-06-12,28079
Illinois,2021-06-19,23317
Illinois,2021-06-26,20460
Illinois,2021-07-03,20464
Illinois,2021-07-10,22004
Illinois,2021-07-17,25919
Illinois,2021-07-24,18859
Illinois,2021-07-31,20019
Illinois,2021-08-07,21449
Illinois,2021-08-14,18426
Illinois,2021-08-21,22258
Illinois,2021-08-28,15546
Illinois,2021-09-04,15570
Illinois,2021-09-11,8089
Illinois,2021-09-18,9366
Illinois,2021-09-25,8292
Illinois,2021-10-02,6927
Illinois,2021-10-09,6902
Illinois,2021-10-16,7414
Illinois,2021-10-23,7719
Illinois,2021-10-30,8472
Illinois,2021-11-06,10365
Illinois,2021-11-13,9181
Illinois,2021-11-20,10606
Illinois,2021-11-27,10011
Illinois,2021-12-04,13401
Illinois,2021-12-11,14572
Illinois,2021-12-18,13251
Illinois,2021-12-25,13938
Illinois,2022-01-01,14209
Illinois,2022-01-08,16782
Illinois,2022-01-15,15150
Illinois,2022-01-22,11817
Illinois,2022-01-29,10734
Illinois,2022-02-05,8431
Illinois,2022-02-12,9919
Illinois,2022-02-19,10007
Illinois,2022-02-26,8230
Illinois,2022-03-05,8491
Illinois,2022-03-12,9156
Illinois,2022-03-19,6843
Illinois,2022-03-26,7526
Illinois,2022-04-02,8015
Illinois,2022-04-09,9263
Illinois,2022-04-16,7569
Illinois,2022-04-23,7615
Illinois,2022-04-30,9868
Illinois,2022-05-07,11093
Illinois,2022-05-14,12510
Illinois,2022-05-21,8753
Illinois,2022-05-28,8593
Illinois,2022-06-04,9420
Illinois,2022-06-11,11323
Illinois,2022-06-18,8728
Illinois,2022-06-25,7624
Illinois,2022-07-02,6116
Illinois,2022-07-09,6932
Illinois,2022-07-16,7567
Illinois,2022-07-23,7397
Illinois,2022-07-30,6364
Illinois,2022-08-06,6938
Illinois,2022-08-13,6456
Illinois,2022-08-20,6884
Illinois,2022-08-27,6395
Illinois,2022-09-03,6680
Illinois,2022-09-10,6302
Illinois,2022-09-17,6998
Illinois,2022-09-24,6219
Illinois,2022-10-01,6711
Illinois,2022-10-08,7516
Illinois,2022-10-15,7300
Illinois,2022-10-22,8316
Illinois,2022-10-29,8773
Illinois,2022-11-05,9818
Illinois,2022-11-12,9584
Illinois,2022-11-19,16170
Illinois,2022-11-26,11202
Illinois,2022-12-03,16285
Illinois,2022-12-10,16423
Illinois,2022-12-17,15797
Illinois,2022-12-24,16686
Illinois,2022-12-31,13247
Illinois,2023-01-07,13370
Illinois,2023-01-14,12133
Illinois,2023-01-21,9473
Illinois,2023-01-28,9771
Illinois,2023-02-04,11304
Illinois,2023-02-11,9348
Illinois,2023-02-18,9049
Illinois,2023-02-25,9376
Illinois,2023-03-04,8623
Illinois,2023-03-11,9236
Illinois,2023-03-18,8151
Illinois,2023-03-25,7976
Illinois,2023-04-01,9909
Illinois,2023-04-08,9500
Illinois,2023-04-15,8926
Illinois,2023-04-22,11408
Illinois,2023-04-29,8715
Illinois,2023-05-06,8402
Illinois,2023-05-13,9270
Illinois,2023-05-20,8270
Illinois,2023-05-27,9387
Illinois,2023-06-03,9707
Illinois,2023-06-10,10801
Illinois,2023-06-17,9924
Illinois,2023-06-24,8658
Illinois,2023-07-01,9351
Illinois,2023-07-08,9180
Illinois,2023-07-15,8135
Illinois,2023-07-22,7561
Illinois,2023-07-29,8284
Illinois,2023-08-05,8292
Illinois,2023-08-12,9061
Illinois,2023-08-19,7795
Illinois,2023-08-26,7462
Illinois,2023-09-02,7521
Illinois,2023-09-09,7653
Illinois,2023-09-16,8063
Illinois,2023-09-23,7862
Illinois,2023-09-30,7370
Illinois,2023-10-07,9214
Illinois,2023-10-14,8246
Illinois,2023-10-21,8624
Illinois,2023-10-28,9045
Illinois,2023-11-04,10140
Illinois,2023-11-11,9455
Illinois,2023-11-18,10814
Illinois,2023-11-25,10751
Illinois,2023-12-02,15106
Illinois,2023-12-09,13856
Illinois,2023-12-16,13518
Illinois,2023-12-23,14542
Illinois,2023-12-30,13937
Illinois,2024-01-06,12890
Illinois,2024-01-13,12668
Illinois,2024-01-20,12261
Illinois,2024-01-27,9983
Illinois,2024-02-03,10595
Illinois,2024-02-10,9382
Illinois,2024-02-17,7951
Illinois,2024-02-24,8046
Illinois,2024-03-02,8123
Illinois,2024-03-09,8106
Illinois,2024-03-16,7480
Illinois,2024-03-23,8268
Illinois,2024-03-30,9463
Illinois,2024-04-06,9491
Illinois,2024-04-13,7918
Illinois,2024-04-20,7444
Illinois,2024-04-27,8671
Illinois,2024-05-04,10507
Illinois,2024-05-11,7940
Illinois,2024-05-18,8173
Illinois,2024-05-25,8923
Illinois,2024-06-01,9141
Illinois,2024-06-08,11406
Illinois,2024-06-15,9940
Illinois,2024-06-22,7823
Illinois,2024-06-29,8906
Illinois,2024-07-06,9470
Illinois,2024-07-13,9574
Illinois,2024-07-20,8409
Illinois,2024-07-27,7817
Illinois,2024-08-03,8396
Illinois,2024-08-10,8593
Illinois,2024-08-17,8199
Illinois,2024-08-24,7970
Illinois,2024-08-31,8092
Illinois,2024-09-07,7342
Illinois,2024-09-14,7498
Illinois,2024-09-21,7545
Illinois,2024-09-28,7818
Illinois,2024-10-05,8780
Illinois,2024-10-12,8102
Illinois,2024-10-19,7669
Illinois,2024-10-26,8735
Illinois,2024-11-02,8948
Illinois,2024-11-09,10071
Illinois,2024-11-16,10231
Illinois,2024-11-23,13045
Illinois,2024-11-30,11351
Illinois,2024-12-07,18777
Illinois,2024-12-14,15258
Illinois,2024-12-21,16599
Illinois,2024-12-28,16722
Illinois,2025-01-04,13297
Illinois,2025-01-11,18931
Illinois,2025-01-18,13627
Illinois,2025-01-25,10407
Illinois,2025-02-01,10535
Illinois,2025-02-08,9560
Illinois,2025-02-15,9527
Illinois,2025-02-22,11066
Illinois,2025-03-01,10015
Illinois,2025-03-08,10013
Illinois,2025-03-15,8648
Illinois,2025-03-22,8954
Illinois,2025-03-29,10240
Illinois,2025-04-05,10615
Illinois,2025-04-12,9295
Indiana,2020-01-04,4434
Indiana,2020-01-11,4890
Indiana,2020-01-18,3741
Indiana,2020-01-25,2956
Indiana,2020-02-01,3016
Indiana,2020-02-08,2725
Indiana,2020-02-15,2556
Indiana,2020-02-22,2979
Indiana,2020-02-29,2276
Indiana,2020-03-07,2223
Indiana,2020-03-14,2596
Indiana,2020-03-21,59755
Indiana,2020-03-28,139174
Indiana,2020-04-04,127010
Indiana,2020-04-11,113755
Indiana,2020-04-18,72756
Indiana,2020-04-25,55774
Indiana,2020-05-02,42290
Indiana,2020-05-09,29668
Indiana,2020-05-16,29436
Indiana,2020-05-23,25523
Indiana,2020-05-30,22914
Indiana,2020-06-06,22931
Indiana,2020-06-13,24017
Indiana,2020-06-20,29331
Indiana,2020-06-27,44827
Indiana,2020-07-04,22102
Indiana,2020-07-11,28360
Indiana,2020-07-18,17911
Indiana,2020-07-25,20129
Indiana,2020-08-01,12551
Indiana,2020-08-08,10624
Indiana,2020-08-15,11569
Indiana,2020-08-22,10597
Indiana,2020-08-29,10779
Indiana,2020-09-05,11255
Indiana,2020-09-12,13245
Indiana,2020-09-19,11702
Indiana,2020-09-26,10209
Indiana,2020-10-03,10076
Indiana,2020-10-10,17916
Indiana,2020-10-17,15421
Indiana,2020-10-24,13407
Indiana,2020-10-31,13413
Indiana,2020-11-07,14111
Indiana,2020-11-14,15422
Indiana,2020-11-21,18829
Indiana,2020-11-28,20575
Indiana,2020-12-05,23622
Indiana,2020-12-12,15702
Indiana,2020-12-19,12234
Indiana,2020-12-26,12013
Indiana,2021-01-02,14796
Indiana,2021-01-09,17724
Indiana,2021-01-16,14255
Indiana,2021-01-23,13354
Indiana,2021-01-30,12539
Indiana,2021-02-06,13508
Indiana,2021-02-13,12287
Indiana,2021-02-20,9735
Indiana,2021-02-27,10081
Indiana,2021-03-06,9237
Indiana,2021-03-13,13965
Indiana,2021-03-20,13045
Indiana,2021-03-27,9260
Indiana,2021-04-03,8071
Indiana,2021-04-10,9542
Indiana,2021-04-17,14026
Indiana,2021-04-24,14507
Indiana,2021-05-01,8581
Indiana,2021-05-08,7786
Indiana,2021-05-15,6957
Indiana,2021-05-22,6152
Indiana,2021-05-29,5940
Indiana,2021-06-05,5106
Indiana,2021-06-12,4594
Indiana,2021-06-19,5030
Indiana,2021-06-26,6371
Indiana,2021-07-03,5465
Indiana,2021-07-10,6608
Indiana,2021-07-17,6370
Indiana,2021-07-24,6106
Indiana,2021-07-31,9678
Indiana,2021-08-07,7101
Indiana,2021-08-14,6531
Indiana,2021-08-21,6254
Indiana,2021-08-28,5574
Indiana,2021-09-04,5889
Indiana,2021-09-11,3957
Indiana,2021-09-18,3867
Indiana,2021-09-25,3433
Indiana,2021-10-02,3432
Indiana,2021-10-09,3741
Indiana,2021-10-16,3322
Indiana,2021-10-23,3137
Indiana,2021-10-30,3230
Indiana,2021-11-06,3574
Indiana,2021-11-13,3798
Indiana,2021-11-20,3566
Indiana,2021-11-27,3203
Indiana,2021-12-04,5763
Indiana,2021-12-11,4481
Indiana,2021-12-18,4834
Indiana,2021-12-25,6199
Indiana,2022-01-01,6452
Indiana,2022-01-08,11926
Indiana,2022-01-15,9023
Indiana,2022-01-22,6793
Indiana,2022-01-29,7732
Indiana,2022-02-05,5972
Indiana,2022-02-12,5403
Indiana,2022-02-19,4363
Indiana,2022-02-26,3689
Indiana,2022-03-05,3295
Indiana,2022-03-12,3508
Indiana,2022-03-19,3274
Indiana,2022-03-26,3226
Indiana,2022-04-02,3383
Indiana,2022-04-09,6576
Indiana,2022-04-16,5758
Indiana,2022-04-23,6399
Indiana,2022-04-30,5779
Indiana,2022-05-07,4438
Indiana,2022-05-14,4257
Indiana,2022-05-21,3865
Indiana,2022-05-28,3439
Indiana,2022-06-04,3315
Indiana,2022-06-11,3626
Indiana,2022-06-18,4314
Indiana,2022-06-25,3839
Indiana,2022-07-02,4914
Indiana,2022-07-09,7148
Indiana,2022-07-16,5283
Indiana,2022-07-23,4013
Indiana,2022-07-30,4036
Indiana,2022-08-06,4618
Indiana,2022-08-13,5309
Indiana,2022-08-20,4046
Indiana,2022-08-27,3323
Indiana,2022-09-03,3933
Indiana,2022-09-10,4671
Indiana,2022-09-17,3568
Indiana,2022-09-24,3110
Indiana,2022-10-01,2978
Indiana,2022-10-08,4649
Indiana,2022-10-15,3490
Indiana,2022-10-22,3454
Indiana,2022-10-29,3757
Indiana,2022-11-05,4985
Indiana,2022-11-12,3849
Indiana,2022-11-19,4234
Indiana,2022-11-26,3702
Indiana,2022-12-03,6168
Indiana,2022-12-10,4633
Indiana,2022-12-17,4545
Indiana,2022-12-24,5591
Indiana,2022-12-31,6682
Indiana,2023-01-07,6934
Indiana,2023-01-14,5469
Indiana,2023-01-21,4216
Indiana,2023-01-28,4225
Indiana,2023-02-04,4500
Indiana,2023-02-11,4149
Indiana,2023-02-18,3329
Indiana,2023-02-25,3231
Indiana,2023-03-04,3572
Indiana,2023-03-11,4272
Indiana,2023-03-18,3838
Indiana,2023-03-25,1279
Indiana,2023-04-01,5736
Indiana,2023-04-08,4810
Indiana,2023-04-15,3294
Indiana,2023-04-22,2989
Indiana,2023-04-29,3053
Indiana,2023-05-06,3568
Indiana,2023-05-13,2915
Indiana,2023-05-20,2837
Indiana,2023-05-27,2940
Indiana,2023-06-03,3199
Indiana,2023-06-10,4790
Indiana,2023-06-17,2807
Indiana,2023-06-24,2955
Indiana,2023-07-01,4504
Indiana,2023-07-08,5033
Indiana,2023-07-15,3673
Indiana,2023-07-22,3081
Indiana,2023-07-29,2720
Indiana,2023-08-05,3478
Indiana,2023-08-12,3216
Indiana,2023-08-19,2731
Indiana,2023-08-26,2603
Indiana,2023-09-02,3296
Indiana,2023-09-09,5923
Indiana,2023-09-16,3162
Indiana,2023-09-23,2457
Indiana,2023-09-30,2763
Indiana,2023-10-07,3284
Indiana,2023-10-14,3023
Indiana,2023-10-21,3065
Indiana,2023-10-28,2818
Indiana,2023-11-04,3233
Indiana,2023-11-11,3806
Indiana,2023-11-18,3359
Indiana,2023-11-25,2885
Indiana,2023-12-02,5123
Indiana,2023-12-09,3765
Indiana,2023-12-16,3766
Indiana,2023-12-23,4411
Indiana,2023-12-30,4956
Indiana,2024-01-06,4925
Indiana,2024-01-13,5237
Indiana,2024-01-20,3996
Indiana,2024-01-27,4078
Indiana,2024-02-03,3503
Indiana,2024-02-10,3221
Indiana,2024-02-17,2861
Indiana,2024-02-24,2594
Indiana,2024-03-02,2451
Indiana,2024-03-09,2878
Indiana,2024-03-16,2450
Indiana,2024-03-23,3137
Indiana,2024-03-30,2791
Indiana,2024-04-06,2643
Indiana,2024-04-13,3083
Indiana,2024-04-20,2453
Indiana,2024-04-27,2344
Indiana,2024-05-04,4711
Indiana,2024-05-11,3632
Indiana,2024-05-18,2527
Indiana,2024-05-25,2595
Indiana,2024-06-01,2339
Indiana,2024-06-08,3442
Indiana,2024-06-15,3087
Indiana,2024-06-22,2967
Indiana,2024-06-29,2894
Indiana,2024-07-06,5729
Indiana,2024-07-13,4322
Indiana,2024-07-20,3045
Indiana,2024-07-27,2733
Indiana,2024-08-03,2751
Indiana,2024-08-10,2831
Indiana,2024-08-17,3685
Indiana,2024-08-24,3880
Indiana,2024-08-31,3084
Indiana,2024-09-07,3195
Indiana,2024-09-14,3045
Indiana,2024-09-21,2640
Indiana,2024-09-28,3297
Indiana,2024-10-05,5910
Indiana,2024-10-12,3737
Indiana,2024-10-19,3082
Indiana,2024-10-26,3152
Indiana,2024-11-02,2979
Indiana,2024-11-09,4047
Indiana,2024-11-16,2926
Indiana,2024-11-23,3235
Indiana,2024-11-30,2883
Indiana,2024-12-07,5319
Indiana,2024-12-14,3846
Indiana,2024-12-21,3726
Indiana,2024-12-28,3675
Indiana,2025-01-04,5294
Indiana,2025-01-11,5904
Indiana,2025-01-18,4591
Indiana,2025-01-25,3617
Indiana,2025-02-01,3489
Indiana,2025-02-08,3107
Indiana,2025-02-15,3087
Indiana,2025-02-22,3062
Indiana,2025-03-01,2963
Indiana,2025-03-08,2778
Indiana,2025-03-15,2366
Indiana,2025-03-22,2550
Indiana,2025-03-29,2485
Indiana,2025-04-05,2496
Indiana,2025-04-12,3104
Iowa,2020-01-04,4586
Iowa,2020-01-11,4836
Iowa,2020-01-18,3615
Iowa,2020-01-25,3115
Iowa,2020-02-01,3066
Iowa,2020-02-08,2379
Iowa,2020-02-15,2239
Iowa,2020-02-22,2631
Iowa,2020-02-29,2240
Iowa,2020-03-07,2221
Iowa,2020-03-14,2229
Iowa,2020-03-21,40952
Iowa,2020-03-28,55966
Iowa,2020-04-04,64194
Iowa,2020-04-11,43889
Iowa,2020-04-18,26901
Iowa,2020-04-25,27220
Iowa,2020-05-02,23241
Iowa,2020-05-09,15820
Iowa,2020-05-16,12056
Iowa,2020-05-23,13723
Iowa,2020-05-30,6449
Iowa,2020-06-06,9488
Iowa,2020-06-13,9069
Iowa,2020-06-20,8208
Iowa,2020-06-27,7732
Iowa,2020-07-04,9957
Iowa,2020-07-11,10653
Iowa,2020-07-18,8807
Iowa,2020-07-25,6970
Iowa,2020-08-01,6314
Iowa,2020-08-08,4888
Iowa,2020-08-15,5997
Iowa,2020-08-22,6384
Iowa,2020-08-29,5914
Iowa,2020-09-05,5252
Iowa,2020-09-12,4652
Iowa,2020-09-19,6117
Iowa,2020-09-26,4616
Iowa,2020-10-03,4288
Iowa,2020-10-10,4192
Iowa,2020-10-17,4215
Iowa,2020-10-24,4351
Iowa,2020-10-31,4609
Iowa,2020-11-07,5217
Iowa,2020-11-14,5992
Iowa,2020-11-21,8930
Iowa,2020-11-28,5357
Iowa,2020-12-05,10112
Iowa,2020-12-12,6526
Iowa,2020-12-19,7271
Iowa,2020-12-26,7141
Iowa,2021-01-02,7855
Iowa,2021-01-09,7366
Iowa,2021-01-16,6380
Iowa,2021-01-23,5251
Iowa,2021-01-30,5778
Iowa,2021-02-06,6120
Iowa,2021-02-13,5988
Iowa,2021-02-20,5192
Iowa,2021-02-27,4216
Iowa,2021-03-06,5182
Iowa,2021-03-13,5750
Iowa,2021-03-20,5129
Iowa,2021-03-27,4602
Iowa,2021-04-03,6125
Iowa,2021-04-10,5005
Iowa,2021-04-17,6981
Iowa,2021-04-24,3955
Iowa,2021-05-01,3145
Iowa,2021-05-08,3290
Iowa,2021-05-15,3582
Iowa,2021-05-22,3861
Iowa,2021-05-29,3380
Iowa,2021-06-05,2364
Iowa,2021-06-12,2613
Iowa,2021-06-19,1830
Iowa,2021-06-26,1864
Iowa,2021-07-03,1942
Iowa,2021-07-10,2042
Iowa,2021-07-17,1671
Iowa,2021-07-24,1543
Iowa,2021-07-31,1884
Iowa,2021-08-07,2149
Iowa,2021-08-14,1614
Iowa,2021-08-21,1677
Iowa,2021-08-28,1678
Iowa,2021-09-04,1833
Iowa,2021-09-11,1430
Iowa,2021-09-18,1744
Iowa,2021-09-25,1655
Iowa,2021-10-02,1696
Iowa,2021-10-09,1665
Iowa,2021-10-16,1796
Iowa,2021-10-23,2030
Iowa,2021-10-30,2074
Iowa,2021-11-06,2162
Iowa,2021-11-13,1811
Iowa,2021-11-20,2853
Iowa,2021-11-27,1797
Iowa,2021-12-04,3671
Iowa,2021-12-11,3703
Iowa,2021-12-18,3342
Iowa,2021-12-25,3583
Iowa,2022-01-01,4773
Iowa,2022-01-08,4985
Iowa,2022-01-15,3006
Iowa,2022-01-22,2370
Iowa,2022-01-29,2557
Iowa,2022-02-05,2018
Iowa,2022-02-12,1684
Iowa,2022-02-19,1610
Iowa,2022-02-26,1464
Iowa,2022-03-05,1376
Iowa,2022-03-12,1475
Iowa,2022-03-19,1586
Iowa,2022-03-26,1547
Iowa,2022-04-02,1371
Iowa,2022-04-09,1271
Iowa,2022-04-16,1153
Iowa,2022-04-23,1171
Iowa,2022-04-30,1203
Iowa,2022-05-07,1540
Iowa,2022-05-14,1304
Iowa,2022-05-21,1244
Iowa,2022-05-28,1438
Iowa,2022-06-04,1558
Iowa,2022-06-11,1567
Iowa,2022-06-18,1262
Iowa,2022-06-25,1196
Iowa,2022-07-02,1428
Iowa,2022-07-09,1735
Iowa,2022-07-16,1438
Iowa,2022-07-23,1297
Iowa,2022-07-30,1465
Iowa,2022-08-06,1592
Iowa,2022-08-13,1181
Iowa,2022-08-20,1269
Iowa,2022-08-27,1102
Iowa,2022-09-03,1057
Iowa,2022-09-10,1206
Iowa,2022-09-17,1272
Iowa,2022-09-24,1154
Iowa,2022-10-01,1200
Iowa,2022-10-08,1367
Iowa,2022-10-15,1498
Iowa,2022-10-22,1350
Iowa,2022-10-29,1477
Iowa,2022-11-05,1496
Iowa,2022-11-12,1422
Iowa,2022-11-19,3971
Iowa,2022-11-26,2073
Iowa,2022-12-03,3630
Iowa,2022-12-10,3576
Iowa,2022-12-17,3946
Iowa,2022-12-24,5452
Iowa,2022-12-31,5044
Iowa,2023-01-07,3153
Iowa,2023-01-14,2522
Iowa,2023-01-21,1829
Iowa,2023-01-28,1981
Iowa,2023-02-04,2515
Iowa,2023-02-11,1792
Iowa,2023-02-18,1626
Iowa,2023-02-25,1720
Iowa,2023-03-04,1680
Iowa,2023-03-11,1671
Iowa,2023-03-18,2061
Iowa,2023-03-25,1446
Iowa,2023-04-01,1326
Iowa,2023-04-08,1268
Iowa,2023-04-15,1208
Iowa,2023-04-22,1538
Iowa,2023-04-29,1779
Iowa,2023-05-06,1578
Iowa,2023-05-13,1466
Iowa,2023-05-20,2087
Iowa,2023-05-27,1668
Iowa,2023-06-03,1846
Iowa,2023-06-10,1646
Iowa,2023-06-17,1794
Iowa,2023-06-24,1475
Iowa,2023-07-01,1937
Iowa,2023-07-08,3305
Iowa,2023-07-15,2167
Iowa,2023-07-22,1696
Iowa,2023-07-29,1946
Iowa,2023-08-05,1611
Iowa,2023-08-12,2471
Iowa,2023-08-19,1671
Iowa,2023-08-26,1621
Iowa,2023-09-02,1846
Iowa,2023-09-09,2008
Iowa,2023-09-16,1450
Iowa,2023-09-23,1658
Iowa,2023-09-30,1424
Iowa,2023-10-07,1796
Iowa,2023-10-14,1572
Iowa,2023-10-21,1631
Iowa,2023-10-28,2244
Iowa,2023-11-04,2455
Iowa,2023-11-11,1958
Iowa,2023-11-18,3140
Iowa,2023-11-25,2834
Iowa,2023-12-02,4935
Iowa,2023-12-09,4606
Iowa,2023-12-16,4552
Iowa,2023-12-23,5816
Iowa,2023-12-30,5787
Iowa,2024-01-06,3933
Iowa,2024-01-13,4885
Iowa,2024-01-20,4359
Iowa,2024-01-27,3917
Iowa,2024-02-03,2573
Iowa,2024-02-10,1884
Iowa,2024-02-17,2271
Iowa,2024-02-24,1625
Iowa,2024-03-02,1599
Iowa,2024-03-09,1857
Iowa,2024-03-16,1950
Iowa,2024-03-23,1527
Iowa,2024-03-30,2910
Iowa,2024-04-06,1492
Iowa,2024-04-13,1408
Iowa,2024-04-20,1549
Iowa,2024-04-27,3001
Iowa,2024-05-04,1824
Iowa,2024-05-11,1525
Iowa,2024-05-18,1746
Iowa,2024-05-25,1779
Iowa,2024-06-01,2159
Iowa,2024-06-08,2318
Iowa,2024-06-15,2109
Iowa,2024-06-22,1807
Iowa,2024-06-29,3077
Iowa,2024-07-06,3219
Iowa,2024-07-13,2366
Iowa,2024-07-20,2169
Iowa,2024-07-27,2271
Iowa,2024-08-03,2338
Iowa,2024-08-10,1830
Iowa,2024-08-17,2136
Iowa,2024-08-24,1931
Iowa,2024-08-31,1684
Iowa,2024-09-07,2087
Iowa,2024-09-14,2114
Iowa,2024-09-21,1658
Iowa,2024-09-28,2226
Iowa,2024-10-05,2367
Iowa,2024-10-12,2143
Iowa,2024-10-19,2051
Iowa,2024-10-26,2217
Iowa,2024-11-02,2178
Iowa,2024-11-09,2390
Iowa,2024-11-16,2226
Iowa,2024-11-23,3136
Iowa,2024-11-30,3388
Iowa,2024-12-07,5650
Iowa,2024-12-14,3915
Iowa,2024-12-21,5394
Iowa,2024-12-28,8137
Iowa,2025-01-04,4582
Iowa,2025-01-11,5074
Iowa,2025-01-18,2545
Iowa,2025-01-25,2862
Iowa,2025-02-01,2610
Iowa,2025-02-08,2182
Iowa,2025-02-15,2213
Iowa,2025-02-22,2891
Iowa,2025-03-01,1909
Iowa,2025-03-08,1556
Iowa,2025-03-15,1731
Iowa,2025-03-22,2112
Iowa,2025-03-29,3049
Iowa,2025-04-05,1795
Iowa,2025-04-12,1634
Kansas,2020-01-04,2019
Kansas,2020-01-11,2140
Kansas,2020-01-18,2402
Kansas,2020-01-25,2557
Kansas,2020-02-01,2000
Kansas,2020-02-08,2107
Kansas,2020-02-15,2076
Kansas,2020-02-22,1494
Kansas,2020-02-29,1517
Kansas,2020-03-07,1365
Kansas,2020-03-14,1755
Kansas,2020-03-21,19356
Kansas,2020-03-28,43703
Kansas,2020-04-04,36497
Kansas,2020-04-11,24871
Kansas,2020-04-18,24330
Kansas,2020-04-25,22726
Kansas,2020-05-02,11916
Kansas,2020-05-09,10259
Kansas,2020-05-16,8246
Kansas,2020-05-23,9480
Kansas,2020-05-30,7966
Kansas,2020-06-06,6898
Kansas,2020-06-13,7039
Kansas,2020-06-20,8174
Kansas,2020-06-27,10411
Kansas,2020-07-04,7883
Kansas,2020-07-11,13384
Kansas,2020-07-18,6285
Kansas,2020-07-25,6313
Kansas,2020-08-01,4933
Kansas,2020-08-08,4756
Kansas,2020-08-15,5022
Kansas,2020-08-22,4886
Kansas,2020-08-29,5734
Kansas,2020-09-05,5445
Kansas,2020-09-12,5248
Kansas,2020-09-19,6494
Kansas,2020-09-26,6651
Kansas,2020-10-03,7140
Kansas,2020-10-10,7926
Kansas,2020-10-17,10500
Kansas,2020-10-24,10069
Kansas,2020-10-31,12407
Kansas,2020-11-07,10587
Kansas,2020-11-14,11751
Kansas,2020-11-21,15864
Kansas,2020-11-28,15411
Kansas,2020-12-05,21346
Kansas,2020-12-12,23519
Kansas,2020-12-19,20337
Kansas,2020-12-26,16607
Kansas,2021-01-02,22990
Kansas,2021-01-09,35921
Kansas,2021-01-16,34918
Kansas,2021-01-23,26426
Kansas,2021-01-30,17967
Kansas,2021-02-06,5591
Kansas,2021-02-13,7335
Kansas,2021-02-20,4412
Kansas,2021-02-27,3560
Kansas,2021-03-06,2564
Kansas,2021-03-13,1682
Kansas,2021-03-20,2628
Kansas,2021-03-27,2552
Kansas,2021-04-03,1450
Kansas,2021-04-10,2138
Kansas,2021-04-17,1989
Kansas,2021-04-24,2154
Kansas,2021-05-01,2390
Kansas,2021-05-08,1838
Kansas,2021-05-15,1873
Kansas,2021-05-22,2115
Kansas,2021-05-29,1810
Kansas,2021-06-05,1578
Kansas,2021-06-12,1582
Kansas,2021-06-19,1541
Kansas,2021-06-26,1180
Kansas,2021-07-03,1558
Kansas,2021-07-10,1778
Kansas,2021-07-17,1563
Kansas,2021-07-24,1487
Kansas,2021-07-31,1378
Kansas,2021-08-07,1289
Kansas,2021-08-14,1315
Kansas,2021-08-21,1508
Kansas,2021-08-28,1268
Kansas,2021-09-04,1796
Kansas,2021-09-11,1077
Kansas,2021-09-18,1205
Kansas,2021-09-25,1318
Kansas,2021-10-02,998
Kansas,2021-10-09,1078
Kansas,2021-10-16,1139
Kansas,2021-10-23,856
Kansas,2021-10-30,1051
Kansas,2021-11-06,1053
Kansas,2021-11-13,1014
Kansas,2021-11-20,970
Kansas,2021-11-27,793
Kansas,2021-12-04,1326
Kansas,2021-12-11,1284
Kansas,2021-12-18,1277
Kansas,2021-12-25,1368
Kansas,2022-01-01,1450
Kansas,2022-01-08,3114
Kansas,2022-01-15,3089
Kansas,2022-01-22,2503
Kansas,2022-01-29,1520
Kansas,2022-02-05,1829
Kansas,2022-02-12,1998
Kansas,2022-02-19,2722
Kansas,2022-02-26,3309
Kansas,2022-03-05,3140
Kansas,2022-03-12,3039
Kansas,2022-03-19,969
Kansas,2022-03-26,1118
Kansas,2022-04-02,1000
Kansas,2022-04-09,1111
Kansas,2022-04-16,890
Kansas,2022-04-23,879
Kansas,2022-04-30,895
Kansas,2022-05-07,1119
Kansas,2022-05-14,986
Kansas,2022-05-21,1129
Kansas,2022-05-28,1246
Kansas,2022-06-04,920
Kansas,2022-06-11,924
Kansas,2022-06-18,917
Kansas,2022-06-25,887
Kansas,2022-07-02,1054
Kansas,2022-07-09,1159
Kansas,2022-07-16,1566
Kansas,2022-07-23,1470
Kansas,2022-07-30,990
Kansas,2022-08-06,987
Kansas,2022-08-13,1221
Kansas,2022-08-20,1163
Kansas,2022-08-27,1145
Kansas,2022-09-03,1182
Kansas,2022-09-10,1008
Kansas,2022-09-17,878
Kansas,2022-09-24,784
Kansas,2022-10-01,1036
Kansas,2022-10-08,1124
Kansas,2022-10-15,1028
Kansas,2022-10-22,1487
Kansas,2022-10-29,1278
Kansas,2022-11-05,1406
Kansas,2022-11-12,1204
Kansas,2022-11-19,1597
Kansas,2022-11-26,979
Kansas,2022-12-03,1570
Kansas,2022-12-10,1037
Kansas,2022-12-17,1458
Kansas,2022-12-24,2099
Kansas,2022-12-31,1433
Kansas,2023-01-07,1321
Kansas,2023-01-14,1268
Kansas,2023-01-21,1071
Kansas,2023-01-28,1447
Kansas,2023-02-04,2058
Kansas,2023-02-11,1073
Kansas,2023-02-18,1618
Kansas,2023-02-25,1179
Kansas,2023-03-04,964
Kansas,2023-03-11,1000
Kansas,2023-03-18,1113
Kansas,2023-03-25,1084
Kansas,2023-04-01,887
Kansas,2023-04-08,937
Kansas,2023-04-15,1251
Kansas,2023-04-22,1396
Kansas,2023-04-29,1241
Kansas,2023-05-06,944
Kansas,2023-05-13,1000
Kansas,2023-05-20,1250
Kansas,2023-05-27,1080
Kansas,2023-06-03,1095
Kansas,2023-06-10,1350
Kansas,2023-06-17,1015
Kansas,2023-06-24,1109
Kansas,2023-07-01,1377
Kansas,2023-07-08,1365
Kansas,2023-07-15,1310
Kansas,2023-07-22,1045
Kansas,2023-07-29,981
Kansas,2023-08-05,1296
Kansas,2023-08-12,1111
Kansas,2023-08-19,941
Kansas,2023-08-26,828
Kansas,2023-09-02,967
Kansas,2023-09-09,935
Kansas,2023-09-16,1048
Kansas,2023-09-23,1111
Kansas,2023-09-30,881
Kansas,2023-10-07,1451
Kansas,2023-10-14,954
Kansas,2023-10-21,1025
Kansas,2023-10-28,1094
Kansas,2023-11-04,1279
Kansas,2023-11-11,1381
Kansas,2023-11-18,1236
Kansas,2023-11-25,2430
Kansas,2023-12-02,1537
Kansas,2023-12-09,1320
Kansas,2023-12-16,1449
Kansas,2023-12-23,1840
Kansas,2023-12-30,2637
Kansas,2024-01-06,1463
Kansas,2024-01-13,2517
Kansas,2024-01-20,1621
Kansas,2024-01-27,1513
Kansas,2024-02-03,1365
Kansas,2024-02-10,1292
Kansas,2024-02-17,1115
Kansas,2024-02-24,1141
Kansas,2024-03-02,1051
Kansas,2024-03-09,1070
Kansas,2024-03-16,1104
Kansas,2024-03-23,935
Kansas,2024-03-30,1344
Kansas,2024-04-06,1058
Kansas,2024-04-13,992
Kansas,2024-04-20,1100
Kansas,2024-04-27,1232
Kansas,2024-05-04,1173
Kansas,2024-05-11,1208
Kansas,2024-05-18,1264
Kansas,2024-05-25,1192
Kansas,2024-06-01,1520
Kansas,2024-06-08,1275
Kansas,2024-06-15,1357
Kansas,2024-06-22,1402
Kansas,2024-06-29,1582
Kansas,2024-07-06,2320
Kansas,2024-07-13,3730
Kansas,2024-07-20,1013
Kansas,2024-07-27,1213
Kansas,2024-08-03,1018
Kansas,2024-08-10,1251
Kansas,2024-08-17,1176
Kansas,2024-08-24,993
Kansas,2024-08-31,1367
Kansas,2024-09-07,1011
Kansas,2024-09-14,1208
Kansas,2024-09-21,1239
Kansas,2024-09-28,1036
Kansas,2024-10-05,1836
Kansas,2024-10-12,1081
Kansas,2024-10-19,1385
Kansas,2024-10-26,1121
Kansas,2024-11-02,1991
Kansas,2024-11-09,1392
Kansas,2024-11-16,665
Kansas,2024-11-23,1000
Kansas,2024-11-30,1031
Kansas,2024-12-07,1997
Kansas,2024-12-14,2037
Kansas,2024-12-21,1742
Kansas,2024-12-28,1717
Kansas,2025-01-04,1753
Kansas,2025-01-11,1862
Kansas,2025-01-18,1547
Kansas,2025-01-25,1614
Kansas,2025-02-01,2469
Kansas,2025-02-08,1603
Kansas,2025-02-15,1261
Kansas,2025-02-22,1748
Kansas,2025-03-01,1490
Kansas,2025-03-08,1213
Kansas,2025-03-15,1167
Kansas,2025-03-22,1147
Kansas,2025-03-29,1245
Kansas,2025-04-05,1100
Kansas,2025-04-12,1403
Kentucky,2020-01-04,5175
Kentucky,2020-01-11,3968
Kentucky,2020-01-18,3084
Kentucky,2020-01-25,2569
Kentucky,2020-02-01,2625
Kentucky,2020-02-08,2936
Kentucky,2020-02-15,2813
Kentucky,2020-02-22,2508
Kentucky,2020-02-29,2223
Kentucky,2020-03-07,2463
Kentucky,2020-03-14,2785
Kentucky,2020-03-21,49023
Kentucky,2020-03-28,113149
Kentucky,2020-04-04,117575
Kentucky,2020-04-11,116277
Kentucky,2020-04-18,103981
Kentucky,2020-04-25,91223
Kentucky,2020-05-02,69372
Kentucky,2020-05-09,69372
Kentucky,2020-05-16,47321
Kentucky,2020-05-23,54023
Kentucky,2020-05-30,43013
Kentucky,2020-06-06,40733
Kentucky,2020-06-13,37650
Kentucky,2020-06-20,24846
Kentucky,2020-06-27,30640
Kentucky,2020-07-04,23282
Kentucky,2020-07-11,24544
Kentucky,2020-07-18,24488
Kentucky,2020-07-25,21041
Kentucky,2020-08-01,21020
Kentucky,2020-08-08,17465
Kentucky,2020-08-15,18266
Kentucky,2020-08-22,16321
Kentucky,2020-08-29,16504
Kentucky,2020-09-05,9285
Kentucky,2020-09-12,8672
Kentucky,2020-09-19,8413
Kentucky,2020-09-26,7520
Kentucky,2020-10-03,5687
Kentucky,2020-10-10,5969
Kentucky,2020-10-17,5951
Kentucky,2020-10-24,5325
Kentucky,2020-10-31,9193
Kentucky,2020-11-07,4363
Kentucky,2020-11-14,8133
Kentucky,2020-11-21,10983
Kentucky,2020-11-28,9319
Kentucky,2020-12-05,8168
Kentucky,2020-12-12,7259
Kentucky,2020-12-19,8459
Kentucky,2020-12-26,12800
Kentucky,2021-01-02,16941
Kentucky,2021-01-09,11399
Kentucky,2021-01-16,11932
Kentucky,2021-01-23,7907
Kentucky,2021-01-30,11019
Kentucky,2021-02-06,10712
Kentucky,2021-02-13,12028
Kentucky,2021-02-20,14139
Kentucky,2021-02-27,13857
Kentucky,2021-03-06,9277
Kentucky,2021-03-13,10278
Kentucky,2021-03-20,8738
Kentucky,2021-03-27,24838
Kentucky,2021-04-03,21423
Kentucky,2021-04-10,5999
Kentucky,2021-04-17,5958
Kentucky,2021-04-24,7437
Kentucky,2021-05-01,12151
Kentucky,2021-05-08,11167
Kentucky,2021-05-15,4044
Kentucky,2021-05-22,2864
Kentucky,2021-05-29,6318
Kentucky,2021-06-05,5948
Kentucky,2021-06-12,15120
Kentucky,2021-06-19,15058
Kentucky,2021-06-26,7180
Kentucky,2021-07-03,6269
Kentucky,2021-07-10,2498
Kentucky,2021-07-17,11443
Kentucky,2021-07-24,4225
Kentucky,2021-07-31,4036
Kentucky,2021-08-07,4006
Kentucky,2021-08-14,1770
Kentucky,2021-08-21,1828
Kentucky,2021-08-28,1715
Kentucky,2021-09-04,2002
Kentucky,2021-09-11,2583
Kentucky,2021-09-18,4271
Kentucky,2021-09-25,3648
Kentucky,2021-10-02,2732
Kentucky,2021-10-09,4186
Kentucky,2021-10-16,1433
Kentucky,2021-10-23,4373
Kentucky,2021-10-30,7255
Kentucky,2021-11-06,13971
Kentucky,2021-11-13,5259
Kentucky,2021-11-20,1349
Kentucky,2021-11-27,1289
Kentucky,2021-12-04,1605
Kentucky,2021-12-11,5205
Kentucky,2021-12-18,3290
Kentucky,2021-12-25,2396
Kentucky,2022-01-01,2769
Kentucky,2022-01-08,11245
Kentucky,2022-01-15,11772
Kentucky,2022-01-22,7723
Kentucky,2022-01-29,5405
Kentucky,2022-02-05,1443
Kentucky,2022-02-12,5998
Kentucky,2022-02-19,5205
Kentucky,2022-02-26,3742
Kentucky,2022-03-05,6890
Kentucky,2022-03-12,7081
Kentucky,2022-03-19,4502
Kentucky,2022-03-26,2468
Kentucky,2022-04-02,1422
Kentucky,2022-04-09,1809
Kentucky,2022-04-16,1768
Kentucky,2022-04-23,1988
Kentucky,2022-04-30,3140
Kentucky,2022-05-07,1661
Kentucky,2022-05-14,8373
Kentucky,2022-05-21,4795
Kentucky,2022-05-28,1272
Kentucky,2022-06-04,1650
Kentucky,2022-06-11,1448
Kentucky,2022-06-18,1324
Kentucky,2022-06-25,2802
Kentucky,2022-07-02,1570
Kentucky,2022-07-09,4631
Kentucky,2022-07-16,2757
Kentucky,2022-07-23,3797
Kentucky,2022-07-30,1596
Kentucky,2022-08-06,1785
Kentucky,2022-08-13,1618
Kentucky,2022-08-20,1468
Kentucky,2022-08-27,1507
Kentucky,2022-09-03,2284
Kentucky,2022-09-10,1403
Kentucky,2022-09-17,1104
Kentucky,2022-09-24,1030
Kentucky,2022-10-01,1026
Kentucky,2022-10-08,1437
Kentucky,2022-10-15,1190
Kentucky,2022-10-22,2183
Kentucky,2022-10-29,1176
Kentucky,2022-11-05,4629
Kentucky,2022-11-12,1299
Kentucky,2022-11-19,1675
Kentucky,2022-11-26,1496
Kentucky,2022-12-03,1846
Kentucky,2022-12-10,1999
Kentucky,2022-12-17,2391
Kentucky,2022-12-24,6552
Kentucky,2022-12-31,2744
Kentucky,2023-01-07,2883
Kentucky,2023-01-14,5442
Kentucky,2023-01-21,5210
Kentucky,2023-01-28,1808
Kentucky,2023-02-04,1940
Kentucky,2023-02-11,1759
Kentucky,2023-02-18,7858
Kentucky,2023-02-25,1694
Kentucky,2023-03-04,4483
Kentucky,2023-03-11,4531
Kentucky,2023-03-18,4638
Kentucky,2023-03-25,5317
Kentucky,2023-04-01,1410
Kentucky,2023-04-08,1790
Kentucky,2023-04-15,1524
Kentucky,2023-04-22,995
Kentucky,2023-04-29,4654
Kentucky,2023-05-06,1628
Kentucky,2023-05-13,1489
Kentucky,2023-05-20,1470
Kentucky,2023-05-27,1448
Kentucky,2023-06-03,1708
Kentucky,2023-06-10,1605
Kentucky,2023-06-17,1483
Kentucky,2023-06-24,1344
Kentucky,2023-07-01,3793
Kentucky,2023-07-08,4677
Kentucky,2023-07-15,1947
Kentucky,2023-07-22,1447
Kentucky,2023-07-29,1513
Kentucky,2023-08-05,1434
Kentucky,2023-08-12,1292
Kentucky,2023-08-19,1226
Kentucky,2023-08-26,1321
Kentucky,2023-09-02,1289
Kentucky,2023-09-09,1597
Kentucky,2023-09-16,1222
Kentucky,2023-09-23,1172
Kentucky,2023-09-30,1403
Kentucky,2023-10-07,1465
Kentucky,2023-10-14,1839
Kentucky,2023-10-21,2370
Kentucky,2023-10-28,2492
Kentucky,2023-11-04,1704
Kentucky,2023-11-11,1794
Kentucky,2023-11-18,3719
Kentucky,2023-11-25,2258
Kentucky,2023-12-02,5490
Kentucky,2023-12-09,1783
Kentucky,2023-12-16,2020
Kentucky,2023-12-23,3478
Kentucky,2023-12-30,2765
Kentucky,2024-01-06,2107
Kentucky,2024-01-13,2461
Kentucky,2024-01-20,2367
Kentucky,2024-01-27,2503
Kentucky,2024-02-03,1823
Kentucky,2024-02-10,5087
Kentucky,2024-02-17,1416
Kentucky,2024-02-24,1488
Kentucky,2024-03-02,1426
Kentucky,2024-03-09,1538
Kentucky,2024-03-16,1327
Kentucky,2024-03-23,1254
Kentucky,2024-03-30,1418
Kentucky,2024-04-06,2161
Kentucky,2024-04-13,1479
Kentucky,2024-04-20,1407
Kentucky,2024-04-27,1706
Kentucky,2024-05-04,1498
Kentucky,2024-05-11,1582
Kentucky,2024-05-18,1515
Kentucky,2024-05-25,1476
Kentucky,2024-06-01,1683
Kentucky,2024-06-08,1726
Kentucky,2024-06-15,1517
Kentucky,2024-06-22,1347
Kentucky,2024-06-29,2454
Kentucky,2024-07-06,3532
Kentucky,2024-07-13,5086
Kentucky,2024-07-20,1785
Kentucky,2024-07-27,1683
Kentucky,2024-08-03,1704
Kentucky,2024-08-10,1811
Kentucky,2024-08-17,1395
Kentucky,2024-08-24,1501
Kentucky,2024-08-31,1585
Kentucky,2024-09-07,1318
Kentucky,2024-09-14,1541
Kentucky,2024-09-21,1557
Kentucky,2024-09-28,1390
Kentucky,2024-10-05,3433
Kentucky,2024-10-12,1936
Kentucky,2024-10-19,1490
Kentucky,2024-10-26,1418
Kentucky,2024-11-02,1683
Kentucky,2024-11-09,1673
Kentucky,2024-11-16,1670
Kentucky,2024-11-23,2039
Kentucky,2024-11-30,2770
Kentucky,2024-12-07,2942
Kentucky,2024-12-14,3320
Kentucky,2024-12-21,5455
Kentucky,2024-12-28,4204
Kentucky,2025-01-04,2940
Kentucky,2025-01-11,6590
Kentucky,2025-01-18,3009
Kentucky,2025-01-25,2175
Kentucky,2025-02-01,1729
Kentucky,2025-02-08,2085
Kentucky,2025-02-15,5097
Kentucky,2025-02-22,2023
Kentucky,2025-03-01,2914
Kentucky,2025-03-08,2089
Kentucky,2025-03-15,1533
Kentucky,2025-03-22,2448
Kentucky,2025-03-29,5254
Kentucky,2025-04-05,2299
Kentucky,2025-04-12,6591
Louisiana,2020-01-04,1658
Louisiana,2020-01-11,2521
Louisiana,2020-01-18,2008
Louisiana,2020-01-25,1878
Louisiana,2020-02-01,2058
Louisiana,2020-02-08,1805
Louisiana,2020-02-15,1739
Louisiana,2020-02-22,1798
Louisiana,2020-02-29,1509
Louisiana,2020-03-07,1698
Louisiana,2020-03-14,2255
Louisiana,2020-03-21,72438
Louisiana,2020-03-28,97400
Louisiana,2020-04-04,100621
Louisiana,2020-04-11,79653
Louisiana,2020-04-18,91923
Louisiana,2020-04-25,66141
Louisiana,2020-05-02,50941
Louisiana,2020-05-09,40125
Louisiana,2020-05-16,28545
Louisiana,2020-05-23,23961
Louisiana,2020-05-30,19334
Louisiana,2020-06-06,21879
Louisiana,2020-06-13,23122
Louisiana,2020-06-20,19524
Louisiana,2020-06-27,21976
Louisiana,2020-07-04,31417
Louisiana,2020-07-11,26351
Louisiana,2020-07-18,32079
Louisiana,2020-07-25,18511
Louisiana,2020-08-01,13402
Louisiana,2020-08-08,11131
Louisiana,2020-08-15,14365
Louisiana,2020-08-22,12529
Louisiana,2020-08-29,16191
Louisiana,2020-09-05,24566
Louisiana,2020-09-12,16182
Louisiana,2020-09-19,14842
Louisiana,2020-09-26,16296
Louisiana,2020-10-03,13461
Louisiana,2020-10-10,13577
Louisiana,2020-10-17,13039
Louisiana,2020-10-24,9943
Louisiana,2020-10-31,8419
Louisiana,2020-11-07,10045
Louisiana,2020-11-14,10045
Louisiana,2020-11-21,10045
Louisiana,2020-11-28,11780
Louisiana,2020-12-05,9114
Louisiana,2020-12-12,9289
Louisiana,2020-12-19,7926
Louisiana,2020-12-26,8246
Louisiana,2021-01-02,25365
Louisiana,2021-01-09,21624
Louisiana,2021-01-16,16340
Louisiana,2021-01-23,12004
Louisiana,2021-01-30,10376
Louisiana,2021-02-06,9010
Louisiana,2021-02-13,6458
Louisiana,2021-02-20,6447
Louisiana,2021-02-27,6981
Louisiana,2021-03-06,7100
Louisiana,2021-03-13,7195
Louisiana,2021-03-20,6468
Louisiana,2021-03-27,12845
Louisiana,2021-04-03,12263
Louisiana,2021-04-10,9809
Louisiana,2021-04-17,8829
Louisiana,2021-04-24,7114
Louisiana,2021-05-01,6783
Louisiana,2021-05-08,7129
Louisiana,2021-05-15,6327
Louisiana,2021-05-22,5976
Louisiana,2021-05-29,5573
Louisiana,2021-06-05,5569
Louisiana,2021-06-12,5242
Louisiana,2021-06-19,4278
Louisiana,2021-06-26,4129
Louisiana,2021-07-03,4222
Louisiana,2021-07-10,4558
Louisiana,2021-07-17,5492
Louisiana,2021-07-24,3122
Louisiana,2021-07-31,3228
Louisiana,2021-08-07,2411
Louisiana,2021-08-14,2332
Louisiana,2021-08-21,2217
Louisiana,2021-08-28,2060
Louisiana,2021-09-04,9724
Louisiana,2021-09-11,14042
Louisiana,2021-09-18,7107
Louisiana,2021-09-25,3947
Louisiana,2021-10-02,3130
Louisiana,2021-10-09,3141
Louisiana,2021-10-16,2804
Louisiana,2021-10-23,2102
Louisiana,2021-10-30,3009
Louisiana,2021-11-06,1981
Louisiana,2021-11-13,1682
Louisiana,2021-11-20,2001
Louisiana,2021-11-27,1568
Louisiana,2021-12-04,2183
Louisiana,2021-12-11,1820
Louisiana,2021-12-18,1923
Louisiana,2021-12-25,1623
Louisiana,2022-01-01,1633
Louisiana,2022-01-08,2861
Louisiana,2022-01-15,2550
Louisiana,2022-01-22,1922
Louisiana,2022-01-29,1893
Louisiana,2022-02-05,1720
Louisiana,2022-02-12,1631
Louisiana,2022-02-19,1371
Louisiana,2022-02-26,1327
Louisiana,2022-03-05,1347
Louisiana,2022-03-12,1573
Louisiana,2022-03-19,1457
Louisiana,2022-03-26,1432
Louisiana,2022-04-02,1477
Louisiana,2022-04-09,2047
Louisiana,2022-04-16,1631
Louisiana,2022-04-23,1604
Louisiana,2022-04-30,1645
Louisiana,2022-05-07,1692
Louisiana,2022-05-14,1739
Louisiana,2022-05-21,1838
Louisiana,2022-05-28,2111
Louisiana,2022-06-04,2094
Louisiana,2022-06-11,2312
Louisiana,2022-06-18,2005
Louisiana,2022-06-25,2137
Louisiana,2022-07-02,2151
Louisiana,2022-07-09,2098
Louisiana,2022-07-16,2875
Louisiana,2022-07-23,2370
Louisiana,2022-07-30,2074
Louisiana,2022-08-06,2130
Louisiana,2022-08-13,1962
Louisiana,2022-08-20,1799
Louisiana,2022-08-27,1799
Louisiana,2022-09-03,1725
Louisiana,2022-09-10,1489
Louisiana,2022-09-17,1526
Louisiana,2022-09-24,1543
Louisiana,2022-10-01,1445
Louisiana,2022-10-08,1923
Louisiana,2022-10-15,1723
Louisiana,2022-10-22,1581
Louisiana,2022-10-29,1680
Louisiana,2022-11-05,1796
Louisiana,2022-11-12,1549
Louisiana,2022-11-19,2173
Louisiana,2022-11-26,1444
Louisiana,2022-12-03,2205
Louisiana,2022-12-10,2047
Louisiana,2022-12-17,2078
Louisiana,2022-12-24,1823
Louisiana,2022-12-31,1539
Louisiana,2023-01-07,2124
Louisiana,2023-01-14,2313
Louisiana,2023-01-21,1778
Louisiana,2023-01-28,1840
Louisiana,2023-02-04,1929
Louisiana,2023-02-11,1766
Louisiana,2023-02-18,1576
Louisiana,2023-02-25,1374
Louisiana,2023-03-04,1631
Louisiana,2023-03-11,1715
Louisiana,2023-03-18,1639
Louisiana,2023-03-25,1562
Louisiana,2023-04-01,1663
Louisiana,2023-04-08,1797
Louisiana,2023-04-15,1946
Louisiana,2023-04-22,1666
Louisiana,2023-04-29,1621
Louisiana,2023-05-06,1701
Louisiana,2023-05-13,2079
Louisiana,2023-05-20,1988
Louisiana,2023-05-27,2447
Louisiana,2023-06-03,2770
Louisiana,2023-06-10,2624
Louisiana,2023-06-17,2202
Louisiana,2023-06-24,2191
Louisiana,2023-07-01,2157
Louisiana,2023-07-08,1916
Louisiana,2023-07-15,2402
Louisiana,2023-07-22,2112
Louisiana,2023-07-29,2034
Louisiana,2023-08-05,2038
Louisiana,2023-08-12,1897
Louisiana,2023-08-19,1877
Louisiana,2023-08-26,1830
Louisiana,2023-09-02,1423
Louisiana,2023-09-09,1384
Louisiana,2023-09-16,1630
Louisiana,2023-09-23,1770
Louisiana,2023-09-30,1566
Louisiana,2023-10-07,1590
Louisiana,2023-10-14,1499
Louisiana,2023-10-21,1562
Louisiana,2023-10-28,1736
Louisiana,2023-11-04,1782
Louisiana,2023-11-11,1833
Louisiana,2023-11-18,1979
Louisiana,2023-11-25,1202
Louisiana,2023-12-02,1950
Louisiana,2023-12-09,1784
Louisiana,2023-12-16,1857
Louisiana,2023-12-23,1766
Louisiana,2023-12-30,1273
Louisiana,2024-01-06,1562
Louisiana,2024-01-13,1772
Louisiana,2024-01-20,1192
Louisiana,2024-01-27,1722
Louisiana,2024-02-03,1585
Louisiana,2024-02-10,1541
Louisiana,2024-02-17,1123
Louisiana,2024-02-24,1424
Louisiana,2024-03-02,1551
Louisiana,2024-03-09,1635
Louisiana,2024-03-16,1519
Louisiana,2024-03-23,1512
Louisiana,2024-03-30,1352
Louisiana,2024-04-06,1683
Louisiana,2024-04-13,1597
Louisiana,2024-04-20,1695
Louisiana,2024-04-27,1573
Louisiana,2024-05-04,1360
Louisiana,2024-05-11,1897
Louisiana,2024-05-18,1955
Louisiana,2024-05-25,2184
Louisiana,2024-06-01,2046
Louisiana,2024-06-08,2193
Louisiana,2024-06-15,2020
Louisiana,2024-06-22,2030
Louisiana,2024-06-29,2090
Louisiana,2024-07-06,1634
Louisiana,2024-07-13,2132
Louisiana,2024-07-20,1939
Louisiana,2024-07-27,1838
Louisiana,2024-08-03,1833
Louisiana,2024-08-10,1846
Louisiana,2024-08-17,1761
Louisiana,2024-08-24,1786
Louisiana,2024-08-31,1681
Louisiana,2024-09-07,1545
Louisiana,2024-09-14,1321
Louisiana,2024-09-21,1703
Louisiana,2024-09-28,1664
Louisiana,2024-10-05,1651
Louisiana,2024-10-12,1779
Louisiana,2024-10-19,1583
Louisiana,2024-10-26,1571
Louisiana,2024-11-02,1572
Louisiana,2024-11-09,1534
Louisiana,2024-11-16,1733
Louisiana,2024-11-23,2122
Louisiana,2024-11-30,1423
Louisiana,2024-12-07,2075
Louisiana,2024-12-14,1878
Louisiana,2024-12-21,1592
Louisiana,2024-12-28,1106
Louisiana,2025-01-04,1333
Louisiana,2025-01-11,2070
Louisiana,2025-01-18,1876
Louisiana,2025-01-25,1039
Louisiana,2025-02-01,1689
Louisiana,2025-02-08,1647
Louisiana,2025-02-15,1572
Louisiana,2025-02-22,1668
Louisiana,2025-03-01,1404
Louisiana,2025-03-08,1419
Louisiana,2025-03-15,1524
Louisiana,2025-03-22,1502
Louisiana,2025-03-29,1448
Louisiana,2025-04-05,1508
Louisiana,2025-04-12,1687
Maine,2020-01-04,1663
Maine,2020-01-11,1561
Maine,2020-01-18,959
Maine,2020-01-25,944
Maine,2020-02-01,881
Maine,2020-02-08,702
Maine,2020-02-15,790
Maine,2020-02-22,737
Maine,2020-02-29,862
Maine,2020-03-07,715
Maine,2020-03-14,634
Maine,2020-03-21,21459
Maine,2020-03-28,23770
Maine,2020-04-04,30910
Maine,2020-04-11,13488
Maine,2020-04-18,11769
Maine,2020-04-25,7661
Maine,2020-05-02,6993
Maine,2020-05-09,5579
Maine,2020-05-16,4726
Maine,2020-05-23,16667
Maine,2020-05-30,11151
Maine,2020-06-06,3117
Maine,2020-06-13,3013
Maine,2020-06-20,2911
Maine,2020-06-27,3119
Maine,2020-07-04,2939
Maine,2020-07-11,4696
Maine,2020-07-18,2276
Maine,2020-07-25,2014
Maine,2020-08-01,1722
Maine,2020-08-08,1734
Maine,2020-08-15,1332
Maine,2020-08-22,1120
Maine,2020-08-29,1248
Maine,2020-09-05,1150
Maine,2020-09-12,1435
Maine,2020-09-19,1431
Maine,2020-09-26,1584
Maine,2020-10-03,1702
Maine,2020-10-10,1549
Maine,2020-10-17,1346
Maine,2020-10-24,1479
Maine,2020-10-31,1696
Maine,2020-11-07,2264
Maine,2020-11-14,1997
Maine,2020-11-21,2254
Maine,2020-11-28,1944
Maine,2020-12-05,3005
Maine,2020-12-12,3125
Maine,2020-12-19,2980
Maine,2020-12-26,2667
Maine,2021-01-02,3940
Maine,2021-01-09,3753
Maine,2021-01-16,3312
Maine,2021-01-23,2845
Maine,2021-01-30,2713
Maine,2021-02-06,2172
Maine,2021-02-13,2045
Maine,2021-02-20,2198
Maine,2021-02-27,1677
Maine,2021-03-06,1479
Maine,2021-03-13,1399
Maine,2021-03-20,1450
Maine,2021-03-27,1603
Maine,2021-04-03,2147
Maine,2021-04-10,2060
Maine,2021-04-17,1660
Maine,2021-04-24,1689
Maine,2021-05-01,1391
Maine,2021-05-08,1299
Maine,2021-05-15,1224
Maine,2021-05-22,1003
Maine,2021-05-29,1376
Maine,2021-06-05,1052
Maine,2021-06-12,1355
Maine,2021-06-19,1548
Maine,2021-06-26,1368
Maine,2021-07-03,1252
Maine,2021-07-10,1172
Maine,2021-07-17,1201
Maine,2021-07-24,916
Maine,2021-07-31,809
Maine,2021-08-07,769
Maine,2021-08-14,821
Maine,2021-08-21,755
Maine,2021-08-28,719
Maine,2021-09-04,680
Maine,2021-09-11,565
Maine,2021-09-18,558
Maine,2021-09-25,507
Maine,2021-10-02,600
Maine,2021-10-09,802
Maine,2021-10-16,591
Maine,2021-10-23,697
Maine,2021-10-30,806
Maine,2021-11-06,1000
Maine,2021-11-13,870
Maine,2021-11-20,936
Maine,2021-11-27,813
Maine,2021-12-04,1256
Maine,2021-12-11,1205
Maine,2021-12-18,1055
Maine,2021-12-25,1198
Maine,2022-01-01,1413
Maine,2022-01-08,1608
Maine,2022-01-15,1216
Maine,2022-01-22,904
Maine,2022-01-29,855
Maine,2022-02-05,671
Maine,2022-02-12,744
Maine,2022-02-19,728
Maine,2022-02-26,666
Maine,2022-03-05,664
Maine,2022-03-12,485
Maine,2022-03-19,537
Maine,2022-03-26,605
Maine,2022-04-02,727
Maine,2022-04-09,653
Maine,2022-04-16,505
Maine,2022-04-23,650
Maine,2022-04-30,539
Maine,2022-05-07,455
Maine,2022-05-14,450
Maine,2022-05-21,459
Maine,2022-05-28,378
Maine,2022-06-04,391
Maine,2022-06-11,389
Maine,2022-06-18,494
Maine,2022-06-25,490
Maine,2022-07-02,450
Maine,2022-07-09,638
Maine,2022-07-16,440
Maine,2022-07-23,379
Maine,2022-07-30,390
Maine,2022-08-06,442
Maine,2022-08-13,394
Maine,2022-08-20,372
Maine,2022-08-27,355
Maine,2022-09-03,323
Maine,2022-09-10,338
Maine,2022-09-17,360
Maine,2022-09-24,314
Maine,2022-10-01,375
Maine,2022-10-08,370
Maine,2022-10-15,435
Maine,2022-10-22,493
Maine,2022-10-29,621
Maine,2022-11-05,776
Maine,2022-11-12,647
Maine,2022-11-19,837
Maine,2022-11-26,772
Maine,2022-12-03,1091
Maine,2022-12-10,968
Maine,2022-12-17,844
Maine,2022-12-24,982
Maine,2022-12-31,1199
Maine,2023-01-07,1309
Maine,2023-01-14,1015
Maine,2023-01-21,723
Maine,2023-01-28,626
Maine,2023-02-04,719
Maine,2023-02-11,718
Maine,2023-02-18,636
Maine,2023-02-25,659
Maine,2023-03-04,766
Maine,2023-03-11,782
Maine,2023-03-18,636
Maine,2023-03-25,710
Maine,2023-04-01,690
Maine,2023-04-08,747
Maine,2023-04-15,663
Maine,2023-04-22,749
Maine,2023-04-29,569
Maine,2023-05-06,552
Maine,2023-05-13,463
Maine,2023-05-20,414
Maine,2023-05-27,424
Maine,2023-06-03,394
Maine,2023-06-10,495
Maine,2023-06-17,442
Maine,2023-06-24,532
Maine,2023-07-01,608
Maine,2023-07-08,558
Maine,2023-07-15,553
Maine,2023-07-22,393
Maine,2023-07-29,399
Maine,2023-08-05,385
Maine,2023-08-12,383
Maine,2023-08-19,416
Maine,2023-08-26,367
Maine,2023-09-02,380
Maine,2023-09-09,360
Maine,2023-09-16,337
Maine,2023-09-23,366
Maine,2023-09-30,396
Maine,2023-10-07,420
Maine,2023-10-14,402
Maine,2023-10-21,525
Maine,2023-10-28,579
Maine,2023-11-04,777
Maine,2023-11-11,746
Maine,2023-11-18,851
Maine,2023-11-25,766
Maine,2023-12-02,1157
Maine,2023-12-09,997
Maine,2023-12-16,969
Maine,2023-12-23,812
Maine,2023-12-30,1193
Maine,2024-01-06,1303
Maine,2024-01-13,1018
Maine,2024-01-20,869
Maine,2024-01-27,793
Maine,2024-02-03,780
Maine,2024-02-10,664
Maine,2024-02-17,608
Maine,2024-02-24,744
Maine,2024-03-02,616
Maine,2024-03-09,588
Maine,2024-03-16,602
Maine,2024-03-23,635
Maine,2024-03-30,632
Maine,2024-04-06,532
Maine,2024-04-13,594
Maine,2024-04-20,710
Maine,2024-04-27,545
Maine,2024-05-04,500
Maine,2024-05-11,482
Maine,2024-05-18,468
Maine,2024-05-25,426
Maine,2024-06-01,415
Maine,2024-06-08,446
Maine,2024-06-15,493
Maine,2024-06-22,544
Maine,2024-06-29,632
Maine,2024-07-06,507
Maine,2024-07-13,560
Maine,2024-07-20,419
Maine,2024-07-27,336
Maine,2024-08-03,394
Maine,2024-08-10,416
Maine,2024-08-17,420
Maine,2024-08-24,386
Maine,2024-08-31,391
Maine,2024-09-07,381
Maine,2024-09-14,397
Maine,2024-09-21,376
Maine,2024-09-28,417
Maine,2024-10-05,477
Maine,2024-10-12,487
Maine,2024-10-19,504
Maine,2024-10-26,534
Maine,2024-11-02,698
Maine,2024-11-09,892
Maine,2024-11-16,869
Maine,2024-11-23,968
Maine,2024-11-30,721
Maine,2024-12-07,1234
Maine,2024-12-14,1022
Maine,2024-12-21,1102
Maine,2024-12-28,826
Maine,2025-01-04,1065
Maine,2025-01-11,1025
Maine,2025-01-18,937
Maine,2025-01-25,641
Maine,2025-02-01,726
Maine,2025-02-08,654
Maine,2025-02-15,512
Maine,2025-02-22,620
Maine,2025-03-01,616
Maine,2025-03-08,554
Maine,2025-03-15,577
Maine,2025-03-22,648
Maine,2025-03-29,616
Maine,2025-04-05,666
Maine,2025-04-12,535
Maryland,2020-01-04,3997
Maryland,2020-01-11,4627
Maryland,2020-01-18,3739
Maryland,2020-01-25,3283
Maryland,2020-02-01,3203
Maryland,2020-02-08,3150
Maryland,2020-02-15,3048
Maryland,2020-02-22,2700
Maryland,2020-02-29,2626
Maryland,2020-03-07,2675
Maryland,2020-03-14,3864
Maryland,2020-03-21,42982
Maryland,2020-03-28,85377
Maryland,2020-04-04,109653
Maryland,2020-04-11,63235
Maryland,2020-04-18,48570
Maryland,2020-04-25,37995
Maryland,2020-05-02,63305
Maryland,2020-05-09,45664
Maryland,2020-05-16,35346
Maryland,2020-05-23,34048
Maryland,2020-05-30,31967
Maryland,2020-06-06,41695
Maryland,2020-06-13,23465
Maryland,2020-06-20,32583
Maryland,2020-06-27,22628
Maryland,2020-07-04,33230
Maryland,2020-07-11,19516
Maryland,2020-07-18,17242
Maryland,2020-07-25,13038
Maryland,2020-08-01,10835
Maryland,2020-08-08,8892
Maryland,2020-08-15,9053
Maryland,2020-08-22,7644
Maryland,2020-08-29,7271
Maryland,2020-09-05,7190
Maryland,2020-09-12,7858
Maryland,2020-09-19,5661
Maryland,2020-09-26,9280
Maryland,2020-10-03,10994
Maryland,2020-10-10,12347
Maryland,2020-10-17,11609
Maryland,2020-10-24,10743
Maryland,2020-10-31,10875
Maryland,2020-11-07,11332
Maryland,2020-11-14,11396
Maryland,2020-11-21,13803
Maryland,2020-11-28,9290
Maryland,2020-12-05,10204
Maryland,2020-12-12,11486
Maryland,2020-12-19,13491
Maryland,2020-12-26,13629
Maryland,2021-01-02,11541
Maryland,2021-01-09,23084
Maryland,2021-01-16,31019
Maryland,2021-01-23,33469
Maryland,2021-01-30,36355
Maryland,2021-02-06,19770
Maryland,2021-02-13,9935
Maryland,2021-02-20,8420
Maryland,2021-02-27,7879
Maryland,2021-03-06,7704
Maryland,2021-03-13,8879
Maryland,2021-03-20,10443
Maryland,2021-03-27,10295
Maryland,2021-04-03,8142
Maryland,2021-04-10,8727
Maryland,2021-04-17,7555
Maryland,2021-04-24,8560
Maryland,2021-05-01,5641
Maryland,2021-05-08,5636
Maryland,2021-05-15,5537
Maryland,2021-05-22,5509
Maryland,2021-05-29,10143
Maryland,2021-06-05,8638
Maryland,2021-06-12,10337
Maryland,2021-06-19,11228
Maryland,2021-06-26,7619
Maryland,2021-07-03,8906
Maryland,2021-07-10,6409
Maryland,2021-07-17,5532
Maryland,2021-07-24,3802
Maryland,2021-07-31,3602
Maryland,2021-08-07,5340
Maryland,2021-08-14,5512
Maryland,2021-08-21,7235
Maryland,2021-08-28,6377
Maryland,2021-09-04,5419
Maryland,2021-09-11,7437
Maryland,2021-09-18,9889
Maryland,2021-09-25,4272
Maryland,2021-10-02,2622
Maryland,2021-10-09,4959
Maryland,2021-10-16,3477
Maryland,2021-10-23,3243
Maryland,2021-10-30,3053
Maryland,2021-11-06,2883
Maryland,2021-11-13,2250
Maryland,2021-11-20,2259
Maryland,2021-11-27,2125
Maryland,2021-12-04,2642
Maryland,2021-12-11,2328
Maryland,2021-12-18,2511
Maryland,2021-12-25,3177
Maryland,2022-01-01,3710
Maryland,2022-01-08,4492
Maryland,2022-01-15,3689
Maryland,2022-01-22,3054
Maryland,2022-01-29,2903
Maryland,2022-02-05,3051
Maryland,2022-02-12,2622
Maryland,2022-02-19,1982
Maryland,2022-02-26,1763
Maryland,2022-03-05,1991
Maryland,2022-03-12,1782
Maryland,2022-03-19,1661
Maryland,2022-03-26,2021
Maryland,2022-04-02,1681
Maryland,2022-04-09,2061
Maryland,2022-04-16,2208
Maryland,2022-04-23,2148
Maryland,2022-04-30,1791
Maryland,2022-05-07,1742
Maryland,2022-05-14,1742
Maryland,2022-05-21,1819
Maryland,2022-05-28,1836
Maryland,2022-06-04,1745
Maryland,2022-06-11,2108
Maryland,2022-06-18,2607
Maryland,2022-06-25,2660
Maryland,2022-07-02,2447
Maryland,2022-07-09,2478
Maryland,2022-07-16,2474
Maryland,2022-07-23,2107
Maryland,2022-07-30,2230
Maryland,2022-08-06,2046
Maryland,2022-08-13,1954
Maryland,2022-08-20,1909
Maryland,2022-08-27,1859
Maryland,2022-09-03,1849
Maryland,2022-09-10,1628
Maryland,2022-09-17,1835
Maryland,2022-09-24,1643
Maryland,2022-10-01,1705
Maryland,2022-10-08,1954
Maryland,2022-10-15,1845
Maryland,2022-10-22,1913
Maryland,2022-10-29,1967
Maryland,2022-11-05,2198
Maryland,2022-11-12,1709
Maryland,2022-11-19,2147
Maryland,2022-11-26,1844
Maryland,2022-12-03,2397
Maryland,2022-12-10,2220
Maryland,2022-12-17,2304
Maryland,2022-12-24,2724
Maryland,2022-12-31,3263
Maryland,2023-01-07,2507
Maryland,2023-01-14,2953
Maryland,2023-01-21,1989
Maryland,2023-01-28,1907
Maryland,2023-02-04,1962
Maryland,2023-02-11,1825
Maryland,2023-02-18,1718
Maryland,2023-02-25,1689
Maryland,2023-03-04,1954
Maryland,2023-03-11,1865
Maryland,2023-03-18,1866
Maryland,2023-03-25,2048
Maryland,2023-04-01,1785
Maryland,2023-04-08,2551
Maryland,2023-04-15,2109
Maryland,2023-04-22,2027
Maryland,2023-04-29,1970
Maryland,2023-05-06,2070
Maryland,2023-05-13,1975
Maryland,2023-05-20,1941
Maryland,2023-05-27,1777
Maryland,2023-06-03,1891
Maryland,2023-06-10,2258
Maryland,2023-06-17,3104
Maryland,2023-06-24,2602
Maryland,2023-07-01,2397
Maryland,2023-07-08,2244
Maryland,2023-07-15,2329
Maryland,2023-07-22,2105
Maryland,2023-07-29,2222
Maryland,2023-08-05,2504
Maryland,2023-08-12,2341
Maryland,2023-08-19,2307
Maryland,2023-08-26,2136
Maryland,2023-09-02,2134
Maryland,2023-09-09,1900
Maryland,2023-09-16,2026
Maryland,2023-09-23,1903
Maryland,2023-09-30,2017
Maryland,2023-10-07,2324
Maryland,2023-10-14,2082
Maryland,2023-10-21,2267
Maryland,2023-10-28,2273
Maryland,2023-11-04,2615
Maryland,2023-11-11,2497
Maryland,2023-11-18,2984
Maryland,2023-11-25,2435
Maryland,2023-12-02,2952
Maryland,2023-12-09,2674
Maryland,2023-12-16,2512
Maryland,2023-12-23,3104
Maryland,2023-12-30,3388
Maryland,2024-01-06,2964
Maryland,2024-01-13,3221
Maryland,2024-01-20,2926
Maryland,2024-01-27,3028
Maryland,2024-02-03,2846
Maryland,2024-02-10,3136
Maryland,2024-02-17,2513
Maryland,2024-02-24,2309
Maryland,2024-03-02,2347
Maryland,2024-03-09,2443
Maryland,2024-03-16,2216
Maryland,2024-03-23,2254
Maryland,2024-03-30,3313
Maryland,2024-04-06,2961
Maryland,2024-04-13,2611
Maryland,2024-04-20,2288
Maryland,2024-04-27,2292
Maryland,2024-05-04,2429
Maryland,2024-05-11,2395
Maryland,2024-05-18,2411
Maryland,2024-05-25,2348
Maryland,2024-06-01,2272
Maryland,2024-06-08,2679
Maryland,2024-06-15,3435
Maryland,2024-06-22,3471
Maryland,2024-06-29,2781
Maryland,2024-07-06,2327
Maryland,2024-07-13,2579
Maryland,2024-07-20,2499
Maryland,2024-07-27,2493
Maryland,2024-08-03,2685
Maryland,2024-08-10,2650
Maryland,2024-08-17,2244
Maryland,2024-08-24,2201
Maryland,2024-08-31,2005
Maryland,2024-09-07,2104
Maryland,2024-09-14,2230
Maryland,2024-09-21,2107
Maryland,2024-09-28,2012
Maryland,2024-10-05,2412
Maryland,2024-10-12,2263
Maryland,2024-10-19,2166
Maryland,2024-10-26,2256
Maryland,2024-11-02,2354
Maryland,2024-11-09,2324
Maryland,2024-11-16,2311
Maryland,2024-11-23,2524
Maryland,2024-11-30,2176
Maryland,2024-12-07,2943
Maryland,2024-12-14,2424
Maryland,2024-12-21,2902
Maryland,2024-12-28,3516
Maryland,2025-01-04,2665
Maryland,2025-01-11,2911
Maryland,2025-01-18,2983
Maryland,2025-01-25,2556
Maryland,2025-02-01,2896
Maryland,2025-02-08,3175
Maryland,2025-02-15,2659
Maryland,2025-02-22,2784
Maryland,2025-03-01,2585
Maryland,2025-03-08,3019
Maryland,2025-03-15,2662
Maryland,2025-03-22,2552
Maryland,2025-03-29,2422
Maryland,2025-04-05,2669
Maryland,2025-04-12,2772
Massachusetts,2020-01-04,9464
Massachusetts,2020-01-11,8784
Massachusetts,2020-01-18,6940
Massachusetts,2020-01-25,6022
Massachusetts,2020-02-01,5523
Massachusetts,2020-02-08,5878
Massachusetts,2020-02-15,5393
Massachusetts,2020-02-22,9264
Massachusetts,2020-02-29,4865
Massachusetts,2020-03-07,4712
Massachusetts,2020-03-14,7449
Massachusetts,2020-03-21,148452
Massachusetts,2020-03-28,181423
Massachusetts,2020-04-04,139647
Massachusetts,2020-04-11,103813
Massachusetts,2020-04-18,80969
Massachusetts,2020-04-25,71358
Massachusetts,2020-05-02,55884
Massachusetts,2020-05-09,44915
Massachusetts,2020-05-16,38684
Massachusetts,2020-05-23,38332
Massachusetts,2020-05-30,27630
Massachusetts,2020-06-06,45142
Massachusetts,2020-06-13,30411
Massachusetts,2020-06-20,30005
Massachusetts,2020-06-27,29699
Massachusetts,2020-07-04,27051
Massachusetts,2020-07-11,24131
Massachusetts,2020-07-18,18638
Massachusetts,2020-07-25,19646
Massachusetts,2020-08-01,15637
Massachusetts,2020-08-08,14729
Massachusetts,2020-08-15,17184
Massachusetts,2020-08-22,17594
Massachusetts,2020-08-29,18568
Massachusetts,2020-09-05,18656
Massachusetts,2020-09-12,18388
Massachusetts,2020-09-19,23574
Massachusetts,2020-09-26,25460
Massachusetts,2020-10-03,29481
Massachusetts,2020-10-10,39962
Massachusetts,2020-10-17,45404
Massachusetts,2020-10-24,47887
Massachusetts,2020-10-31,39417
Massachusetts,2020-11-07,42800
Massachusetts,2020-11-14,52659
Massachusetts,2020-11-21,30087
Massachusetts,2020-11-28,24178
Massachusetts,2020-12-05,26573
Massachusetts,2020-12-12,25194
Massachusetts,2020-12-19,21979
Massachusetts,2020-12-26,23388
Massachusetts,2021-01-02,26370
Massachusetts,2021-01-09,31932
Massachusetts,2021-01-16,27069
Massachusetts,2021-01-23,22185
Massachusetts,2021-01-30,20492
Massachusetts,2021-02-06,20500
Massachusetts,2021-02-13,17796
Massachusetts,2021-02-20,16318
Massachusetts,2021-02-27,14770
Massachusetts,2021-03-06,16970
Massachusetts,2021-03-13,19530
Massachusetts,2021-03-20,30916
Massachusetts,2021-03-27,18915
Massachusetts,2021-04-03,20920
Massachusetts,2021-04-10,15131
Massachusetts,2021-04-17,13581
Massachusetts,2021-04-24,15121
Massachusetts,2021-05-01,11881
Massachusetts,2021-05-08,10837
Massachusetts,2021-05-15,9494
Massachusetts,2021-05-22,8659
Massachusetts,2021-05-29,8398
Massachusetts,2021-06-05,8305
Massachusetts,2021-06-12,7898
Massachusetts,2021-06-19,8054
Massachusetts,2021-06-26,10899
Massachusetts,2021-07-03,9121
Massachusetts,2021-07-10,7613
Massachusetts,2021-07-17,7186
Massachusetts,2021-07-24,6533
Massachusetts,2021-07-31,6831
Massachusetts,2021-08-07,7552
Massachusetts,2021-08-14,6406
Massachusetts,2021-08-21,6684
Massachusetts,2021-08-28,5747
Massachusetts,2021-09-04,5961
Massachusetts,2021-09-11,7512
Massachusetts,2021-09-18,7132
Massachusetts,2021-09-25,4819
Massachusetts,2021-10-02,4626
Massachusetts,2021-10-09,4897
Massachusetts,2021-10-16,4708
Massachusetts,2021-10-23,5681
Massachusetts,2021-10-30,5901
Massachusetts,2021-11-06,6529
Massachusetts,2021-11-13,8798
Massachusetts,2021-11-20,7388
Massachusetts,2021-11-27,6855
Massachusetts,2021-12-04,7799
Massachusetts,2021-12-11,7465
Massachusetts,2021-12-18,7623
Massachusetts,2021-12-25,9883
Massachusetts,2022-01-01,13616
Massachusetts,2022-01-08,11537
Massachusetts,2022-01-15,9510
Massachusetts,2022-01-22,7392
Massachusetts,2022-01-29,6071
Massachusetts,2022-02-05,5988
Massachusetts,2022-02-12,5264
Massachusetts,2022-02-19,4694
Massachusetts,2022-02-26,7895
Massachusetts,2022-03-05,5580
Massachusetts,2022-03-12,4464
Massachusetts,2022-03-19,3808
Massachusetts,2022-03-26,3817
Massachusetts,2022-04-02,3555
Massachusetts,2022-04-09,4181
Massachusetts,2022-04-16,3984
Massachusetts,2022-04-23,7475
Massachusetts,2022-04-30,4446
Massachusetts,2022-05-07,3831
Massachusetts,2022-05-14,4084
Massachusetts,2022-05-21,4081
Massachusetts,2022-05-28,4130
Massachusetts,2022-06-04,3737
Massachusetts,2022-06-11,3868
Massachusetts,2022-06-18,4350
Massachusetts,2022-06-25,7567
Massachusetts,2022-07-02,7949
Massachusetts,2022-07-09,8930
Massachusetts,2022-07-16,1507
Massachusetts,2022-07-23,1323
Massachusetts,2022-07-30,1326
Massachusetts,2022-08-06,1443
Massachusetts,2022-08-13,1252
Massachusetts,2022-08-20,1152
Massachusetts,2022-08-27,1061
Massachusetts,2022-09-03,1221
Massachusetts,2022-09-10,1085
Massachusetts,2022-09-17,1180
Massachusetts,2022-09-24,1183
Massachusetts,2022-10-01,3428
Massachusetts,2022-10-08,4300
Massachusetts,2022-10-15,3951
Massachusetts,2022-10-22,4531
Massachusetts,2022-10-29,4675
Massachusetts,2022-11-05,5416
Massachusetts,2022-11-12,5284
Massachusetts,2022-11-19,5860
Massachusetts,2022-11-26,5990
Massachusetts,2022-12-03,7491
Massachusetts,2022-12-10,7450
Massachusetts,2022-12-17,8955
Massachusetts,2022-12-24,9700
Massachusetts,2022-12-31,12370
Massachusetts,2023-01-07,10785
Massachusetts,2023-01-14,8815
Massachusetts,2023-01-21,6963
Massachusetts,2023-01-28,6963
Massachusetts,2023-02-04,6727
Massachusetts,2023-02-11,7470
Massachusetts,2023-02-18,6834
Massachusetts,2023-02-25,2530
Massachusetts,2023-03-04,1446
Massachusetts,2023-03-11,2633
Massachusetts,2023-03-18,2363
Massachusetts,2023-03-25,4038
Massachusetts,2023-04-01,3893
Massachusetts,2023-04-08,4428
Massachusetts,2023-04-15,4160
Massachusetts,2023-04-22,4108
Massachusetts,2023-04-29,2939
Massachusetts,2023-05-06,5490
Massachusetts,2023-05-13,3830
Massachusetts,2023-05-20,1703
Massachusetts,2023-05-27,1805
Massachusetts,2023-06-03,2347
Massachusetts,2023-06-10,1692
Massachusetts,2023-06-17,1856
Massachusetts,2023-06-24,2330
Massachusetts,2023-07-01,3445
Massachusetts,2023-07-08,3560
Massachusetts,2023-07-15,3077
Massachusetts,2023-07-22,2926
Massachusetts,2023-07-29,2510
Massachusetts,2023-08-05,2538
Massachusetts,2023-08-12,2129
Massachusetts,2023-08-19,2144
Massachusetts,2023-08-26,2218
Massachusetts,2023-09-02,2564
Massachusetts,2023-09-09,2225
Massachusetts,2023-09-16,2182
Massachusetts,2023-09-23,2233
Massachusetts,2023-09-30,2087
Massachusetts,2023-10-07,2489
Massachusetts,2023-10-14,2390
Massachusetts,2023-10-21,2574
Massachusetts,2023-10-28,2521
Massachusetts,2023-11-04,3018
Massachusetts,2023-11-11,6037
Massachusetts,2023-11-18,6415
Massachusetts,2023-11-25,6673
Massachusetts,2023-12-02,7576
Massachusetts,2023-12-09,7874
Massachusetts,2023-12-16,8306
Massachusetts,2023-12-23,9760
Massachusetts,2023-12-30,12511
Massachusetts,2024-01-06,9170
Massachusetts,2024-01-13,8555
Massachusetts,2024-01-20,7630
Massachusetts,2024-01-27,6732
Massachusetts,2024-02-03,6131
Massachusetts,2024-02-10,5646
Massachusetts,2024-02-17,5296
Massachusetts,2024-02-24,9328
Massachusetts,2024-03-02,5434
Massachusetts,2024-03-09,5129
Massachusetts,2024-03-16,4671
Massachusetts,2024-03-23,4704
Massachusetts,2024-03-30,5218
Massachusetts,2024-04-06,5030
Massachusetts,2024-04-13,4538
Massachusetts,2024-04-20,8113
Massachusetts,2024-04-27,4807
Massachusetts,2024-05-04,4618
Massachusetts,2024-05-11,4981
Massachusetts,2024-05-18,4639
Massachusetts,2024-05-25,4699
Massachusetts,2024-06-01,4506
Massachusetts,2024-06-08,4870
Massachusetts,2024-06-15,5226
Massachusetts,2024-06-22,9011
Massachusetts,2024-06-29,9039
Massachusetts,2024-07-06,8033
Massachusetts,2024-07-13,6502
Massachusetts,2024-07-20,4602
Massachusetts,2024-07-27,6729
Massachusetts,2024-08-03,6347
Massachusetts,2024-08-10,5375
Massachusetts,2024-08-17,5035
Massachusetts,2024-08-24,5783
Massachusetts,2024-08-31,8013
Massachusetts,2024-09-07,7276
Massachusetts,2024-09-14,5307
Massachusetts,2024-09-21,4776
Massachusetts,2024-09-28,4941
Massachusetts,2024-10-05,4929
Massachusetts,2024-10-12,5702
Massachusetts,2024-10-19,5272
Massachusetts,2024-10-26,5084
Massachusetts,2024-11-02,5589
Massachusetts,2024-11-09,6588
Massachusetts,2024-11-16,5924
Massachusetts,2024-11-23,6626
Massachusetts,2024-11-30,6735
Massachusetts,2024-12-07,9425
Massachusetts,2024-12-14,8870
Massachusetts,2024-12-21,10663
Massachusetts,2024-12-28,14274
Massachusetts,2025-01-04,10073
Massachusetts,2025-01-11,9908
Massachusetts,2025-01-18,7886
Massachusetts,2025-01-25,6601
Massachusetts,2025-02-01,5747
Massachusetts,2025-02-08,6077
Massachusetts,2025-02-15,5448
Massachusetts,2025-02-22,9256
Massachusetts,2025-03-01,5371
Massachusetts,2025-03-08,5485
Massachusetts,2025-03-15,4854
Massachusetts,2025-03-22,4879
Massachusetts,2025-03-29,4276
Massachusetts,2025-04-05,4892
Massachusetts,2025-04-12,4855
Michigan,2020-01-04,13207
Michigan,2020-01-11,14245
Michigan,2020-01-18,10304
Michigan,2020-01-25,7678
Michigan,2020-02-01,6869
Michigan,2020-02-08,6627
Michigan,2020-02-15,5587
Michigan,2020-02-22,5942
Michigan,2020-02-29,5419
Michigan,2020-03-07,5150
Michigan,2020-03-14,5338
Michigan,2020-03-21,128006
Michigan,2020-03-28,304335
Michigan,2020-04-04,388554
Michigan,2020-04-11,222207
Michigan,2020-04-18,136707
Michigan,2020-04-25,82004
Michigan,2020-05-02,67399
Michigan,2020-05-09,55166
Michigan,2020-05-16,56715
Michigan,2020-05-23,64574
Michigan,2020-05-30,39290
Michigan,2020-06-06,27836
Michigan,2020-06-13,21293
Michigan,2020-06-20,19641
Michigan,2020-06-27,38309
Michigan,2020-07-04,34602
Michigan,2020-07-11,27720
Michigan,2020-07-18,24596
Michigan,2020-07-25,23219
Michigan,2020-08-01,19842
Michigan,2020-08-08,18997
Michigan,2020-08-15,20188
Michigan,2020-08-22,19997
Michigan,2020-08-29,18838
Michigan,2020-09-05,17844
Michigan,2020-09-12,19571
Michigan,2020-09-19,17402
Michigan,2020-09-26,19760
Michigan,2020-10-03,17699
Michigan,2020-10-10,15084
Michigan,2020-10-17,12640
Michigan,2020-10-24,18082
Michigan,2020-10-31,15015
Michigan,2020-11-07,15320
Michigan,2020-11-14,16656
Michigan,2020-11-21,33941
Michigan,2020-11-28,22965
Michigan,2020-12-05,23408
Michigan,2020-12-12,19465
Michigan,2020-12-19,19194
Michigan,2020-12-26,19818
Michigan,2021-01-02,30456
Michigan,2021-01-09,24654
Michigan,2021-01-16,21830
Michigan,2021-01-23,18446
Michigan,2021-01-30,18601
Michigan,2021-02-06,19881
Michigan,2021-02-13,18318
Michigan,2021-02-20,14376
Michigan,2021-02-27,11497
Michigan,2021-03-06,11393
Michigan,2021-03-13,12285
Michigan,2021-03-20,12765
Michigan,2021-03-27,11143
Michigan,2021-04-03,14507
Michigan,2021-04-10,16470
Michigan,2021-04-17,22770
Michigan,2021-04-24,31004
Michigan,2021-05-01,31356
Michigan,2021-05-08,17366
Michigan,2021-05-15,13806
Michigan,2021-05-22,11201
Michigan,2021-05-29,12865
Michigan,2021-06-05,12802
Michigan,2021-06-12,7187
Michigan,2021-06-19,9049
Michigan,2021-06-26,6169
Michigan,2021-07-03,6487
Michigan,2021-07-10,7465
Michigan,2021-07-17,21012
Michigan,2021-07-24,21461
Michigan,2021-07-31,18401
Michigan,2021-08-07,14308
Michigan,2021-08-14,12282
Michigan,2021-08-21,5525
Michigan,2021-08-28,6306
Michigan,2021-09-04,11624
Michigan,2021-09-11,10967
Michigan,2021-09-18,12295
Michigan,2021-09-25,19080
Michigan,2021-10-02,15040
Michigan,2021-10-09,18713
Michigan,2021-10-16,14630
Michigan,2021-10-23,12125
Michigan,2021-10-30,11394
Michigan,2021-11-06,12958
Michigan,2021-11-13,9728
Michigan,2021-11-20,11654
Michigan,2021-11-27,9014
Michigan,2021-12-04,13196
Michigan,2021-12-11,11987
Michigan,2021-12-18,12828
Michigan,2021-12-25,15268
Michigan,2022-01-01,19191
Michigan,2022-01-08,18033
Michigan,2022-01-15,12478
Michigan,2022-01-22,9673
Michigan,2022-01-29,10911
Michigan,2022-02-05,13795
Michigan,2022-02-12,14404
Michigan,2022-02-19,17904
Michigan,2022-02-26,8743
Michigan,2022-03-05,7696
Michigan,2022-03-12,9764
Michigan,2022-03-19,4888
Michigan,2022-03-26,8433
Michigan,2022-04-02,5942
Michigan,2022-04-09,11892
Michigan,2022-04-16,8383
Michigan,2022-04-23,6496
Michigan,2022-04-30,7588
Michigan,2022-05-07,7025
Michigan,2022-05-14,6641
Michigan,2022-05-21,6117
Michigan,2022-05-28,6699
Michigan,2022-06-04,4568
Michigan,2022-06-11,6155
Michigan,2022-06-18,8004
Michigan,2022-06-25,6321
Michigan,2022-07-02,11425
Michigan,2022-07-09,11423
Michigan,2022-07-16,10219
Michigan,2022-07-23,8213
Michigan,2022-07-30,6788
Michigan,2022-08-06,5713
Michigan,2022-08-13,6031
Michigan,2022-08-20,5317
Michigan,2022-08-27,6516
Michigan,2022-09-03,4384
Michigan,2022-09-10,4040
Michigan,2022-09-17,10142
Michigan,2022-09-24,4427
Michigan,2022-10-01,5174
Michigan,2022-10-08,6414
Michigan,2022-10-15,6484
Michigan,2022-10-22,5680
Michigan,2022-10-29,5753
Michigan,2022-11-05,6649
Michigan,2022-11-12,6310
Michigan,2022-11-19,9341
Michigan,2022-11-26,7425
Michigan,2022-12-03,9300
Michigan,2022-12-10,9247
Michigan,2022-12-17,9316
Michigan,2022-12-24,10186
Michigan,2022-12-31,13508
Michigan,2023-01-07,15300
Michigan,2023-01-14,9796
Michigan,2023-01-21,7510
Michigan,2023-01-28,7151
Michigan,2023-02-04,7477
Michigan,2023-02-11,8827
Michigan,2023-02-18,6306
Michigan,2023-02-25,5286
Michigan,2023-03-04,5342
Michigan,2023-03-11,5375
Michigan,2023-03-18,4731
Michigan,2023-03-25,9267
Michigan,2023-04-01,5986
Michigan,2023-04-08,5470
Michigan,2023-04-15,4520
Michigan,2023-04-22,5145
Michigan,2023-04-29,4737
Michigan,2023-05-06,5687
Michigan,2023-05-13,5757
Michigan,2023-05-20,4733
Michigan,2023-05-27,4368
Michigan,2023-06-03,4212
Michigan,2023-06-10,4713
Michigan,2023-06-17,5555
Michigan,2023-06-24,5464
Michigan,2023-07-01,12256
Michigan,2023-07-08,10822
Michigan,2023-07-15,7202
Michigan,2023-07-22,5302
Michigan,2023-07-29,4714
Michigan,2023-08-05,5613
Michigan,2023-08-12,4484
Michigan,2023-08-19,4222
Michigan,2023-08-26,4944
Michigan,2023-09-02,4412
Michigan,2023-09-09,4454
Michigan,2023-09-16,4337
Michigan,2023-09-23,5619
Michigan,2023-09-30,6028
Michigan,2023-10-07,8067
Michigan,2023-10-14,7619
Michigan,2023-10-21,6879
Michigan,2023-10-28,9106
Michigan,2023-11-04,9070
Michigan,2023-11-11,8676
Michigan,2023-11-18,8639
Michigan,2023-11-25,7165
Michigan,2023-12-02,9804
Michigan,2023-12-09,10083
Michigan,2023-12-16,10663
Michigan,2023-12-23,10622
Michigan,2023-12-30,13391
Michigan,2024-01-06,14847
Michigan,2024-01-13,10420
Michigan,2024-01-20,10395
Michigan,2024-01-27,10242
Michigan,2024-02-03,8751
Michigan,2024-02-10,7849
Michigan,2024-02-17,5944
Michigan,2024-02-24,4964
Michigan,2024-03-02,5943
Michigan,2024-03-09,5768
Michigan,2024-03-16,6972
Michigan,2024-03-23,5650
Michigan,2024-03-30,5304
Michigan,2024-04-06,5231
Michigan,2024-04-13,4780
Michigan,2024-04-20,4824
Michigan,2024-04-27,5154
Michigan,2024-05-04,5529
Michigan,2024-05-11,5016
Michigan,2024-05-18,5791
Michigan,2024-05-25,7348
Michigan,2024-06-01,4642
Michigan,2024-06-08,6378
Michigan,2024-06-15,7078
Michigan,2024-06-22,5964
Michigan,2024-06-29,7097
Michigan,2024-07-06,17675
Michigan,2024-07-13,17563
Michigan,2024-07-20,10622
Michigan,2024-07-27,14649
Michigan,2024-08-03,7219
Michigan,2024-08-10,7803
Michigan,2024-08-17,4956
Michigan,2024-08-24,6278
Michigan,2024-08-31,5771
Michigan,2024-09-07,4729
Michigan,2024-09-14,5516
Michigan,2024-09-21,5593
Michigan,2024-09-28,6780
Michigan,2024-10-05,16169
Michigan,2024-10-12,8252
Michigan,2024-10-19,6497
Michigan,2024-10-26,8219
Michigan,2024-11-02,11658
Michigan,2024-11-09,7586
Michigan,2024-11-16,7717
Michigan,2024-11-23,9693
Michigan,2024-11-30,9561
Michigan,2024-12-07,11948
Michigan,2024-12-14,9828
Michigan,2024-12-21,11539
Michigan,2024-12-28,19420
Michigan,2025-01-04,12380
Michigan,2025-01-11,27365
Michigan,2025-01-18,18014
Michigan,2025-01-25,8425
Michigan,2025-02-01,7932
Michigan,2025-02-08,7274
Michigan,2025-02-15,7726
Michigan,2025-02-22,7559
Michigan,2025-03-01,5626
Michigan,2025-03-08,6536
Michigan,2025-03-15,9378
Michigan,2025-03-22,5338
Michigan,2025-03-29,5029
Michigan,2025-04-05,5610
Michigan,2025-04-12,6622
Minnesota,2020-01-04,7293
Minnesota,2020-01-11,5933
Minnesota,2020-01-18,4463
Minnesota,2020-01-25,3931
Minnesota,2020-02-01,3700
Minnesota,2020-02-08,4108
Minnesota,2020-02-15,3641
Minnesota,2020-02-22,3539
Minnesota,2020-02-29,3410
Minnesota,2020-03-07,3488
Minnesota,2020-03-14,4010
Minnesota,2020-03-21,115773
Minnesota,2020-03-28,109095
Minnesota,2020-04-04,110260
Minnesota,2020-04-11,93133
Minnesota,2020-04-18,74829
Minnesota,2020-04-25,48595
Minnesota,2020-05-02,41492
Minnesota,2020-05-09,37669
Minnesota,2020-05-16,28893
Minnesota,2020-05-23,27211
Minnesota,2020-05-30,21654
Minnesota,2020-06-06,28311
Minnesota,2020-06-13,24696
Minnesota,2020-06-20,20487
Minnesota,2020-06-27,19373
Minnesota,2020-07-04,19362
Minnesota,2020-07-11,21637
Minnesota,2020-07-18,17706
Minnesota,2020-07-25,15311
Minnesota,2020-08-01,12315
Minnesota,2020-08-08,9087
Minnesota,2020-08-15,12081
Minnesota,2020-08-22,10817
Minnesota,2020-08-29,10295
Minnesota,2020-09-05,11038
Minnesota,2020-09-12,11181
Minnesota,2020-09-19,10901
Minnesota,2020-09-26,9339
Minnesota,2020-10-03,9697
Minnesota,2020-10-10,9340
Minnesota,2020-10-17,9833
Minnesota,2020-10-24,11681
Minnesota,2020-10-31,12499
Minnesota,2020-11-07,11820
Minnesota,2020-11-14,15428
Minnesota,2020-11-21,22914
Minnesota,2020-11-28,24527
Minnesota,2020-12-05,25177
Minnesota,2020-12-12,16019
Minnesota,2020-12-19,14297
Minnesota,2020-12-26,16271
Minnesota,2021-01-02,17482
Minnesota,2021-01-09,17301
Minnesota,2021-01-16,13739
Minnesota,2021-01-23,11819
Minnesota,2021-01-30,11736
Minnesota,2021-02-06,12247
Minnesota,2021-02-13,12111
Minnesota,2021-02-20,10809
Minnesota,2021-02-27,8806
Minnesota,2021-03-06,8111
Minnesota,2021-03-13,9103
Minnesota,2021-03-20,8375
Minnesota,2021-03-27,10495
Minnesota,2021-04-03,10492
Minnesota,2021-04-10,5481
Minnesota,2021-04-17,5330
Minnesota,2021-04-24,4658
Minnesota,2021-05-01,4310
Minnesota,2021-05-08,4062
Minnesota,2021-05-15,5868
Minnesota,2021-05-22,5478
Minnesota,2021-05-29,4869
Minnesota,2021-06-05,4700
Minnesota,2021-06-12,4974
Minnesota,2021-06-19,4489
Minnesota,2021-06-26,4001
Minnesota,2021-07-03,4109
Minnesota,2021-07-10,4036
Minnesota,2021-07-17,4339
Minnesota,2021-07-24,3326
Minnesota,2021-07-31,3317
Minnesota,2021-08-07,3636
Minnesota,2021-08-14,3789
Minnesota,2021-08-21,3803
Minnesota,2021-08-28,3663
Minnesota,2021-09-04,3881
Minnesota,2021-09-11,2987
Minnesota,2021-09-18,3660
Minnesota,2021-09-25,5662
Minnesota,2021-10-02,4380
Minnesota,2021-10-09,4261
Minnesota,2021-10-16,3996
Minnesota,2021-10-23,3909
Minnesota,2021-10-30,4794
Minnesota,2021-11-06,5499
Minnesota,2021-11-13,6701
Minnesota,2021-11-20,8166
Minnesota,2021-11-27,6974
Minnesota,2021-12-04,9373
Minnesota,2021-12-11,7827
Minnesota,2021-12-18,7265
Minnesota,2021-12-25,7872
Minnesota,2022-01-01,8094
Minnesota,2022-01-08,9499
Minnesota,2022-01-15,6571
Minnesota,2022-01-22,5320
Minnesota,2022-01-29,4997
Minnesota,2022-02-05,4413
Minnesota,2022-02-12,3822
Minnesota,2022-02-19,3227
Minnesota,2022-02-26,3140
Minnesota,2022-03-05,3594
Minnesota,2022-03-12,3129
Minnesota,2022-03-19,3042
Minnesota,2022-03-26,3100
Minnesota,2022-04-02,3188
Minnesota,2022-04-09,3132
Minnesota,2022-04-16,3165
Minnesota,2022-04-23,2712
Minnesota,2022-04-30,2651
Minnesota,2022-05-07,2905
Minnesota,2022-05-14,2945
Minnesota,2022-05-21,2951
Minnesota,2022-05-28,2721
Minnesota,2022-06-04,2756
Minnesota,2022-06-11,3172
Minnesota,2022-06-18,2831
Minnesota,2022-06-25,2569
Minnesota,2022-07-02,2702
Minnesota,2022-07-09,2842
Minnesota,2022-07-16,3179
Minnesota,2022-07-23,2375
Minnesota,2022-07-30,2323
Minnesota,2022-08-06,2437
Minnesota,2022-08-13,2499
Minnesota,2022-08-20,2491
Minnesota,2022-08-27,2285
Minnesota,2022-09-03,2336
Minnesota,2022-09-10,2248
Minnesota,2022-09-17,2528
Minnesota,2022-09-24,2201
Minnesota,2022-10-01,2203
Minnesota,2022-10-08,2658
Minnesota,2022-10-15,2552
Minnesota,2022-10-22,2874
Minnesota,2022-10-29,3330
Minnesota,2022-11-05,4126
Minnesota,2022-11-12,6097
Minnesota,2022-11-19,8993
Minnesota,2022-11-26,6820
Minnesota,2022-12-03,8141
Minnesota,2022-12-10,6510
Minnesota,2022-12-17,6163
Minnesota,2022-12-24,6967
Minnesota,2022-12-31,6087
Minnesota,2023-01-07,6336
Minnesota,2023-01-14,5147
Minnesota,2023-01-21,4024
Minnesota,2023-01-28,4188
Minnesota,2023-02-04,4300
Minnesota,2023-02-11,4983
Minnesota,2023-02-18,3504
Minnesota,2023-02-25,3436
Minnesota,2023-03-04,4461
Minnesota,2023-03-11,3419
Minnesota,2023-03-18,3393
Minnesota,2023-03-25,3515
Minnesota,2023-04-01,3330
Minnesota,2023-04-08,3580
Minnesota,2023-04-15,3214
Minnesota,2023-04-22,2901
Minnesota,2023-04-29,3264
Minnesota,2023-05-06,2885
Minnesota,2023-05-13,2898
Minnesota,2023-05-20,2855
Minnesota,2023-05-27,2817
Minnesota,2023-06-03,5510
Minnesota,2023-06-10,9163
Minnesota,2023-06-17,7587
Minnesota,2023-06-24,5097
Minnesota,2023-07-01,4861
Minnesota,2023-07-08,4103
Minnesota,2023-07-15,4755
Minnesota,2023-07-22,3232
Minnesota,2023-07-29,3284
Minnesota,2023-08-05,3626
Minnesota,2023-08-12,3299
Minnesota,2023-08-19,3092
Minnesota,2023-08-26,2882
Minnesota,2023-09-02,2964
Minnesota,2023-09-09,2836
Minnesota,2023-09-16,2880
Minnesota,2023-09-23,2613
Minnesota,2023-09-30,2770
Minnesota,2023-10-07,3161
Minnesota,2023-10-14,2900
Minnesota,2023-10-21,3072
Minnesota,2023-10-28,3839
Minnesota,2023-11-04,5116
Minnesota,2023-11-11,6130
Minnesota,2023-11-18,6416
Minnesota,2023-11-25,6244
Minnesota,2023-12-02,9390
Minnesota,2023-12-09,7277
Minnesota,2023-12-16,6777
Minnesota,2023-12-23,6626
Minnesota,2023-12-30,6720
Minnesota,2024-01-06,8193
Minnesota,2024-01-13,6062
Minnesota,2024-01-20,5110
Minnesota,2024-01-27,5028
Minnesota,2024-02-03,4050
Minnesota,2024-02-10,3981
Minnesota,2024-02-17,3568
Minnesota,2024-02-24,3480
Minnesota,2024-03-02,3674
Minnesota,2024-03-09,3757
Minnesota,2024-03-16,3599
Minnesota,2024-03-23,3459
Minnesota,2024-03-30,3712
Minnesota,2024-04-06,4520
Minnesota,2024-04-13,3246
Minnesota,2024-04-20,3036
Minnesota,2024-04-27,3057
Minnesota,2024-05-04,3181
Minnesota,2024-05-11,3723
Minnesota,2024-05-18,3201
Minnesota,2024-05-25,3957
Minnesota,2024-06-01,6745
Minnesota,2024-06-08,11142
Minnesota,2024-06-15,9668
Minnesota,2024-06-22,6675
Minnesota,2024-06-29,5944
Minnesota,2024-07-06,4866
Minnesota,2024-07-13,5536
Minnesota,2024-07-20,3194
Minnesota,2024-07-27,3681
Minnesota,2024-08-03,3777
Minnesota,2024-08-10,3507
Minnesota,2024-08-17,3372
Minnesota,2024-08-24,3256
Minnesota,2024-08-31,3307
Minnesota,2024-09-07,3555
Minnesota,2024-09-14,3381
Minnesota,2024-09-21,3015
Minnesota,2024-09-28,3172
Minnesota,2024-10-05,3408
Minnesota,2024-10-12,3380
Minnesota,2024-10-19,3445
Minnesota,2024-10-26,3851
Minnesota,2024-11-02,4273
Minnesota,2024-11-09,6162
Minnesota,2024-11-16,6543
Minnesota,2024-11-23,8042
Minnesota,2024-11-30,7360
Minnesota,2024-12-07,10657
Minnesota,2024-12-14,7573
Minnesota,2024-12-21,7205
Minnesota,2024-12-28,6707
Minnesota,2025-01-04,8887
Minnesota,2025-01-11,6841
Minnesota,2025-01-18,5084
Minnesota,2025-01-25,4635
Minnesota,2025-02-01,4750
Minnesota,2025-02-08,4479
Minnesota,2025-02-15,4562
Minnesota,2025-02-22,4980
Minnesota,2025-03-01,4349
Minnesota,2025-03-08,3926
Minnesota,2025-03-15,4107
Minnesota,2025-03-22,3770
Minnesota,2025-03-29,3695
Minnesota,2025-04-05,4035
Minnesota,2025-04-12,3906
Mississippi,2020-01-04,1178
Mississippi,2020-01-11,1515
Mississippi,2020-01-18,1135
Mississippi,2020-01-25,993
Mississippi,2020-02-01,963
Mississippi,2020-02-08,968
Mississippi,2020-02-15,861
Mississippi,2020-02-22,827
Mississippi,2020-02-29,744
Mississippi,2020-03-07,879
Mississippi,2020-03-14,1147
Mississippi,2020-03-21,5519
Mississippi,2020-03-28,32015
Mississippi,2020-04-04,45852
Mississippi,2020-04-11,45748
Mississippi,2020-04-18,36913
Mississippi,2020-04-25,29906
Mississippi,2020-05-02,25745
Mississippi,2020-05-09,23618
Mississippi,2020-05-16,24242
Mississippi,2020-05-23,23856
Mississippi,2020-05-30,24014
Mississippi,2020-06-06,21283
Mississippi,2020-06-13,18407
Mississippi,2020-06-20,15230
Mississippi,2020-06-27,13673
Mississippi,2020-07-04,11266
Mississippi,2020-07-11,12223
Mississippi,2020-07-18,12094
Mississippi,2020-07-25,9169
Mississippi,2020-08-01,6777
Mississippi,2020-08-08,5452
Mississippi,2020-08-15,6496
Mississippi,2020-08-22,4496
Mississippi,2020-08-29,4465
Mississippi,2020-09-05,4363
Mississippi,2020-09-12,4535
Mississippi,2020-09-19,5180
Mississippi,2020-09-26,4653
Mississippi,2020-10-03,4032
Mississippi,2020-10-10,3657
Mississippi,2020-10-17,3609
Mississippi,2020-10-24,3231
Mississippi,2020-10-31,3619
Mississippi,2020-11-07,3690
Mississippi,2020-11-14,3364
Mississippi,2020-11-21,3879
Mississippi,2020-11-28,3373
Mississippi,2020-12-05,5075
Mississippi,2020-12-12,5090
Mississippi,2020-12-19,4639
Mississippi,2020-12-26,5205
Mississippi,2021-01-02,6360
Mississippi,2021-01-09,9872
Mississippi,2021-01-16,8167
Mississippi,2021-01-23,6849
Mississippi,2021-01-30,3742
Mississippi,2021-02-06,7538
Mississippi,2021-02-13,6362
Mississippi,2021-02-20,9628
Mississippi,2021-02-27,17952
Mississippi,2021-03-06,7403
Mississippi,2021-03-13,5286
Mississippi,2021-03-20,4463
Mississippi,2021-03-27,4937
Mississippi,2021-04-03,5751
Mississippi,2021-04-10,4423
Mississippi,2021-04-17,3998
Mississippi,2021-04-24,3983
Mississippi,2021-05-01,3528
Mississippi,2021-05-08,4053
Mississippi,2021-05-15,3455
Mississippi,2021-05-22,2766
Mississippi,2021-05-29,2830
Mississippi,2021-06-05,2798
Mississippi,2021-06-12,2485
Mississippi,2021-06-19,1686
Mississippi,2021-06-26,1681
Mississippi,2021-07-03,2194
Mississippi,2021-07-10,2936
Mississippi,2021-07-17,2594
Mississippi,2021-07-24,2250
Mississippi,2021-07-31,2371
Mississippi,2021-08-07,2278
Mississippi,2021-08-14,2283
Mississippi,2021-08-21,2170
Mississippi,2021-08-28,2048
Mississippi,2021-09-04,1719
Mississippi,2021-09-11,1518
Mississippi,2021-09-18,1598
Mississippi,2021-09-25,1603
Mississippi,2021-10-02,1204
Mississippi,2021-10-09,1460
Mississippi,2021-10-16,1283
Mississippi,2021-10-23,1223
Mississippi,2021-10-30,1209
Mississippi,2021-11-06,1241
Mississippi,2021-11-13,1158
Mississippi,2021-11-20,1166
Mississippi,2021-11-27,1106
Mississippi,2021-12-04,1468
Mississippi,2021-12-11,1251
Mississippi,2021-12-18,1410
Mississippi,2021-12-25,1078
Mississippi,2022-01-01,1428
Mississippi,2022-01-08,1781
Mississippi,2022-01-15,1507
Mississippi,2022-01-22,1204
Mississippi,2022-01-29,1097
Mississippi,2022-02-05,1049
Mississippi,2022-02-12,961
Mississippi,2022-02-19,854
Mississippi,2022-02-26,767
Mississippi,2022-03-05,846
Mississippi,2022-03-12,920
Mississippi,2022-03-19,968
Mississippi,2022-03-26,846
Mississippi,2022-04-02,889
Mississippi,2022-04-09,1151
Mississippi,2022-04-16,910
Mississippi,2022-04-23,979
Mississippi,2022-04-30,863
Mississippi,2022-05-07,1051
Mississippi,2022-05-14,1194
Mississippi,2022-05-21,1675
Mississippi,2022-05-28,3610
Mississippi,2022-06-04,1887
Mississippi,2022-06-11,1741
Mississippi,2022-06-18,1305
Mississippi,2022-06-25,1183
Mississippi,2022-07-02,2547
Mississippi,2022-07-09,1869
Mississippi,2022-07-16,1935
Mississippi,2022-07-23,1355
Mississippi,2022-07-30,1159
Mississippi,2022-08-06,1231
Mississippi,2022-08-13,1135
Mississippi,2022-08-20,1140
Mississippi,2022-08-27,983
Mississippi,2022-09-03,869
Mississippi,2022-09-10,712
Mississippi,2022-09-17,891
Mississippi,2022-09-24,801
Mississippi,2022-10-01,706
Mississippi,2022-10-08,985
Mississippi,2022-10-15,1104
Mississippi,2022-10-22,921
Mississippi,2022-10-29,874
Mississippi,2022-11-05,932
Mississippi,2022-11-12,985
Mississippi,2022-11-19,1329
Mississippi,2022-11-26,1379
Mississippi,2022-12-03,1617
Mississippi,2022-12-10,1159
Mississippi,2022-12-17,1301
Mississippi,2022-12-24,1073
Mississippi,2022-12-31,1161
Mississippi,2023-01-07,1186
Mississippi,2023-01-14,1129
Mississippi,2023-01-21,905
Mississippi,2023-01-28,1073
Mississippi,2023-02-04,918
Mississippi,2023-02-11,888
Mississippi,2023-02-18,844
Mississippi,2023-02-25,734
Mississippi,2023-03-04,810
Mississippi,2023-03-11,913
Mississippi,2023-03-18,1642
Mississippi,2023-03-25,1016
Mississippi,2023-04-01,1039
Mississippi,2023-04-08,1277
Mississippi,2023-04-15,1078
Mississippi,2023-04-22,1030
Mississippi,2023-04-29,1019
Mississippi,2023-05-06,1081
Mississippi,2023-05-13,1274
Mississippi,2023-05-20,1326
Mississippi,2023-05-27,1592
Mississippi,2023-06-03,1480
Mississippi,2023-06-10,1498
Mississippi,2023-06-17,1270
Mississippi,2023-06-24,1182
Mississippi,2023-07-01,1292
Mississippi,2023-07-08,1555
Mississippi,2023-07-15,1446
Mississippi,2023-07-22,1031
Mississippi,2023-07-29,1112
Mississippi,2023-08-05,1159
Mississippi,2023-08-12,1087
Mississippi,2023-08-19,1038
Mississippi,2023-08-26,1004
Mississippi,2023-09-02,974
Mississippi,2023-09-09,796
Mississippi,2023-09-16,902
Mississippi,2023-09-23,897
Mississippi,2023-09-30,968
Mississippi,2023-10-07,1064
Mississippi,2023-10-14,1006
Mississippi,2023-10-21,807
Mississippi,2023-10-28,1023
Mississippi,2023-11-04,916
Mississippi,2023-11-11,1066
Mississippi,2023-11-18,1271
Mississippi,2023-11-25,1275
Mississippi,2023-12-02,1432
Mississippi,2023-12-09,1181
Mississippi,2023-12-16,1248
Mississippi,2023-12-23,1249
Mississippi,2023-12-30,1058
Mississippi,2024-01-06,1241
Mississippi,2024-01-13,1301
Mississippi,2024-01-20,1230
Mississippi,2024-01-27,1598
Mississippi,2024-02-03,1095
Mississippi,2024-02-10,1002
Mississippi,2024-02-17,950
Mississippi,2024-02-24,754
Mississippi,2024-03-02,887
Mississippi,2024-03-09,983
Mississippi,2024-03-16,1336
Mississippi,2024-03-23,893
Mississippi,2024-03-30,849
Mississippi,2024-04-06,956
Mississippi,2024-04-13,1055
Mississippi,2024-04-20,978
Mississippi,2024-04-27,1004
Mississippi,2024-05-04,969
Mississippi,2024-05-11,1225
Mississippi,2024-05-18,1370
Mississippi,2024-05-25,1563
Mississippi,2024-06-01,1646
Mississippi,2024-06-08,1528
Mississippi,2024-06-15,1267
Mississippi,2024-06-22,1302
Mississippi,2024-06-29,1388
Mississippi,2024-07-06,1213
Mississippi,2024-07-13,1654
Mississippi,2024-07-20,1157
Mississippi,2024-07-27,1145
Mississippi,2024-08-03,1129
Mississippi,2024-08-10,987
Mississippi,2024-08-17,1048
Mississippi,2024-08-24,1117
Mississippi,2024-08-31,960
Mississippi,2024-09-07,852
Mississippi,2024-09-14,974
Mississippi,2024-09-21,885
Mississippi,2024-09-28,859
Mississippi,2024-10-05,1006
Mississippi,2024-10-12,1061
Mississippi,2024-10-19,986
Mississippi,2024-10-26,916
Mississippi,2024-11-02,944
Mississippi,2024-11-09,1039
Mississippi,2024-11-16,1090
Mississippi,2024-11-23,1136
Mississippi,2024-11-30,1065
Mississippi,2024-12-07,1457
Mississippi,2024-12-14,1167
Mississippi,2024-12-21,1302
Mississippi,2024-12-28,1208
Mississippi,2025-01-04,1179
Mississippi,2025-01-11,1353
Mississippi,2025-01-18,1097
Mississippi,2025-01-25,850
Mississippi,2025-02-01,1063
Mississippi,2025-02-08,908
Mississippi,2025-02-15,911
Mississippi,2025-02-22,786
Mississippi,2025-03-01,776
Mississippi,2025-03-08,893
Mississippi,2025-03-15,2668
Mississippi,2025-03-22,904
Mississippi,2025-03-29,848
Mississippi,2025-04-05,940
Mississippi,2025-04-12,1080
Missouri,2020-01-04,7474
Missouri,2020-01-11,10913
Missouri,2020-01-18,4938
Missouri,2020-01-25,5474
Missouri,2020-02-01,4801
Missouri,2020-02-08,3670
Missouri,2020-02-15,3363
Missouri,2020-02-22,3063
Missouri,2020-02-29,2732
Missouri,2020-03-07,2994
Missouri,2020-03-14,4016
Missouri,2020-03-21,42246
Missouri,2020-03-28,104291
Missouri,2020-04-04,91458
Missouri,2020-04-11,102126
Missouri,2020-04-18,59602
Missouri,2020-04-25,55299
Missouri,2020-05-02,52527
Missouri,2020-05-09,31145
Missouri,2020-05-16,28244
Missouri,2020-05-23,27436
Missouri,2020-05-30,20650
Missouri,2020-06-06,19907
Missouri,2020-06-13,18912
Missouri,2020-06-20,17358
Missouri,2020-06-27,20008
Missouri,2020-07-04,17685
Missouri,2020-07-11,16883
Missouri,2020-07-18,12332
Missouri,2020-07-25,14938
Missouri,2020-08-01,10900
Missouri,2020-08-08,9015
Missouri,2020-08-15,10654
Missouri,2020-08-22,9283
Missouri,2020-08-29,10509
Missouri,2020-09-05,10891
Missouri,2020-09-12,8936
Missouri,2020-09-19,8153
Missouri,2020-09-26,7353
Missouri,2020-10-03,8945
Missouri,2020-10-10,10522
Missouri,2020-10-17,8728
Missouri,2020-10-24,7802
Missouri,2020-10-31,8158
Missouri,2020-11-07,7635
Missouri,2020-11-14,8348
Missouri,2020-11-21,10616
Missouri,2020-11-28,8595
Missouri,2020-12-05,10569
Missouri,2020-12-12,9223
Missouri,2020-12-19,9736
Missouri,2020-12-26,13841
Missouri,2021-01-02,16663
Missouri,2021-01-09,16698
Missouri,2021-01-16,12841
Missouri,2021-01-23,10567
Missouri,2021-01-30,11905
Missouri,2021-02-06,12213
Missouri,2021-02-13,13542
Missouri,2021-02-20,19166
Missouri,2021-02-27,9288
Missouri,2021-03-06,7476
Missouri,2021-03-13,7511
Missouri,2021-03-20,7813
Missouri,2021-03-27,8225
Missouri,2021-04-03,9580
Missouri,2021-04-10,11435
Missouri,2021-04-17,11261
Missouri,2021-04-24,12488
Missouri,2021-05-01,8305
Missouri,2021-05-08,7227
Missouri,2021-05-15,6848
Missouri,2021-05-22,5922
Missouri,2021-05-29,8666
Missouri,2021-06-05,6020
Missouri,2021-06-12,5196
Missouri,2021-06-19,3903
Missouri,2021-06-26,3998
Missouri,2021-07-03,3958
Missouri,2021-07-10,5751
Missouri,2021-07-17,11807
Missouri,2021-07-24,6456
Missouri,2021-07-31,6807
Missouri,2021-08-07,4406
Missouri,2021-08-14,4285
Missouri,2021-08-21,3794
Missouri,2021-08-28,10976
Missouri,2021-09-04,4027
Missouri,2021-09-11,5685
Missouri,2021-09-18,4117
Missouri,2021-09-25,5466
Missouri,2021-10-02,2868
Missouri,2021-10-09,5434
Missouri,2021-10-16,4234
Missouri,2021-10-23,6282
Missouri,2021-10-30,3268
Missouri,2021-11-06,3988
Missouri,2021-11-13,4627
Missouri,2021-11-20,3108
Missouri,2021-11-27,2855
Missouri,2021-12-04,3951
Missouri,2021-12-11,11295
Missouri,2021-12-18,5746
Missouri,2021-12-25,5903
Missouri,2022-01-01,4817
Missouri,2022-01-08,12585
Missouri,2022-01-15,5487
Missouri,2022-01-22,4122
Missouri,2022-01-29,4260
Missouri,2022-02-05,3636
Missouri,2022-02-12,11004
Missouri,2022-02-19,4055
Missouri,2022-02-26,4321
Missouri,2022-03-05,2943
Missouri,2022-03-12,3793
Missouri,2022-03-19,2843
Missouri,2022-03-26,2857
Missouri,2022-04-02,2927
Missouri,2022-04-09,10121
Missouri,2022-04-16,2623
Missouri,2022-04-23,2642
Missouri,2022-04-30,2666
Missouri,2022-05-07,2570
Missouri,2022-05-14,2908
Missouri,2022-05-21,4086
Missouri,2022-05-28,3703
Missouri,2022-06-04,4756
Missouri,2022-06-11,3459
Missouri,2022-06-18,3345
Missouri,2022-06-25,4720
Missouri,2022-07-02,3659
Missouri,2022-07-09,3556
Missouri,2022-07-16,3698
Missouri,2022-07-23,2807
Missouri,2022-07-30,2805
Missouri,2022-08-06,2704
Missouri,2022-08-13,3718
Missouri,2022-08-20,3482
Missouri,2022-08-27,2232
Missouri,2022-09-03,2183
Missouri,2022-09-10,2052
Missouri,2022-09-17,3086
Missouri,2022-09-24,2120
Missouri,2022-10-01,5950
Missouri,2022-10-08,2813
Missouri,2022-10-15,4663
Missouri,2022-10-22,2450
Missouri,2022-10-29,2355
Missouri,2022-11-05,2544
Missouri,2022-11-12,2486
Missouri,2022-11-19,3567
Missouri,2022-11-26,2556
Missouri,2022-12-03,3784
Missouri,2022-12-10,3090
Missouri,2022-12-17,4130
Missouri,2022-12-24,9104
Missouri,2022-12-31,6222
Missouri,2023-01-07,6209
Missouri,2023-01-14,4379
Missouri,2023-01-21,3603
Missouri,2023-01-28,3506
Missouri,2023-02-04,3853
Missouri,2023-02-11,3134
Missouri,2023-02-18,2476
Missouri,2023-02-25,2344
Missouri,2023-03-04,2394
Missouri,2023-03-11,2579
Missouri,2023-03-18,3018
Missouri,2023-03-25,4622
Missouri,2023-04-01,3118
Missouri,2023-04-08,2566
Missouri,2023-04-15,2241
Missouri,2023-04-22,2332
Missouri,2023-04-29,2427
Missouri,2023-05-06,5023
Missouri,2023-05-13,2789
Missouri,2023-05-20,3113
Missouri,2023-05-27,4075
Missouri,2023-06-03,3662
Missouri,2023-06-10,4708
Missouri,2023-06-17,2914
Missouri,2023-06-24,2598
Missouri,2023-07-01,3219
Missouri,2023-07-08,3725
Missouri,2023-07-15,3630
Missouri,2023-07-22,2570
Missouri,2023-07-29,5214
Missouri,2023-08-05,4433
Missouri,2023-08-12,4480
Missouri,2023-08-19,4247
Missouri,2023-08-26,2664
Missouri,2023-09-02,5879
Missouri,2023-09-09,2683
Missouri,2023-09-16,2557
Missouri,2023-09-23,3089
Missouri,2023-09-30,2619
Missouri,2023-10-07,2721
Missouri,2023-10-14,2473
Missouri,2023-10-21,2571
Missouri,2023-10-28,2735
Missouri,2023-11-04,2770
Missouri,2023-11-11,2573
Missouri,2023-11-18,3077
Missouri,2023-11-25,2587
Missouri,2023-12-02,3695
Missouri,2023-12-09,2961
Missouri,2023-12-16,3350
Missouri,2023-12-23,8034
Missouri,2023-12-30,5726
Missouri,2024-01-06,6044
Missouri,2024-01-13,6412
Missouri,2024-01-20,6041
Missouri,2024-01-27,4453
Missouri,2024-02-03,6374
Missouri,2024-02-10,2855
Missouri,2024-02-17,2110
Missouri,2024-02-24,2420
Missouri,2024-03-02,2513
Missouri,2024-03-09,2696
Missouri,2024-03-16,4139
Missouri,2024-03-23,5451
Missouri,2024-03-30,3082
Missouri,2024-04-06,2840
Missouri,2024-04-13,2448
Missouri,2024-04-20,2385
Missouri,2024-04-27,2430
Missouri,2024-05-04,2431
Missouri,2024-05-11,2619
Missouri,2024-05-18,3080
Missouri,2024-05-25,3919
Missouri,2024-06-01,3924
Missouri,2024-06-08,3416
Missouri,2024-06-15,2799
Missouri,2024-06-22,2552
Missouri,2024-06-29,3459
Missouri,2024-07-06,3489
Missouri,2024-07-13,6488
Missouri,2024-07-20,2878
Missouri,2024-07-27,6288
Missouri,2024-08-03,2572
Missouri,2024-08-10,2572
Missouri,2024-08-17,2431
Missouri,2024-08-24,2462
Missouri,2024-08-31,2355
Missouri,2024-09-07,2094
Missouri,2024-09-14,2183
Missouri,2024-09-21,2160
Missouri,2024-09-28,2318
Missouri,2024-10-05,3841
Missouri,2024-10-12,4560
Missouri,2024-10-19,3708
Missouri,2024-10-26,3357
Missouri,2024-11-02,2560
Missouri,2024-11-09,2556
Missouri,2024-11-16,2808
Missouri,2024-11-23,3448
Missouri,2024-11-30,2506
Missouri,2024-12-07,4250
Missouri,2024-12-14,3267
Missouri,2024-12-21,5375
Missouri,2024-12-28,5975
Missouri,2025-01-04,6875
Missouri,2025-01-11,11720
Missouri,2025-01-18,8299
Missouri,2025-01-25,4155
Missouri,2025-02-01,3971
Missouri,2025-02-08,3132
Missouri,2025-02-15,2742
Missouri,2025-02-22,3715
Missouri,2025-03-01,3486
Missouri,2025-03-08,2624
Missouri,2025-03-15,2830
Missouri,2025-03-22,3222
Missouri,2025-03-29,2892
Missouri,2025-04-05,2943
Missouri,2025-04-12,4917
Montana,2020-01-04,1555
Montana,2020-01-11,1755
Montana,2020-01-18,1236
Montana,2020-01-25,922
Montana,2020-02-01,902
Montana,2020-02-08,935
Montana,2020-02-15,921
Montana,2020-02-22,795
Montana,2020-02-29,695
Montana,2020-03-07,714
Montana,2020-03-14,817
Montana,2020-03-21,15349
Montana,2020-03-28,20763
Montana,2020-04-04,21244
Montana,2020-04-11,14275
Montana,2020-04-18,11176
Montana,2020-04-25,7052
Montana,2020-05-02,4596
Montana,2020-05-09,3762
Montana,2020-05-16,3660
Montana,2020-05-23,3821
Montana,2020-05-30,3054
Montana,2020-06-06,3078
Montana,2020-06-13,3157
Montana,2020-06-20,2997
Montana,2020-06-27,2695
Montana,2020-07-04,2788
Montana,2020-07-11,2990
Montana,2020-07-18,2735
Montana,2020-07-25,2388
Montana,2020-08-01,1875
Montana,2020-08-08,1642
Montana,2020-08-15,1960
Montana,2020-08-22,2320
Montana,2020-08-29,2532
Montana,2020-09-05,2911
Montana,2020-09-12,2985
Montana,2020-09-19,3221
Montana,2020-09-26,3253
Montana,2020-10-03,3472
Montana,2020-10-10,2893
Montana,2020-10-17,2469
Montana,2020-10-24,3181
Montana,2020-10-31,2955
Montana,2020-11-07,2535
Montana,2020-11-14,2813
Montana,2020-11-21,3895
Montana,2020-11-28,3633
Montana,2020-12-05,4001
Montana,2020-12-12,2782
Montana,2020-12-19,2477
Montana,2020-12-26,2537
Montana,2021-01-02,3653
Montana,2021-01-09,3094
Montana,2021-01-16,2292
Montana,2021-01-23,2183
Montana,2021-01-30,2266
Montana,2021-02-06,2158
Montana,2021-02-13,2108
Montana,2021-02-20,1619
Montana,2021-02-27,1433
Montana,2021-03-06,1463
Montana,2021-03-13,1639
Montana,2021-03-20,2124
Montana,2021-03-27,2598
Montana,2021-04-03,2413
Montana,2021-04-10,2082
Montana,2021-04-17,1846
Montana,2021-04-24,1799
Montana,2021-05-01,1484
Montana,2021-05-08,1484
Montana,2021-05-15,1171
Montana,2021-05-22,1159
Montana,2021-05-29,1221
Montana,2021-06-05,1179
Montana,2021-06-12,1404
Montana,2021-06-19,1037
Montana,2021-06-26,1034
Montana,2021-07-03,1126
Montana,2021-07-10,1123
Montana,2021-07-17,775
Montana,2021-07-24,716
Montana,2021-07-31,727
Montana,2021-08-07,713
Montana,2021-08-14,690
Montana,2021-08-21,730
Montana,2021-08-28,743
Montana,2021-09-04,778
Montana,2021-09-11,698
Montana,2021-09-18,750
Montana,2021-09-25,689
Montana,2021-10-02,848
Montana,2021-10-09,1023
Montana,2021-10-16,1028
Montana,2021-10-23,1003
Montana,2021-10-30,1116
Montana,2021-11-06,1312
Montana,2021-11-13,1247
Montana,2021-11-20,1408
Montana,2021-11-27,1546
Montana,2021-12-04,1497
Montana,2021-12-11,1425
Montana,2021-12-18,1452
Montana,2021-12-25,1588
Montana,2022-01-01,1667
Montana,2022-01-08,2056
Montana,2022-01-15,1117
Montana,2022-01-22,936
Montana,2022-01-29,861
Montana,2022-02-05,881
Montana,2022-02-12,765
Montana,2022-02-19,687
Montana,2022-02-26,871
Montana,2022-03-05,747
Montana,2022-03-12,668
Montana,2022-03-19,611
Montana,2022-03-26,585
Montana,2022-04-02,548
Montana,2022-04-09,660
Montana,2022-04-16,1000
Montana,2022-04-23,789
Montana,2022-04-30,561
Montana,2022-05-07,501
Montana,2022-05-14,491
Montana,2022-05-21,518
Montana,2022-05-28,588
Montana,2022-06-04,683
Montana,2022-06-11,810
Montana,2022-06-18,746
Montana,2022-06-25,581
Montana,2022-07-02,518
Montana,2022-07-09,603
Montana,2022-07-16,508
Montana,2022-07-23,488
Montana,2022-07-30,485
Montana,2022-08-06,444
Montana,2022-08-13,454
Montana,2022-08-20,428
Montana,2022-08-27,428
Montana,2022-09-03,439
Montana,2022-09-10,437
Montana,2022-09-17,510
Montana,2022-09-24,531
Montana,2022-10-01,582
Montana,2022-10-08,721
Montana,2022-10-15,646
Montana,2022-10-22,786
Montana,2022-10-29,1057
Montana,2022-11-05,1340
Montana,2022-11-12,2258
Montana,2022-11-19,1940
Montana,2022-11-26,1222
Montana,2022-12-03,1536
Montana,2022-12-10,1309
Montana,2022-12-17,1413
Montana,2022-12-24,1566
Montana,2022-12-31,1164
Montana,2023-01-07,1451
Montana,2023-01-14,1009
Montana,2023-01-21,812
Montana,2023-01-28,984
Montana,2023-02-04,950
Montana,2023-02-11,732
Montana,2023-02-18,665
Montana,2023-02-25,896
Montana,2023-03-04,765
Montana,2023-03-11,550
Montana,2023-03-18,549
Montana,2023-03-25,663
Montana,2023-04-01,650
Montana,2023-04-08,648
Montana,2023-04-15,608
Montana,2023-04-22,621
Montana,2023-04-29,569
Montana,2023-05-06,547
Montana,2023-05-13,547
Montana,2023-05-20,551
Montana,2023-05-27,619
Montana,2023-06-03,675
Montana,2023-06-10,702
Montana,2023-06-17,599
Montana,2023-06-24,470
Montana,2023-07-01,507
Montana,2023-07-08,602
Montana,2023-07-15,440
Montana,2023-07-22,371
Montana,2023-07-29,414
Montana,2023-08-05,432
Montana,2023-08-12,376
Montana,2023-08-19,352
Montana,2023-08-26,410
Montana,2023-09-02,402
Montana,2023-09-09,411
Montana,2023-09-16,460
Montana,2023-09-23,507
Montana,2023-09-30,391
Montana,2023-10-07,857
Montana,2023-10-14,626
Montana,2023-10-21,611
Montana,2023-10-28,958
Montana,2023-11-04,1168
Montana,2023-11-11,1034
Montana,2023-11-18,1189
Montana,2023-11-25,1315
Montana,2023-12-02,1337
Montana,2023-12-09,1056
Montana,2023-12-16,980
Montana,2023-12-23,1247
Montana,2023-12-30,1607
Montana,2024-01-06,2613
Montana,2024-01-13,2199
Montana,2024-01-20,1481
Montana,2024-01-27,764
Montana,2024-02-03,759
Montana,2024-02-10,707
Montana,2024-02-17,725
Montana,2024-02-24,472
Montana,2024-03-02,570
Montana,2024-03-09,603
Montana,2024-03-16,558
Montana,2024-03-23,505
Montana,2024-03-30,460
Montana,2024-04-06,536
Montana,2024-04-13,509
Montana,2024-04-20,568
Montana,2024-04-27,540
Montana,2024-05-04,502
Montana,2024-05-11,485
Montana,2024-05-18,435
Montana,2024-05-25,432
Montana,2024-06-01,484
Montana,2024-06-08,606
Montana,2024-06-15,540
Montana,2024-06-22,581
Montana,2024-06-29,470
Montana,2024-07-06,398
Montana,2024-07-13,447
Montana,2024-07-20,409
Montana,2024-07-27,349
Montana,2024-08-03,414
Montana,2024-08-10,383
Montana,2024-08-17,443
Montana,2024-08-24,410
Montana,2024-08-31,379
Montana,2024-09-07,490
Montana,2024-09-14,581
Montana,2024-09-21,738
Montana,2024-09-28,803
Montana,2024-10-05,879
Montana,2024-10-12,999
Montana,2024-10-19,689
Montana,2024-10-26,776
Montana,2024-11-02,989
Montana,2024-11-09,1118
Montana,2024-11-16,1247
Montana,2024-11-23,1287
Montana,2024-11-30,1196
Montana,2024-12-07,1356
Montana,2024-12-14,1003
Montana,2024-12-21,1077
Montana,2024-12-28,841
Montana,2025-01-04,1015
Montana,2025-01-11,1232
Montana,2025-01-18,1150
Montana,2025-01-25,1100
Montana,2025-02-01,801
Montana,2025-02-08,918
Montana,2025-02-15,870
Montana,2025-02-22,858
Montana,2025-03-01,680
Montana,2025-03-08,622
Montana,2025-03-15,543
Montana,2025-03-22,540
Montana,2025-03-29,486
Montana,2025-04-05,449
Montana,2025-04-12,478
Nebraska,2020-01-04,1099
Nebraska,2020-01-11,1256
Nebraska,2020-01-18,1076
Nebraska,2020-01-25,1051
Nebraska,2020-02-01,851
Nebraska,2020-02-08,730
Nebraska,2020-02-15,576
Nebraska,2020-02-22,506
Nebraska,2020-02-29,522
Nebraska,2020-03-07,530
Nebraska,2020-03-14,819
Nebraska,2020-03-21,15861
Nebraska,2020-03-28,25033
Nebraska,2020-04-04,27333
Nebraska,2020-04-11,16531
Nebraska,2020-04-18,12404
Nebraska,2020-04-25,6646
Nebraska,2020-05-02,5489
Nebraska,2020-05-09,5619
Nebraska,2020-05-16,5066
Nebraska,2020-05-23,5025
Nebraska,2020-05-30,4272
Nebraska,2020-06-06,3973
Nebraska,2020-06-13,4119
Nebraska,2020-06-20,3455
Nebraska,2020-06-27,3278
Nebraska,2020-07-04,4940
Nebraska,2020-07-11,6994
Nebraska,2020-07-18,2997
Nebraska,2020-07-25,2340
Nebraska,2020-08-01,1974
Nebraska,2020-08-08,1739
Nebraska,2020-08-15,2278
Nebraska,2020-08-22,1907
Nebraska,2020-08-29,1636
Nebraska,2020-09-05,1662
Nebraska,2020-09-12,1650
Nebraska,2020-09-19,1681
Nebraska,2020-09-26,1480
Nebraska,2020-10-03,1665
Nebraska,2020-10-10,1628
Nebraska,2020-10-17,1598
Nebraska,2020-10-24,1548
Nebraska,2020-10-31,1591
Nebraska,2020-11-07,1626
Nebraska,2020-11-14,1871
Nebraska,2020-11-21,2033
Nebraska,2020-11-28,1877
Nebraska,2020-12-05,2464
Nebraska,2020-12-12,2233
Nebraska,2020-12-19,2509
Nebraska,2020-12-26,2594
Nebraska,2021-01-02,3630
Nebraska,2021-01-09,5214
Nebraska,2021-01-16,3118
Nebraska,2021-01-23,3021
Nebraska,2021-01-30,2699
Nebraska,2021-02-06,2473
Nebraska,2021-02-13,2288
Nebraska,2021-02-20,1973
Nebraska,2021-02-27,1718
Nebraska,2021-03-06,1551
Nebraska,2021-03-13,1548
Nebraska,2021-03-20,1626
Nebraska,2021-03-27,1881
Nebraska,2021-04-03,1998
Nebraska,2021-04-10,1931
Nebraska,2021-04-17,1519
Nebraska,2021-04-24,1357
Nebraska,2021-05-01,1409
Nebraska,2021-05-08,1494
Nebraska,2021-05-15,1406
Nebraska,2021-05-22,1593
Nebraska,2021-05-29,1472
Nebraska,2021-06-05,1264
Nebraska,2021-06-12,1181
Nebraska,2021-06-19,982
Nebraska,2021-06-26,1644
Nebraska,2021-07-03,1257
Nebraska,2021-07-10,1149
Nebraska,2021-07-17,1362
Nebraska,2021-07-24,1431
Nebraska,2021-07-31,1268
Nebraska,2021-08-07,1049
Nebraska,2021-08-14,957
Nebraska,2021-08-21,913
Nebraska,2021-08-28,978
Nebraska,2021-09-04,1003
Nebraska,2021-09-11,1454
Nebraska,2021-09-18,1317
Nebraska,2021-09-25,1058
Nebraska,2021-10-02,1028
Nebraska,2021-10-09,855
Nebraska,2021-10-16,783
Nebraska,2021-10-23,1411
Nebraska,2021-10-30,746
Nebraska,2021-11-06,1309
Nebraska,2021-11-13,721
Nebraska,2021-11-20,868
Nebraska,2021-11-27,693
Nebraska,2021-12-04,463
Nebraska,2021-12-11,1495
Nebraska,2021-12-18,1222
Nebraska,2021-12-25,1295
Nebraska,2022-01-01,1630
Nebraska,2022-01-08,1627
Nebraska,2022-01-15,1445
Nebraska,2022-01-22,1168
Nebraska,2022-01-29,890
Nebraska,2022-02-05,745
Nebraska,2022-02-12,701
Nebraska,2022-02-19,629
Nebraska,2022-02-26,664
Nebraska,2022-03-05,755
Nebraska,2022-03-12,591
Nebraska,2022-03-19,565
Nebraska,2022-03-26,487
Nebraska,2022-04-02,468
Nebraska,2022-04-09,583
Nebraska,2022-04-16,516
Nebraska,2022-04-23,447
Nebraska,2022-04-30,479
Nebraska,2022-05-07,581
Nebraska,2022-05-14,778
Nebraska,2022-05-21,723
Nebraska,2022-05-28,861
Nebraska,2022-06-04,709
Nebraska,2022-06-11,677
Nebraska,2022-06-18,607
Nebraska,2022-06-25,512
Nebraska,2022-07-02,484
Nebraska,2022-07-09,453
Nebraska,2022-07-16,496
Nebraska,2022-07-23,526
Nebraska,2022-07-30,568
Nebraska,2022-08-06,625
Nebraska,2022-08-13,531
Nebraska,2022-08-20,508
Nebraska,2022-08-27,468
Nebraska,2022-09-03,488
Nebraska,2022-09-10,399
Nebraska,2022-09-17,496
Nebraska,2022-09-24,439
Nebraska,2022-10-01,455
Nebraska,2022-10-08,471
Nebraska,2022-10-15,489
Nebraska,2022-10-22,575
Nebraska,2022-10-29,633
Nebraska,2022-11-05,599
Nebraska,2022-11-12,600
Nebraska,2022-11-19,894
Nebraska,2022-11-26,611
Nebraska,2022-12-03,878
Nebraska,2022-12-10,879
Nebraska,2022-12-17,1113
Nebraska,2022-12-24,1442
Nebraska,2022-12-31,1312
Nebraska,2023-01-07,1102
Nebraska,2023-01-14,932
Nebraska,2023-01-21,717
Nebraska,2023-01-28,748
Nebraska,2023-02-04,800
Nebraska,2023-02-11,750
Nebraska,2023-02-18,550
Nebraska,2023-02-25,597
Nebraska,2023-03-04,632
Nebraska,2023-03-11,613
Nebraska,2023-03-18,572
Nebraska,2023-03-25,524
Nebraska,2023-04-01,517
Nebraska,2023-04-08,653
Nebraska,2023-04-15,470
Nebraska,2023-04-22,515
Nebraska,2023-04-29,505
Nebraska,2023-05-06,590
Nebraska,2023-05-13,617
Nebraska,2023-05-20,720
Nebraska,2023-05-27,844
Nebraska,2023-06-03,870
Nebraska,2023-06-10,670
Nebraska,2023-06-17,587
Nebraska,2023-06-24,592
Nebraska,2023-07-01,835
Nebraska,2023-07-08,611
Nebraska,2023-07-15,639
Nebraska,2023-07-22,608
Nebraska,2023-07-29,567
Nebraska,2023-08-05,622
Nebraska,2023-08-12,638
Nebraska,2023-08-19,603
Nebraska,2023-08-26,561
Nebraska,2023-09-02,559
Nebraska,2023-09-09,832
Nebraska,2023-09-16,605
Nebraska,2023-09-23,581
Nebraska,2023-09-30,587
Nebraska,2023-10-07,639
Nebraska,2023-10-14,655
Nebraska,2023-10-21,722
Nebraska,2023-10-28,715
Nebraska,2023-11-04,701
Nebraska,2023-11-11,702
Nebraska,2023-11-18,1476
Nebraska,2023-11-25,832
Nebraska,2023-12-02,1140
Nebraska,2023-12-09,1075
Nebraska,2023-12-16,1005
Nebraska,2023-12-23,1618
Nebraska,2023-12-30,1489
Nebraska,2024-01-06,1272
Nebraska,2024-01-13,1178
Nebraska,2024-01-20,1160
Nebraska,2024-01-27,876
Nebraska,2024-02-03,944
Nebraska,2024-02-10,725
Nebraska,2024-02-17,632
Nebraska,2024-02-24,570
Nebraska,2024-03-02,556
Nebraska,2024-03-09,671
Nebraska,2024-03-16,934
Nebraska,2024-03-23,597
Nebraska,2024-03-30,569
Nebraska,2024-04-06,606
Nebraska,2024-04-13,585
Nebraska,2024-04-20,508
Nebraska,2024-04-27,550
Nebraska,2024-05-04,601
Nebraska,2024-05-11,679
Nebraska,2024-05-18,737
Nebraska,2024-05-25,1185
Nebraska,2024-06-01,865
Nebraska,2024-06-08,809
Nebraska,2024-06-15,649
Nebraska,2024-06-22,596
Nebraska,2024-06-29,921
Nebraska,2024-07-06,608
Nebraska,2024-07-13,773
Nebraska,2024-07-20,665
Nebraska,2024-07-27,589
Nebraska,2024-08-03,553
Nebraska,2024-08-10,583
Nebraska,2024-08-17,558
Nebraska,2024-08-24,610
Nebraska,2024-08-31,572
Nebraska,2024-09-07,1200
Nebraska,2024-09-14,683
Nebraska,2024-09-21,572
Nebraska,2024-09-28,534
Nebraska,2024-10-05,591
Nebraska,2024-10-12,1144
Nebraska,2024-10-19,625
Nebraska,2024-10-26,753
Nebraska,2024-11-02,649
Nebraska,2024-11-09,770
Nebraska,2024-11-16,746
Nebraska,2024-11-23,893
Nebraska,2024-11-30,1016
Nebraska,2024-12-07,1229
Nebraska,2024-12-14,1621
Nebraska,2024-12-21,1490
Nebraska,2024-12-28,1362
Nebraska,2025-01-04,1210
Nebraska,2025-01-11,1221
Nebraska,2025-01-18,1122
Nebraska,2025-01-25,1113
Nebraska,2025-02-01,833
Nebraska,2025-02-08,792
Nebraska,2025-02-15,799
Nebraska,2025-02-22,877
Nebraska,2025-03-01,1246
Nebraska,2025-03-08,609
Nebraska,2025-03-15,1004
Nebraska,2025-03-22,831
Nebraska,2025-03-29,559
Nebraska,2025-04-05,644
Nebraska,2025-04-12,731
Nevada,2020-01-04,2264
Nevada,2020-01-11,2792
Nevada,2020-01-18,2451
Nevada,2020-01-25,2101
Nevada,2020-02-01,2286
Nevada,2020-02-08,2794
Nevada,2020-02-15,2543
Nevada,2020-02-22,2052
Nevada,2020-02-29,2324
Nevada,2020-03-07,2309
Nevada,2020-03-14,6356
Nevada,2020-03-21,92298
Nevada,2020-03-28,71942
Nevada,2020-04-04,79285
Nevada,2020-04-11,58641
Nevada,2020-04-18,39496
Nevada,2020-04-25,42541
Nevada,2020-05-02,28550
Nevada,2020-05-09,21635
Nevada,2020-05-16,17837
Nevada,2020-05-23,15607
Nevada,2020-05-30,11337
Nevada,2020-06-06,10748
Nevada,2020-06-13,10620
Nevada,2020-06-20,10347
Nevada,2020-06-27,11110
Nevada,2020-07-04,12484
Nevada,2020-07-11,14666
Nevada,2020-07-18,15548
Nevada,2020-07-25,18390
Nevada,2020-08-01,13727
Nevada,2020-08-08,17755
Nevada,2020-08-15,10938
Nevada,2020-08-22,8858
Nevada,2020-08-29,8032
Nevada,2020-09-05,7951
Nevada,2020-09-12,8332
Nevada,2020-09-19,8198
Nevada,2020-09-26,7525
Nevada,2020-10-03,7941
Nevada,2020-10-10,8964
Nevada,2020-10-17,8734
Nevada,2020-10-24,9036
Nevada,2020-10-31,8158
Nevada,2020-11-07,7556
Nevada,2020-11-14,7243
Nevada,2020-11-21,8121
Nevada,2020-11-28,6442
Nevada,2020-12-05,8783
Nevada,2020-12-12,9027
Nevada,2020-12-19,7798
Nevada,2020-12-26,7209
Nevada,2021-01-02,8461
Nevada,2021-01-09,9511
Nevada,2021-01-16,10474
Nevada,2021-01-23,10105
Nevada,2021-01-30,9821
Nevada,2021-02-06,9953
Nevada,2021-02-13,7378
Nevada,2021-02-20,7509
Nevada,2021-02-27,9208
Nevada,2021-03-06,10548
Nevada,2021-03-13,10086
Nevada,2021-03-20,7641
Nevada,2021-03-27,11677
Nevada,2021-04-03,10730
Nevada,2021-04-10,10985
Nevada,2021-04-17,10828
Nevada,2021-04-24,11054
Nevada,2021-05-01,8979
Nevada,2021-05-08,6144
Nevada,2021-05-15,4178
Nevada,2021-05-22,3977
Nevada,2021-05-29,5043
Nevada,2021-06-05,3380
Nevada,2021-06-12,3977
Nevada,2021-06-19,3397
Nevada,2021-06-26,3580
Nevada,2021-07-03,3929
Nevada,2021-07-10,4017
Nevada,2021-07-17,3613
Nevada,2021-07-24,2815
Nevada,2021-07-31,1945
Nevada,2021-08-07,2286
Nevada,2021-08-14,2574
Nevada,2021-08-21,2395
Nevada,2021-08-28,2393
Nevada,2021-09-04,2813
Nevada,2021-09-11,2216
Nevada,2021-09-18,2393
Nevada,2021-09-25,3647
Nevada,2021-10-02,2877
Nevada,2021-10-09,3397
Nevada,2021-10-16,2854
Nevada,2021-10-23,2551
Nevada,2021-10-30,2222
Nevada,2021-11-06,2327
Nevada,2021-11-13,2477
Nevada,2021-11-20,2296
Nevada,2021-11-27,1913
Nevada,2021-12-04,2401
Nevada,2021-12-11,2188
Nevada,2021-12-18,2679
Nevada,2021-12-25,2269
Nevada,2022-01-01,2655
Nevada,2022-01-08,3477
Nevada,2022-01-15,3152
Nevada,2022-01-22,2464
Nevada,2022-01-29,2591
Nevada,2022-02-05,2329
Nevada,2022-02-12,2292
Nevada,2022-02-19,1444
Nevada,2022-02-26,2133
Nevada,2022-03-05,1881
Nevada,2022-03-12,1858
Nevada,2022-03-19,1736
Nevada,2022-03-26,1730
Nevada,2022-04-02,2014
Nevada,2022-04-09,2431
Nevada,2022-04-16,2107
Nevada,2022-04-23,1998
Nevada,2022-04-30,1838
Nevada,2022-05-07,2000
Nevada,2022-05-14,1821
Nevada,2022-05-21,1646
Nevada,2022-05-28,1743
Nevada,2022-06-04,1913
Nevada,2022-06-11,1931
Nevada,2022-06-18,1941
Nevada,2022-06-25,1938
Nevada,2022-07-02,2047
Nevada,2022-07-09,2586
Nevada,2022-07-16,2297
Nevada,2022-07-23,2013
Nevada,2022-07-30,2190
Nevada,2022-08-06,2182
Nevada,2022-08-13,1961
Nevada,2022-08-20,2082
Nevada,2022-08-27,1980
Nevada,2022-09-03,2094
Nevada,2022-09-10,1820
Nevada,2022-09-17,1709
Nevada,2022-09-24,1680
Nevada,2022-10-01,1665
Nevada,2022-10-08,2193
Nevada,2022-10-15,1657
Nevada,2022-10-22,2123
Nevada,2022-10-29,1931
Nevada,2022-11-05,2313
Nevada,2022-11-12,2467
Nevada,2022-11-19,2656
Nevada,2022-11-26,2195
Nevada,2022-12-03,2709
Nevada,2022-12-10,2866
Nevada,2022-12-17,3066
Nevada,2022-12-24,2673
Nevada,2022-12-31,2275
Nevada,2023-01-07,3331
Nevada,2023-01-14,2950
Nevada,2023-01-21,2354
Nevada,2023-01-28,2322
Nevada,2023-02-04,2333
Nevada,2023-02-11,2289
Nevada,2023-02-18,2265
Nevada,2023-02-25,2136
Nevada,2023-03-04,2478
Nevada,2023-03-11,2241
Nevada,2023-03-18,2089
Nevada,2023-03-25,2061
Nevada,2023-04-01,2060
Nevada,2023-04-08,2720
Nevada,2023-04-15,2077
Nevada,2023-04-22,2162
Nevada,2023-04-29,2107
Nevada,2023-05-06,2139
Nevada,2023-05-13,2078
Nevada,2023-05-20,2181
Nevada,2023-05-27,2133
Nevada,2023-06-03,2101
Nevada,2023-06-10,2228
Nevada,2023-06-17,2138
Nevada,2023-06-24,2075
Nevada,2023-07-01,2560
Nevada,2023-07-08,2821
Nevada,2023-07-15,2631
Nevada,2023-07-22,2196
Nevada,2023-07-29,2359
Nevada,2023-08-05,2454
Nevada,2023-08-12,2284
Nevada,2023-08-19,2284
Nevada,2023-08-26,2375
Nevada,2023-09-02,2258
Nevada,2023-09-09,2162
Nevada,2023-09-16,2035
Nevada,2023-09-23,2104
Nevada,2023-09-30,2090
Nevada,2023-10-07,2692
Nevada,2023-10-14,2121
Nevada,2023-10-21,2196
Nevada,2023-10-28,2102
Nevada,2023-11-04,2534
Nevada,2023-11-11,2677
Nevada,2023-11-18,2870
Nevada,2023-11-25,2258
Nevada,2023-12-02,2768
Nevada,2023-12-09,3097
Nevada,2023-12-16,3092
Nevada,2023-12-23,3318
Nevada,2023-12-30,2755
Nevada,2024-01-06,2877
Nevada,2024-01-13,3160
Nevada,2024-01-20,2745
Nevada,2024-01-27,2759
Nevada,2024-02-03,2700
Nevada,2024-02-10,3064
Nevada,2024-02-17,2637
Nevada,2024-02-24,2337
Nevada,2024-03-02,2274
Nevada,2024-03-09,2616
Nevada,2024-03-16,2488
Nevada,2024-03-23,2404
Nevada,2024-03-30,2214
Nevada,2024-04-06,1852
Nevada,2024-04-13,2294
Nevada,2024-04-20,2376
Nevada,2024-04-27,2629
Nevada,2024-05-04,2657
Nevada,2024-05-11,2385
Nevada,2024-05-18,2203
Nevada,2024-05-25,2569
Nevada,2024-06-01,2566
Nevada,2024-06-08,2703
Nevada,2024-06-15,2662
Nevada,2024-06-22,2662
Nevada,2024-06-29,3028
Nevada,2024-07-06,2956
Nevada,2024-07-13,3083
Nevada,2024-07-20,2891
Nevada,2024-07-27,2851
Nevada,2024-08-03,2753
Nevada,2024-08-10,2852
Nevada,2024-08-17,2692
Nevada,2024-08-24,2816
Nevada,2024-08-31,2767
Nevada,2024-09-07,2539
Nevada,2024-09-14,2533
Nevada,2024-09-21,2340
Nevada,2024-09-28,2096
Nevada,2024-10-05,2478
Nevada,2024-10-12,2543
Nevada,2024-10-19,2487
Nevada,2024-10-26,2341
Nevada,2024-11-02,2522
Nevada,2024-11-09,2942
Nevada,2024-11-16,2937
Nevada,2024-11-23,3344
Nevada,2024-11-30,2524
Nevada,2024-12-07,2936
Nevada,2024-12-14,2803
Nevada,2024-12-21,3184
Nevada,2024-12-28,2984
Nevada,2025-01-04,2675
Nevada,2025-01-11,3374
Nevada,2025-01-18,2854
Nevada,2025-01-25,2545
Nevada,2025-02-01,2877
Nevada,2025-02-08,2979
Nevada,2025-02-15,2898
Nevada,2025-02-22,2475
Nevada,2025-03-01,2320
Nevada,2025-03-08,2578
Nevada,2025-03-15,2561
Nevada,2025-03-22,2412
Nevada,2025-03-29,2279
Nevada,2025-04-05,2601
Nevada,2025-04-12,2768
New Hampshire,2020-01-04,690
New Hampshire,2020-01-11,722
New Hampshire,2020-01-18,613
New Hampshire,2020-01-25,577
New Hampshire,2020-02-01,456
New Hampshire,2020-02-08,507
New Hampshire,2020-02-15,424
New Hampshire,2020-02-22,444
New Hampshire,2020-02-29,894
New Hampshire,2020-03-07,495
New Hampshire,2020-03-14,642
New Hampshire,2020-03-21,29379
New Hampshire,2020-03-28,31378
New Hampshire,2020-04-04,39202
New Hampshire,2020-04-11,25273
New Hampshire,2020-04-18,20414
New Hampshire,2020-04-25,15001
New Hampshire,2020-05-02,12475
New Hampshire,2020-05-09,10016
New Hampshire,2020-05-16,8794
New Hampshire,2020-05-23,7266
New Hampshire,2020-05-30,6127
New Hampshire,2020-06-06,6303
New Hampshire,2020-06-13,6431
New Hampshire,2020-06-20,5413
New Hampshire,2020-06-27,5163
New Hampshire,2020-07-04,5776
New Hampshire,2020-07-11,2930
New Hampshire,2020-07-18,3519
New Hampshire,2020-07-25,3276
New Hampshire,2020-08-01,2651
New Hampshire,2020-08-08,2724
New Hampshire,2020-08-15,2832
New Hampshire,2020-08-22,2578
New Hampshire,2020-08-29,2501
New Hampshire,2020-09-05,2482
New Hampshire,2020-09-12,2276
New Hampshire,2020-09-19,2118
New Hampshire,2020-09-26,2193
New Hampshire,2020-10-03,2083
New Hampshire,2020-10-10,2562
New Hampshire,2020-10-17,2100
New Hampshire,2020-10-24,2028
New Hampshire,2020-10-31,2090
New Hampshire,2020-11-07,2171
New Hampshire,2020-11-14,1994
New Hampshire,2020-11-21,2509
New Hampshire,2020-11-28,2308
New Hampshire,2020-12-05,3413
New Hampshire,2020-12-12,3178
New Hampshire,2020-12-19,2837
New Hampshire,2020-12-26,3281
New Hampshire,2021-01-02,4932
New Hampshire,2021-01-09,3859
New Hampshire,2021-01-16,4169
New Hampshire,2021-01-23,3764
New Hampshire,2021-01-30,3304
New Hampshire,2021-02-06,3594
New Hampshire,2021-02-13,2338
New Hampshire,2021-02-20,2933
New Hampshire,2021-02-27,2447
New Hampshire,2021-03-06,2943
New Hampshire,2021-03-13,2568
New Hampshire,2021-03-20,1009
New Hampshire,2021-03-27,1613
New Hampshire,2021-04-03,1144
New Hampshire,2021-04-10,1640
New Hampshire,2021-04-17,1783
New Hampshire,2021-04-24,1509
New Hampshire,2021-05-01,499
New Hampshire,2021-05-08,1279
New Hampshire,2021-05-15,375
New Hampshire,2021-05-22,790
New Hampshire,2021-05-29,906
New Hampshire,2021-06-05,683
New Hampshire,2021-06-12,652
New Hampshire,2021-06-19,890
New Hampshire,2021-06-26,1295
New Hampshire,2021-07-03,812
New Hampshire,2021-07-10,764
New Hampshire,2021-07-17,616
New Hampshire,2021-07-24,576
New Hampshire,2021-07-31,549
New Hampshire,2021-08-07,613
New Hampshire,2021-08-14,583
New Hampshire,2021-08-21,554
New Hampshire,2021-08-28,566
New Hampshire,2021-09-04,429
New Hampshire,2021-09-11,478
New Hampshire,2021-09-18,436
New Hampshire,2021-09-25,436
New Hampshire,2021-10-02,417
New Hampshire,2021-10-09,411
New Hampshire,2021-10-16,392
New Hampshire,2021-10-23,462
New Hampshire,2021-10-30,454
New Hampshire,2021-11-06,523
New Hampshire,2021-11-13,440
New Hampshire,2021-11-20,466
New Hampshire,2021-11-27,461
New Hampshire,2021-12-04,572
New Hampshire,2021-12-11,490
New Hampshire,2021-12-18,573
New Hampshire,2021-12-25,674
New Hampshire,2022-01-01,1056
New Hampshire,2022-01-08,632
New Hampshire,2022-01-15,597
New Hampshire,2022-01-22,471
New Hampshire,2022-01-29,489
New Hampshire,2022-02-05,387
New Hampshire,2022-02-12,300
New Hampshire,2022-02-19,354
New Hampshire,2022-02-26,388
New Hampshire,2022-03-05,660
New Hampshire,2022-03-12,323
New Hampshire,2022-03-19,317
New Hampshire,2022-03-26,269
New Hampshire,2022-04-02,273
New Hampshire,2022-04-09,248
New Hampshire,2022-04-16,241
New Hampshire,2022-04-23,281
New Hampshire,2022-04-30,750
New Hampshire,2022-05-07,309
New Hampshire,2022-05-14,251
New Hampshire,2022-05-21,252
New Hampshire,2022-05-28,211
New Hampshire,2022-06-04,293
New Hampshire,2022-06-11,333
New Hampshire,2022-06-18,320
New Hampshire,2022-06-25,768
New Hampshire,2022-07-02,390
New Hampshire,2022-07-09,436
New Hampshire,2022-07-16,295
New Hampshire,2022-07-23,299
New Hampshire,2022-07-30,263
New Hampshire,2022-08-06,415
New Hampshire,2022-08-13,408
New Hampshire,2022-08-20,334
New Hampshire,2022-08-27,313
New Hampshire,2022-09-03,243
New Hampshire,2022-09-10,231
New Hampshire,2022-09-17,244
New Hampshire,2022-09-24,274
New Hampshire,2022-10-01,247
New Hampshire,2022-10-08,257
New Hampshire,2022-10-15,283
New Hampshire,2022-10-22,334
New Hampshire,2022-10-29,302
New Hampshire,2022-11-05,280
New Hampshire,2022-11-12,319
New Hampshire,2022-11-19,390
New Hampshire,2022-11-26,329
New Hampshire,2022-12-03,431
New Hampshire,2022-12-10,368
New Hampshire,2022-12-17,462
New Hampshire,2022-12-24,370
New Hampshire,2022-12-31,882
New Hampshire,2023-01-07,571
New Hampshire,2023-01-14,480
New Hampshire,2023-01-21,366
New Hampshire,2023-01-28,435
New Hampshire,2023-02-04,404
New Hampshire,2023-02-11,424
New Hampshire,2023-02-18,355
New Hampshire,2023-02-25,491
New Hampshire,2023-03-04,744
New Hampshire,2023-03-11,409
New Hampshire,2023-03-18,379
New Hampshire,2023-03-25,370
New Hampshire,2023-04-01,371
New Hampshire,2023-04-08,405
New Hampshire,2023-04-15,378
New Hampshire,2023-04-22,393
New Hampshire,2023-04-29,843
New Hampshire,2023-05-06,415
New Hampshire,2023-05-13,377
New Hampshire,2023-05-20,429
New Hampshire,2023-05-27,300
New Hampshire,2023-06-03,386
New Hampshire,2023-06-10,418
New Hampshire,2023-06-17,359
New Hampshire,2023-06-24,882
New Hampshire,2023-07-01,558
New Hampshire,2023-07-08,440
New Hampshire,2023-07-15,404
New Hampshire,2023-07-22,394
New Hampshire,2023-07-29,380
New Hampshire,2023-08-05,397
New Hampshire,2023-08-12,479
New Hampshire,2023-08-19,508
New Hampshire,2023-08-26,402
New Hampshire,2023-09-02,334
New Hampshire,2023-09-09,314
New Hampshire,2023-09-16,328
New Hampshire,2023-09-23,325
New Hampshire,2023-09-30,366
New Hampshire,2023-10-07,386
New Hampshire,2023-10-14,356
New Hampshire,2023-10-21,333
New Hampshire,2023-10-28,421
New Hampshire,2023-11-04,445
New Hampshire,2023-11-11,414
New Hampshire,2023-11-18,431
New Hampshire,2023-11-25,485
New Hampshire,2023-12-02,533
New Hampshire,2023-12-09,485
New Hampshire,2023-12-16,528
New Hampshire,2023-12-23,505
New Hampshire,2023-12-30,948
New Hampshire,2024-01-06,622
New Hampshire,2024-01-13,555
New Hampshire,2024-01-20,494
New Hampshire,2024-01-27,544
New Hampshire,2024-02-03,500
New Hampshire,2024-02-10,485
New Hampshire,2024-02-17,512
New Hampshire,2024-02-24,502
New Hampshire,2024-03-02,966
New Hampshire,2024-03-09,520
New Hampshire,2024-03-16,402
New Hampshire,2024-03-23,428
New Hampshire,2024-03-30,412
New Hampshire,2024-04-06,404
New Hampshire,2024-04-13,448
New Hampshire,2024-04-20,406
New Hampshire,2024-04-27,894
New Hampshire,2024-05-04,459
New Hampshire,2024-05-11,397
New Hampshire,2024-05-18,366
New Hampshire,2024-05-25,321
New Hampshire,2024-06-01,272
New Hampshire,2024-06-08,381
New Hampshire,2024-06-15,379
New Hampshire,2024-06-22,937
New Hampshire,2024-06-29,442
New Hampshire,2024-07-06,432
New Hampshire,2024-07-13,457
New Hampshire,2024-07-20,369
New Hampshire,2024-07-27,366
New Hampshire,2024-08-03,379
New Hampshire,2024-08-10,459
New Hampshire,2024-08-17,441
New Hampshire,2024-08-24,394
New Hampshire,2024-08-31,340
New Hampshire,2024-09-07,330
New Hampshire,2024-09-14,298
New Hampshire,2024-09-21,322
New Hampshire,2024-09-28,306
New Hampshire,2024-10-05,359
New Hampshire,2024-10-12,367
New Hampshire,2024-10-19,357
New Hampshire,2024-10-26,353
New Hampshire,2024-11-02,342
New Hampshire,2024-11-09,449
New Hampshire,2024-11-16,341
New Hampshire,2024-11-23,442
New Hampshire,2024-11-30,423
New Hampshire,2024-12-07,506
New Hampshire,2024-12-14,489
New Hampshire,2024-12-21,523
New Hampshire,2024-12-28,1049
New Hampshire,2025-01-04,525
New Hampshire,2025-01-11,550
New Hampshire,2025-01-18,489
New Hampshire,2025-01-25,476
New Hampshire,2025-02-01,499
New Hampshire,2025-02-08,448
New Hampshire,2025-02-15,434
New Hampshire,2025-02-22,400
New Hampshire,2025-03-01,973
New Hampshire,2025-03-08,494
New Hampshire,2025-03-15,414
New Hampshire,2025-03-22,449
New Hampshire,2025-03-29,370
New Hampshire,2025-04-05,359
New Hampshire,2025-04-12,335
New Jersey,2020-01-04,15325
New Jersey,2020-01-11,13469
New Jersey,2020-01-18,10728
New Jersey,2020-01-25,9325
New Jersey,2020-02-01,8304
New Jersey,2020-02-08,9288
New Jersey,2020-02-15,8550
New Jersey,2020-02-22,8396
New Jersey,2020-02-29,7773
New Jersey,2020-03-07,7996
New Jersey,2020-03-14,9467
New Jersey,2020-03-21,115815
New Jersey,2020-03-28,206253
New Jersey,2020-04-04,214836
New Jersey,2020-04-11,141420
New Jersey,2020-04-18,140139
New Jersey,2020-04-25,71966
New Jersey,2020-05-02,88326
New Jersey,2020-05-09,69689
New Jersey,2020-05-16,42365
New Jersey,2020-05-23,34410
New Jersey,2020-05-30,26752
New Jersey,2020-06-06,23166
New Jersey,2020-06-13,26438
New Jersey,2020-06-20,33027
New Jersey,2020-06-27,27992
New Jersey,2020-07-04,47402
New Jersey,2020-07-11,38825
New Jersey,2020-07-18,25932
New Jersey,2020-07-25,28073
New Jersey,2020-08-01,16584
New Jersey,2020-08-08,13837
New Jersey,2020-08-15,25417
New Jersey,2020-08-22,20182
New Jersey,2020-08-29,20348
New Jersey,2020-09-05,22750
New Jersey,2020-09-12,19642
New Jersey,2020-09-19,24680
New Jersey,2020-09-26,27184
New Jersey,2020-10-03,23680
New Jersey,2020-10-10,29031
New Jersey,2020-10-17,28809
New Jersey,2020-10-24,27203
New Jersey,2020-10-31,24703
New Jersey,2020-11-07,20978
New Jersey,2020-11-14,12988
New Jersey,2020-11-21,12205
New Jersey,2020-11-28,13546
New Jersey,2020-12-05,17025
New Jersey,2020-12-12,16368
New Jersey,2020-12-19,17611
New Jersey,2020-12-26,20462
New Jersey,2021-01-02,20988
New Jersey,2021-01-09,21836
New Jersey,2021-01-16,16769
New Jersey,2021-01-23,16845
New Jersey,2021-01-30,14689
New Jersey,2021-02-06,16205
New Jersey,2021-02-13,11575
New Jersey,2021-02-20,10768
New Jersey,2021-02-27,10385
New Jersey,2021-03-06,9857
New Jersey,2021-03-13,10272
New Jersey,2021-03-20,10441
New Jersey,2021-03-27,16728
New Jersey,2021-04-03,19875
New Jersey,2021-04-10,11346
New Jersey,2021-04-17,10536
New Jersey,2021-04-24,12322
New Jersey,2021-05-01,14324
New Jersey,2021-05-08,13456
New Jersey,2021-05-15,18268
New Jersey,2021-05-22,12978
New Jersey,2021-05-29,12771
New Jersey,2021-06-05,9786
New Jersey,2021-06-12,9464
New Jersey,2021-06-19,8763
New Jersey,2021-06-26,12144
New Jersey,2021-07-03,11298
New Jersey,2021-07-10,10952
New Jersey,2021-07-17,11109
New Jersey,2021-07-24,11529
New Jersey,2021-07-31,11481
New Jersey,2021-08-07,10629
New Jersey,2021-08-14,9938
New Jersey,2021-08-21,10775
New Jersey,2021-08-28,8279
New Jersey,2021-09-04,7523
New Jersey,2021-09-11,7266
New Jersey,2021-09-18,8463
New Jersey,2021-09-25,7487
New Jersey,2021-10-02,7933
New Jersey,2021-10-09,7469
New Jersey,2021-10-16,6924
New Jersey,2021-10-23,7236
New Jersey,2021-10-30,8004
New Jersey,2021-11-06,7344
New Jersey,2021-11-13,6933
New Jersey,2021-11-20,8994
New Jersey,2021-11-27,6623
New Jersey,2021-12-04,8842
New Jersey,2021-12-11,8335
New Jersey,2021-12-18,7638
New Jersey,2021-12-25,12298
New Jersey,2022-01-01,15552
New Jersey,2022-01-08,16525
New Jersey,2022-01-15,14882
New Jersey,2022-01-22,10064
New Jersey,2022-01-29,9122
New Jersey,2022-02-05,9528
New Jersey,2022-02-12,8587
New Jersey,2022-02-19,7269
New Jersey,2022-02-26,6173
New Jersey,2022-03-05,8554
New Jersey,2022-03-12,7508
New Jersey,2022-03-19,7279
New Jersey,2022-03-26,7258
New Jersey,2022-04-02,6153
New Jersey,2022-04-09,6575
New Jersey,2022-04-16,7691
New Jersey,2022-04-23,8579
New Jersey,2022-04-30,6113
New Jersey,2022-05-07,5847
New Jersey,2022-05-14,6230
New Jersey,2022-05-21,6122
New Jersey,2022-05-28,5823
New Jersey,2022-06-04,5383
New Jersey,2022-06-11,6432
New Jersey,2022-06-18,7329
New Jersey,2022-06-25,12898
New Jersey,2022-07-02,12434
New Jersey,2022-07-09,9102
New Jersey,2022-07-16,7230
New Jersey,2022-07-23,6549
New Jersey,2022-07-30,6694
New Jersey,2022-08-06,7659
New Jersey,2022-08-13,7466
New Jersey,2022-08-20,6066
New Jersey,2022-08-27,6322
New Jersey,2022-09-03,6455
New Jersey,2022-09-10,5800
New Jersey,2022-09-17,6964
New Jersey,2022-09-24,5564
New Jersey,2022-10-01,6441
New Jersey,2022-10-08,7472
New Jersey,2022-10-15,6282
New Jersey,2022-10-22,7382
New Jersey,2022-10-29,7581
New Jersey,2022-11-05,7091
New Jersey,2022-11-12,8111
New Jersey,2022-11-19,8863
New Jersey,2022-11-26,7532
New Jersey,2022-12-03,9921
New Jersey,2022-12-10,8935
New Jersey,2022-12-17,10193
New Jersey,2022-12-24,10979
New Jersey,2022-12-31,15493
New Jersey,2023-01-07,13957
New Jersey,2023-01-14,11393
New Jersey,2023-01-21,9425
New Jersey,2023-01-28,10059
New Jersey,2023-02-04,8996
New Jersey,2023-02-11,8504
New Jersey,2023-02-18,7550
New Jersey,2023-02-25,7711
New Jersey,2023-03-04,8313
New Jersey,2023-03-11,8074
New Jersey,2023-03-18,7396
New Jersey,2023-03-25,7603
New Jersey,2023-04-01,7740
New Jersey,2023-04-08,11118
New Jersey,2023-04-15,11133
New Jersey,2023-04-22,8171
New Jersey,2023-04-29,7388
New Jersey,2023-05-06,8413
New Jersey,2023-05-13,7397
New Jersey,2023-05-20,7585
New Jersey,2023-05-27,7460
New Jersey,2023-06-03,6900
New Jersey,2023-06-10,7456
New Jersey,2023-06-17,9868
New Jersey,2023-06-24,15174
New Jersey,2023-07-01,14037
New Jersey,2023-07-08,10747
New Jersey,2023-07-15,8711
New Jersey,2023-07-22,7850
New Jersey,2023-07-29,8580
New Jersey,2023-08-05,10202
New Jersey,2023-08-12,9258
New Jersey,2023-08-19,8076
New Jersey,2023-08-26,7961
New Jersey,2023-09-02,7822
New Jersey,2023-09-09,7445
New Jersey,2023-09-16,7671
New Jersey,2023-09-23,7383
New Jersey,2023-09-30,7394
New Jersey,2023-10-07,9007
New Jersey,2023-10-14,7547
New Jersey,2023-10-21,8055
New Jersey,2023-10-28,8430
New Jersey,2023-11-04,10119
New Jersey,2023-11-11,11177
New Jersey,2023-11-18,11155
New Jersey,2023-11-25,9300
New Jersey,2023-12-02,11377
New Jersey,2023-12-09,10675
New Jersey,2023-12-16,10449
New Jersey,2023-12-23,15162
New Jersey,2023-12-30,18349
New Jersey,2024-01-06,14305
New Jersey,2024-01-13,12769
New Jersey,2024-01-20,11530
New Jersey,2024-01-27,11023
New Jersey,2024-02-03,10400
New Jersey,2024-02-10,9507
New Jersey,2024-02-17,8704
New Jersey,2024-02-24,8385
New Jersey,2024-03-02,9028
New Jersey,2024-03-09,9120
New Jersey,2024-03-16,8501
New Jersey,2024-03-23,8387
New Jersey,2024-03-30,9617
New Jersey,2024-04-06,13956
New Jersey,2024-04-13,9586
New Jersey,2024-04-20,8695
New Jersey,2024-04-27,8117
New Jersey,2024-05-04,8409
New Jersey,2024-05-11,8258
New Jersey,2024-05-18,8568
New Jersey,2024-05-25,8504
New Jersey,2024-06-01,7743
New Jersey,2024-06-08,8833
New Jersey,2024-06-15,9795
New Jersey,2024-06-22,15166
New Jersey,2024-06-29,17723
New Jersey,2024-07-06,12206
New Jersey,2024-07-13,10674
New Jersey,2024-07-20,8811
New Jersey,2024-07-27,8453
New Jersey,2024-08-03,9533
New Jersey,2024-08-10,9872
New Jersey,2024-08-17,8862
New Jersey,2024-08-24,8814
New Jersey,2024-08-31,8306
New Jersey,2024-09-07,8058
New Jersey,2024-09-14,8513
New Jersey,2024-09-21,8352
New Jersey,2024-09-28,7905
New Jersey,2024-10-05,9558
New Jersey,2024-10-12,9252
New Jersey,2024-10-19,8324
New Jersey,2024-10-26,8347
New Jersey,2024-11-02,9664
New Jersey,2024-11-09,12103
New Jersey,2024-11-16,10680
New Jersey,2024-11-23,9827
New Jersey,2024-11-30,9625
New Jersey,2024-12-07,12532
New Jersey,2024-12-14,10760
New Jersey,2024-12-21,14845
New Jersey,2024-12-28,20576
New Jersey,2025-01-04,15893
New Jersey,2025-01-11,15584
New Jersey,2025-01-18,12578
New Jersey,2025-01-25,11656
New Jersey,2025-02-01,10678
New Jersey,2025-02-08,10442
New Jersey,2025-02-15,9539
New Jersey,2025-02-22,9761
New Jersey,2025-03-01,9227
New Jersey,2025-03-08,9052
New Jersey,2025-03-15,8192
New Jersey,2025-03-22,8264
New Jersey,2025-03-29,7828
New Jersey,2025-04-05,8908
New Jersey,2025-04-12,9778
New Mexico,2020-01-04,799
New Mexico,2020-01-11,1194
New Mexico,2020-01-18,947
New Mexico,2020-01-25,764
New Mexico,2020-02-01,784
New Mexico,2020-02-08,873
New Mexico,2020-02-15,725
New Mexico,2020-02-22,737
New Mexico,2020-02-29,681
New Mexico,2020-03-07,690
New Mexico,2020-03-14,869
New Mexico,2020-03-21,18105
New Mexico,2020-03-28,27849
New Mexico,2020-04-04,26132
New Mexico,2020-04-11,19043
New Mexico,2020-04-18,13621
New Mexico,2020-04-25,12093
New Mexico,2020-05-02,13675
New Mexico,2020-05-09,8024
New Mexico,2020-05-16,7356
New Mexico,2020-05-23,7058
New Mexico,2020-05-30,6672
New Mexico,2020-06-06,5290
New Mexico,2020-06-13,4536
New Mexico,2020-06-20,4236
New Mexico,2020-06-27,4435
New Mexico,2020-07-04,4935
New Mexico,2020-07-11,5758
New Mexico,2020-07-18,6881
New Mexico,2020-07-25,6402
New Mexico,2020-08-01,5117
New Mexico,2020-08-08,4359
New Mexico,2020-08-15,4175
New Mexico,2020-08-22,3725
New Mexico,2020-08-29,3410
New Mexico,2020-09-05,3357
New Mexico,2020-09-12,3048
New Mexico,2020-09-19,3314
New Mexico,2020-09-26,3067
New Mexico,2020-10-03,3314
New Mexico,2020-10-10,3918
New Mexico,2020-10-17,3641
New Mexico,2020-10-24,3818
New Mexico,2020-10-31,4209
New Mexico,2020-11-07,3848
New Mexico,2020-11-14,5034
New Mexico,2020-11-21,12159
New Mexico,2020-11-28,8337
New Mexico,2020-12-05,7959
New Mexico,2020-12-12,5100
New Mexico,2020-12-19,4802
New Mexico,2020-12-26,3587
New Mexico,2021-01-02,4081
New Mexico,2021-01-09,11514
New Mexico,2021-01-16,6402
New Mexico,2021-01-23,4608
New Mexico,2021-01-30,4527
New Mexico,2021-02-06,3709
New Mexico,2021-02-13,3407
New Mexico,2021-02-20,3143
New Mexico,2021-02-27,3150
New Mexico,2021-03-06,2338
New Mexico,2021-03-13,2690
New Mexico,2021-03-20,2502
New Mexico,2021-03-27,2867
New Mexico,2021-04-03,5893
New Mexico,2021-04-10,5513
New Mexico,2021-04-17,4175
New Mexico,2021-04-24,3580
New Mexico,2021-05-01,3953
New Mexico,2021-05-08,3957
New Mexico,2021-05-15,3396
New Mexico,2021-05-22,3682
New Mexico,2021-05-29,4812
New Mexico,2021-06-05,3969
New Mexico,2021-06-12,3758
New Mexico,2021-06-19,3154
New Mexico,2021-06-26,3502
New Mexico,2021-07-03,3923
New Mexico,2021-07-10,5038
New Mexico,2021-07-17,4450
New Mexico,2021-07-24,3208
New Mexico,2021-07-31,2435
New Mexico,2021-08-07,2089
New Mexico,2021-08-14,4961
New Mexico,2021-08-21,5117
New Mexico,2021-08-28,4889
New Mexico,2021-09-04,4070
New Mexico,2021-09-11,3027
New Mexico,2021-09-18,1972
New Mexico,2021-09-25,1676
New Mexico,2021-10-02,1452
New Mexico,2021-10-09,3464
New Mexico,2021-10-16,2737
New Mexico,2021-10-23,3147
New Mexico,2021-10-30,2216
New Mexico,2021-11-06,1775
New Mexico,2021-11-13,1585
New Mexico,2021-11-20,1705
New Mexico,2021-11-27,1554
New Mexico,2021-12-04,1587
New Mexico,2021-12-11,1566
New Mexico,2021-12-18,1725
New Mexico,2021-12-25,1599
New Mexico,2022-01-01,1498
New Mexico,2022-01-08,1233
New Mexico,2022-01-15,939
New Mexico,2022-01-22,729
New Mexico,2022-01-29,736
New Mexico,2022-02-05,673
New Mexico,2022-02-12,661
New Mexico,2022-02-19,599
New Mexico,2022-02-26,521
New Mexico,2022-03-05,594
New Mexico,2022-03-12,556
New Mexico,2022-03-19,604
New Mexico,2022-03-26,767
New Mexico,2022-04-02,731
New Mexico,2022-04-09,942
New Mexico,2022-04-16,700
New Mexico,2022-04-23,714
New Mexico,2022-04-30,734
New Mexico,2022-05-07,722
New Mexico,2022-05-14,789
New Mexico,2022-05-21,675
New Mexico,2022-05-28,624
New Mexico,2022-06-04,1026
New Mexico,2022-06-11,923
New Mexico,2022-06-18,838
New Mexico,2022-06-25,768
New Mexico,2022-07-02,446
New Mexico,2022-07-09,822
New Mexico,2022-07-16,678
New Mexico,2022-07-23,729
New Mexico,2022-07-30,651
New Mexico,2022-08-06,635
New Mexico,2022-08-13,619
New Mexico,2022-08-20,551
New Mexico,2022-08-27,610
New Mexico,2022-09-03,632
New Mexico,2022-09-10,530
New Mexico,2022-09-17,650
New Mexico,2022-09-24,584
New Mexico,2022-10-01,678
New Mexico,2022-10-08,726
New Mexico,2022-10-15,699
New Mexico,2022-10-22,738
New Mexico,2022-10-29,747
New Mexico,2022-11-05,831
New Mexico,2022-11-12,821
New Mexico,2022-11-19,916
New Mexico,2022-11-26,726
New Mexico,2022-12-03,855
New Mexico,2022-12-10,788
New Mexico,2022-12-17,799
New Mexico,2022-12-24,1101
New Mexico,2022-12-31,704
New Mexico,2023-01-07,910
New Mexico,2023-01-14,967
New Mexico,2023-01-21,742
New Mexico,2023-01-28,745
New Mexico,2023-02-04,735
New Mexico,2023-02-11,711
New Mexico,2023-02-18,631
New Mexico,2023-02-25,594
New Mexico,2023-03-04,677
New Mexico,2023-03-11,659
New Mexico,2023-03-18,770
New Mexico,2023-03-25,737
New Mexico,2023-04-01,622
New Mexico,2023-04-08,739
New Mexico,2023-04-15,682
New Mexico,2023-04-22,657
New Mexico,2023-04-29,676
New Mexico,2023-05-06,712
New Mexico,2023-05-13,679
New Mexico,2023-05-20,695
New Mexico,2023-05-27,828
New Mexico,2023-06-03,991
New Mexico,2023-06-10,995
New Mexico,2023-06-17,711
New Mexico,2023-06-24,668
New Mexico,2023-07-01,715
New Mexico,2023-07-08,712
New Mexico,2023-07-15,902
New Mexico,2023-07-22,817
New Mexico,2023-07-29,776
New Mexico,2023-08-05,896
New Mexico,2023-08-12,710
New Mexico,2023-08-19,772
New Mexico,2023-08-26,683
New Mexico,2023-09-02,726
New Mexico,2023-09-09,598
New Mexico,2023-09-16,729
New Mexico,2023-09-23,745
New Mexico,2023-09-30,746
New Mexico,2023-10-07,873
New Mexico,2023-10-14,677
New Mexico,2023-10-21,762
New Mexico,2023-10-28,774
New Mexico,2023-11-04,863
New Mexico,2023-11-11,628
New Mexico,2023-11-18,586
New Mexico,2023-11-25,757
New Mexico,2023-12-02,850
New Mexico,2023-12-09,1002
New Mexico,2023-12-16,848
New Mexico,2023-12-23,996
New Mexico,2023-12-30,736
New Mexico,2024-01-06,819
New Mexico,2024-01-13,1122
New Mexico,2024-01-20,808
New Mexico,2024-01-27,857
New Mexico,2024-02-03,787
New Mexico,2024-02-10,740
New Mexico,2024-02-17,695
New Mexico,2024-02-24,641
New Mexico,2024-03-02,743
New Mexico,2024-03-09,771
New Mexico,2024-03-16,727
New Mexico,2024-03-23,722
New Mexico,2024-03-30,726
New Mexico,2024-04-06,732
New Mexico,2024-04-13,750
New Mexico,2024-04-20,789
New Mexico,2024-04-27,672
New Mexico,2024-05-04,706
New Mexico,2024-05-11,751
New Mexico,2024-05-18,713
New Mexico,2024-05-25,728
New Mexico,2024-06-01,924
New Mexico,2024-06-08,1074
New Mexico,2024-06-15,809
New Mexico,2024-06-22,1035
New Mexico,2024-06-29,1199
New Mexico,2024-07-06,854
New Mexico,2024-07-13,1008
New Mexico,2024-07-20,846
New Mexico,2024-07-27,810
New Mexico,2024-08-03,768
New Mexico,2024-08-10,776
New Mexico,2024-08-17,739
New Mexico,2024-08-24,640
New Mexico,2024-08-31,710
New Mexico,2024-09-07,739
New Mexico,2024-09-14,720
New Mexico,2024-09-21,761
New Mexico,2024-09-28,753
New Mexico,2024-10-05,951
New Mexico,2024-10-12,803
New Mexico,2024-10-19,794
New Mexico,2024-10-26,834
New Mexico,2024-11-02,844
New Mexico,2024-11-09,915
New Mexico,2024-11-16,849
New Mexico,2024-11-23,886
New Mexico,2024-11-30,791
New Mexico,2024-12-07,855
New Mexico,2024-12-14,804
New Mexico,2024-12-21,850
New Mexico,2024-12-28,966
New Mexico,2025-01-04,735
New Mexico,2025-01-11,1022
New Mexico,2025-01-18,962
New Mexico,2025-01-25,770
New Mexico,2025-02-01,790
New Mexico,2025-02-08,803
New Mexico,2025-02-15,794
New Mexico,2025-02-22,795
New Mexico,2025-03-01,853
New Mexico,2025-03-08,930
New Mexico,2025-03-15,998
New Mexico,2025-03-22,867
New Mexico,2025-03-29,857
New Mexico,2025-04-05,915
New Mexico,2025-04-12,843
New York,2020-01-04,44846
New York,2020-01-11,23314
New York,2020-01-18,17823
New York,2020-01-25,15022
New York,2020-02-01,16545
New York,2020-02-08,15010
New York,2020-02-15,14333
New York,2020-02-22,14144
New York,2020-02-29,31208
New York,2020-03-07,14035
New York,2020-03-14,14272
New York,2020-03-21,79999
New York,2020-03-28,366595
New York,2020-04-04,344451
New York,2020-04-11,394701
New York,2020-04-18,205184
New York,2020-04-25,219413
New York,2020-05-02,195110
New York,2020-05-09,199419
New York,2020-05-16,229524
New York,2020-05-23,189698
New York,2020-05-30,82326
New York,2020-06-06,94167
New York,2020-06-13,95559
New York,2020-06-20,89299
New York,2020-06-27,90083
New York,2020-07-04,94108
New York,2020-07-11,91898
New York,2020-07-18,88402
New York,2020-07-25,85294
New York,2020-08-01,74187
New York,2020-08-08,52794
New York,2020-08-15,62698
New York,2020-08-22,62683
New York,2020-08-29,63366
New York,2020-09-05,64734
New York,2020-09-12,61897
New York,2020-09-19,69790
New York,2020-09-26,64678
New York,2020-10-03,64156
New York,2020-10-10,66385
New York,2020-10-17,54890
New York,2020-10-24,51599
New York,2020-10-31,45716
New York,2020-11-07,43876
New York,2020-11-14,43391
New York,2020-11-21,46821
New York,2020-11-28,45863
New York,2020-12-05,62677
New York,2020-12-12,58153
New York,2020-12-19,41106
New York,2020-12-26,51424
New York,2021-01-02,56917
New York,2021-01-09,73121
New York,2021-01-16,62185
New York,2021-01-23,66250
New York,2021-01-30,77390
New York,2021-02-06,59983
New York,2021-02-13,56931
New York,2021-02-20,47814
New York,2021-02-27,60130
New York,2021-03-06,48224
New York,2021-03-13,47289
New York,2021-03-20,35991
New York,2021-03-27,39776
New York,2021-04-03,42467
New York,2021-04-10,58495
New York,2021-04-17,41655
New York,2021-04-24,41056
New York,2021-05-01,31523
New York,2021-05-08,23417
New York,2021-05-15,20808
New York,2021-05-22,19505
New York,2021-05-29,19615
New York,2021-06-05,18515
New York,2021-06-12,19191
New York,2021-06-19,18496
New York,2021-06-26,20353
New York,2021-07-03,25083
New York,2021-07-10,33273
New York,2021-07-17,22546
New York,2021-07-24,18841
New York,2021-07-31,17469
New York,2021-08-07,14548
New York,2021-08-14,14722
New York,2021-08-21,14932
New York,2021-08-28,18708
New York,2021-09-04,15688
New York,2021-09-11,16776
New York,2021-09-18,14501
New York,2021-09-25,15392
New York,2021-10-02,14165
New York,2021-10-09,15394
New York,2021-10-16,13263
New York,2021-10-23,13586
New York,2021-10-30,13592
New York,2021-11-06,14476
New York,2021-11-13,14172
New York,2021-11-20,14964
New York,2021-11-27,14867
New York,2021-12-04,23390
New York,2021-12-11,15233
New York,2021-12-18,15371
New York,2021-12-25,17658
New York,2022-01-01,26470
New York,2022-01-08,37109
New York,2022-01-15,23255
New York,2022-01-22,17533
New York,2022-01-29,18208
New York,2022-02-05,16680
New York,2022-02-12,16269
New York,2022-02-19,13232
New York,2022-02-26,13245
New York,2022-03-05,29402
New York,2022-03-12,13304
New York,2022-03-19,12749
New York,2022-03-26,13510
New York,2022-04-02,12644
New York,2022-04-09,14151
New York,2022-04-16,11195
New York,2022-04-23,15955
New York,2022-04-30,23284
New York,2022-05-07,13385
New York,2022-05-14,13364
New York,2022-05-21,11914
New York,2022-05-28,12968
New York,2022-06-04,12337
New York,2022-06-11,12519
New York,2022-06-18,12432
New York,2022-06-25,12135
New York,2022-07-02,17300
New York,2022-07-09,27351
New York,2022-07-16,20163
New York,2022-07-23,14394
New York,2022-07-30,13411
New York,2022-08-06,13507
New York,2022-08-13,13381
New York,2022-08-20,13717
New York,2022-08-27,18347
New York,2022-09-03,14685
New York,2022-09-10,11780
New York,2022-09-17,13489
New York,2022-09-24,12085
New York,2022-10-01,11750
New York,2022-10-08,15137
New York,2022-10-15,12048
New York,2022-10-22,13774
New York,2022-10-29,13584
New York,2022-11-05,13976
New York,2022-11-12,14297
New York,2022-11-19,16505
New York,2022-11-26,15189
New York,2022-12-03,23966
New York,2022-12-10,16832
New York,2022-12-17,16517
New York,2022-12-24,18596
New York,2022-12-31,21765
New York,2023-01-07,39050
New York,2023-01-14,21642
New York,2023-01-21,16685
New York,2023-01-28,17634
New York,2023-02-04,17210
New York,2023-02-11,16566
New York,2023-02-18,14461
New York,2023-02-25,13878
New York,2023-03-04,30122
New York,2023-03-11,14686
New York,2023-03-18,13630
New York,2023-03-25,15276
New York,2023-04-01,13565
New York,2023-04-08,14793
New York,2023-04-15,21393
New York,2023-04-22,22880
New York,2023-04-29,13424
New York,2023-05-06,14636
New York,2023-05-13,14447
New York,2023-05-20,13822
New York,2023-05-27,14999
New York,2023-06-03,13674
New York,2023-06-10,15006
New York,2023-06-17,13708
New York,2023-06-24,14283
New York,2023-07-01,18435
New York,2023-07-08,26478
New York,2023-07-15,24561
New York,2023-07-22,15035
New York,2023-07-29,14034
New York,2023-08-05,14773
New York,2023-08-12,13810
New York,2023-08-19,13589
New York,2023-08-26,17170
New York,2023-09-02,14942
New York,2023-09-09,11891
New York,2023-09-16,13223
New York,2023-09-23,12074
New York,2023-09-30,12107
New York,2023-10-07,13490
New York,2023-10-14,11500
New York,2023-10-21,13469
New York,2023-10-28,11527
New York,2023-11-04,13772
New York,2023-11-11,16346
New York,2023-11-18,15730
New York,2023-11-25,13657
New York,2023-12-02,22730
New York,2023-12-09,16010
New York,2023-12-16,15676
New York,2023-12-23,16281
New York,2023-12-30,17449
New York,2024-01-06,37984
New York,2024-01-13,20626
New York,2024-01-20,16418
New York,2024-01-27,20551
New York,2024-02-03,17386
New York,2024-02-10,16855
New York,2024-02-17,15212
New York,2024-02-24,15153
New York,2024-03-02,29329
New York,2024-03-09,14746
New York,2024-03-16,14349
New York,2024-03-23,13927
New York,2024-03-30,14089
New York,2024-04-06,16588
New York,2024-04-13,17094
New York,2024-04-20,12841
New York,2024-04-27,13125
New York,2024-05-04,23296
New York,2024-05-11,13753
New York,2024-05-18,13127
New York,2024-05-25,12664
New York,2024-06-01,11648
New York,2024-06-08,13201
New York,2024-06-15,12008
New York,2024-06-22,11557
New York,2024-06-29,15984
New York,2024-07-06,21231
New York,2024-07-13,23636
New York,2024-07-20,15545
New York,2024-07-27,13149
New York,2024-08-03,13756
New York,2024-08-10,13652
New York,2024-08-17,13692
New York,2024-08-24,16296
New York,2024-08-31,15111
New York,2024-09-07,12233
New York,2024-09-14,14075
New York,2024-09-21,12565
New York,2024-09-28,12114
New York,2024-10-05,12534
New York,2024-10-12,14874
New York,2024-10-19,12089
New York,2024-10-26,14072
New York,2024-11-02,13603
New York,2024-11-09,15930
New York,2024-11-16,14846
New York,2024-11-23,16408
New York,2024-11-30,14462
New York,2024-12-07,23388
New York,2024-12-14,16581
New York,2024-12-21,15616
New York,2024-12-28,15065
New York,2025-01-04,37298
New York,2025-01-11,21902
New York,2025-01-18,17548
New York,2025-01-25,15198
New York,2025-02-01,19162
New York,2025-02-08,16149
New York,2025-02-15,15451
New York,2025-02-22,14538
New York,2025-03-01,30051
New York,2025-03-08,14938
New York,2025-03-15,14434
New York,2025-03-22,14978
New York,2025-03-29,15121
New York,2025-04-05,14036
New York,2025-04-12,14856
North Carolina,2020-01-04,3508
North Carolina,2020-01-11,4628
North Carolina,2020-01-18,4217
North Carolina,2020-01-25,3344
North Carolina,2020-02-01,3611
North Carolina,2020-02-08,3326
North Carolina,2020-02-15,3094
North Carolina,2020-02-22,2852
North Carolina,2020-02-29,1767
North Carolina,2020-03-07,2575
North Carolina,2020-03-14,3533
North Carolina,2020-03-21,94083
North Carolina,2020-03-28,172145
North Carolina,2020-04-04,137422
North Carolina,2020-04-11,140155
North Carolina,2020-04-18,106266
North Carolina,2020-04-25,98941
North Carolina,2020-05-02,85956
North Carolina,2020-05-09,57354
North Carolina,2020-05-16,46913
North Carolina,2020-05-23,44202
North Carolina,2020-05-30,37047
North Carolina,2020-06-06,33865
North Carolina,2020-06-13,32188
North Carolina,2020-06-20,29199
North Carolina,2020-06-27,29580
North Carolina,2020-07-04,27937
North Carolina,2020-07-11,28108
North Carolina,2020-07-18,29204
North Carolina,2020-07-25,26995
North Carolina,2020-08-01,16503
North Carolina,2020-08-08,14328
North Carolina,2020-08-15,17388
North Carolina,2020-08-22,13680
North Carolina,2020-08-29,13297
North Carolina,2020-09-05,14147
North Carolina,2020-09-12,13437
North Carolina,2020-09-19,13406
North Carolina,2020-09-26,12627
North Carolina,2020-10-03,15534
North Carolina,2020-10-10,13172
North Carolina,2020-10-17,12119
North Carolina,2020-10-24,9903
North Carolina,2020-10-31,8338
North Carolina,2020-11-07,8291
North Carolina,2020-11-14,7649
North Carolina,2020-11-21,8588
North Carolina,2020-11-28,6391
North Carolina,2020-12-05,9950
North Carolina,2020-12-12,9654
North Carolina,2020-12-19,9368
North Carolina,2020-12-26,8718
North Carolina,2021-01-02,13331
North Carolina,2021-01-09,15722
North Carolina,2021-01-16,14117
North Carolina,2021-01-23,13518
North Carolina,2021-01-30,13352
North Carolina,2021-02-06,12694
North Carolina,2021-02-13,9350
North Carolina,2021-02-20,8474
North Carolina,2021-02-27,7971
North Carolina,2021-03-06,8155
North Carolina,2021-03-13,8305
North Carolina,2021-03-20,7170
North Carolina,2021-03-27,6934
North Carolina,2021-04-03,7777
North Carolina,2021-04-10,7998
North Carolina,2021-04-17,8711
North Carolina,2021-04-24,10109
North Carolina,2021-05-01,7051
North Carolina,2021-05-08,7333
North Carolina,2021-05-15,7137
North Carolina,2021-05-22,6437
North Carolina,2021-05-29,5932
North Carolina,2021-06-05,5150
North Carolina,2021-06-12,4665
North Carolina,2021-06-19,4604
North Carolina,2021-06-26,4538
North Carolina,2021-07-03,4879
North Carolina,2021-07-10,5355
North Carolina,2021-07-17,5169
North Carolina,2021-07-24,4876
North Carolina,2021-07-31,5424
North Carolina,2021-08-07,5562
North Carolina,2021-08-14,5045
North Carolina,2021-08-21,5206
North Carolina,2021-08-28,4950
North Carolina,2021-09-04,5050
North Carolina,2021-09-11,4210
North Carolina,2021-09-18,3610
North Carolina,2021-09-25,3920
North Carolina,2021-10-02,3999
North Carolina,2021-10-09,4473
North Carolina,2021-10-16,3885
North Carolina,2021-10-23,3520
North Carolina,2021-10-30,3718
North Carolina,2021-11-06,4127
North Carolina,2021-11-13,4379
North Carolina,2021-11-20,5722
North Carolina,2021-11-27,8183
North Carolina,2021-12-04,6465
North Carolina,2021-12-11,2145
North Carolina,2021-12-18,2384
North Carolina,2021-12-25,1923
North Carolina,2022-01-01,1848
North Carolina,2022-01-08,3917
North Carolina,2022-01-15,4232
North Carolina,2022-01-22,3415
North Carolina,2022-01-29,3705
North Carolina,2022-02-05,3007
North Carolina,2022-02-12,3019
North Carolina,2022-02-19,2768
North Carolina,2022-02-26,2598
North Carolina,2022-03-05,2646
North Carolina,2022-03-12,2616
North Carolina,2022-03-19,2403
North Carolina,2022-03-26,2530
North Carolina,2022-04-02,2643
North Carolina,2022-04-09,2711
North Carolina,2022-04-16,2292
North Carolina,2022-04-23,2617
North Carolina,2022-04-30,2770
North Carolina,2022-05-07,2445
North Carolina,2022-05-14,2731
North Carolina,2022-05-21,3053
North Carolina,2022-05-28,2970
North Carolina,2022-06-04,2850
North Carolina,2022-06-11,3282
North Carolina,2022-06-18,3143
North Carolina,2022-06-25,2898
North Carolina,2022-07-02,3065
North Carolina,2022-07-09,2824
North Carolina,2022-07-16,3458
North Carolina,2022-07-23,3011
North Carolina,2022-07-30,3558
North Carolina,2022-08-06,3747
North Carolina,2022-08-13,3512
North Carolina,2022-08-20,3274
North Carolina,2022-08-27,3101
North Carolina,2022-09-03,3073
North Carolina,2022-09-10,2655
North Carolina,2022-09-17,2981
North Carolina,2022-09-24,3270
North Carolina,2022-10-01,4921
North Carolina,2022-10-08,3401
North Carolina,2022-10-15,2797
North Carolina,2022-10-22,3212
North Carolina,2022-10-29,2553
North Carolina,2022-11-05,2633
North Carolina,2022-11-12,3774
North Carolina,2022-11-19,3641
North Carolina,2022-11-26,2437
North Carolina,2022-12-03,4029
North Carolina,2022-12-10,3691
North Carolina,2022-12-17,3598
North Carolina,2022-12-24,2710
North Carolina,2022-12-31,2507
North Carolina,2023-01-07,4138
North Carolina,2023-01-14,4048
North Carolina,2023-01-21,3582
North Carolina,2023-01-28,3654
North Carolina,2023-02-04,3713
North Carolina,2023-02-11,3328
North Carolina,2023-02-18,3184
North Carolina,2023-02-25,2890
North Carolina,2023-03-04,3578
North Carolina,2023-03-11,3471
North Carolina,2023-03-18,3386
North Carolina,2023-03-25,3340
North Carolina,2023-04-01,3342
North Carolina,2023-04-08,3450
North Carolina,2023-04-15,3266
North Carolina,2023-04-22,3144
North Carolina,2023-04-29,3244
North Carolina,2023-05-06,3616
North Carolina,2023-05-13,3594
North Carolina,2023-05-20,3635
North Carolina,2023-05-27,3247
North Carolina,2023-06-03,3264
North Carolina,2023-06-10,3488
North Carolina,2023-06-17,3651
North Carolina,2023-06-24,3365
North Carolina,2023-07-01,3436
North Carolina,2023-07-08,3185
North Carolina,2023-07-15,3700
North Carolina,2023-07-22,3339
North Carolina,2023-07-29,3374
North Carolina,2023-08-05,3775
North Carolina,2023-08-12,3623
North Carolina,2023-08-19,3309
North Carolina,2023-08-26,3165
North Carolina,2023-09-02,3459
North Carolina,2023-09-09,2997
North Carolina,2023-09-16,3087
North Carolina,2023-09-23,2959
North Carolina,2023-09-30,2884
North Carolina,2023-10-07,3626
North Carolina,2023-10-14,3648
North Carolina,2023-10-21,3161
North Carolina,2023-10-28,4464
North Carolina,2023-11-04,3942
North Carolina,2023-11-11,3570
North Carolina,2023-11-18,3033
North Carolina,2023-11-25,1915
North Carolina,2023-12-02,2927
North Carolina,2023-12-09,3100
North Carolina,2023-12-16,2743
North Carolina,2023-12-23,2688
North Carolina,2023-12-30,1836
North Carolina,2024-01-06,3765
North Carolina,2024-01-13,3686
North Carolina,2024-01-20,3245
North Carolina,2024-01-27,3559
North Carolina,2024-02-03,3591
North Carolina,2024-02-10,3396
North Carolina,2024-02-17,3177
North Carolina,2024-02-24,2834
North Carolina,2024-03-02,2905
North Carolina,2024-03-09,3032
North Carolina,2024-03-16,2914
North Carolina,2024-03-23,3072
North Carolina,2024-03-30,2672
North Carolina,2024-04-06,3030
North Carolina,2024-04-13,2940
North Carolina,2024-04-20,3097
North Carolina,2024-04-27,3160
North Carolina,2024-05-04,3424
North Carolina,2024-05-11,3351
North Carolina,2024-05-18,3415
North Carolina,2024-05-25,3175
North Carolina,2024-06-01,2993
North Carolina,2024-06-08,3620
North Carolina,2024-06-15,3450
North Carolina,2024-06-22,3433
North Carolina,2024-06-29,3468
North Carolina,2024-07-06,2974
North Carolina,2024-07-13,3633
North Carolina,2024-07-20,3275
North Carolina,2024-07-27,3169
North Carolina,2024-08-03,3325
North Carolina,2024-08-10,3316
North Carolina,2024-08-17,3190
North Carolina,2024-08-24,3079
North Carolina,2024-08-31,3115
North Carolina,2024-09-07,2888
North Carolina,2024-09-14,3027
North Carolina,2024-09-21,3263
North Carolina,2024-09-28,2941
North Carolina,2024-10-05,11655
North Carolina,2024-10-12,9290
North Carolina,2024-10-19,6523
North Carolina,2024-10-26,3664
North Carolina,2024-11-02,3490
North Carolina,2024-11-09,3581
North Carolina,2024-11-16,3645
North Carolina,2024-11-23,3829
North Carolina,2024-11-30,2504
North Carolina,2024-12-07,4020
North Carolina,2024-12-14,3589
North Carolina,2024-12-21,3559
North Carolina,2024-12-28,2103
North Carolina,2025-01-04,3795
North Carolina,2025-01-11,4631
North Carolina,2025-01-18,4030
North Carolina,2025-01-25,3534
North Carolina,2025-02-01,4005
North Carolina,2025-02-08,4206
North Carolina,2025-02-15,3952
North Carolina,2025-02-22,3291
North Carolina,2025-03-01,3341
North Carolina,2025-03-08,3790
North Carolina,2025-03-15,3395
North Carolina,2025-03-22,3419
North Carolina,2025-03-29,3189
North Carolina,2025-04-05,3589
North Carolina,2025-04-12,3566
North Dakota,2020-01-04,836
North Dakota,2020-01-11,1530
North Dakota,2020-01-18,785
North Dakota,2020-01-25,543
North Dakota,2020-02-01,447
North Dakota,2020-02-08,526
North Dakota,2020-02-15,457
North Dakota,2020-02-22,435
North Dakota,2020-02-29,363
North Dakota,2020-03-07,423
North Dakota,2020-03-14,415
North Dakota,2020-03-21,5662
North Dakota,2020-03-28,11818
North Dakota,2020-04-04,15125
North Dakota,2020-04-11,9502
North Dakota,2020-04-18,8065
North Dakota,2020-04-25,6274
North Dakota,2020-05-02,4044
North Dakota,2020-05-09,2753
North Dakota,2020-05-16,2619
North Dakota,2020-05-23,2978
North Dakota,2020-05-30,2315
North Dakota,2020-06-06,2252
North Dakota,2020-06-13,2073
North Dakota,2020-06-20,1821
North Dakota,2020-06-27,1511
North Dakota,2020-07-04,1720
North Dakota,2020-07-11,1532
North Dakota,2020-07-18,1915
North Dakota,2020-07-25,1203
North Dakota,2020-08-01,979
North Dakota,2020-08-08,776
North Dakota,2020-08-15,855
North Dakota,2020-08-22,720
North Dakota,2020-08-29,804
North Dakota,2020-09-05,947
North Dakota,2020-09-12,719
North Dakota,2020-09-19,792
North Dakota,2020-09-26,856
North Dakota,2020-10-03,841
North Dakota,2020-10-10,1045
North Dakota,2020-10-17,1043
North Dakota,2020-10-24,1223
North Dakota,2020-10-31,1265
North Dakota,2020-11-07,1238
North Dakota,2020-11-14,1577
North Dakota,2020-11-21,1765
North Dakota,2020-11-28,1613
North Dakota,2020-12-05,1709
North Dakota,2020-12-12,1586
North Dakota,2020-12-19,1037
North Dakota,2020-12-26,1240
North Dakota,2021-01-02,1442
North Dakota,2021-01-09,1946
North Dakota,2021-01-16,1901
North Dakota,2021-01-23,1266
North Dakota,2021-01-30,1304
North Dakota,2021-02-06,1154
North Dakota,2021-02-13,983
North Dakota,2021-02-20,858
North Dakota,2021-02-27,638
North Dakota,2021-03-06,581
North Dakota,2021-03-13,611
North Dakota,2021-03-20,678
North Dakota,2021-03-27,868
North Dakota,2021-04-03,821
North Dakota,2021-04-10,2047
North Dakota,2021-04-17,1794
North Dakota,2021-04-24,1195
North Dakota,2021-05-01,770
North Dakota,2021-05-08,670
North Dakota,2021-05-15,610
North Dakota,2021-05-22,526
North Dakota,2021-05-29,501
North Dakota,2021-06-05,527
North Dakota,2021-06-12,490
North Dakota,2021-06-19,313
North Dakota,2021-06-26,408
North Dakota,2021-07-03,631
North Dakota,2021-07-10,528
North Dakota,2021-07-17,332
North Dakota,2021-07-24,281
North Dakota,2021-07-31,274
North Dakota,2021-08-07,318
North Dakota,2021-08-14,275
North Dakota,2021-08-21,259
North Dakota,2021-08-28,276
North Dakota,2021-09-04,301
North Dakota,2021-09-11,183
North Dakota,2021-09-18,225
North Dakota,2021-09-25,244
North Dakota,2021-10-02,251
North Dakota,2021-10-09,300
North Dakota,2021-10-16,290
North Dakota,2021-10-23,269
North Dakota,2021-10-30,291
North Dakota,2021-11-06,404
North Dakota,2021-11-13,554
North Dakota,2021-11-20,703
North Dakota,2021-11-27,714
North Dakota,2021-12-04,807
North Dakota,2021-12-11,896
North Dakota,2021-12-18,881
North Dakota,2021-12-25,933
North Dakota,2022-01-01,866
North Dakota,2022-01-08,1436
North Dakota,2022-01-15,744
North Dakota,2022-01-22,595
North Dakota,2022-01-29,503
North Dakota,2022-02-05,419
North Dakota,2022-02-12,331
North Dakota,2022-02-19,295
North Dakota,2022-02-26,296
North Dakota,2022-03-05,290
North Dakota,2022-03-12,385
North Dakota,2022-03-19,224
North Dakota,2022-03-26,189
North Dakota,2022-04-02,212
North Dakota,2022-04-09,246
North Dakota,2022-04-16,268
North Dakota,2022-04-23,322
North Dakota,2022-04-30,211
North Dakota,2022-05-07,227
North Dakota,2022-05-14,215
North Dakota,2022-05-21,280
North Dakota,2022-05-28,263
North Dakota,2022-06-04,288
North Dakota,2022-06-11,326
North Dakota,2022-06-18,232
North Dakota,2022-06-25,227
North Dakota,2022-07-02,204
North Dakota,2022-07-09,248
North Dakota,2022-07-16,205
North Dakota,2022-07-23,182
North Dakota,2022-07-30,236
North Dakota,2022-08-06,208
North Dakota,2022-08-13,176
North Dakota,2022-08-20,138
North Dakota,2022-08-27,134
North Dakota,2022-09-03,126
North Dakota,2022-09-10,154
North Dakota,2022-09-17,134
North Dakota,2022-09-24,140
North Dakota,2022-10-01,169
North Dakota,2022-10-08,180
North Dakota,2022-10-15,190
North Dakota,2022-10-22,180
North Dakota,2022-10-29,232
North Dakota,2022-11-05,278
North Dakota,2022-11-12,348
North Dakota,2022-11-19,874
North Dakota,2022-11-26,646
North Dakota,2022-12-03,795
North Dakota,2022-12-10,743
North Dakota,2022-12-17,938
North Dakota,2022-12-24,953
North Dakota,2022-12-31,576
North Dakota,2023-01-07,989
North Dakota,2023-01-14,645
North Dakota,2023-01-21,439
North Dakota,2023-01-28,437
North Dakota,2023-02-04,410
North Dakota,2023-02-11,300
North Dakota,2023-02-18,287
North Dakota,2023-02-25,283
North Dakota,2023-03-04,249
North Dakota,2023-03-11,288
North Dakota,2023-03-18,243
North Dakota,2023-03-25,228
North Dakota,2023-04-01,190
North Dakota,2023-04-08,259
North Dakota,2023-04-15,250
North Dakota,2023-04-22,223
North Dakota,2023-04-29,212
North Dakota,2023-05-06,204
North Dakota,2023-05-13,229
North Dakota,2023-05-20,204
North Dakota,2023-05-27,233
North Dakota,2023-06-03,367
North Dakota,2023-06-10,336
North Dakota,2023-06-17,218
North Dakota,2023-06-24,244
North Dakota,2023-07-01,225
North Dakota,2023-07-08,277
North Dakota,2023-07-15,239
North Dakota,2023-07-22,178
North Dakota,2023-07-29,195
North Dakota,2023-08-05,230
North Dakota,2023-08-12,198
North Dakota,2023-08-19,171
North Dakota,2023-08-26,154
North Dakota,2023-09-02,165
North Dakota,2023-09-09,147
North Dakota,2023-09-16,149
North Dakota,2023-09-23,175
North Dakota,2023-09-30,244
North Dakota,2023-10-07,211
North Dakota,2023-10-14,225
North Dakota,2023-10-21,219
North Dakota,2023-10-28,303
North Dakota,2023-11-04,432
North Dakota,2023-11-11,407
North Dakota,2023-11-18,568
North Dakota,2023-11-25,509
North Dakota,2023-12-02,722
North Dakota,2023-12-09,688
North Dakota,2023-12-16,811
North Dakota,2023-12-23,858
North Dakota,2023-12-30,803
North Dakota,2024-01-06,659
North Dakota,2024-01-13,1235
North Dakota,2024-01-20,628
North Dakota,2024-01-27,421
North Dakota,2024-02-03,426
North Dakota,2024-02-10,398
North Dakota,2024-02-17,347
North Dakota,2024-02-24,273
North Dakota,2024-03-02,258
North Dakota,2024-03-09,278
North Dakota,2024-03-16,246
North Dakota,2024-03-23,238
North Dakota,2024-03-30,245
North Dakota,2024-04-06,293
North Dakota,2024-04-13,270
North Dakota,2024-04-20,231
North Dakota,2024-04-27,203
North Dakota,2024-05-04,302
North Dakota,2024-05-11,280
North Dakota,2024-05-18,267
North Dakota,2024-05-25,484
North Dakota,2024-06-01,1264
North Dakota,2024-06-08,518
North Dakota,2024-06-15,287
North Dakota,2024-06-22,240
North Dakota,2024-06-29,426
North Dakota,2024-07-06,1189
North Dakota,2024-07-13,481
North Dakota,2024-07-20,273
North Dakota,2024-07-27,210
North Dakota,2024-08-03,208
North Dakota,2024-08-10,271
North Dakota,2024-08-17,321
North Dakota,2024-08-24,1313
North Dakota,2024-08-31,394
North Dakota,2024-09-07,246
North Dakota,2024-09-14,198
North Dakota,2024-09-21,223
North Dakota,2024-09-28,210
North Dakota,2024-10-05,247
North Dakota,2024-10-12,284
North Dakota,2024-10-19,281
North Dakota,2024-10-26,361
North Dakota,2024-11-02,842
North Dakota,2024-11-09,558
North Dakota,2024-11-16,546
North Dakota,2024-11-23,859
North Dakota,2024-11-30,1863
North Dakota,2024-12-07,1075
North Dakota,2024-12-14,989
North Dakota,2024-12-21,932
North Dakota,2024-12-28,830
North Dakota,2025-01-04,745
North Dakota,2025-01-11,1230
North Dakota,2025-01-18,622
North Dakota,2025-01-25,538
North Dakota,2025-02-01,412
North Dakota,2025-02-08,407
North Dakota,2025-02-15,482
North Dakota,2025-02-22,387
North Dakota,2025-03-01,332
North Dakota,2025-03-08,266
North Dakota,2025-03-15,264
North Dakota,2025-03-22,287
North Dakota,2025-03-29,255
North Dakota,2025-04-05,374
North Dakota,2025-04-12,428
Ohio,2020-01-04,10759
Ohio,2020-01-11,9957
Ohio,2020-01-18,7865
Ohio,2020-01-25,8086
Ohio,2020-02-01,7329
Ohio,2020-02-08,6825
Ohio,2020-02-15,6532
Ohio,2020-02-22,6208
Ohio,2020-02-29,9916
Ohio,2020-03-07,6545
Ohio,2020-03-14,7046
Ohio,2020-03-21,196309
Ohio,2020-03-28,274288
Ohio,2020-04-04,226191
Ohio,2020-04-11,159317
Ohio,2020-04-18,109830
Ohio,2020-04-25,93599
Ohio,2020-05-02,61487
Ohio,2020-05-09,52253
Ohio,2020-05-16,46855
Ohio,2020-05-23,42575
Ohio,2020-05-30,35069
Ohio,2020-06-06,36151
Ohio,2020-06-13,33133
Ohio,2020-06-20,34915
Ohio,2020-06-27,35904
Ohio,2020-07-04,33826
Ohio,2020-07-11,35743
Ohio,2020-07-18,30308
Ohio,2020-07-25,28022
Ohio,2020-08-01,26045
Ohio,2020-08-08,21074
Ohio,2020-08-15,21747
Ohio,2020-08-22,19090
Ohio,2020-08-29,18778
Ohio,2020-09-05,18084
Ohio,2020-09-12,16375
Ohio,2020-09-19,17601
Ohio,2020-09-26,17969
Ohio,2020-10-03,18634
Ohio,2020-10-10,20085
Ohio,2020-10-17,17671
Ohio,2020-10-24,17587
Ohio,2020-10-31,21353
Ohio,2020-11-07,21935
Ohio,2020-11-14,25003
Ohio,2020-11-21,30198
Ohio,2020-11-28,27786
Ohio,2020-12-05,36373
Ohio,2020-12-12,38369
Ohio,2020-12-19,31160
Ohio,2020-12-26,28811
Ohio,2021-01-02,29726
Ohio,2021-01-09,37335
Ohio,2021-01-16,43000
Ohio,2021-01-23,50002
Ohio,2021-01-30,47821
Ohio,2021-02-06,140488
Ohio,2021-02-13,147051
Ohio,2021-02-20,101862
Ohio,2021-02-27,120506
Ohio,2021-03-06,128192
Ohio,2021-03-13,115205
Ohio,2021-03-20,69397
Ohio,2021-03-27,54518
Ohio,2021-04-03,45160
Ohio,2021-04-10,23329
Ohio,2021-04-17,22361
Ohio,2021-04-24,21541
Ohio,2021-05-01,18697
Ohio,2021-05-08,20068
Ohio,2021-05-15,17575
Ohio,2021-05-22,13731
Ohio,2021-05-29,14013
Ohio,2021-06-05,16309
Ohio,2021-06-12,15946
Ohio,2021-06-19,12991
Ohio,2021-06-26,10518
Ohio,2021-07-03,10931
Ohio,2021-07-10,9971
Ohio,2021-07-17,12642
Ohio,2021-07-24,10645
Ohio,2021-07-31,10764
Ohio,2021-08-07,10614
Ohio,2021-08-14,9701
Ohio,2021-08-21,8186
Ohio,2021-08-28,13749
Ohio,2021-09-04,13583
Ohio,2021-09-11,8918
Ohio,2021-09-18,13065
Ohio,2021-09-25,10212
Ohio,2021-10-02,9259
Ohio,2021-10-09,9866
Ohio,2021-10-16,7579
Ohio,2021-10-23,7060
Ohio,2021-10-30,7392
Ohio,2021-11-06,11238
Ohio,2021-11-13,7923
Ohio,2021-11-20,7223
Ohio,2021-11-27,7523
Ohio,2021-12-04,9311
Ohio,2021-12-11,9134
Ohio,2021-12-18,9351
Ohio,2021-12-25,11966
Ohio,2022-01-01,12358
Ohio,2022-01-08,17482
Ohio,2022-01-15,15412
Ohio,2022-01-22,15171
Ohio,2022-01-29,10324
Ohio,2022-02-05,9727
Ohio,2022-02-12,15119
Ohio,2022-02-19,12907
Ohio,2022-02-26,10809
Ohio,2022-03-05,11926
Ohio,2022-03-12,13473
Ohio,2022-03-19,12602
Ohio,2022-03-26,16182
Ohio,2022-04-02,17691
Ohio,2022-04-09,13805
Ohio,2022-04-16,10903
Ohio,2022-04-23,8294
Ohio,2022-04-30,6276
Ohio,2022-05-07,7048
Ohio,2022-05-14,8237
Ohio,2022-05-21,8317
Ohio,2022-05-28,8827
Ohio,2022-06-04,9531
Ohio,2022-06-11,11303
Ohio,2022-06-18,10901
Ohio,2022-06-25,13489
Ohio,2022-07-02,12491
Ohio,2022-07-09,14765
Ohio,2022-07-16,11132
Ohio,2022-07-23,9261
Ohio,2022-07-30,7621
Ohio,2022-08-06,7907
Ohio,2022-08-13,6248
Ohio,2022-08-20,6316
Ohio,2022-08-27,6025
Ohio,2022-09-03,6684
Ohio,2022-09-10,5960
Ohio,2022-09-17,6424
Ohio,2022-09-24,8010
Ohio,2022-10-01,7256
Ohio,2022-10-08,7282
Ohio,2022-10-15,5967
Ohio,2022-10-22,6426
Ohio,2022-10-29,6441
Ohio,2022-11-05,7481
Ohio,2022-11-12,7668
Ohio,2022-11-19,10078
Ohio,2022-11-26,10656
Ohio,2022-12-03,13090
Ohio,2022-12-10,13094
Ohio,2022-12-17,11288
Ohio,2022-12-24,13314
Ohio,2022-12-31,13800
Ohio,2023-01-07,14058
Ohio,2023-01-14,13460
Ohio,2023-01-21,9064
Ohio,2023-01-28,7959
Ohio,2023-02-04,11487
Ohio,2023-02-11,13342
Ohio,2023-02-18,12799
Ohio,2023-02-25,11525
Ohio,2023-03-04,12734
Ohio,2023-03-11,15135
Ohio,2023-03-18,14824
Ohio,2023-03-25,15759
Ohio,2023-04-01,13265
Ohio,2023-04-08,10127
Ohio,2023-04-15,9049
Ohio,2023-04-22,5813
Ohio,2023-04-29,5308
Ohio,2023-05-06,6312
Ohio,2023-05-13,7920
Ohio,2023-05-20,8213
Ohio,2023-05-27,10372
Ohio,2023-06-03,16819
Ohio,2023-06-10,17346
Ohio,2023-06-17,15960
Ohio,2023-06-24,18319
Ohio,2023-07-01,21347
Ohio,2023-07-08,23130
Ohio,2023-07-15,22440
Ohio,2023-07-22,21458
Ohio,2023-07-29,18506
Ohio,2023-08-05,23912
Ohio,2023-08-12,23912
Ohio,2023-08-19,18007
Ohio,2023-08-26,13375
Ohio,2023-09-02,10616
Ohio,2023-09-09,7191
Ohio,2023-09-16,7061
Ohio,2023-09-23,8483
Ohio,2023-09-30,6955
Ohio,2023-10-07,6109
Ohio,2023-10-14,5835
Ohio,2023-10-21,6232
Ohio,2023-10-28,5933
Ohio,2023-11-04,6469
Ohio,2023-11-11,6932
Ohio,2023-11-18,7559
Ohio,2023-11-25,8689
Ohio,2023-12-02,9381
Ohio,2023-12-09,8313
Ohio,2023-12-16,9617
Ohio,2023-12-23,12329
Ohio,2023-12-30,12055
Ohio,2024-01-06,10515
Ohio,2024-01-13,11312
Ohio,2024-01-20,9574
Ohio,2024-01-27,9811
Ohio,2024-02-03,5721
Ohio,2024-02-10,5369
Ohio,2024-02-17,6284
Ohio,2024-02-24,5853
Ohio,2024-03-02,5649
Ohio,2024-03-09,4196
Ohio,2024-03-16,4258
Ohio,2024-03-23,5043
Ohio,2024-03-30,6228
Ohio,2024-04-06,5698
Ohio,2024-04-13,4542
Ohio,2024-04-20,4690
Ohio,2024-04-27,5030
Ohio,2024-05-04,5719
Ohio,2024-05-11,5694
Ohio,2024-05-18,5194
Ohio,2024-05-25,4648
Ohio,2024-06-01,6340
Ohio,2024-06-08,6390
Ohio,2024-06-15,5956
Ohio,2024-06-22,5162
Ohio,2024-06-29,5891
Ohio,2024-07-06,7495
Ohio,2024-07-13,9117
Ohio,2024-07-20,7769
Ohio,2024-07-27,5392
Ohio,2024-08-03,5487
Ohio,2024-08-10,5456
Ohio,2024-08-17,4963
Ohio,2024-08-24,4808
Ohio,2024-08-31,5614
Ohio,2024-09-07,4528
Ohio,2024-09-14,5038
Ohio,2024-09-21,5622
Ohio,2024-09-28,5218
Ohio,2024-10-05,9866
Ohio,2024-10-12,7310
Ohio,2024-10-19,5478
Ohio,2024-10-26,6184
Ohio,2024-11-02,8095
Ohio,2024-11-09,7790
Ohio,2024-11-16,6665
Ohio,2024-11-23,8153
Ohio,2024-11-30,7345
Ohio,2024-12-07,10578
Ohio,2024-12-14,8640
Ohio,2024-12-21,9339
Ohio,2024-12-28,12428
Ohio,2025-01-04,9394
Ohio,2025-01-11,13940
Ohio,2025-01-18,8626
Ohio,2025-01-25,7274
Ohio,2025-02-01,7564
Ohio,2025-02-08,6469
Ohio,2025-02-15,6044
Ohio,2025-02-22,6650
Ohio,2025-03-01,6549
Ohio,2025-03-08,5883
Ohio,2025-03-15,5468
Ohio,2025-03-22,5729
Ohio,2025-03-29,6133
Ohio,2025-04-05,6191
Ohio,2025-04-12,5711
Oklahoma,2020-01-04,2943
Oklahoma,2020-01-11,2034
Oklahoma,2020-01-18,1981
Oklahoma,2020-01-25,1830
Oklahoma,2020-02-01,1779
Oklahoma,2020-02-08,1715
Oklahoma,2020-02-15,1633
Oklahoma,2020-02-22,1509
Oklahoma,2020-02-29,1458
Oklahoma,2020-03-07,1569
Oklahoma,2020-03-14,1836
Oklahoma,2020-03-21,21926
Oklahoma,2020-03-28,47744
Oklahoma,2020-04-04,60534
Oklahoma,2020-04-11,54481
Oklahoma,2020-04-18,46696
Oklahoma,2020-04-25,52500
Oklahoma,2020-05-02,93885
Oklahoma,2020-05-09,39079
Oklahoma,2020-05-16,33440
Oklahoma,2020-05-23,43714
Oklahoma,2020-05-30,60376
Oklahoma,2020-06-06,77525
Oklahoma,2020-06-13,84779
Oklahoma,2020-06-20,58613
Oklahoma,2020-06-27,18405
Oklahoma,2020-07-04,9423
Oklahoma,2020-07-11,9680
Oklahoma,2020-07-18,9879
Oklahoma,2020-07-25,8927
Oklahoma,2020-08-01,6609
Oklahoma,2020-08-08,5687
Oklahoma,2020-08-15,6561
Oklahoma,2020-08-22,6064
Oklahoma,2020-08-29,6019
Oklahoma,2020-09-05,6602
Oklahoma,2020-09-12,5596
Oklahoma,2020-09-19,5434
Oklahoma,2020-09-26,5258
Oklahoma,2020-10-03,5780
Oklahoma,2020-10-10,5531
Oklahoma,2020-10-17,5277
Oklahoma,2020-10-24,5015
Oklahoma,2020-10-31,4953
Oklahoma,2020-11-07,4470
Oklahoma,2020-11-14,4618
Oklahoma,2020-11-21,5834
Oklahoma,2020-11-28,3541
Oklahoma,2020-12-05,6168
Oklahoma,2020-12-12,5297
Oklahoma,2020-12-19,5215
Oklahoma,2020-12-26,5031
Oklahoma,2021-01-02,6059
Oklahoma,2021-01-09,7017
Oklahoma,2021-01-16,7144
Oklahoma,2021-01-23,6254
Oklahoma,2021-01-30,7667
Oklahoma,2021-02-06,7201
Oklahoma,2021-02-13,6774
Oklahoma,2021-02-20,5981
Oklahoma,2021-02-27,7193
Oklahoma,2021-03-06,7076
Oklahoma,2021-03-13,6913
Oklahoma,2021-03-20,6894
Oklahoma,2021-03-27,9082
Oklahoma,2021-04-03,13852
Oklahoma,2021-04-10,17997
Oklahoma,2021-04-17,16756
Oklahoma,2021-04-24,17369
Oklahoma,2021-05-01,10977
Oklahoma,2021-05-08,9475
Oklahoma,2021-05-15,8644
Oklahoma,2021-05-22,8360
Oklahoma,2021-05-29,12722
Oklahoma,2021-06-05,8934
Oklahoma,2021-06-12,10614
Oklahoma,2021-06-19,9161
Oklahoma,2021-06-26,9231
Oklahoma,2021-07-03,6770
Oklahoma,2021-07-10,7787
Oklahoma,2021-07-17,4394
Oklahoma,2021-07-24,3723
Oklahoma,2021-07-31,3533
Oklahoma,2021-08-07,3838
Oklahoma,2021-08-14,3986
Oklahoma,2021-08-21,3146
Oklahoma,2021-08-28,2676
Oklahoma,2021-09-04,2680
Oklahoma,2021-09-11,3435
Oklahoma,2021-09-18,2171
Oklahoma,2021-09-25,2090
Oklahoma,2021-10-02,2312
Oklahoma,2021-10-09,2443
Oklahoma,2021-10-16,2186
Oklahoma,2021-10-23,3442
Oklahoma,2021-10-30,2118
Oklahoma,2021-11-06,2020
Oklahoma,2021-11-13,1828
Oklahoma,2021-11-20,3318
Oklahoma,2021-11-27,1716
Oklahoma,2021-12-04,2112
Oklahoma,2021-12-11,1769
Oklahoma,2021-12-18,2716
Oklahoma,2021-12-25,1762
Oklahoma,2022-01-01,1826
Oklahoma,2022-01-08,2760
Oklahoma,2022-01-15,2240
Oklahoma,2022-01-22,2141
Oklahoma,2022-01-29,2079
Oklahoma,2022-02-05,1719
Oklahoma,2022-02-12,1740
Oklahoma,2022-02-19,1601
Oklahoma,2022-02-26,1439
Oklahoma,2022-03-05,1555
Oklahoma,2022-03-12,1861
Oklahoma,2022-03-19,2261
Oklahoma,2022-03-26,2946
Oklahoma,2022-04-02,2712
Oklahoma,2022-04-09,1936
Oklahoma,2022-04-16,1778
Oklahoma,2022-04-23,1928
Oklahoma,2022-04-30,2235
Oklahoma,2022-05-07,1714
Oklahoma,2022-05-14,1890
Oklahoma,2022-05-21,1818
Oklahoma,2022-05-28,2571
Oklahoma,2022-06-04,1973
Oklahoma,2022-06-11,1915
Oklahoma,2022-06-18,1581
Oklahoma,2022-06-25,1249
Oklahoma,2022-07-02,1749
Oklahoma,2022-07-09,2108
Oklahoma,2022-07-16,2679
Oklahoma,2022-07-23,2481
Oklahoma,2022-07-30,3478
Oklahoma,2022-08-06,2557
Oklahoma,2022-08-13,3976
Oklahoma,2022-08-20,2802
Oklahoma,2022-08-27,1542
Oklahoma,2022-09-03,3477
Oklahoma,2022-09-10,1748
Oklahoma,2022-09-17,1484
Oklahoma,2022-09-24,969
Oklahoma,2022-10-01,1031
Oklahoma,2022-10-08,1076
Oklahoma,2022-10-15,1013
Oklahoma,2022-10-22,1275
Oklahoma,2022-10-29,1142
Oklahoma,2022-11-05,1094
Oklahoma,2022-11-12,931
Oklahoma,2022-11-19,1378
Oklahoma,2022-11-26,1123
Oklahoma,2022-12-03,1321
Oklahoma,2022-12-10,1274
Oklahoma,2022-12-17,1486
Oklahoma,2022-12-24,1445
Oklahoma,2022-12-31,1214
Oklahoma,2023-01-07,1733
Oklahoma,2023-01-14,1482
Oklahoma,2023-01-21,1215
Oklahoma,2023-01-28,1276
Oklahoma,2023-02-04,1198
Oklahoma,2023-02-11,1356
Oklahoma,2023-02-18,1727
Oklahoma,2023-02-25,1139
Oklahoma,2023-03-04,839
Oklahoma,2023-03-11,1311
Oklahoma,2023-03-18,1313
Oklahoma,2023-03-25,1145
Oklahoma,2023-04-01,1019
Oklahoma,2023-04-08,1218
Oklahoma,2023-04-15,1162
Oklahoma,2023-04-22,1117
Oklahoma,2023-04-29,1363
Oklahoma,2023-05-06,1497
Oklahoma,2023-05-13,1426
Oklahoma,2023-05-20,1726
Oklahoma,2023-05-27,1634
Oklahoma,2023-06-03,1479
Oklahoma,2023-06-10,1399
Oklahoma,2023-06-17,1289
Oklahoma,2023-06-24,1268
Oklahoma,2023-07-01,1427
Oklahoma,2023-07-08,2147
Oklahoma,2023-07-15,1336
Oklahoma,2023-07-22,1429
Oklahoma,2023-07-29,1340
Oklahoma,2023-08-05,1458
Oklahoma,2023-08-12,1360
Oklahoma,2023-08-19,1158
Oklahoma,2023-08-26,1442
Oklahoma,2023-09-02,1315
Oklahoma,2023-09-09,1191
Oklahoma,2023-09-16,1055
Oklahoma,2023-09-23,1146
Oklahoma,2023-09-30,1308
Oklahoma,2023-10-07,1319
Oklahoma,2023-10-14,1234
Oklahoma,2023-10-21,1291
Oklahoma,2023-10-28,1437
Oklahoma,2023-11-04,1329
Oklahoma,2023-11-11,1207
Oklahoma,2023-11-18,1389
Oklahoma,2023-11-25,1220
Oklahoma,2023-12-02,1693
Oklahoma,2023-12-09,1327
Oklahoma,2023-12-16,2356
Oklahoma,2023-12-23,1817
Oklahoma,2023-12-30,1186
Oklahoma,2024-01-06,2400
Oklahoma,2024-01-13,1713
Oklahoma,2024-01-20,1408
Oklahoma,2024-01-27,1428
Oklahoma,2024-02-03,1212
Oklahoma,2024-02-10,1287
Oklahoma,2024-02-17,3089
Oklahoma,2024-02-24,1146
Oklahoma,2024-03-02,1184
Oklahoma,2024-03-09,1124
Oklahoma,2024-03-16,1195
Oklahoma,2024-03-23,1394
Oklahoma,2024-03-30,1150
Oklahoma,2024-04-06,1242
Oklahoma,2024-04-13,1156
Oklahoma,2024-04-20,1239
Oklahoma,2024-04-27,1240
Oklahoma,2024-05-04,1412
Oklahoma,2024-05-11,1301
Oklahoma,2024-05-18,1635
Oklahoma,2024-05-25,1790
Oklahoma,2024-06-01,1381
Oklahoma,2024-06-08,1504
Oklahoma,2024-06-15,1306
Oklahoma,2024-06-22,1311
Oklahoma,2024-06-29,2053
Oklahoma,2024-07-06,1215
Oklahoma,2024-07-13,1436
Oklahoma,2024-07-20,1237
Oklahoma,2024-07-27,1181
Oklahoma,2024-08-03,1329
Oklahoma,2024-08-10,1287
Oklahoma,2024-08-17,1250
Oklahoma,2024-08-24,1198
Oklahoma,2024-08-31,1383
Oklahoma,2024-09-07,1109
Oklahoma,2024-09-14,1177
Oklahoma,2024-09-21,1192
Oklahoma,2024-09-28,1411
Oklahoma,2024-10-05,1409
Oklahoma,2024-10-12,1502
Oklahoma,2024-10-19,1259
Oklahoma,2024-10-26,1278
Oklahoma,2024-11-02,1225
Oklahoma,2024-11-09,1305
Oklahoma,2024-11-16,1391
Oklahoma,2024-11-23,1399
Oklahoma,2024-11-30,1138
Oklahoma,2024-12-07,1283
Oklahoma,2024-12-14,1265
Oklahoma,2024-12-21,1547
Oklahoma,2024-12-28,1191
Oklahoma,2025-01-04,1493
Oklahoma,2025-01-11,1451
Oklahoma,2025-01-18,1586
Oklahoma,2025-01-25,1341
Oklahoma,2025-02-01,1330
Oklahoma,2025-02-08,1337
Oklahoma,2025-02-15,1252
Oklahoma,2025-02-22,1224
Oklahoma,2025-03-01,1257
Oklahoma,2025-03-08,1267
Oklahoma,2025-03-15,1330
Oklahoma,2025-03-22,1351
Oklahoma,2025-03-29,1199
Oklahoma,2025-04-05,1692
Oklahoma,2025-04-12,2548
Oregon,2020-01-04,6714
Oregon,2020-01-11,6215
Oregon,2020-01-18,4051
Oregon,2020-01-25,4457
Oregon,2020-02-01,4853
Oregon,2020-02-08,4953
Oregon,2020-02-15,4284
Oregon,2020-02-22,3514
Oregon,2020-02-29,3936
Oregon,2020-03-07,4154
Oregon,2020-03-14,4269
Oregon,2020-03-21,30054
Oregon,2020-03-28,47498
Oregon,2020-04-04,62788
Oregon,2020-04-11,54581
Oregon,2020-04-18,37209
Oregon,2020-04-25,49300
Oregon,2020-05-02,48120
Oregon,2020-05-09,33936
Oregon,2020-05-16,23539
Oregon,2020-05-23,28452
Oregon,2020-05-30,20565
Oregon,2020-06-06,24508
Oregon,2020-06-13,24645
Oregon,2020-06-20,16274
Oregon,2020-06-27,11195
Oregon,2020-07-04,10343
Oregon,2020-07-11,11713
Oregon,2020-07-18,10152
Oregon,2020-07-25,9417
Oregon,2020-08-01,7275
Oregon,2020-08-08,6505
Oregon,2020-08-15,5233
Oregon,2020-08-22,5152
Oregon,2020-08-29,5114
Oregon,2020-09-05,5228
Oregon,2020-09-12,4804
Oregon,2020-09-19,8055
Oregon,2020-09-26,5738
Oregon,2020-10-03,4408
Oregon,2020-10-10,4773
Oregon,2020-10-17,4767
Oregon,2020-10-24,4529
Oregon,2020-10-31,4020
Oregon,2020-11-07,4445
Oregon,2020-11-14,5788
Oregon,2020-11-21,9910
Oregon,2020-11-28,15371
Oregon,2020-12-05,15753
Oregon,2020-12-12,10464
Oregon,2020-12-19,10261
Oregon,2020-12-26,11018
Oregon,2021-01-02,12810
Oregon,2021-01-09,12896
Oregon,2021-01-16,10523
Oregon,2021-01-23,8915
Oregon,2021-01-30,9276
Oregon,2021-02-06,8847
Oregon,2021-02-13,7684
Oregon,2021-02-20,7446
Oregon,2021-02-27,8165
Oregon,2021-03-06,7115
Oregon,2021-03-13,6839
Oregon,2021-03-20,7912
Oregon,2021-03-27,9790
Oregon,2021-04-03,9485
Oregon,2021-04-10,8379
Oregon,2021-04-17,7326
Oregon,2021-04-24,11390
Oregon,2021-05-01,10993
Oregon,2021-05-08,9714
Oregon,2021-05-15,9235
Oregon,2021-05-22,8354
Oregon,2021-05-29,6532
Oregon,2021-06-05,6162
Oregon,2021-06-12,5650
Oregon,2021-06-19,5212
Oregon,2021-06-26,6049
Oregon,2021-07-03,6995
Oregon,2021-07-10,5613
Oregon,2021-07-17,4727
Oregon,2021-07-24,4316
Oregon,2021-07-31,4419
Oregon,2021-08-07,6021
Oregon,2021-08-14,5616
Oregon,2021-08-21,6993
Oregon,2021-08-28,5307
Oregon,2021-09-04,5112
Oregon,2021-09-11,4523
Oregon,2021-09-18,7936
Oregon,2021-09-25,6207
Oregon,2021-10-02,4390
Oregon,2021-10-09,4478
Oregon,2021-10-16,4179
Oregon,2021-10-23,4409
Oregon,2021-10-30,4380
Oregon,2021-11-06,4546
Oregon,2021-11-13,4210
Oregon,2021-11-20,4419
Oregon,2021-11-27,3582
Oregon,2021-12-04,6027
Oregon,2021-12-11,4045
Oregon,2021-12-18,4575
Oregon,2021-12-25,4895
Oregon,2022-01-01,7336
Oregon,2022-01-08,9471
Oregon,2022-01-15,5386
Oregon,2022-01-22,5037
Oregon,2022-01-29,4596
Oregon,2022-02-05,4277
Oregon,2022-02-12,3822
Oregon,2022-02-19,3425
Oregon,2022-02-26,3330
Oregon,2022-03-05,3859
Oregon,2022-03-12,3321
Oregon,2022-03-19,3151
Oregon,2022-03-26,3505
Oregon,2022-04-02,3607
Oregon,2022-04-09,3406
Oregon,2022-04-16,3544
Oregon,2022-04-23,3732
Oregon,2022-04-30,3198
Oregon,2022-05-07,3295
Oregon,2022-05-14,3110
Oregon,2022-05-21,3093
Oregon,2022-05-28,2997
Oregon,2022-06-04,3159
Oregon,2022-06-11,3357
Oregon,2022-06-18,3337
Oregon,2022-06-25,3671
Oregon,2022-07-02,4261
Oregon,2022-07-09,4032
Oregon,2022-07-16,3835
Oregon,2022-07-23,3167
Oregon,2022-07-30,3332
Oregon,2022-08-06,3431
Oregon,2022-08-13,3385
Oregon,2022-08-20,3176
Oregon,2022-08-27,3298
Oregon,2022-09-03,3079
Oregon,2022-09-10,2652
Oregon,2022-09-17,3519
Oregon,2022-09-24,3041
Oregon,2022-10-01,3243
Oregon,2022-10-08,3831
Oregon,2022-10-15,2998
Oregon,2022-10-22,3100
Oregon,2022-10-29,4641
Oregon,2022-11-05,3365
Oregon,2022-11-12,3843
Oregon,2022-11-19,5629
Oregon,2022-11-26,4506
Oregon,2022-12-03,5947
Oregon,2022-12-10,4584
Oregon,2022-12-17,4712
Oregon,2022-12-24,6369
Oregon,2022-12-31,7208
Oregon,2023-01-07,5683
Oregon,2023-01-14,5726
Oregon,2023-01-21,4597
Oregon,2023-01-28,5398
Oregon,2023-02-04,4706
Oregon,2023-02-11,4781
Oregon,2023-02-18,4247
Oregon,2023-02-25,4406
Oregon,2023-03-04,5682
Oregon,2023-03-11,4549
Oregon,2023-03-18,4211
Oregon,2023-03-25,3921
Oregon,2023-04-01,4973
Oregon,2023-04-08,6073
Oregon,2023-04-15,4871
Oregon,2023-04-22,3937
Oregon,2023-04-29,4006
Oregon,2023-05-06,4383
Oregon,2023-05-13,4116
Oregon,2023-05-20,3551
Oregon,2023-05-27,4190
Oregon,2023-06-03,3740
Oregon,2023-06-10,4195
Oregon,2023-06-17,4467
Oregon,2023-06-24,5178
Oregon,2023-07-01,5180
Oregon,2023-07-08,4729
Oregon,2023-07-15,6083
Oregon,2023-07-22,4546
Oregon,2023-07-29,4232
Oregon,2023-08-05,5129
Oregon,2023-08-12,4270
Oregon,2023-08-19,3884
Oregon,2023-08-26,4774
Oregon,2023-09-02,3970
Oregon,2023-09-09,3464
Oregon,2023-09-16,4021
Oregon,2023-09-23,3540
Oregon,2023-09-30,3519
Oregon,2023-10-07,3695
Oregon,2023-10-14,3164
Oregon,2023-10-21,6961
Oregon,2023-10-28,6556
Oregon,2023-11-04,4027
Oregon,2023-11-11,2664
Oregon,2023-11-18,6125
Oregon,2023-11-25,3145
Oregon,2023-12-02,8551
Oregon,2023-12-09,5153
Oregon,2023-12-16,4791
Oregon,2023-12-23,7049
Oregon,2023-12-30,5813
Oregon,2024-01-06,6029
Oregon,2024-01-13,7140
Oregon,2024-01-20,4752
Oregon,2024-01-27,10210
Oregon,2024-02-03,5649
Oregon,2024-02-10,4708
Oregon,2024-02-17,4686
Oregon,2024-02-24,3863
Oregon,2024-03-02,2800
Oregon,2024-03-09,5016
Oregon,2024-03-16,3365
Oregon,2024-03-23,4305
Oregon,2024-03-30,4547
Oregon,2024-04-06,5404
Oregon,2024-04-13,6801
Oregon,2024-04-20,5089
Oregon,2024-04-27,3360
Oregon,2024-05-04,3660
Oregon,2024-05-11,3665
Oregon,2024-05-18,3277
Oregon,2024-05-25,3195
Oregon,2024-06-01,3079
Oregon,2024-06-08,3714
Oregon,2024-06-15,4007
Oregon,2024-06-22,4975
Oregon,2024-06-29,5379
Oregon,2024-07-06,4826
Oregon,2024-07-13,4733
Oregon,2024-07-20,3359
Oregon,2024-07-27,3570
Oregon,2024-08-03,3394
Oregon,2024-08-10,3557
Oregon,2024-08-17,3222
Oregon,2024-08-24,3238
Oregon,2024-08-31,3249
Oregon,2024-09-07,3199
Oregon,2024-09-14,3618
Oregon,2024-09-21,3289
Oregon,2024-09-28,3499
Oregon,2024-10-05,4083
Oregon,2024-10-12,3826
Oregon,2024-10-19,3598
Oregon,2024-10-26,3986
Oregon,2024-11-02,4335
Oregon,2024-11-09,4637
Oregon,2024-11-16,4184
Oregon,2024-11-23,5223
Oregon,2024-11-30,4899
Oregon,2024-12-07,6407
Oregon,2024-12-14,4641
Oregon,2024-12-21,5492
Oregon,2024-12-28,6265
Oregon,2025-01-04,8832
Oregon,2025-01-11,5878
Oregon,2025-01-18,4864
Oregon,2025-01-25,4451
Oregon,2025-02-01,4848
Oregon,2025-02-08,5224
Oregon,2025-02-15,5172
Oregon,2025-02-22,4360
Oregon,2025-03-01,4101
Oregon,2025-03-08,4235
Oregon,2025-03-15,4262
Oregon,2025-03-22,4839
Oregon,2025-03-29,5041
Oregon,2025-04-05,6372
Oregon,2025-04-12,4503
Pennsylvania,2020-01-04,27298
Pennsylvania,2020-01-11,26356
Pennsylvania,2020-01-18,16218
Pennsylvania,2020-01-25,13359
Pennsylvania,2020-02-01,15893
Pennsylvania,2020-02-08,14425
Pennsylvania,2020-02-15,13583
Pennsylvania,2020-02-22,12631
Pennsylvania,2020-02-29,12045
Pennsylvania,2020-03-07,12227
Pennsylvania,2020-03-14,15439
Pennsylvania,2020-03-21,363000
Pennsylvania,2020-03-28,374056
Pennsylvania,2020-04-04,239077
Pennsylvania,2020-04-11,172733
Pennsylvania,2020-04-18,124633
Pennsylvania,2020-04-25,82414
Pennsylvania,2020-05-02,58240
Pennsylvania,2020-05-09,50299
Pennsylvania,2020-05-16,41673
Pennsylvania,2020-05-23,55374
Pennsylvania,2020-05-30,42266
Pennsylvania,2020-06-06,45049
Pennsylvania,2020-06-13,44341
Pennsylvania,2020-06-20,42577
Pennsylvania,2020-06-27,45261
Pennsylvania,2020-07-04,44086
Pennsylvania,2020-07-11,44798
Pennsylvania,2020-07-18,37986
Pennsylvania,2020-07-25,35808
Pennsylvania,2020-08-01,29371
Pennsylvania,2020-08-08,27094
Pennsylvania,2020-08-15,25584
Pennsylvania,2020-08-22,27510
Pennsylvania,2020-08-29,24883
Pennsylvania,2020-09-05,22626
Pennsylvania,2020-09-12,21747
Pennsylvania,2020-09-19,22762
Pennsylvania,2020-09-26,22955
Pennsylvania,2020-10-03,19844
Pennsylvania,2020-10-10,20251
Pennsylvania,2020-10-17,19223
Pennsylvania,2020-10-24,19974
Pennsylvania,2020-10-31,23742
Pennsylvania,2020-11-07,23051
Pennsylvania,2020-11-14,22756
Pennsylvania,2020-11-21,26983
Pennsylvania,2020-11-28,23878
Pennsylvania,2020-12-05,40833
Pennsylvania,2020-12-12,39258
Pennsylvania,2020-12-19,47305
Pennsylvania,2020-12-26,38279
Pennsylvania,2021-01-02,38647
Pennsylvania,2021-01-09,41424
Pennsylvania,2021-01-16,32921
Pennsylvania,2021-01-23,26580
Pennsylvania,2021-01-30,30424
Pennsylvania,2021-02-06,31730
Pennsylvania,2021-02-13,28417
Pennsylvania,2021-02-20,25051
Pennsylvania,2021-02-27,24106
Pennsylvania,2021-03-06,20837
Pennsylvania,2021-03-13,19938
Pennsylvania,2021-03-20,19748
Pennsylvania,2021-03-27,21571
Pennsylvania,2021-04-03,23360
Pennsylvania,2021-04-10,22454
Pennsylvania,2021-04-17,22356
Pennsylvania,2021-04-24,24287
Pennsylvania,2021-05-01,21960
Pennsylvania,2021-05-08,24116
Pennsylvania,2021-05-15,22906
Pennsylvania,2021-05-22,24253
Pennsylvania,2021-05-29,31317
Pennsylvania,2021-06-05,7684
Pennsylvania,2021-06-12,28939
Pennsylvania,2021-06-19,42955
Pennsylvania,2021-06-26,26640
Pennsylvania,2021-07-03,31936
Pennsylvania,2021-07-10,36255
Pennsylvania,2021-07-17,38591
Pennsylvania,2021-07-24,16772
Pennsylvania,2021-07-31,10810
Pennsylvania,2021-08-07,9631
Pennsylvania,2021-08-14,9425
Pennsylvania,2021-08-21,9097
Pennsylvania,2021-08-28,10377
Pennsylvania,2021-09-04,9755
Pennsylvania,2021-09-11,9912
Pennsylvania,2021-09-18,11139
Pennsylvania,2021-09-25,11588
Pennsylvania,2021-10-02,13473
Pennsylvania,2021-10-09,14588
Pennsylvania,2021-10-16,10596
Pennsylvania,2021-10-23,9309
Pennsylvania,2021-10-30,8280
Pennsylvania,2021-11-06,7329
Pennsylvania,2021-11-13,9316
Pennsylvania,2021-11-20,10530
Pennsylvania,2021-11-27,9662
Pennsylvania,2021-12-04,11891
Pennsylvania,2021-12-11,12282
Pennsylvania,2021-12-18,7907
Pennsylvania,2021-12-25,10904
Pennsylvania,2022-01-01,17240
Pennsylvania,2022-01-08,19333
Pennsylvania,2022-01-15,18757
Pennsylvania,2022-01-22,10925
Pennsylvania,2022-01-29,13476
Pennsylvania,2022-02-05,11970
Pennsylvania,2022-02-12,10280
Pennsylvania,2022-02-19,9536
Pennsylvania,2022-02-26,9207
Pennsylvania,2022-03-05,7120
Pennsylvania,2022-03-12,7363
Pennsylvania,2022-03-19,7775
Pennsylvania,2022-03-26,7098
Pennsylvania,2022-04-02,8582
Pennsylvania,2022-04-09,10197
Pennsylvania,2022-04-16,9073
Pennsylvania,2022-04-23,8939
Pennsylvania,2022-04-30,8351
Pennsylvania,2022-05-07,8135
Pennsylvania,2022-05-14,10291
Pennsylvania,2022-05-21,11113
Pennsylvania,2022-05-28,6389
Pennsylvania,2022-06-04,7475
Pennsylvania,2022-06-11,10079
Pennsylvania,2022-06-18,10298
Pennsylvania,2022-06-25,8705
Pennsylvania,2022-07-02,7779
Pennsylvania,2022-07-09,9806
Pennsylvania,2022-07-16,8483
Pennsylvania,2022-07-23,7128
Pennsylvania,2022-07-30,6731
Pennsylvania,2022-08-06,7203
Pennsylvania,2022-08-13,6593
Pennsylvania,2022-08-20,6301
Pennsylvania,2022-08-27,6354
Pennsylvania,2022-09-03,7415
Pennsylvania,2022-09-10,6060
Pennsylvania,2022-09-17,6071
Pennsylvania,2022-09-24,5854
Pennsylvania,2022-10-01,6021
Pennsylvania,2022-10-08,7910
Pennsylvania,2022-10-15,7087
Pennsylvania,2022-10-22,8166
Pennsylvania,2022-10-29,8340
Pennsylvania,2022-11-05,9146
Pennsylvania,2022-11-12,9753
Pennsylvania,2022-11-19,11982
Pennsylvania,2022-11-26,11640
Pennsylvania,2022-12-03,14873
Pennsylvania,2022-12-10,12204
Pennsylvania,2022-12-17,12664
Pennsylvania,2022-12-24,14390
Pennsylvania,2022-12-31,16791
Pennsylvania,2023-01-07,17097
Pennsylvania,2023-01-14,14378
Pennsylvania,2023-01-21,11678
Pennsylvania,2023-01-28,12088
Pennsylvania,2023-02-04,11593
Pennsylvania,2023-02-11,8999
Pennsylvania,2023-02-18,9495
Pennsylvania,2023-02-25,9092
Pennsylvania,2023-03-04,9519
Pennsylvania,2023-03-11,9405
Pennsylvania,2023-03-18,8767
Pennsylvania,2023-03-25,8928
Pennsylvania,2023-04-01,8248
Pennsylvania,2023-04-08,11169
Pennsylvania,2023-04-15,9380
Pennsylvania,2023-04-22,8511
Pennsylvania,2023-04-29,9503
Pennsylvania,2023-05-06,10069
Pennsylvania,2023-05-13,9327
Pennsylvania,2023-05-20,9867
Pennsylvania,2023-05-27,9534
Pennsylvania,2023-06-03,11603
Pennsylvania,2023-06-10,15058
Pennsylvania,2023-06-17,15271
Pennsylvania,2023-06-24,12080
Pennsylvania,2023-07-01,11653
Pennsylvania,2023-07-08,13047
Pennsylvania,2023-07-15,13688
Pennsylvania,2023-07-22,10872
Pennsylvania,2023-07-29,10574
Pennsylvania,2023-08-05,11854
Pennsylvania,2023-08-12,10699
Pennsylvania,2023-08-19,9955
Pennsylvania,2023-08-26,9566
Pennsylvania,2023-09-02,9659
Pennsylvania,2023-09-09,8850
Pennsylvania,2023-09-16,8985
Pennsylvania,2023-09-23,8900
Pennsylvania,2023-09-30,8884
Pennsylvania,2023-10-07,9041
Pennsylvania,2023-10-14,8929
Pennsylvania,2023-10-21,10222
Pennsylvania,2023-10-28,10537
Pennsylvania,2023-11-04,12241
Pennsylvania,2023-11-11,11525
Pennsylvania,2023-11-18,12534
Pennsylvania,2023-11-25,13143
Pennsylvania,2023-12-02,18430
Pennsylvania,2023-12-09,14119
Pennsylvania,2023-12-16,13531
Pennsylvania,2023-12-23,15860
Pennsylvania,2023-12-30,20405
Pennsylvania,2024-01-06,18839
Pennsylvania,2024-01-13,15004
Pennsylvania,2024-01-20,14828
Pennsylvania,2024-01-27,15429
Pennsylvania,2024-02-03,12354
Pennsylvania,2024-02-10,10877
Pennsylvania,2024-02-17,10609
Pennsylvania,2024-02-24,10171
Pennsylvania,2024-03-02,10450
Pennsylvania,2024-03-09,10543
Pennsylvania,2024-03-16,9803
Pennsylvania,2024-03-23,9498
Pennsylvania,2024-03-30,11411
Pennsylvania,2024-04-06,13194
Pennsylvania,2024-04-13,11590
Pennsylvania,2024-04-20,8827
Pennsylvania,2024-04-27,9060
Pennsylvania,2024-05-04,9388
Pennsylvania,2024-05-11,10312
Pennsylvania,2024-05-18,10332
Pennsylvania,2024-05-25,9514
Pennsylvania,2024-06-01,11080
Pennsylvania,2024-06-08,15211
Pennsylvania,2024-06-15,14996
Pennsylvania,2024-06-22,12542
Pennsylvania,2024-06-29,12087
Pennsylvania,2024-07-06,11342
Pennsylvania,2024-07-13,13500
Pennsylvania,2024-07-20,10611
Pennsylvania,2024-07-27,10334
Pennsylvania,2024-08-03,10592
Pennsylvania,2024-08-10,9988
Pennsylvania,2024-08-17,9287
Pennsylvania,2024-08-24,8807
Pennsylvania,2024-08-31,9531
Pennsylvania,2024-09-07,8648
Pennsylvania,2024-09-14,8444
Pennsylvania,2024-09-21,8083
Pennsylvania,2024-09-28,8595
Pennsylvania,2024-10-05,9804
Pennsylvania,2024-10-12,11183
Pennsylvania,2024-10-19,9670
Pennsylvania,2024-10-26,10033
Pennsylvania,2024-11-02,10557
Pennsylvania,2024-11-09,11607
Pennsylvania,2024-11-16,11654
Pennsylvania,2024-11-23,14439
Pennsylvania,2024-11-30,15081
Pennsylvania,2024-12-07,19731
Pennsylvania,2024-12-14,14885
Pennsylvania,2024-12-21,15732
Pennsylvania,2024-12-28,21159
Pennsylvania,2025-01-04,20337
Pennsylvania,2025-01-11,19414
Pennsylvania,2025-01-18,15702
Pennsylvania,2025-01-25,14787
Pennsylvania,2025-02-01,15426
Pennsylvania,2025-02-08,12482
Pennsylvania,2025-02-15,11372
Pennsylvania,2025-02-22,11885
Pennsylvania,2025-03-01,11189
Pennsylvania,2025-03-08,10780
Pennsylvania,2025-03-15,9903
Pennsylvania,2025-03-22,9338
Pennsylvania,2025-03-29,8583
Pennsylvania,2025-04-05,9337
Pennsylvania,2025-04-12,11195
Puerto Rico,2020-01-04,853
Puerto Rico,2020-01-11,836
Puerto Rico,2020-01-18,3124
Puerto Rico,2020-01-25,2335
Puerto Rico,2020-02-01,1998
Puerto Rico,2020-02-08,1770
Puerto Rico,2020-02-15,1588
Puerto Rico,2020-02-22,1390
Puerto Rico,2020-02-29,1296
Puerto Rico,2020-03-07,1343
Puerto Rico,2020-03-14,1172
Puerto Rico,2020-03-21,20148
Puerto Rico,2020-03-28,45137
Puerto Rico,2020-04-04,66236
Puerto Rico,2020-04-11,42074
Puerto Rico,2020-04-18,26447
Puerto Rico,2020-04-25,17273
Puerto Rico,2020-05-02,20430
Puerto Rico,2020-05-09,15067
Puerto Rico,2020-05-16,10923
Puerto Rico,2020-05-23,13521
Puerto Rico,2020-05-30,7236
Puerto Rico,2020-06-06,8820
Puerto Rico,2020-06-13,8097
Puerto Rico,2020-06-20,9160
Puerto Rico,2020-06-27,10228
Puerto Rico,2020-07-04,11257
Puerto Rico,2020-07-11,7945
Puerto Rico,2020-07-18,7017
Puerto Rico,2020-07-25,6715
Puerto Rico,2020-08-01,2253
Puerto Rico,2020-08-08,5854
Puerto Rico,2020-08-15,2990
Puerto Rico,2020-08-22,2356
Puerto Rico,2020-08-29,1825
Puerto Rico,2020-09-05,1374
Puerto Rico,2020-09-12,1185
Puerto Rico,2020-09-19,1149
Puerto Rico,2020-09-26,763
Puerto Rico,2020-10-03,1265
Puerto Rico,2020-10-10,1346
Puerto Rico,2020-10-17,1249
Puerto Rico,2020-10-24,1200
Puerto Rico,2020-10-31,1231
Puerto Rico,2020-11-07,851
Puerto Rico,2020-11-14,1141
Puerto Rico,2020-11-21,1113
Puerto Rico,2020-11-28,969
Puerto Rico,2020-12-05,1350
Puerto Rico,2020-12-12,1273
Puerto Rico,2020-12-19,1119
Puerto Rico,2020-12-26,1093
Puerto Rico,2021-01-02,1239
Puerto Rico,2021-01-09,1935
Puerto Rico,2021-01-16,1694
Puerto Rico,2021-01-23,1433
Puerto Rico,2021-01-30,1058
Puerto Rico,2021-02-06,1409
Puerto Rico,2021-02-13,1516
Puerto Rico,2021-02-20,1275
Puerto Rico,2021-02-27,1279
Puerto Rico,2021-03-06,1279
Puerto Rico,2021-03-13,1266
Puerto Rico,2021-03-20,1592
Puerto Rico,2021-03-27,1674
Puerto Rico,2021-04-03,1471
Puerto Rico,2021-04-10,2302
Puerto Rico,2021-04-17,2169
Puerto Rico,2021-04-24,1953
Puerto Rico,2021-05-01,2777
Puerto Rico,2021-05-08,2969
Puerto Rico,2021-05-15,2024
Puerto Rico,2021-05-22,2367
Puerto Rico,2021-05-29,2469
Puerto Rico,2021-06-05,3029
Puerto Rico,2021-06-12,3074
Puerto Rico,2021-06-19,4028
Puerto Rico,2021-06-26,8126
Puerto Rico,2021-07-03,14848
Puerto Rico,2021-07-10,10914
Puerto Rico,2021-07-17,7010
Puerto Rico,2021-07-24,5367
Puerto Rico,2021-07-31,2388
Puerto Rico,2021-08-07,2459
Puerto Rico,2021-08-14,2132
Puerto Rico,2021-08-21,2095
Puerto Rico,2021-08-28,1637
Puerto Rico,2021-09-04,1638
Puerto Rico,2021-09-11,917
Puerto Rico,2021-09-18,1041
Puerto Rico,2021-09-25,970
Puerto Rico,2021-10-02,910
Puerto Rico,2021-10-09,1092
Puerto Rico,2021-10-16,920
Puerto Rico,2021-10-23,1000
Puerto Rico,2021-10-30,820
Puerto Rico,2021-11-06,879
Puerto Rico,2021-11-13,781
Puerto Rico,2021-11-20,766
Puerto Rico,2021-11-27,646
Puerto Rico,2021-12-04,999
Puerto Rico,2021-12-11,876
Puerto Rico,2021-12-18,1021
Puerto Rico,2021-12-25,1109
Puerto Rico,2022-01-01,780
Puerto Rico,2022-01-08,1076
Puerto Rico,2022-01-15,1549
Puerto Rico,2022-01-22,1371
Puerto Rico,2022-01-29,1586
Puerto Rico,2022-02-05,1243
Puerto Rico,2022-02-12,1152
Puerto Rico,2022-02-19,865
Puerto Rico,2022-02-26,842
Puerto Rico,2022-03-05,937
Puerto Rico,2022-03-12,936
Puerto Rico,2022-03-19,909
Puerto Rico,2022-03-26,841
Puerto Rico,2022-04-02,892
Puerto Rico,2022-04-09,866
Puerto Rico,2022-04-16,916
Puerto Rico,2022-04-23,1224
Puerto Rico,2022-04-30,1212
Puerto Rico,2022-05-07,1099
Puerto Rico,2022-05-14,1157
Puerto Rico,2022-05-21,1046
Puerto Rico,2022-05-28,1234
Puerto Rico,2022-06-04,1676
Puerto Rico,2022-06-11,1870
Puerto Rico,2022-06-18,2730
Puerto Rico,2022-06-25,1985
Puerto Rico,2022-07-02,1875
Puerto Rico,2022-07-09,1906
Puerto Rico,2022-07-16,2012
Puerto Rico,2022-07-23,1338
Puerto Rico,2022-07-30,955
Puerto Rico,2022-08-06,1436
Puerto Rico,2022-08-13,1406
Puerto Rico,2022-08-20,1089
Puerto Rico,2022-08-27,1095
Puerto Rico,2022-09-03,1169
Puerto Rico,2022-09-10,1086
Puerto Rico,2022-09-17,1087
Puerto Rico,2022-09-24,696
Puerto Rico,2022-10-01,5052
Puerto Rico,2022-10-08,4621
Puerto Rico,2022-10-15,3086
Puerto Rico,2022-10-22,2576
Puerto Rico,2022-10-29,2204
Puerto Rico,2022-11-05,1917
Puerto Rico,2022-11-12,1694
Puerto Rico,2022-11-19,1728
Puerto Rico,2022-11-26,1203
Puerto Rico,2022-12-03,2112
Puerto Rico,2022-12-10,1484
Puerto Rico,2022-12-17,1214
Puerto Rico,2022-12-24,1375
Puerto Rico,2022-12-31,1445
Puerto Rico,2023-01-07,1125
Puerto Rico,2023-01-14,1838
Puerto Rico,2023-01-21,1583
Puerto Rico,2023-01-28,1415
Puerto Rico,2023-02-04,1465
Puerto Rico,2023-02-11,1406
Puerto Rico,2023-02-18,1016
Puerto Rico,2023-02-25,980
Puerto Rico,2023-03-04,1075
Puerto Rico,2023-03-11,1134
Puerto Rico,2023-03-18,968
Puerto Rico,2023-03-25,996
Puerto Rico,2023-04-01,1087
Puerto Rico,2023-04-08,1066
Puerto Rico,2023-04-15,1375
Puerto Rico,2023-04-22,1198
Puerto Rico,2023-04-29,1089
Puerto Rico,2023-05-06,1217
Puerto Rico,2023-05-13,1030
Puerto Rico,2023-05-20,1117
Puerto Rico,2023-05-27,1344
Puerto Rico,2023-06-03,1734
Puerto Rico,2023-06-10,2065
Puerto Rico,2023-06-17,3353
Puerto Rico,2023-06-24,2073
Puerto Rico,2023-07-01,2178
Puerto Rico,2023-07-08,2272
Puerto Rico,2023-07-15,1964
Puerto Rico,2023-07-22,1952
Puerto Rico,2023-07-29,1199
Puerto Rico,2023-08-05,1847
Puerto Rico,2023-08-12,1654
Puerto Rico,2023-08-19,1410
Puerto Rico,2023-08-26,1232
Puerto Rico,2023-09-02,1421
Puerto Rico,2023-09-09,1436
Puerto Rico,2023-09-16,1491
Puerto Rico,2023-09-23,1377
Puerto Rico,2023-09-30,1509
Puerto Rico,2023-10-07,1965
Puerto Rico,2023-10-14,1531
Puerto Rico,2023-10-21,1426
Puerto Rico,2023-10-28,1258
Puerto Rico,2023-11-04,1155
Puerto Rico,2023-11-11,1207
Puerto Rico,2023-11-18,1095
Puerto Rico,2023-11-25,813
Puerto Rico,2023-12-02,1361
Puerto Rico,2023-12-09,1285
Puerto Rico,2023-12-16,1270
Puerto Rico,2023-12-23,1851
Puerto Rico,2023-12-30,1884
Puerto Rico,2024-01-06,1418
Puerto Rico,2024-01-13,1968
Puerto Rico,2024-01-20,1461
Puerto Rico,2024-01-27,1341
Puerto Rico,2024-02-03,1459
Puerto Rico,2024-02-10,1298
Puerto Rico,2024-02-17,1017
Puerto Rico,2024-02-24,1000
Puerto Rico,2024-03-02,1098
Puerto Rico,2024-03-09,1148
Puerto Rico,2024-03-16,949
Puerto Rico,2024-03-23,850
Puerto Rico,2024-03-30,857
Puerto Rico,2024-04-06,1180
Puerto Rico,2024-04-13,1132
Puerto Rico,2024-04-20,1124
Puerto Rico,2024-04-27,1079
Puerto Rico,2024-05-04,1149
Puerto Rico,2024-05-11,1053
Puerto Rico,2024-05-18,1028
Puerto Rico,2024-05-25,1093
Puerto Rico,2024-06-01,645
Puerto Rico,2024-06-08,2672
Puerto Rico,2024-06-15,2688
Puerto Rico,2024-06-22,2021
Puerto Rico,2024-06-29,1982
Puerto Rico,2024-07-06,2703
Puerto Rico,2024-07-13,2531
Puerto Rico,2024-07-20,2175
Puerto Rico,2024-07-27,1655
Puerto Rico,2024-08-03,1748
Puerto Rico,2024-08-10,1686
Puerto Rico,2024-08-17,907
Puerto Rico,2024-08-24,1530
Puerto Rico,2024-08-31,1375
Puerto Rico,2024-09-07,1282
Puerto Rico,2024-09-14,1436
Puerto Rico,2024-09-21,1384
Puerto Rico,2024-09-28,1271
Puerto Rico,2024-10-05,1329
Puerto Rico,2024-10-12,1465
Puerto Rico,2024-10-19,1202
Puerto Rico,2024-10-26,1202
Puerto Rico,2024-11-02,977
Puerto Rico,2024-11-09,1080
Puerto Rico,2024-11-16,1042
Puerto Rico,2024-11-23,1127
Puerto Rico,2024-11-30,913
Puerto Rico,2024-12-07,1312
Puerto Rico,2024-12-14,1284
Puerto Rico,2024-12-21,1261
Puerto Rico,2024-12-28,1369
Puerto Rico,2025-01-04,997
Puerto Rico,2025-01-11,1884
Puerto Rico,2025-01-18,1830
Puerto Rico,2025-01-25,1555
Puerto Rico,2025-02-01,1421
Puerto Rico,2025-02-08,1461
Puerto Rico,2025-02-15,1196
Puerto Rico,2025-02-22,1055
Puerto Rico,2025-03-01,1125
Puerto Rico,2025-03-08,1020
Puerto Rico,2025-03-15,999
Puerto Rico,2025-03-22,1012
Puerto Rico,2025-03-29,1076
Puerto Rico,2025-04-05,1295
Puerto Rico,2025-04-12,1320
Rhode Island,2020-01-04,1972
Rhode Island,2020-01-11,1817
Rhode Island,2020-01-18,1194
Rhode Island,2020-01-25,1048
Rhode Island,2020-02-01,971
Rhode Island,2020-02-08,959
Rhode Island,2020-02-15,996
Rhode Island,2020-02-22,1921
Rhode Island,2020-02-29,874
Rhode Island,2020-03-07,700
Rhode Island,2020-03-14,1108
Rhode Island,2020-03-21,35847
Rhode Island,2020-03-28,27800
Rhode Island,2020-04-04,28243
Rhode Island,2020-04-11,22509
Rhode Island,2020-04-18,18078
Rhode Island,2020-04-25,13084
Rhode Island,2020-05-02,9088
Rhode Island,2020-05-09,6245
Rhode Island,2020-05-16,3883
Rhode Island,2020-05-23,2937
Rhode Island,2020-05-30,2748
Rhode Island,2020-06-06,3518
Rhode Island,2020-06-13,2641
Rhode Island,2020-06-20,4014
Rhode Island,2020-06-27,3229
Rhode Island,2020-07-04,3436
Rhode Island,2020-07-11,3133
Rhode Island,2020-07-18,3258
Rhode Island,2020-07-25,3635
Rhode Island,2020-08-01,3722
Rhode Island,2020-08-08,3324
Rhode Island,2020-08-15,2683
Rhode Island,2020-08-22,3186
Rhode Island,2020-08-29,3680
Rhode Island,2020-09-05,3251
Rhode Island,2020-09-12,3026
Rhode Island,2020-09-19,2830
Rhode Island,2020-09-26,3098
Rhode Island,2020-10-03,2801
Rhode Island,2020-10-10,3059
Rhode Island,2020-10-17,2437
Rhode Island,2020-10-24,3127
Rhode Island,2020-10-31,3172
Rhode Island,2020-11-07,2437
Rhode Island,2020-11-14,2836
Rhode Island,2020-11-21,3543
Rhode Island,2020-11-28,3932
Rhode Island,2020-12-05,5261
Rhode Island,2020-12-12,5617
Rhode Island,2020-12-19,6769
Rhode Island,2020-12-26,5572
Rhode Island,2021-01-02,5612
Rhode Island,2021-01-09,7799
Rhode Island,2021-01-16,10797
Rhode Island,2021-01-23,11695
Rhode Island,2021-01-30,16379
Rhode Island,2021-02-06,17724
Rhode Island,2021-02-13,11595
Rhode Island,2021-02-20,8260
Rhode Island,2021-02-27,5787
Rhode Island,2021-03-06,4826
Rhode Island,2021-03-13,4227
Rhode Island,2021-03-20,3853
Rhode Island,2021-03-27,4536
Rhode Island,2021-04-03,5317
Rhode Island,2021-04-10,4973
Rhode Island,2021-04-17,5666
Rhode Island,2021-04-24,8041
Rhode Island,2021-05-01,7764
Rhode Island,2021-05-08,7521
Rhode Island,2021-05-15,8313
Rhode Island,2021-05-22,8957
Rhode Island,2021-05-29,9610
Rhode Island,2021-06-05,9046
Rhode Island,2021-06-12,9237
Rhode Island,2021-06-19,7551
Rhode Island,2021-06-26,8009
Rhode Island,2021-07-03,9065
Rhode Island,2021-07-10,4258
Rhode Island,2021-07-17,3971
Rhode Island,2021-07-24,2304
Rhode Island,2021-07-31,3589
Rhode Island,2021-08-07,3070
Rhode Island,2021-08-14,3062
Rhode Island,2021-08-21,1834
Rhode Island,2021-08-28,1891
Rhode Island,2021-09-04,2186
Rhode Island,2021-09-11,837
Rhode Island,2021-09-18,826
Rhode Island,2021-09-25,977
Rhode Island,2021-10-02,975
Rhode Island,2021-10-09,1244
Rhode Island,2021-10-16,802
Rhode Island,2021-10-23,946
Rhode Island,2021-10-30,1114
Rhode Island,2021-11-06,865
Rhode Island,2021-11-13,549
Rhode Island,2021-11-20,753
Rhode Island,2021-11-27,756
Rhode Island,2021-12-04,946
Rhode Island,2021-12-11,933
Rhode Island,2021-12-18,1097
Rhode Island,2021-12-25,2266
Rhode Island,2022-01-01,1978
Rhode Island,2022-01-08,1554
Rhode Island,2022-01-15,2018
Rhode Island,2022-01-22,1247
Rhode Island,2022-01-29,1000
Rhode Island,2022-02-05,849
Rhode Island,2022-02-12,1037
Rhode Island,2022-02-19,1001
Rhode Island,2022-02-26,2041
Rhode Island,2022-03-05,817
Rhode Island,2022-03-12,754
Rhode Island,2022-03-19,648
Rhode Island,2022-03-26,594
Rhode Island,2022-04-02,692
Rhode Island,2022-04-09,872
Rhode Island,2022-04-16,1240
Rhode Island,2022-04-23,2016
Rhode Island,2022-04-30,808
Rhode Island,2022-05-07,658
Rhode Island,2022-05-14,588
Rhode Island,2022-05-21,716
Rhode Island,2022-05-28,583
Rhode Island,2022-06-04,587
Rhode Island,2022-06-11,671
Rhode Island,2022-06-18,887
Rhode Island,2022-06-25,1695
Rhode Island,2022-07-02,1536
Rhode Island,2022-07-09,1052
Rhode Island,2022-07-16,912
Rhode Island,2022-07-23,634
Rhode Island,2022-07-30,755
Rhode Island,2022-08-06,860
Rhode Island,2022-08-13,521
Rhode Island,2022-08-20,740
Rhode Island,2022-08-27,745
Rhode Island,2022-09-03,669
Rhode Island,2022-09-10,612
Rhode Island,2022-09-17,712
Rhode Island,2022-09-24,651
Rhode Island,2022-10-01,579
Rhode Island,2022-10-08,614
Rhode Island,2022-10-15,500
Rhode Island,2022-10-22,529
Rhode Island,2022-10-29,807
Rhode Island,2022-11-05,797
Rhode Island,2022-11-12,505
Rhode Island,2022-11-19,1027
Rhode Island,2022-11-26,969
Rhode Island,2022-12-03,1014
Rhode Island,2022-12-10,1076
Rhode Island,2022-12-17,1598
Rhode Island,2022-12-24,1828
Rhode Island,2022-12-31,2385
Rhode Island,2023-01-07,1873
Rhode Island,2023-01-14,2113
Rhode Island,2023-01-21,1197
Rhode Island,2023-01-28,1090
Rhode Island,2023-02-04,1252
Rhode Island,2023-02-11,885
Rhode Island,2023-02-18,1162
Rhode Island,2023-02-25,2372
Rhode Island,2023-03-04,685
Rhode Island,2023-03-11,770
Rhode Island,2023-03-18,846
Rhode Island,2023-03-25,706
Rhode Island,2023-04-01,590
Rhode Island,2023-04-08,1120
Rhode Island,2023-04-15,2178
Rhode Island,2023-04-22,752
Rhode Island,2023-04-29,690
Rhode Island,2023-05-06,794
Rhode Island,2023-05-13,803
Rhode Island,2023-05-20,703
Rhode Island,2023-05-27,697
Rhode Island,2023-06-03,637
Rhode Island,2023-06-10,862
Rhode Island,2023-06-17,860
Rhode Island,2023-06-24,1787
Rhode Island,2023-07-01,1951
Rhode Island,2023-07-08,1200
Rhode Island,2023-07-15,956
Rhode Island,2023-07-22,685
Rhode Island,2023-07-29,731
Rhode Island,2023-08-05,787
Rhode Island,2023-08-12,829
Rhode Island,2023-08-19,693
Rhode Island,2023-08-26,756
Rhode Island,2023-09-02,711
Rhode Island,2023-09-09,491
Rhode Island,2023-09-16,789
Rhode Island,2023-09-23,689
Rhode Island,2023-09-30,678
Rhode Island,2023-10-07,683
Rhode Island,2023-10-14,596
Rhode Island,2023-10-21,765
Rhode Island,2023-10-28,808
Rhode Island,2023-11-04,783
Rhode Island,2023-11-11,871
Rhode Island,2023-11-18,841
Rhode Island,2023-11-25,1007
Rhode Island,2023-12-02,1353
Rhode Island,2023-12-09,1076
Rhode Island,2023-12-16,1337
Rhode Island,2023-12-23,1667
Rhode Island,2023-12-30,3100
Rhode Island,2024-01-06,1982
Rhode Island,2024-01-13,1732
Rhode Island,2024-01-20,1242
Rhode Island,2024-01-27,1329
Rhode Island,2024-02-03,1094
Rhode Island,2024-02-10,1087
Rhode Island,2024-02-17,769
Rhode Island,2024-02-24,2705
Rhode Island,2024-03-02,750
Rhode Island,2024-03-09,738
Rhode Island,2024-03-16,719
Rhode Island,2024-03-23,770
Rhode Island,2024-03-30,785
Rhode Island,2024-04-06,616
Rhode Island,2024-04-13,743
Rhode Island,2024-04-20,2480
Rhode Island,2024-04-27,854
Rhode Island,2024-05-04,692
Rhode Island,2024-05-11,614
Rhode Island,2024-05-18,687
Rhode Island,2024-05-25,803
Rhode Island,2024-06-01,748
Rhode Island,2024-06-08,817
Rhode Island,2024-06-15,988
Rhode Island,2024-06-22,1798
Rhode Island,2024-06-29,1658
Rhode Island,2024-07-06,1468
Rhode Island,2024-07-13,1416
Rhode Island,2024-07-20,695
Rhode Island,2024-07-27,662
Rhode Island,2024-08-03,910
Rhode Island,2024-08-10,747
Rhode Island,2024-08-17,625
Rhode Island,2024-08-24,605
Rhode Island,2024-08-31,848
Rhode Island,2024-09-07,751
Rhode Island,2024-09-14,780
Rhode Island,2024-09-21,627
Rhode Island,2024-09-28,638
Rhode Island,2024-10-05,677
Rhode Island,2024-10-12,751
Rhode Island,2024-10-19,668
Rhode Island,2024-10-26,558
Rhode Island,2024-11-02,799
Rhode Island,2024-11-09,729
Rhode Island,2024-11-16,794
Rhode Island,2024-11-23,1320
Rhode Island,2024-11-30,1206
Rhode Island,2024-12-07,1273
Rhode Island,2024-12-14,1414
Rhode Island,2024-12-21,1735
Rhode Island,2024-12-28,3234
Rhode Island,2025-01-04,2102
Rhode Island,2025-01-11,1955
Rhode Island,2025-01-18,1928
Rhode Island,2025-01-25,1288
Rhode Island,2025-02-01,1069
Rhode Island,2025-02-08,995
Rhode Island,2025-02-15,909
Rhode Island,2025-02-22,2990
Rhode Island,2025-03-01,1006
Rhode Island,2025-03-08,878
Rhode Island,2025-03-15,893
Rhode Island,2025-03-22,913
Rhode Island,2025-03-29,725
Rhode Island,2025-04-05,723
Rhode Island,2025-04-12,882
South Carolina,2020-01-04,7471
South Carolina,2020-01-11,4629
South Carolina,2020-01-18,3126
South Carolina,2020-01-25,2248
South Carolina,2020-02-01,2099
South Carolina,2020-02-08,2054
South Carolina,2020-02-15,2088
South Carolina,2020-02-22,1824
South Carolina,2020-02-29,1977
South Carolina,2020-03-07,1889
South Carolina,2020-03-14,2093
South Carolina,2020-03-21,31826
South Carolina,2020-03-28,66475
South Carolina,2020-04-04,86573
South Carolina,2020-04-11,89147
South Carolina,2020-04-18,74362
South Carolina,2020-04-25,66438
South Carolina,2020-05-02,47673
South Carolina,2020-05-09,33191
South Carolina,2020-05-16,29899
South Carolina,2020-05-23,25380
South Carolina,2020-05-30,18910
South Carolina,2020-06-06,23188
South Carolina,2020-06-13,19853
South Carolina,2020-06-20,17611
South Carolina,2020-06-27,17654
South Carolina,2020-07-04,16015
South Carolina,2020-07-11,19272
South Carolina,2020-07-18,14307
South Carolina,2020-07-25,12195
South Carolina,2020-08-01,8909
South Carolina,2020-08-08,5896
South Carolina,2020-08-15,7231
South Carolina,2020-08-22,5496
South Carolina,2020-08-29,5000
South Carolina,2020-09-05,5085
South Carolina,2020-09-12,4261
South Carolina,2020-09-19,4906
South Carolina,2020-09-26,4905
South Carolina,2020-10-03,4908
South Carolina,2020-10-10,4667
South Carolina,2020-10-17,3890
South Carolina,2020-10-24,3675
South Carolina,2020-10-31,3260
South Carolina,2020-11-07,3461
South Carolina,2020-11-14,3286
South Carolina,2020-11-21,3361
South Carolina,2020-11-28,2567
South Carolina,2020-12-05,4774
South Carolina,2020-12-12,3581
South Carolina,2020-12-19,3445
South Carolina,2020-12-26,4317
South Carolina,2021-01-02,8778
South Carolina,2021-01-09,8048
South Carolina,2021-01-16,6319
South Carolina,2021-01-23,4813
South Carolina,2021-01-30,4453
South Carolina,2021-02-06,6339
South Carolina,2021-02-13,4287
South Carolina,2021-02-20,3525
South Carolina,2021-02-27,3903
South Carolina,2021-03-06,5480
South Carolina,2021-03-13,2769
South Carolina,2021-03-20,3197
South Carolina,2021-03-27,3146
South Carolina,2021-04-03,4992
South Carolina,2021-04-10,5131
South Carolina,2021-04-17,5053
South Carolina,2021-04-24,3091
South Carolina,2021-05-01,2899
South Carolina,2021-05-08,3123
South Carolina,2021-05-15,2588
South Carolina,2021-05-22,2083
South Carolina,2021-05-29,1987
South Carolina,2021-06-05,1894
South Carolina,2021-06-12,1735
South Carolina,2021-06-19,1673
South Carolina,2021-06-26,1676
South Carolina,2021-07-03,2194
South Carolina,2021-07-10,2518
South Carolina,2021-07-17,2496
South Carolina,2021-07-24,1503
South Carolina,2021-07-31,1363
South Carolina,2021-08-07,1445
South Carolina,2021-08-14,1439
South Carolina,2021-08-21,1576
South Carolina,2021-08-28,1321
South Carolina,2021-09-04,1262
South Carolina,2021-09-11,2456
South Carolina,2021-09-18,1625
South Carolina,2021-09-25,1132
South Carolina,2021-10-02,1160
South Carolina,2021-10-09,1311
South Carolina,2021-10-16,1060
South Carolina,2021-10-23,1247
South Carolina,2021-10-30,1126
South Carolina,2021-11-06,1311
South Carolina,2021-11-13,1241
South Carolina,2021-11-20,1263
South Carolina,2021-11-27,775
South Carolina,2021-12-04,1788
South Carolina,2021-12-11,1271
South Carolina,2021-12-18,1204
South Carolina,2021-12-25,1135
South Carolina,2022-01-01,3711
South Carolina,2022-01-08,4056
South Carolina,2022-01-15,2112
South Carolina,2022-01-22,1147
South Carolina,2022-01-29,1488
South Carolina,2022-02-05,1585
South Carolina,2022-02-12,1044
South Carolina,2022-02-19,1118
South Carolina,2022-02-26,864
South Carolina,2022-03-05,1722
South Carolina,2022-03-12,1610
South Carolina,2022-03-19,1642
South Carolina,2022-03-26,1581
South Carolina,2022-04-02,1521
South Carolina,2022-04-09,2103
South Carolina,2022-04-16,1759
South Carolina,2022-04-23,2387
South Carolina,2022-04-30,1874
South Carolina,2022-05-07,1799
South Carolina,2022-05-14,1875
South Carolina,2022-05-21,1743
South Carolina,2022-05-28,1913
South Carolina,2022-06-04,2140
South Carolina,2022-06-11,2666
South Carolina,2022-06-18,1935
South Carolina,2022-06-25,1975
South Carolina,2022-07-02,1787
South Carolina,2022-07-09,2399
South Carolina,2022-07-16,5548
South Carolina,2022-07-23,2378
South Carolina,2022-07-30,2163
South Carolina,2022-08-06,2842
South Carolina,2022-08-13,1995
South Carolina,2022-08-20,1857
South Carolina,2022-08-27,2147
South Carolina,2022-09-03,1885
South Carolina,2022-09-10,1772
South Carolina,2022-09-17,2404
South Carolina,2022-09-24,1716
South Carolina,2022-10-01,1634
South Carolina,2022-10-08,2160
South Carolina,2022-10-15,2239
South Carolina,2022-10-22,2188
South Carolina,2022-10-29,1717
South Carolina,2022-11-05,1946
South Carolina,2022-11-12,1976
South Carolina,2022-11-19,2452
South Carolina,2022-11-26,1361
South Carolina,2022-12-03,2802
South Carolina,2022-12-10,2410
South Carolina,2022-12-17,2460
South Carolina,2022-12-24,2566
South Carolina,2022-12-31,3279
South Carolina,2023-01-07,5284
South Carolina,2023-01-14,3059
South Carolina,2023-01-21,2258
South Carolina,2023-01-28,2358
South Carolina,2023-02-04,2135
South Carolina,2023-02-11,2093
South Carolina,2023-02-18,1784
South Carolina,2023-02-25,1690
South Carolina,2023-03-04,1815
South Carolina,2023-03-11,1900
South Carolina,2023-03-18,2126
South Carolina,2023-03-25,1573
South Carolina,2023-04-01,1784
South Carolina,2023-04-08,2191
South Carolina,2023-04-15,2879
South Carolina,2023-04-22,2332
South Carolina,2023-04-29,2041
South Carolina,2023-05-06,1965
South Carolina,2023-05-13,2033
South Carolina,2023-05-20,2335
South Carolina,2023-05-27,2209
South Carolina,2023-06-03,2527
South Carolina,2023-06-10,3909
South Carolina,2023-06-17,2237
South Carolina,2023-06-24,2003
South Carolina,2023-07-01,2108
South Carolina,2023-07-08,2474
South Carolina,2023-07-15,4850
South Carolina,2023-07-22,2305
South Carolina,2023-07-29,2064
South Carolina,2023-08-05,2341
South Carolina,2023-08-12,1842
South Carolina,2023-08-19,1955
South Carolina,2023-08-26,1885
South Carolina,2023-09-02,1956
South Carolina,2023-09-09,1714
South Carolina,2023-09-16,2817
South Carolina,2023-09-23,1618
South Carolina,2023-09-30,1660
South Carolina,2023-10-07,2001
South Carolina,2023-10-14,1765
South Carolina,2023-10-21,2093
South Carolina,2023-10-28,2127
South Carolina,2023-11-04,2029
South Carolina,2023-11-11,1984
South Carolina,2023-11-18,1997
South Carolina,2023-11-25,1348
South Carolina,2023-12-02,4079
South Carolina,2023-12-09,2395
South Carolina,2023-12-16,2173
South Carolina,2023-12-23,2516
South Carolina,2023-12-30,2001
South Carolina,2024-01-06,6166
South Carolina,2024-01-13,3124
South Carolina,2024-01-20,2069
South Carolina,2024-01-27,2600
South Carolina,2024-02-03,2220
South Carolina,2024-02-10,1924
South Carolina,2024-02-17,1777
South Carolina,2024-02-24,1776
South Carolina,2024-03-02,1783
South Carolina,2024-03-09,1752
South Carolina,2024-03-16,1795
South Carolina,2024-03-23,1791
South Carolina,2024-03-30,1637
South Carolina,2024-04-06,2591
South Carolina,2024-04-13,2609
South Carolina,2024-04-20,2354
South Carolina,2024-04-27,2107
South Carolina,2024-05-04,1956
South Carolina,2024-05-11,2016
South Carolina,2024-05-18,1988
South Carolina,2024-05-25,2085
South Carolina,2024-06-01,2029
South Carolina,2024-06-08,2690
South Carolina,2024-06-15,2189
South Carolina,2024-06-22,2063
South Carolina,2024-06-29,2515
South Carolina,2024-07-06,2499
South Carolina,2024-07-13,4912
South Carolina,2024-07-20,3011
South Carolina,2024-07-27,2098
South Carolina,2024-08-03,2086
South Carolina,2024-08-10,1945
South Carolina,2024-08-17,2590
South Carolina,2024-08-24,2115
South Carolina,2024-08-31,1917
South Carolina,2024-09-07,1601
South Carolina,2024-09-14,2309
South Carolina,2024-09-21,1668
South Carolina,2024-09-28,1368
South Carolina,2024-10-05,2628
South Carolina,2024-10-12,3407
South Carolina,2024-10-19,2542
South Carolina,2024-10-26,1986
South Carolina,2024-11-02,2029
South Carolina,2024-11-09,1923
South Carolina,2024-11-16,1253
South Carolina,2024-11-23,1553
South Carolina,2024-11-30,1347
South Carolina,2024-12-07,3110
South Carolina,2024-12-14,2129
South Carolina,2024-12-21,2614
South Carolina,2024-12-28,2216
South Carolina,2025-01-04,5060
South Carolina,2025-01-11,5218
South Carolina,2025-01-18,2437
South Carolina,2025-01-25,1750
South Carolina,2025-02-01,2199
South Carolina,2025-02-08,2345
South Carolina,2025-02-15,2055
South Carolina,2025-02-22,2018
South Carolina,2025-03-01,1929
South Carolina,2025-03-08,2061
South Carolina,2025-03-15,1886
South Carolina,2025-03-22,1886
South Carolina,2025-03-29,1771
South Carolina,2025-04-05,2059
South Carolina,2025-04-12,2557
South Dakota,2020-01-04,398
South Dakota,2020-01-11,468
South Dakota,2020-01-18,338
South Dakota,2020-01-25,291
South Dakota,2020-02-01,217
South Dakota,2020-02-08,223
South Dakota,2020-02-15,194
South Dakota,2020-02-22,191
South Dakota,2020-02-29,159
South Dakota,2020-03-07,185
South Dakota,2020-03-14,190
South Dakota,2020-03-21,1761
South Dakota,2020-03-28,6801
South Dakota,2020-04-04,8138
South Dakota,2020-04-11,6359
South Dakota,2020-04-18,5295
South Dakota,2020-04-25,5535
South Dakota,2020-05-02,3929
South Dakota,2020-05-09,5269
South Dakota,2020-05-16,3891
South Dakota,2020-05-23,3471
South Dakota,2020-05-30,1498
South Dakota,2020-06-06,880
South Dakota,2020-06-13,1065
South Dakota,2020-06-20,910
South Dakota,2020-06-27,644
South Dakota,2020-07-04,835
South Dakota,2020-07-11,1216
South Dakota,2020-07-18,772
South Dakota,2020-07-25,808
South Dakota,2020-08-01,775
South Dakota,2020-08-08,973
South Dakota,2020-08-15,784
South Dakota,2020-08-22,802
South Dakota,2020-08-29,630
South Dakota,2020-09-05,585
South Dakota,2020-09-12,376
South Dakota,2020-09-19,551
South Dakota,2020-09-26,267
South Dakota,2020-10-03,444
South Dakota,2020-10-10,443
South Dakota,2020-10-17,485
South Dakota,2020-10-24,482
South Dakota,2020-10-31,856
South Dakota,2020-11-07,568
South Dakota,2020-11-14,513
South Dakota,2020-11-21,746
South Dakota,2020-11-28,436
South Dakota,2020-12-05,904
South Dakota,2020-12-12,926
South Dakota,2020-12-19,770
South Dakota,2020-12-26,655
South Dakota,2021-01-02,603
South Dakota,2021-01-09,985
South Dakota,2021-01-16,750
South Dakota,2021-01-23,580
South Dakota,2021-01-30,611
South Dakota,2021-02-06,646
South Dakota,2021-02-13,608
South Dakota,2021-02-20,496
South Dakota,2021-02-27,441
South Dakota,2021-03-06,298
South Dakota,2021-03-13,355
South Dakota,2021-03-20,295
South Dakota,2021-03-27,299
South Dakota,2021-04-03,314
South Dakota,2021-04-10,290
South Dakota,2021-04-17,335
South Dakota,2021-04-24,388
South Dakota,2021-05-01,264
South Dakota,2021-05-08,305
South Dakota,2021-05-15,409
South Dakota,2021-05-22,232
South Dakota,2021-05-29,263
South Dakota,2021-06-05,253
South Dakota,2021-06-12,306
South Dakota,2021-06-19,216
South Dakota,2021-06-26,188
South Dakota,2021-07-03,233
South Dakota,2021-07-10,264
South Dakota,2021-07-17,195
South Dakota,2021-07-24,161
South Dakota,2021-07-31,153
South Dakota,2021-08-07,194
South Dakota,2021-08-14,174
South Dakota,2021-08-21,176
South Dakota,2021-08-28,140
South Dakota,2021-09-04,195
South Dakota,2021-09-11,167
South Dakota,2021-09-18,170
South Dakota,2021-09-25,120
South Dakota,2021-10-02,132
South Dakota,2021-10-09,171
South Dakota,2021-10-16,174
South Dakota,2021-10-23,180
South Dakota,2021-10-30,212
South Dakota,2021-11-06,242
South Dakota,2021-11-13,222
South Dakota,2021-11-20,304
South Dakota,2021-11-27,248
South Dakota,2021-12-04,375
South Dakota,2021-12-11,456
South Dakota,2021-12-18,489
South Dakota,2021-12-25,470
South Dakota,2022-01-01,429
South Dakota,2022-01-08,557
South Dakota,2022-01-15,305
South Dakota,2022-01-22,268
South Dakota,2022-01-29,222
South Dakota,2022-02-05,207
South Dakota,2022-02-12,167
South Dakota,2022-02-19,180
South Dakota,2022-02-26,151
South Dakota,2022-03-05,158
South Dakota,2022-03-12,157
South Dakota,2022-03-19,114
South Dakota,2022-03-26,117
South Dakota,2022-04-02,110
South Dakota,2022-04-09,133
South Dakota,2022-04-16,95
South Dakota,2022-04-23,140
South Dakota,2022-04-30,102
South Dakota,2022-05-07,118
South Dakota,2022-05-14,146
South Dakota,2022-05-21,142
South Dakota,2022-05-28,170
South Dakota,2022-06-04,148
South Dakota,2022-06-11,165
South Dakota,2022-06-18,127
South Dakota,2022-06-25,125
South Dakota,2022-07-02,126
South Dakota,2022-07-09,139
South Dakota,2022-07-16,113
South Dakota,2022-07-23,120
South Dakota,2022-07-30,126
South Dakota,2022-08-06,140
South Dakota,2022-08-13,130
South Dakota,2022-08-20,100
South Dakota,2022-08-27,72
South Dakota,2022-09-03,110
South Dakota,2022-09-10,94
South Dakota,2022-09-17,103
South Dakota,2022-09-24,119
South Dakota,2022-10-01,137
South Dakota,2022-10-08,152
South Dakota,2022-10-15,147
South Dakota,2022-10-22,127
South Dakota,2022-10-29,197
South Dakota,2022-11-05,209
South Dakota,2022-11-12,229
South Dakota,2022-11-19,522
South Dakota,2022-11-26,257
South Dakota,2022-12-03,457
South Dakota,2022-12-10,470
South Dakota,2022-12-17,333
South Dakota,2022-12-24,533
South Dakota,2022-12-31,327
South Dakota,2023-01-07,397
South Dakota,2023-01-14,341
South Dakota,2023-01-21,206
South Dakota,2023-01-28,222
South Dakota,2023-02-04,225
South Dakota,2023-02-11,214
South Dakota,2023-02-18,202
South Dakota,2023-02-25,150
South Dakota,2023-03-04,267
South Dakota,2023-03-11,213
South Dakota,2023-03-18,168
South Dakota,2023-03-25,154
South Dakota,2023-04-01,132
South Dakota,2023-04-08,135
South Dakota,2023-04-15,130
South Dakota,2023-04-22,115
South Dakota,2023-04-29,148
South Dakota,2023-05-06,161
South Dakota,2023-05-13,151
South Dakota,2023-05-20,146
South Dakota,2023-05-27,161
South Dakota,2023-06-03,163
South Dakota,2023-06-10,177
South Dakota,2023-06-17,150
South Dakota,2023-06-24,105
South Dakota,2023-07-01,175
South Dakota,2023-07-08,133
South Dakota,2023-07-15,129
South Dakota,2023-07-22,137
South Dakota,2023-07-29,142
South Dakota,2023-08-05,232
South Dakota,2023-08-12,157
South Dakota,2023-08-19,118
South Dakota,2023-08-26,126
South Dakota,2023-09-02,131
South Dakota,2023-09-09,129
South Dakota,2023-09-16,118
South Dakota,2023-09-23,100
South Dakota,2023-09-30,105
South Dakota,2023-10-07,157
South Dakota,2023-10-14,178
South Dakota,2023-10-21,141
South Dakota,2023-10-28,180
South Dakota,2023-11-04,229
South Dakota,2023-11-11,190
South Dakota,2023-11-18,324
South Dakota,2023-11-25,305
South Dakota,2023-12-02,476
South Dakota,2023-12-09,462
South Dakota,2023-12-16,427
South Dakota,2023-12-23,389
South Dakota,2023-12-30,365
South Dakota,2024-01-06,352
South Dakota,2024-01-13,474
South Dakota,2024-01-20,395
South Dakota,2024-01-27,263
South Dakota,2024-02-03,251
South Dakota,2024-02-10,236
South Dakota,2024-02-17,167
South Dakota,2024-02-24,151
South Dakota,2024-03-02,141
South Dakota,2024-03-09,177
South Dakota,2024-03-16,156
South Dakota,2024-03-23,135
South Dakota,2024-03-30,176
South Dakota,2024-04-06,194
South Dakota,2024-04-13,186
South Dakota,2024-04-20,170
South Dakota,2024-04-27,152
South Dakota,2024-05-04,149
South Dakota,2024-05-11,192
South Dakota,2024-05-18,147
South Dakota,2024-05-25,217
South Dakota,2024-06-01,220
South Dakota,2024-06-08,191
South Dakota,2024-06-15,166
South Dakota,2024-06-22,172
South Dakota,2024-06-29,148
South Dakota,2024-07-06,156
South Dakota,2024-07-13,220
South Dakota,2024-07-20,155
South Dakota,2024-07-27,160
South Dakota,2024-08-03,140
South Dakota,2024-08-10,159
South Dakota,2024-08-17,155
South Dakota,2024-08-24,177
South Dakota,2024-08-31,170
South Dakota,2024-09-07,150
South Dakota,2024-09-14,130
South Dakota,2024-09-21,157
South Dakota,2024-09-28,139
South Dakota,2024-10-05,227
South Dakota,2024-10-12,187
South Dakota,2024-10-19,178
South Dakota,2024-10-26,203
South Dakota,2024-11-02,250
South Dakota,2024-11-09,279
South Dakota,2024-11-16,261
South Dakota,2024-11-23,431
South Dakota,2024-11-30,406
South Dakota,2024-12-07,618
South Dakota,2024-12-14,475
South Dakota,2024-12-21,426
South Dakota,2024-12-28,296
South Dakota,2025-01-04,377
South Dakota,2025-01-11,528
South Dakota,2025-01-18,330
South Dakota,2025-01-25,297
South Dakota,2025-02-01,277
South Dakota,2025-02-08,268
South Dakota,2025-02-15,247
South Dakota,2025-02-22,219
South Dakota,2025-03-01,200
South Dakota,2025-03-08,189
South Dakota,2025-03-15,184
South Dakota,2025-03-22,175
South Dakota,2025-03-29,158
South Dakota,2025-04-05,185
South Dakota,2025-04-12,171
Tennessee,2020-01-04,3084
Tennessee,2020-01-11,3711
Tennessee,2020-01-18,3093
Tennessee,2020-01-25,2484
Tennessee,2020-02-01,2362
Tennessee,2020-02-08,2161
Tennessee,2020-02-15,2140
Tennessee,2020-02-22,1855
Tennessee,2020-02-29,2014
Tennessee,2020-03-07,2032
Tennessee,2020-03-14,2702
Tennessee,2020-03-21,38077
Tennessee,2020-03-28,92500
Tennessee,2020-04-04,112186
Tennessee,2020-04-11,71887
Tennessee,2020-04-18,67226
Tennessee,2020-04-25,42805
Tennessee,2020-05-02,36323
Tennessee,2020-05-09,28377
Tennessee,2020-05-16,27990
Tennessee,2020-05-23,25439
Tennessee,2020-05-30,22255
Tennessee,2020-06-06,20908
Tennessee,2020-06-13,19413
Tennessee,2020-06-20,20506
Tennessee,2020-06-27,21544
Tennessee,2020-07-04,24920
Tennessee,2020-07-11,22060
Tennessee,2020-07-18,25773
Tennessee,2020-07-25,20091
Tennessee,2020-08-01,12208
Tennessee,2020-08-08,10620
Tennessee,2020-08-15,14413
Tennessee,2020-08-22,11588
Tennessee,2020-08-29,12876
Tennessee,2020-09-05,12310
Tennessee,2020-09-12,11316
Tennessee,2020-09-19,11793
Tennessee,2020-09-26,10311
Tennessee,2020-10-03,10077
Tennessee,2020-10-10,10810
Tennessee,2020-10-17,10412
Tennessee,2020-10-24,8113
Tennessee,2020-10-31,7447
Tennessee,2020-11-07,7727
Tennessee,2020-11-14,6567
Tennessee,2020-11-21,7295
Tennessee,2020-11-28,6186
Tennessee,2020-12-05,6856
Tennessee,2020-12-12,7435
Tennessee,2020-12-19,7386
Tennessee,2020-12-26,10150
Tennessee,2021-01-02,16931
Tennessee,2021-01-09,21954
Tennessee,2021-01-16,19318
Tennessee,2021-01-23,13302
Tennessee,2021-01-30,11497
Tennessee,2021-02-06,10761
Tennessee,2021-02-13,8596
Tennessee,2021-02-20,12583
Tennessee,2021-02-27,10778
Tennessee,2021-03-06,7999
Tennessee,2021-03-13,8277
Tennessee,2021-03-20,6431
Tennessee,2021-03-27,8150
Tennessee,2021-04-03,11407
Tennessee,2021-04-10,11421
Tennessee,2021-04-17,13900
Tennessee,2021-04-24,9837
Tennessee,2021-05-01,8255
Tennessee,2021-05-08,8543
Tennessee,2021-05-15,7721
Tennessee,2021-05-22,6252
Tennessee,2021-05-29,6936
Tennessee,2021-06-05,8095
Tennessee,2021-06-12,6349
Tennessee,2021-06-19,4998
Tennessee,2021-06-26,5186
Tennessee,2021-07-03,6596
Tennessee,2021-07-10,6745
Tennessee,2021-07-17,6147
Tennessee,2021-07-24,7841
Tennessee,2021-07-31,4841
Tennessee,2021-08-07,4989
Tennessee,2021-08-14,4678
Tennessee,2021-08-21,5404
Tennessee,2021-08-28,7258
Tennessee,2021-09-04,5335
Tennessee,2021-09-11,4490
Tennessee,2021-09-18,4317
Tennessee,2021-09-25,4215
Tennessee,2021-10-02,4881
Tennessee,2021-10-09,3892
Tennessee,2021-10-16,5580
Tennessee,2021-10-23,4786
Tennessee,2021-10-30,5584
Tennessee,2021-11-06,7995
Tennessee,2021-11-13,3994
Tennessee,2021-11-20,4179
Tennessee,2021-11-27,4043
Tennessee,2021-12-04,4365
Tennessee,2021-12-11,5070
Tennessee,2021-12-18,4076
Tennessee,2021-12-25,4766
Tennessee,2022-01-01,4092
Tennessee,2022-01-08,9495
Tennessee,2022-01-15,7145
Tennessee,2022-01-22,6128
Tennessee,2022-01-29,5854
Tennessee,2022-02-05,2938
Tennessee,2022-02-12,4675
Tennessee,2022-02-19,2716
Tennessee,2022-02-26,3292
Tennessee,2022-03-05,1936
Tennessee,2022-03-12,1792
Tennessee,2022-03-19,2120
Tennessee,2022-03-26,1885
Tennessee,2022-04-02,2344
Tennessee,2022-04-09,2383
Tennessee,2022-04-16,2159
Tennessee,2022-04-23,1932
Tennessee,2022-04-30,1947
Tennessee,2022-05-07,2186
Tennessee,2022-05-14,2090
Tennessee,2022-05-21,2192
Tennessee,2022-05-28,2599
Tennessee,2022-06-04,3086
Tennessee,2022-06-11,2255
Tennessee,2022-06-18,2195
Tennessee,2022-06-25,2114
Tennessee,2022-07-02,1019
Tennessee,2022-07-09,4734
Tennessee,2022-07-16,4098
Tennessee,2022-07-23,2826
Tennessee,2022-07-30,2698
Tennessee,2022-08-06,2785
Tennessee,2022-08-13,2375
Tennessee,2022-08-20,2188
Tennessee,2022-08-27,2004
Tennessee,2022-09-03,2053
Tennessee,2022-09-10,1707
Tennessee,2022-09-17,1910
Tennessee,2022-09-24,2196
Tennessee,2022-10-01,1916
Tennessee,2022-10-08,2345
Tennessee,2022-10-15,2630
Tennessee,2022-10-22,2002
Tennessee,2022-10-29,1729
Tennessee,2022-11-05,2016
Tennessee,2022-11-12,2037
Tennessee,2022-11-19,2331
Tennessee,2022-11-26,2609
Tennessee,2022-12-03,2682
Tennessee,2022-12-10,2367
Tennessee,2022-12-17,2746
Tennessee,2022-12-24,3586
Tennessee,2022-12-31,3263
Tennessee,2023-01-07,5466
Tennessee,2023-01-14,3194
Tennessee,2023-01-21,2539
Tennessee,2023-01-28,2630
Tennessee,2023-02-04,2472
Tennessee,2023-02-11,2622
Tennessee,2023-02-18,2128
Tennessee,2023-02-25,2071
Tennessee,2023-03-04,2339
Tennessee,2023-03-11,2280
Tennessee,2023-03-18,2793
Tennessee,2023-03-25,2130
Tennessee,2023-04-01,1987
Tennessee,2023-04-08,2407
Tennessee,2023-04-15,2291
Tennessee,2023-04-22,2321
Tennessee,2023-04-29,2179
Tennessee,2023-05-06,2525
Tennessee,2023-05-13,3165
Tennessee,2023-05-20,2838
Tennessee,2023-05-27,3232
Tennessee,2023-06-03,3964
Tennessee,2023-06-10,3248
Tennessee,2023-06-17,2399
Tennessee,2023-06-24,2167
Tennessee,2023-07-01,3635
Tennessee,2023-07-08,3500
Tennessee,2023-07-15,3074
Tennessee,2023-07-22,2395
Tennessee,2023-07-29,2760
Tennessee,2023-08-05,2945
Tennessee,2023-08-12,2479
Tennessee,2023-08-19,2396
Tennessee,2023-08-26,2268
Tennessee,2023-09-02,2451
Tennessee,2023-09-09,2157
Tennessee,2023-09-16,2211
Tennessee,2023-09-23,2310
Tennessee,2023-09-30,2243
Tennessee,2023-10-07,2397
Tennessee,2023-10-14,3508
Tennessee,2023-10-21,2416
Tennessee,2023-10-28,2235
Tennessee,2023-11-04,2539
Tennessee,2023-11-11,2352
Tennessee,2023-11-18,2606
Tennessee,2023-11-25,2521
Tennessee,2023-12-02,4210
Tennessee,2023-12-09,3232
Tennessee,2023-12-16,3166
Tennessee,2023-12-23,3594
Tennessee,2023-12-30,2742
Tennessee,2024-01-06,3302
Tennessee,2024-01-13,4178
Tennessee,2024-01-20,3131
Tennessee,2024-01-27,3322
Tennessee,2024-02-03,2735
Tennessee,2024-02-10,2409
Tennessee,2024-02-17,2899
Tennessee,2024-02-24,2966
Tennessee,2024-03-02,2802
Tennessee,2024-03-09,2578
Tennessee,2024-03-16,3116
Tennessee,2024-03-23,2742
Tennessee,2024-03-30,2619
Tennessee,2024-04-06,3162
Tennessee,2024-04-13,3621
Tennessee,2024-04-20,3676
Tennessee,2024-04-27,3344
Tennessee,2024-05-04,3297
Tennessee,2024-05-11,3108
Tennessee,2024-05-18,3118
Tennessee,2024-05-25,4998
Tennessee,2024-06-01,3703
Tennessee,2024-06-08,3424
Tennessee,2024-06-15,2866
Tennessee,2024-06-22,2638
Tennessee,2024-06-29,3254
Tennessee,2024-07-06,4420
Tennessee,2024-07-13,3483
Tennessee,2024-07-20,4252
Tennessee,2024-07-27,2764
Tennessee,2024-08-03,2757
Tennessee,2024-08-10,2892
Tennessee,2024-08-17,2806
Tennessee,2024-08-24,2608
Tennessee,2024-08-31,2669
Tennessee,2024-09-07,2532
Tennessee,2024-09-14,2918
Tennessee,2024-09-21,2748
Tennessee,2024-09-28,2531
Tennessee,2024-10-05,4386
Tennessee,2024-10-12,4284
Tennessee,2024-10-19,3055
Tennessee,2024-10-26,2756
Tennessee,2024-11-02,2716
Tennessee,2024-11-09,3017
Tennessee,2024-11-16,2777
Tennessee,2024-11-23,2774
Tennessee,2024-11-30,2916
Tennessee,2024-12-07,4289
Tennessee,2024-12-14,3124
Tennessee,2024-12-21,5142
Tennessee,2024-12-28,3730
Tennessee,2025-01-04,3581
Tennessee,2025-01-11,5480
Tennessee,2025-01-18,3862
Tennessee,2025-01-25,2835
Tennessee,2025-02-01,2998
Tennessee,2025-02-08,2892
Tennessee,2025-02-15,5658
Tennessee,2025-02-22,3108
Tennessee,2025-03-01,2735
Tennessee,2025-03-08,2842
Tennessee,2025-03-15,2606
Tennessee,2025-03-22,3035
Tennessee,2025-03-29,2807
Tennessee,2025-04-05,5472
Tennessee,2025-04-12,2850
Texas,2020-01-04,12367
Texas,2020-01-11,21902
Texas,2020-01-18,15783
Texas,2020-01-25,13070
Texas,2020-02-01,13818
Texas,2020-02-08,13869
Texas,2020-02-15,12790
Texas,2020-02-22,12047
Texas,2020-02-29,12692
Texas,2020-03-07,14355
Texas,2020-03-14,16176
Texas,2020-03-21,155426
Texas,2020-03-28,276185
Texas,2020-04-04,315167
Texas,2020-04-11,274257
Texas,2020-04-18,280761
Texas,2020-04-25,254084
Texas,2020-05-02,243935
Texas,2020-05-09,141553
Texas,2020-05-16,134065
Texas,2020-05-23,127717
Texas,2020-05-30,106677
Texas,2020-06-06,89676
Texas,2020-06-13,94723
Texas,2020-06-20,89547
Texas,2020-06-27,96593
Texas,2020-07-04,117099
Texas,2020-07-11,105516
Texas,2020-07-18,87908
Texas,2020-07-25,76804
Texas,2020-08-01,62709
Texas,2020-08-08,52304
Texas,2020-08-15,61400
Texas,2020-08-22,52152
Texas,2020-08-29,56673
Texas,2020-09-05,65291
Texas,2020-09-12,49386
Texas,2020-09-19,48426
Texas,2020-09-26,41351
Texas,2020-10-03,42338
Texas,2020-10-10,44692
Texas,2020-10-17,45308
Texas,2020-10-24,35195
Texas,2020-10-31,37601
Texas,2020-11-07,33667
Texas,2020-11-14,38883
Texas,2020-11-21,38915
Texas,2020-11-28,24792
Texas,2020-12-05,47521
Texas,2020-12-12,38645
Texas,2020-12-19,34979
Texas,2020-12-26,31448
Texas,2021-01-02,45989
Texas,2021-01-09,64721
Texas,2021-01-16,55551
Texas,2021-01-23,53848
Texas,2021-01-30,52577
Texas,2021-02-06,47022
Texas,2021-02-13,35786
Texas,2021-02-20,36401
Texas,2021-02-27,56298
Texas,2021-03-06,49366
Texas,2021-03-13,73858
Texas,2021-03-20,81457
Texas,2021-03-27,87313
Texas,2021-04-03,83988
Texas,2021-04-10,66552
Texas,2021-04-17,46516
Texas,2021-04-24,33843
Texas,2021-05-01,30225
Texas,2021-05-08,31342
Texas,2021-05-15,27568
Texas,2021-05-22,25041
Texas,2021-05-29,21927
Texas,2021-06-05,18628
Texas,2021-06-12,21755
Texas,2021-06-19,23569
Texas,2021-06-26,19571
Texas,2021-07-03,24216
Texas,2021-07-10,34307
Texas,2021-07-17,45037
Texas,2021-07-24,33883
Texas,2021-07-31,30138
Texas,2021-08-07,31042
Texas,2021-08-14,23375
Texas,2021-08-21,20335
Texas,2021-08-28,20240
Texas,2021-09-04,20327
Texas,2021-09-11,16692
Texas,2021-09-18,16861
Texas,2021-09-25,21486
Texas,2021-10-02,19110
Texas,2021-10-09,18903
Texas,2021-10-16,16825
Texas,2021-10-23,16036
Texas,2021-10-30,15106
Texas,2021-11-06,16125
Texas,2021-11-13,15488
Texas,2021-11-20,15910
Texas,2021-11-27,10463
Texas,2021-12-04,19102
Texas,2021-12-11,15016
Texas,2021-12-18,15191
Texas,2021-12-25,11236
Texas,2022-01-01,13400
Texas,2022-01-08,23837
Texas,2022-01-15,19064
Texas,2022-01-22,15147
Texas,2022-01-29,15932
Texas,2022-02-05,14424
Texas,2022-02-12,13945
Texas,2022-02-19,13220
Texas,2022-02-26,12402
Texas,2022-03-05,13338
Texas,2022-03-12,13639
Texas,2022-03-19,13160
Texas,2022-03-26,15411
Texas,2022-04-02,12924
Texas,2022-04-09,15541
Texas,2022-04-16,13211
Texas,2022-04-23,13096
Texas,2022-04-30,12977
Texas,2022-05-07,13429
Texas,2022-05-14,13890
Texas,2022-05-21,14316
Texas,2022-05-28,14219
Texas,2022-06-04,14431
Texas,2022-06-11,15256
Texas,2022-06-18,16606
Texas,2022-06-25,14532
Texas,2022-07-02,15024
Texas,2022-07-09,15332
Texas,2022-07-16,16746
Texas,2022-07-23,15002
Texas,2022-07-30,14117
Texas,2022-08-06,14840
Texas,2022-08-13,14223
Texas,2022-08-20,14228
Texas,2022-08-27,13998
Texas,2022-09-03,14561
Texas,2022-09-10,12068
Texas,2022-09-17,12518
Texas,2022-09-24,12316
Texas,2022-10-01,12118
Texas,2022-10-08,14500
Texas,2022-10-15,12924
Texas,2022-10-22,12991
Texas,2022-10-29,13057
Texas,2022-11-05,15472
Texas,2022-11-12,14381
Texas,2022-11-19,15862
Texas,2022-11-26,11251
Texas,2022-12-03,19890
Texas,2022-12-10,15936
Texas,2022-12-17,14995
Texas,2022-12-24,13540
Texas,2022-12-31,10288
Texas,2023-01-07,20466
Texas,2023-01-14,17945
Texas,2023-01-21,15487
Texas,2023-01-28,15806
Texas,2023-02-04,14947
Texas,2023-02-11,15649
Texas,2023-02-18,14540
Texas,2023-02-25,13114
Texas,2023-03-04,14183
Texas,2023-03-11,14514
Texas,2023-03-18,13954
Texas,2023-03-25,15764
Texas,2023-04-01,14466
Texas,2023-04-08,17447
Texas,2023-04-15,14646
Texas,2023-04-22,14467
Texas,2023-04-29,14282
Texas,2023-05-06,15989
Texas,2023-05-13,16093
Texas,2023-05-20,18901
Texas,2023-05-27,20130
Texas,2023-06-03,19513
Texas,2023-06-10,26840
Texas,2023-06-17,28476
Texas,2023-06-24,19514
Texas,2023-07-01,16388
Texas,2023-07-08,15719
Texas,2023-07-15,16986
Texas,2023-07-22,15498
Texas,2023-07-29,14396
Texas,2023-08-05,16633
Texas,2023-08-12,14992
Texas,2023-08-19,14864
Texas,2023-08-26,14198
Texas,2023-09-02,13858
Texas,2023-09-09,12465
Texas,2023-09-16,13452
Texas,2023-09-23,12968
Texas,2023-09-30,13421
Texas,2023-10-07,16300
Texas,2023-10-14,13192
Texas,2023-10-21,14336
Texas,2023-10-28,14666
Texas,2023-11-04,16188
Texas,2023-11-11,17535
Texas,2023-11-18,16639
Texas,2023-11-25,11079
Texas,2023-12-02,19400
Texas,2023-12-09,15685
Texas,2023-12-16,15192
Texas,2023-12-23,13980
Texas,2023-12-30,8159
Texas,2024-01-06,17496
Texas,2024-01-13,19929
Texas,2024-01-20,14293
Texas,2024-01-27,15193
Texas,2024-02-03,16707
Texas,2024-02-10,15276
Texas,2024-02-17,14253
Texas,2024-02-24,13132
Texas,2024-03-02,15234
Texas,2024-03-09,15626
Texas,2024-03-16,14770
Texas,2024-03-23,17044
Texas,2024-03-30,13796
Texas,2024-04-06,15319
Texas,2024-04-13,15075
Texas,2024-04-20,15525
Texas,2024-04-27,14387
Texas,2024-05-04,15640
Texas,2024-05-11,15717
Texas,2024-05-18,16515
Texas,2024-05-25,16709
Texas,2024-06-01,14887
Texas,2024-06-08,17196
Texas,2024-06-15,18213
Texas,2024-06-22,15718
Texas,2024-06-29,15605
Texas,2024-07-06,13796
Texas,2024-07-13,25723
Texas,2024-07-20,31685
Texas,2024-07-27,25078
Texas,2024-08-03,19898
Texas,2024-08-10,18460
Texas,2024-08-17,16508
Texas,2024-08-24,14993
Texas,2024-08-31,13597
Texas,2024-09-07,13341
Texas,2024-09-14,15557
Texas,2024-09-21,14107
Texas,2024-09-28,13575
Texas,2024-10-05,14894
Texas,2024-10-12,15780
Texas,2024-10-19,13915
Texas,2024-10-26,14672
Texas,2024-11-02,15309
Texas,2024-11-09,16584
Texas,2024-11-16,15424
Texas,2024-11-23,16936
Texas,2024-11-30,10940
Texas,2024-12-07,20951
Texas,2024-12-14,15546
Texas,2024-12-21,15338
Texas,2024-12-28,6987
Texas,2025-01-04,12799
Texas,2025-01-11,24238
Texas,2025-01-18,16915
Texas,2025-01-25,14563
Texas,2025-02-01,15361
Texas,2025-02-08,16222
Texas,2025-02-15,15718
Texas,2025-02-22,14541
Texas,2025-03-01,16315
Texas,2025-03-08,17785
Texas,2025-03-15,19243
Texas,2025-03-22,17469
Texas,2025-03-29,16704
Texas,2025-04-05,16791
Texas,2025-04-12,17215
Utah,2020-01-04,1518
Utah,2020-01-11,1834
Utah,2020-01-18,1458
Utah,2020-01-25,1271
Utah,2020-02-01,1290
Utah,2020-02-08,1303
Utah,2020-02-15,1097
Utah,2020-02-22,1008
Utah,2020-02-29,885
Utah,2020-03-07,1015
Utah,2020-03-14,1305
Utah,2020-03-21,19690
Utah,2020-03-28,28532
Utah,2020-04-04,33040
Utah,2020-04-11,24515
Utah,2020-04-18,19649
Utah,2020-04-25,11738
Utah,2020-05-02,8992
Utah,2020-05-09,7076
Utah,2020-05-16,6228
Utah,2020-05-23,5405
Utah,2020-05-30,4948
Utah,2020-06-06,5382
Utah,2020-06-13,4803
Utah,2020-06-20,4915
Utah,2020-06-27,4965
Utah,2020-07-04,4802
Utah,2020-07-11,4792
Utah,2020-07-18,4483
Utah,2020-07-25,3709
Utah,2020-08-01,3098
Utah,2020-08-08,2881
Utah,2020-08-15,2983
Utah,2020-08-22,2980
Utah,2020-08-29,2587
Utah,2020-09-05,2593
Utah,2020-09-12,2283
Utah,2020-09-19,2545
Utah,2020-09-26,2460
Utah,2020-10-03,2575
Utah,2020-10-10,2726
Utah,2020-10-17,2490
Utah,2020-10-24,2371
Utah,2020-10-31,2360
Utah,2020-11-07,2600
Utah,2020-11-14,3111
Utah,2020-11-21,3046
Utah,2020-11-28,2385
Utah,2020-12-05,3305
Utah,2020-12-12,3080
Utah,2020-12-19,3014
Utah,2020-12-26,2729
Utah,2021-01-02,2975
Utah,2021-01-09,3825
Utah,2021-01-16,3304
Utah,2021-01-23,2924
Utah,2021-01-30,3065
Utah,2021-02-06,3268
Utah,2021-02-13,2770
Utah,2021-02-20,2527
Utah,2021-02-27,2222
Utah,2021-03-06,2442
Utah,2021-03-13,2269
Utah,2021-03-20,2576
Utah,2021-03-27,3255
Utah,2021-04-03,4089
Utah,2021-04-10,4352
Utah,2021-04-17,8412
Utah,2021-04-24,6569
Utah,2021-05-01,3729
Utah,2021-05-08,3340
Utah,2021-05-15,3042
Utah,2021-05-22,3301
Utah,2021-05-29,3103
Utah,2021-06-05,2490
Utah,2021-06-12,2143
Utah,2021-06-19,2622
Utah,2021-06-26,2397
Utah,2021-07-03,1848
Utah,2021-07-10,1583
Utah,2021-07-17,1512
Utah,2021-07-24,1409
Utah,2021-07-31,1572
Utah,2021-08-07,2300
Utah,2021-08-14,1857
Utah,2021-08-21,1590
Utah,2021-08-28,1447
Utah,2021-09-04,1392
Utah,2021-09-11,1090
Utah,2021-09-18,1160
Utah,2021-09-25,1223
Utah,2021-10-02,1184
Utah,2021-10-09,1367
Utah,2021-10-16,1451
Utah,2021-10-23,1157
Utah,2021-10-30,1214
Utah,2021-11-06,1421
Utah,2021-11-13,1479
Utah,2021-11-20,1397
Utah,2021-11-27,1058
Utah,2021-12-04,1751
Utah,2021-12-11,1777
Utah,2021-12-18,1866
Utah,2021-12-25,1478
Utah,2022-01-01,1670
Utah,2022-01-08,1780
Utah,2022-01-15,1292
Utah,2022-01-22,1005
Utah,2022-01-29,875
Utah,2022-02-05,933
Utah,2022-02-12,842
Utah,2022-02-19,1296
Utah,2022-02-26,1332
Utah,2022-03-05,1448
Utah,2022-03-12,1332
Utah,2022-03-19,1295
Utah,2022-03-26,1637
Utah,2022-04-02,1814
Utah,2022-04-09,1544
Utah,2022-04-16,1586
Utah,2022-04-23,1644
Utah,2022-04-30,1413
Utah,2022-05-07,1460
Utah,2022-05-14,1343
Utah,2022-05-21,1377
Utah,2022-05-28,1291
Utah,2022-06-04,1158
Utah,2022-06-11,1232
Utah,2022-06-18,1205
Utah,2022-06-25,1113
Utah,2022-07-02,1338
Utah,2022-07-09,1229
Utah,2022-07-16,1303
Utah,2022-07-23,1282
Utah,2022-07-30,1227
Utah,2022-08-06,1263
Utah,2022-08-13,1216
Utah,2022-08-20,1103
Utah,2022-08-27,1059
Utah,2022-09-03,1131
Utah,2022-09-10,942
Utah,2022-09-17,1109
Utah,2022-09-24,1033
Utah,2022-10-01,1161
Utah,2022-10-08,1306
Utah,2022-10-15,1334
Utah,2022-10-22,1303
Utah,2022-10-29,1386
Utah,2022-11-05,1671
Utah,2022-11-12,1733
Utah,2022-11-19,1864
Utah,2022-11-26,1354
Utah,2022-12-03,2256
Utah,2022-12-10,2280
Utah,2022-12-17,2236
Utah,2022-12-24,1669
Utah,2022-12-31,1561
Utah,2023-01-07,2465
Utah,2023-01-14,2245
Utah,2023-01-21,1909
Utah,2023-01-28,2259
Utah,2023-02-04,2216
Utah,2023-02-11,2013
Utah,2023-02-18,1604
Utah,2023-02-25,1460
Utah,2023-03-04,1618
Utah,2023-03-11,1481
Utah,2023-03-18,1546
Utah,2023-03-25,1504
Utah,2023-04-01,1514
Utah,2023-04-08,1936
Utah,2023-04-15,1663
Utah,2023-04-22,1661
Utah,2023-04-29,1477
Utah,2023-05-06,1469
Utah,2023-05-13,1488
Utah,2023-05-20,1346
Utah,2023-05-27,1382
Utah,2023-06-03,1282
Utah,2023-06-10,1516
Utah,2023-06-17,1437
Utah,2023-06-24,1171
Utah,2023-07-01,1499
Utah,2023-07-08,1598
Utah,2023-07-15,1757
Utah,2023-07-22,1560
Utah,2023-07-29,1334
Utah,2023-08-05,1788
Utah,2023-08-12,1497
Utah,2023-08-19,1529
Utah,2023-08-26,1429
Utah,2023-09-02,1553
Utah,2023-09-09,1296
Utah,2023-09-16,1354
Utah,2023-09-23,1421
Utah,2023-09-30,1438
Utah,2023-10-07,1633
Utah,2023-10-14,1594
Utah,2023-10-21,1580
Utah,2023-10-28,1828
Utah,2023-11-04,1828
Utah,2023-11-11,2111
Utah,2023-11-18,1624
Utah,2023-11-25,1343
Utah,2023-12-02,1945
Utah,2023-12-09,1717
Utah,2023-12-16,1400
Utah,2023-12-23,1138
Utah,2023-12-30,942
Utah,2024-01-06,1312
Utah,2024-01-13,1735
Utah,2024-01-20,1289
Utah,2024-01-27,1316
Utah,2024-02-03,1308
Utah,2024-02-10,1212
Utah,2024-02-17,1177
Utah,2024-02-24,966
Utah,2024-03-02,1235
Utah,2024-03-09,1412
Utah,2024-03-16,1327
Utah,2024-03-23,1266
Utah,2024-03-30,1191
Utah,2024-04-06,1292
Utah,2024-04-13,1517
Utah,2024-04-20,1657
Utah,2024-04-27,1364
Utah,2024-05-04,1638
Utah,2024-05-11,1481
Utah,2024-05-18,1415
Utah,2024-05-25,1287
Utah,2024-06-01,1106
Utah,2024-06-08,1481
Utah,2024-06-15,1372
Utah,2024-06-22,1414
Utah,2024-06-29,1550
Utah,2024-07-06,1297
Utah,2024-07-13,1557
Utah,2024-07-20,1306
Utah,2024-07-27,936
Utah,2024-08-03,1348
Utah,2024-08-10,1387
Utah,2024-08-17,1301
Utah,2024-08-24,1310
Utah,2024-08-31,1269
Utah,2024-09-07,1268
Utah,2024-09-14,1312
Utah,2024-09-21,1250
Utah,2024-09-28,1280
Utah,2024-10-05,1511
Utah,2024-10-12,1501
Utah,2024-10-19,1434
Utah,2024-10-26,1474
Utah,2024-11-02,1517
Utah,2024-11-09,1384
Utah,2024-11-16,1922
Utah,2024-11-23,2123
Utah,2024-11-30,1792
Utah,2024-12-07,2448
Utah,2024-12-14,2119
Utah,2024-12-21,1885
Utah,2024-12-28,1494
Utah,2025-01-04,1573
Utah,2025-01-11,2336
Utah,2025-01-18,2041
Utah,2025-01-25,1628
Utah,2025-02-01,1697
Utah,2025-02-08,1653
Utah,2025-02-15,1489
Utah,2025-02-22,1492
Utah,2025-03-01,1542
Utah,2025-03-08,1557
Utah,2025-03-15,1484
Utah,2025-03-22,1349
Utah,2025-03-29,1251
Utah,2025-04-05,1407
Utah,2025-04-12,1610
Vermont,2020-01-04,680
Vermont,2020-01-11,649
Vermont,2020-01-18,755
Vermont,2020-01-25,518
Vermont,2020-02-01,481
Vermont,2020-02-08,475
Vermont,2020-02-15,543
Vermont,2020-02-22,610
Vermont,2020-02-29,863
Vermont,2020-03-07,446
Vermont,2020-03-14,659
Vermont,2020-03-21,3784
Vermont,2020-03-28,14633
Vermont,2020-04-04,16474
Vermont,2020-04-11,9662
Vermont,2020-04-18,6598
Vermont,2020-04-25,5117
Vermont,2020-05-02,3875
Vermont,2020-05-09,2913
Vermont,2020-05-16,2199
Vermont,2020-05-23,1552
Vermont,2020-05-30,1465
Vermont,2020-06-06,1650
Vermont,2020-06-13,1859
Vermont,2020-06-20,1389
Vermont,2020-06-27,2163
Vermont,2020-07-04,1876
Vermont,2020-07-11,1830
Vermont,2020-07-18,1637
Vermont,2020-07-25,1519
Vermont,2020-08-01,1260
Vermont,2020-08-08,904
Vermont,2020-08-15,723
Vermont,2020-08-22,686
Vermont,2020-08-29,749
Vermont,2020-09-05,731
Vermont,2020-09-12,612
Vermont,2020-09-19,644
Vermont,2020-09-26,601
Vermont,2020-10-03,606
Vermont,2020-10-10,543
Vermont,2020-10-17,601
Vermont,2020-10-24,706
Vermont,2020-10-31,750
Vermont,2020-11-07,805
Vermont,2020-11-14,860
Vermont,2020-11-21,1479
Vermont,2020-11-28,1255
Vermont,2020-12-05,2013
Vermont,2020-12-12,1434
Vermont,2020-12-19,1318
Vermont,2020-12-26,1097
Vermont,2021-01-02,1800
Vermont,2021-01-09,1830
Vermont,2021-01-16,1853
Vermont,2021-01-23,1459
Vermont,2021-01-30,1276
Vermont,2021-02-06,1156
Vermont,2021-02-13,999
Vermont,2021-02-20,777
Vermont,2021-02-27,1003
Vermont,2021-03-06,990
Vermont,2021-03-13,846
Vermont,2021-03-20,782
Vermont,2021-03-27,1511
Vermont,2021-04-03,1761
Vermont,2021-04-10,2252
Vermont,2021-04-17,2541
Vermont,2021-04-24,5230
Vermont,2021-05-01,6372
Vermont,2021-05-08,537
Vermont,2021-05-15,358
Vermont,2021-05-22,358
Vermont,2021-05-29,372
Vermont,2021-06-05,347
Vermont,2021-06-12,388
Vermont,2021-06-19,509
Vermont,2021-06-26,431
Vermont,2021-07-03,445
Vermont,2021-07-10,373
Vermont,2021-07-17,319
Vermont,2021-07-24,298
Vermont,2021-07-31,257
Vermont,2021-08-07,312
Vermont,2021-08-14,344
Vermont,2021-08-21,249
Vermont,2021-08-28,341
Vermont,2021-09-04,394
Vermont,2021-09-11,315
Vermont,2021-09-18,348
Vermont,2021-09-25,364
Vermont,2021-10-02,333
Vermont,2021-10-09,354
Vermont,2021-10-16,389
Vermont,2021-10-23,364
Vermont,2021-10-30,426
Vermont,2021-11-06,522
Vermont,2021-11-13,447
Vermont,2021-11-20,539
Vermont,2021-11-27,709
Vermont,2021-12-04,829
Vermont,2021-12-11,645
Vermont,2021-12-18,525
Vermont,2021-12-25,804
Vermont,2022-01-01,995
Vermont,2022-01-08,908
Vermont,2022-01-15,710
Vermont,2022-01-22,511
Vermont,2022-01-29,501
Vermont,2022-02-05,427
Vermont,2022-02-12,409
Vermont,2022-02-19,369
Vermont,2022-02-26,607
Vermont,2022-03-05,387
Vermont,2022-03-12,356
Vermont,2022-03-19,329
Vermont,2022-03-26,297
Vermont,2022-04-02,303
Vermont,2022-04-09,424
Vermont,2022-04-16,387
Vermont,2022-04-23,662
Vermont,2022-04-30,346
Vermont,2022-05-07,301
Vermont,2022-05-14,264
Vermont,2022-05-21,314
Vermont,2022-05-28,214
Vermont,2022-06-04,254
Vermont,2022-06-11,248
Vermont,2022-06-18,446
Vermont,2022-06-25,521
Vermont,2022-07-02,288
Vermont,2022-07-09,263
Vermont,2022-07-16,251
Vermont,2022-07-23,214
Vermont,2022-07-30,239
Vermont,2022-08-06,230
Vermont,2022-08-13,255
Vermont,2022-08-20,441
Vermont,2022-08-27,313
Vermont,2022-09-03,206
Vermont,2022-09-10,189
Vermont,2022-09-17,201
Vermont,2022-09-24,200
Vermont,2022-10-01,184
Vermont,2022-10-08,254
Vermont,2022-10-15,226
Vermont,2022-10-22,243
Vermont,2022-10-29,303
Vermont,2022-11-05,404
Vermont,2022-11-12,280
Vermont,2022-11-19,448
Vermont,2022-11-26,497
Vermont,2022-12-03,595
Vermont,2022-12-10,438
Vermont,2022-12-17,479
Vermont,2022-12-24,775
Vermont,2022-12-31,928
Vermont,2023-01-07,555
Vermont,2023-01-14,540
Vermont,2023-01-21,394
Vermont,2023-01-28,415
Vermont,2023-02-04,373
Vermont,2023-02-11,333
Vermont,2023-02-18,322
Vermont,2023-02-25,436
Vermont,2023-03-04,574
Vermont,2023-03-11,288
Vermont,2023-03-18,352
Vermont,2023-03-25,299
Vermont,2023-04-01,295
Vermont,2023-04-08,428
Vermont,2023-04-15,359
Vermont,2023-04-22,764
Vermont,2023-04-29,569
Vermont,2023-05-06,388
Vermont,2023-05-13,234
Vermont,2023-05-20,261
Vermont,2023-05-27,220
Vermont,2023-06-03,154
Vermont,2023-06-10,238
Vermont,2023-06-17,306
Vermont,2023-06-24,546
Vermont,2023-07-01,321
Vermont,2023-07-08,251
Vermont,2023-07-15,357
Vermont,2023-07-22,596
Vermont,2023-07-29,402
Vermont,2023-08-05,430
Vermont,2023-08-12,352
Vermont,2023-08-19,457
Vermont,2023-08-26,264
Vermont,2023-09-02,211
Vermont,2023-09-09,152
Vermont,2023-09-16,184
Vermont,2023-09-23,222
Vermont,2023-09-30,224
Vermont,2023-10-07,241
Vermont,2023-10-14,203
Vermont,2023-10-21,229
Vermont,2023-10-28,238
Vermont,2023-11-04,374
Vermont,2023-11-11,281
Vermont,2023-11-18,406
Vermont,2023-11-25,525
Vermont,2023-12-02,511
Vermont,2023-12-09,453
Vermont,2023-12-16,309
Vermont,2023-12-23,555
Vermont,2023-12-30,498
Vermont,2024-01-06,466
Vermont,2024-01-13,609
Vermont,2024-01-20,367
Vermont,2024-01-27,472
Vermont,2024-02-03,397
Vermont,2024-02-10,391
Vermont,2024-02-17,316
Vermont,2024-02-24,418
Vermont,2024-03-02,602
Vermont,2024-03-09,313
Vermont,2024-03-16,378
Vermont,2024-03-23,280
Vermont,2024-03-30,242
Vermont,2024-04-06,423
Vermont,2024-04-13,429
Vermont,2024-04-20,454
Vermont,2024-04-27,488
Vermont,2024-05-04,440
Vermont,2024-05-11,345
Vermont,2024-05-18,281
Vermont,2024-05-25,301
Vermont,2024-06-01,253
Vermont,2024-06-08,278
Vermont,2024-06-15,256
Vermont,2024-06-22,949
Vermont,2024-06-29,415
Vermont,2024-07-06,295
Vermont,2024-07-13,305
Vermont,2024-07-20,238
Vermont,2024-07-27,232
Vermont,2024-08-03,288
Vermont,2024-08-10,263
Vermont,2024-08-17,188
Vermont,2024-08-24,260
Vermont,2024-08-31,220
Vermont,2024-09-07,187
Vermont,2024-09-14,200
Vermont,2024-09-21,200
Vermont,2024-09-28,181
Vermont,2024-10-05,213
Vermont,2024-10-12,217
Vermont,2024-10-19,283
Vermont,2024-10-26,316
Vermont,2024-11-02,320
Vermont,2024-11-09,374
Vermont,2024-11-16,322
Vermont,2024-11-23,435
Vermont,2024-11-30,599
Vermont,2024-12-07,613
Vermont,2024-12-14,501
Vermont,2024-12-21,614
Vermont,2024-12-28,898
Vermont,2025-01-04,561
Vermont,2025-01-11,615
Vermont,2025-01-18,436
Vermont,2025-01-25,391
Vermont,2025-02-01,348
Vermont,2025-02-08,370
Vermont,2025-02-15,327
Vermont,2025-02-22,415
Vermont,2025-03-01,671
Vermont,2025-03-08,395
Vermont,2025-03-15,397
Vermont,2025-03-22,294
Vermont,2025-03-29,313
Vermont,2025-04-05,449
Vermont,2025-04-12,432
Virgin Islands,2020-01-04,10
Virgin Islands,2020-01-11,24
Virgin Islands,2020-01-18,40
Virgin Islands,2020-01-25,44
Virgin Islands,2020-02-01,35
Virgin Islands,2020-02-08,45
Virgin Islands,2020-02-15,40
Virgin Islands,2020-02-22,55
Virgin Islands,2020-02-29,37
Virgin Islands,2020-03-07,64
Virgin Islands,2020-03-14,44
Virgin Islands,2020-03-21,123
Virgin Islands,2020-03-28,250
Virgin Islands,2020-04-04,72
Virgin Islands,2020-04-11,6
Virgin Islands,2020-04-18,13
Virgin Islands,2020-04-25,103
Virgin Islands,2020-05-02,45
Virgin Islands,2020-05-09,70
Virgin Islands,2020-05-16,66
Virgin Islands,2020-05-23,47
Virgin Islands,2020-05-30,32
Virgin Islands,2020-06-06,32
Virgin Islands,2020-06-13,53
Virgin Islands,2020-06-20,63
Virgin Islands,2020-06-27,57
Virgin Islands,2020-07-04,38
Virgin Islands,2020-07-11,70
Virgin Islands,2020-07-18,110
Virgin Islands,2020-07-25,48
Virgin Islands,2020-08-01,20
Virgin Islands,2020-08-08,41
Virgin Islands,2020-08-15,227
Virgin Islands,2020-08-22,193
Virgin Islands,2020-08-29,363
Virgin Islands,2020-09-05,327
Virgin Islands,2020-09-12,192
Virgin Islands,2020-09-19,309
Virgin Islands,2020-09-26,346
Virgin Islands,2020-10-03,255
Virgin Islands,2020-10-10,163
Virgin Islands,2020-10-17,133
Virgin Islands,2020-10-24,127
Virgin Islands,2020-10-31,101
Virgin Islands,2020-11-07,66
Virgin Islands,2020-11-14,81
Virgin Islands,2020-11-21,80
Virgin Islands,2020-11-28,53
Virgin Islands,2020-12-05,60
Virgin Islands,2020-12-12,81
Virgin Islands,2020-12-19,60
Virgin Islands,2020-12-26,52
Virgin Islands,2021-01-02,27
Virgin Islands,2021-01-09,49
Virgin Islands,2021-01-16,58
Virgin Islands,2021-01-23,60
Virgin Islands,2021-01-30,227
Virgin Islands,2021-02-06,168
Virgin Islands,2021-02-13,168
Virgin Islands,2021-02-20,131
Virgin Islands,2021-02-27,131
Virgin Islands,2021-03-06,163
Virgin Islands,2021-03-13,214
Virgin Islands,2021-03-20,192
Virgin Islands,2021-03-27,113
Virgin Islands,2021-04-03,86
Virgin Islands,2021-04-10,130
Virgin Islands,2021-04-17,193
Virgin Islands,2021-04-24,195
Virgin Islands,2021-05-01,209
Virgin Islands,2021-05-08,197
Virgin Islands,2021-05-15,208
Virgin Islands,2021-05-22,460
Virgin Islands,2021-05-29,216
Virgin Islands,2021-06-05,194
Virgin Islands,2021-06-12,182
Virgin Islands,2021-06-19,125
Virgin Islands,2021-06-26,176
Virgin Islands,2021-07-03,293
Virgin Islands,2021-07-10,205
Virgin Islands,2021-07-17,182
Virgin Islands,2021-07-24,232
Virgin Islands,2021-07-31,175
Virgin Islands,2021-08-07,161
Virgin Islands,2021-08-14,134
Virgin Islands,2021-08-21,152
Virgin Islands,2021-08-28,142
Virgin Islands,2021-09-04,134
Virgin Islands,2021-09-11,116
Virgin Islands,2021-09-18,116
Virgin Islands,2021-09-25,124
Virgin Islands,2021-10-02,141
Virgin Islands,2021-10-09,145
Virgin Islands,2021-10-16,109
Virgin Islands,2021-10-23,93
Virgin Islands,2021-10-30,94
Virgin Islands,2021-11-06,86
Virgin Islands,2021-11-13,59
Virgin Islands,2021-11-20,54
Virgin Islands,2021-11-27,50
Virgin Islands,2021-12-04,49
Virgin Islands,2021-12-11,45
Virgin Islands,2021-12-18,55
Virgin Islands,2021-12-25,41
Virgin Islands,2022-01-01,40
Virgin Islands,2022-01-08,54
Virgin Islands,2022-01-15,45
Virgin Islands,2022-01-22,44
Virgin Islands,2022-01-29,61
Virgin Islands,2022-02-05,75
Virgin Islands,2022-02-12,63
Virgin Islands,2022-02-19,53
Virgin Islands,2022-02-26,30
Virgin Islands,2022-03-05,46
Virgin Islands,2022-03-12,56
Virgin Islands,2022-03-19,36
Virgin Islands,2022-03-26,23
Virgin Islands,2022-04-02,30
Virgin Islands,2022-04-09,32
Virgin Islands,2022-04-16,25
Virgin Islands,2022-04-23,29
Virgin Islands,2022-04-30,27
Virgin Islands,2022-05-07,38
Virgin Islands,2022-05-14,37
Virgin Islands,2022-05-21,37
Virgin Islands,2022-05-28,34
Virgin Islands,2022-06-04,71
Virgin Islands,2022-06-11,63
Virgin Islands,2022-06-18,45
Virgin Islands,2022-06-25,34
Virgin Islands,2022-07-02,43
Virgin Islands,2022-07-09,45
Virgin Islands,2022-07-16,39
Virgin Islands,2022-07-23,60
Virgin Islands,2022-07-30,39
Virgin Islands,2022-08-06,33
Virgin Islands,2022-08-13,32
Virgin Islands,2022-08-20,59
Virgin Islands,2022-08-27,41
Virgin Islands,2022-09-03,61
Virgin Islands,2022-09-10,70
Virgin Islands,2022-09-17,58
Virgin Islands,2022-09-24,55
Virgin Islands,2022-10-01,49
Virgin Islands,2022-10-08,36
Virgin Islands,2022-10-15,27
Virgin Islands,2022-10-22,23
Virgin Islands,2022-10-29,30
Virgin Islands,2022-11-05,25
Virgin Islands,2022-11-12,19
Virgin Islands,2022-11-19,23
Virgin Islands,2022-11-26,14
Virgin Islands,2022-12-03,28
Virgin Islands,2022-12-10,21
Virgin Islands,2022-12-17,19
Virgin Islands,2022-12-24,14
Virgin Islands,2022-12-31,19
Virgin Islands,2023-01-07,4
Virgin Islands,2023-01-14,26
Virgin Islands,2023-01-21,31
Virgin Islands,2023-01-28,26
Virgin Islands,2023-02-04,25
Virgin Islands,2023-02-11,32
Virgin Islands,2023-02-18,32
Virgin Islands,2023-02-25,21
Virgin Islands,2023-03-04,31
Virgin Islands,2023-03-11,31
Virgin Islands,2023-03-18,27
Virgin Islands,2023-03-25,31
Virgin Islands,2023-04-01,31
Virgin Islands,2023-04-08,19
Virgin Islands,2023-04-15,24
Virgin Islands,2023-04-22,36
Virgin Islands,2023-04-29,18
Virgin Islands,2023-05-06,32
Virgin Islands,2023-05-13,35
Virgin Islands,2023-05-20,44
Virgin Islands,2023-05-27,33
Virgin Islands,2023-06-03,31
Virgin Islands,2023-06-10,32
Virgin Islands,2023-06-17,32
Virgin Islands,2023-06-24,35
Virgin Islands,2023-07-01,39
Virgin Islands,2023-07-08,23
Virgin Islands,2023-07-15,34
Virgin Islands,2023-07-22,57
Virgin Islands,2023-07-29,21
Virgin Islands,2023-08-05,22
Virgin Islands,2023-08-12,37
Virgin Islands,2023-08-19,44
Virgin Islands,2023-08-26,45
Virgin Islands,2023-09-02,65
Virgin Islands,2023-09-09,82
Virgin Islands,2023-09-16,77
Virgin Islands,2023-09-23,68
Virgin Islands,2023-09-30,50
Virgin Islands,2023-10-07,32
Virgin Islands,2023-10-14,20
Virgin Islands,2023-10-21,41
Virgin Islands,2023-10-28,30
Virgin Islands,2023-11-04,24
Virgin Islands,2023-11-11,15
Virgin Islands,2023-11-18,23
Virgin Islands,2023-11-25,18
Virgin Islands,2023-12-02,282
Virgin Islands,2023-12-09,21
Virgin Islands,2023-12-16,30
Virgin Islands,2023-12-23,23
Virgin Islands,2023-12-30,10
Virgin Islands,2024-01-06,7
Virgin Islands,2024-01-13,37
Virgin Islands,2024-01-20,27
Virgin Islands,2024-01-27,35
Virgin Islands,2024-02-03,26
Virgin Islands,2024-02-10,21
Virgin Islands,2024-02-17,32
Virgin Islands,2024-02-24,11
Virgin Islands,2024-03-02,40
Virgin Islands,2024-03-09,45
Virgin Islands,2024-03-16,35
Virgin Islands,2024-03-23,36
Virgin Islands,2024-03-30,25
Virgin Islands,2024-04-06,22
Virgin Islands,2024-04-13,23
Virgin Islands,2024-04-20,15
Virgin Islands,2024-04-27,25
Virgin Islands,2024-05-04,18
Virgin Islands,2024-05-11,19
Virgin Islands,2024-05-18,18
Virgin Islands,2024-05-25,22
Virgin Islands,2024-06-01,24
Virgin Islands,2024-06-08,53
Virgin Islands,2024-06-15,34
Virgin Islands,2024-06-22,32
Virgin Islands,2024-06-29,35
Virgin Islands,2024-07-06,18
Virgin Islands,2024-07-13,32
Virgin Islands,2024-07-20,39
Virgin Islands,2024-07-27,282
Virgin Islands,2024-08-03,33
Virgin Islands,2024-08-10,23
Virgin Islands,2024-08-17,21
Virgin Islands,2024-08-24,73
Virgin Islands,2024-08-31,78
Virgin Islands,2024-09-07,68
Virgin Islands,2024-09-14,61
Virgin Islands,2024-09-21,80
Virgin Islands,2024-09-28,56
Virgin Islands,2024-10-05,64
Virgin Islands,2024-10-12,52
Virgin Islands,2024-10-19,35
Virgin Islands,2024-10-26,60
Virgin Islands,2024-11-02,19
Virgin Islands,2024-11-09,32
Virgin Islands,2024-11-16,24
Virgin Islands,2024-11-23,46
Virgin Islands,2024-11-30,29
Virgin Islands,2024-12-07,32
Virgin Islands,2024-12-14,40
Virgin Islands,2024-12-21,20
Virgin Islands,2024-12-28,10
Virgin Islands,2025-01-04,11
Virgin Islands,2025-01-11,22
Virgin Islands,2025-01-18,43
Virgin Islands,2025-01-25,31
Virgin Islands,2025-02-01,42
Virgin Islands,2025-02-08,37
Virgin Islands,2025-02-15,39
Virgin Islands,2025-02-22,38
Virgin Islands,2025-03-01,49
Virgin Islands,2025-03-08,35
Virgin Islands,2025-03-15,24
Virgin Islands,2025-03-22,22
Virgin Islands,2025-03-29,29
Virgin Islands,2025-04-05,24
Virgin Islands,2025-04-12,21
Virginia,2020-01-04,3188
Virginia,2020-01-11,3643
Virginia,2020-01-18,2831
Virginia,2020-01-25,3059
Virginia,2020-02-01,2575
Virginia,2020-02-08,3097
Virginia,2020-02-15,2693
Virginia,2020-02-22,2079
Virginia,2020-02-29,3267
Virginia,2020-03-07,2527
Virginia,2020-03-14,2706
Virginia,2020-03-21,46277
Virginia,2020-03-28,112497
Virginia,2020-04-04,147369
Virginia,2020-04-11,104619
Virginia,2020-04-18,82729
Virginia,2020-04-25,72488
Virginia,2020-05-02,59631
Virginia,2020-05-09,52139
Virginia,2020-05-16,44699
Virginia,2020-05-23,39242
Virginia,2020-05-30,31379
Virginia,2020-06-06,29231
Virginia,2020-06-13,27186
Virginia,2020-06-20,25293
Virginia,2020-06-27,31955
Virginia,2020-07-04,31825
Virginia,2020-07-11,32292
Virginia,2020-07-18,37946
Virginia,2020-07-25,42966
Virginia,2020-08-01,23918
Virginia,2020-08-08,13265
Virginia,2020-08-15,15151
Virginia,2020-08-22,11436
Virginia,2020-08-29,10305
Virginia,2020-09-05,11135
Virginia,2020-09-12,10100
Virginia,2020-09-19,10582
Virginia,2020-09-26,9377
Virginia,2020-10-03,10843
Virginia,2020-10-10,9110
Virginia,2020-10-17,11365
Virginia,2020-10-24,12352
Virginia,2020-10-31,10350
Virginia,2020-11-07,9909
Virginia,2020-11-14,11088
Virginia,2020-11-21,12234
Virginia,2020-11-28,8606
Virginia,2020-12-05,16654
Virginia,2020-12-12,14509
Virginia,2020-12-19,14640
Virginia,2020-12-26,11890
Virginia,2021-01-02,19530
Virginia,2021-01-09,28227
Virginia,2021-01-16,21073
Virginia,2021-01-23,18312
Virginia,2021-01-30,18177
Virginia,2021-02-06,14203
Virginia,2021-02-13,14901
Virginia,2021-02-20,11944
Virginia,2021-02-27,12155
Virginia,2021-03-06,13736
Virginia,2021-03-13,15525
Virginia,2021-03-20,17560
Virginia,2021-03-27,28244
Virginia,2021-04-03,28526
Virginia,2021-04-10,5034
Virginia,2021-04-17,13751
Virginia,2021-04-24,37356
Virginia,2021-05-01,12231
Virginia,2021-05-08,11270
Virginia,2021-05-15,10642
Virginia,2021-05-22,9843
Virginia,2021-05-29,8090
Virginia,2021-06-05,7210
Virginia,2021-06-12,7849
Virginia,2021-06-19,6905
Virginia,2021-06-26,8196
Virginia,2021-07-03,6825
Virginia,2021-07-10,5952
Virginia,2021-07-17,6304
Virginia,2021-07-24,6178
Virginia,2021-07-31,6029
Virginia,2021-08-07,10226
Virginia,2021-08-14,16593
Virginia,2021-08-21,11923
Virginia,2021-08-28,7777
Virginia,2021-09-04,6179
Virginia,2021-09-11,3822
Virginia,2021-09-18,15962
Virginia,2021-09-25,8717
Virginia,2021-10-02,9360
Virginia,2021-10-09,9347
Virginia,2021-10-16,1967
Virginia,2021-10-23,2570
Virginia,2021-10-30,1088
Virginia,2021-11-06,1290
Virginia,2021-11-13,391
Virginia,2021-11-20,13094
Virginia,2021-11-27,6546
Virginia,2021-12-04,3450
Virginia,2021-12-11,3310
Virginia,2021-12-18,3387
Virginia,2021-12-25,1204
Virginia,2022-01-01,1813
Virginia,2022-01-08,2443
Virginia,2022-01-15,2849
Virginia,2022-01-22,1940
Virginia,2022-01-29,2157
Virginia,2022-02-05,1995
Virginia,2022-02-12,1973
Virginia,2022-02-19,1610
Virginia,2022-02-26,1418
Virginia,2022-03-05,1829
Virginia,2022-03-12,1854
Virginia,2022-03-19,1546
Virginia,2022-03-26,1627
Virginia,2022-04-02,1838
Virginia,2022-04-09,1933
Virginia,2022-04-16,1861
Virginia,2022-04-23,1845
Virginia,2022-04-30,1932
Virginia,2022-05-07,1370
Virginia,2022-05-14,1301
Virginia,2022-05-21,1206
Virginia,2022-05-28,1376
Virginia,2022-06-04,1131
Virginia,2022-06-11,1498
Virginia,2022-06-18,2003
Virginia,2022-06-25,1554
Virginia,2022-07-02,827
Virginia,2022-07-09,1710
Virginia,2022-07-16,2066
Virginia,2022-07-23,2349
Virginia,2022-07-30,2363
Virginia,2022-08-06,2579
Virginia,2022-08-13,2983
Virginia,2022-08-20,2814
Virginia,2022-08-27,2205
Virginia,2022-09-03,1895
Virginia,2022-09-10,1670
Virginia,2022-09-17,1382
Virginia,2022-09-24,953
Virginia,2022-10-01,610
Virginia,2022-10-08,482
Virginia,2022-10-15,377
Virginia,2022-10-22,614
Virginia,2022-10-29,766
Virginia,2022-11-05,757
Virginia,2022-11-12,601
Virginia,2022-11-19,925
Virginia,2022-11-26,488
Virginia,2022-12-03,1211
Virginia,2022-12-10,1346
Virginia,2022-12-17,1457
Virginia,2022-12-24,1189
Virginia,2022-12-31,1361
Virginia,2023-01-07,1958
Virginia,2023-01-14,2656
Virginia,2023-01-21,1948
Virginia,2023-01-28,1920
Virginia,2023-02-04,1829
Virginia,2023-02-11,1815
Virginia,2023-02-18,1597
Virginia,2023-02-25,1385
Virginia,2023-03-04,1886
Virginia,2023-03-11,1700
Virginia,2023-03-18,1623
Virginia,2023-03-25,1876
Virginia,2023-04-01,1563
Virginia,2023-04-08,1558
Virginia,2023-04-15,1760
Virginia,2023-04-22,1838
Virginia,2023-04-29,2734
Virginia,2023-05-06,3336
Virginia,2023-05-13,2621
Virginia,2023-05-20,2470
Virginia,2023-05-27,2401
Virginia,2023-06-03,2317
Virginia,2023-06-10,3142
Virginia,2023-06-17,2486
Virginia,2023-06-24,2038
Virginia,2023-07-01,2487
Virginia,2023-07-08,2816
Virginia,2023-07-15,2424
Virginia,2023-07-22,2293
Virginia,2023-07-29,2269
Virginia,2023-08-05,2520
Virginia,2023-08-12,3460
Virginia,2023-08-19,2311
Virginia,2023-08-26,2777
Virginia,2023-09-02,2568
Virginia,2023-09-09,2118
Virginia,2023-09-16,1487
Virginia,2023-09-23,1417
Virginia,2023-09-30,1748
Virginia,2023-10-07,1378
Virginia,2023-10-14,1655
Virginia,2023-10-21,1481
Virginia,2023-10-28,1800
Virginia,2023-11-04,1730
Virginia,2023-11-11,1711
Virginia,2023-11-18,1770
Virginia,2023-11-25,1104
Virginia,2023-12-02,1945
Virginia,2023-12-09,1669
Virginia,2023-12-16,1717
Virginia,2023-12-23,2019
Virginia,2023-12-30,2070
Virginia,2024-01-06,2782
Virginia,2024-01-13,2883
Virginia,2024-01-20,2576
Virginia,2024-01-27,2541
Virginia,2024-02-03,2536
Virginia,2024-02-10,2571
Virginia,2024-02-17,2272
Virginia,2024-02-24,1996
Virginia,2024-03-02,2174
Virginia,2024-03-09,2229
Virginia,2024-03-16,1904
Virginia,2024-03-23,2098
Virginia,2024-03-30,2081
Virginia,2024-04-06,2288
Virginia,2024-04-13,2238
Virginia,2024-04-20,2331
Virginia,2024-04-27,2266
Virginia,2024-05-04,2497
Virginia,2024-05-11,2386
Virginia,2024-05-18,2224
Virginia,2024-05-25,2066
Virginia,2024-06-01,1998
Virginia,2024-06-08,2531
Virginia,2024-06-15,2325
Virginia,2024-06-22,2205
Virginia,2024-06-29,2112
Virginia,2024-07-06,2136
Virginia,2024-07-13,2433
Virginia,2024-07-20,2045
Virginia,2024-07-27,2682
Virginia,2024-08-03,1937
Virginia,2024-08-10,2294
Virginia,2024-08-17,2702
Virginia,2024-08-24,2185
Virginia,2024-08-31,1826
Virginia,2024-09-07,2129
Virginia,2024-09-14,2164
Virginia,2024-09-21,2852
Virginia,2024-09-28,2371
Virginia,2024-10-05,3025
Virginia,2024-10-12,3202
Virginia,2024-10-19,3039
Virginia,2024-10-26,2215
Virginia,2024-11-02,2359
Virginia,2024-11-09,2408
Virginia,2024-11-16,2265
Virginia,2024-11-23,2244
Virginia,2024-11-30,1284
Virginia,2024-12-07,2764
Virginia,2024-12-14,2417
Virginia,2024-12-21,2230
Virginia,2024-12-28,1468
Virginia,2025-01-04,2314
Virginia,2025-01-11,3407
Virginia,2025-01-18,2858
Virginia,2025-01-25,2522
Virginia,2025-02-01,2606
Virginia,2025-02-08,3202
Virginia,2025-02-15,2899
Virginia,2025-02-22,2473
Virginia,2025-03-01,2881
Virginia,2025-03-08,4036
Virginia,2025-03-15,3141
Virginia,2025-03-22,2683
Virginia,2025-03-29,2575
Virginia,2025-04-05,3714
Virginia,2025-04-12,3270
Washington,2020-01-04,10024
Washington,2020-01-11,9069
Washington,2020-01-18,9079
Washington,2020-01-25,8072
Washington,2020-02-01,6619
Washington,2020-02-08,7161
Washington,2020-02-15,6311
Washington,2020-02-22,5585
Washington,2020-02-29,5770
Washington,2020-03-07,6616
Washington,2020-03-14,14240
Washington,2020-03-21,129909
Washington,2020-03-28,182849
Washington,2020-04-04,171252
Washington,2020-04-11,144455
Washington,2020-04-18,83475
Washington,2020-04-25,139505
Washington,2020-05-02,102216
Washington,2020-05-09,110831
Washington,2020-05-16,140119
Washington,2020-05-23,49436
Washington,2020-05-30,31929
Washington,2020-06-06,30677
Washington,2020-06-13,30217
Washington,2020-06-20,30793
Washington,2020-06-27,33266
Washington,2020-07-04,29506
Washington,2020-07-11,45622
Washington,2020-07-18,33361
Washington,2020-07-25,30653
Washington,2020-08-01,26486
Washington,2020-08-08,22991
Washington,2020-08-15,24005
Washington,2020-08-22,21404
Washington,2020-08-29,22286
Washington,2020-09-05,24459
Washington,2020-09-12,21168
Washington,2020-09-19,23105
Washington,2020-09-26,21002
Washington,2020-10-03,18528
Washington,2020-10-10,25631
Washington,2020-10-17,19980
Washington,2020-10-24,18025
Washington,2020-10-31,18863
Washington,2020-11-07,26546
Washington,2020-11-14,17642
Washington,2020-11-21,31141
Washington,2020-11-28,23260
Washington,2020-12-05,25623
Washington,2020-12-12,20523
Washington,2020-12-19,18369
Washington,2020-12-26,19901
Washington,2021-01-02,30851
Washington,2021-01-09,28278
Washington,2021-01-16,20401
Washington,2021-01-23,17328
Washington,2021-01-30,16765
Washington,2021-02-06,16254
Washington,2021-02-13,14158
Washington,2021-02-20,14631
Washington,2021-02-27,13502
Washington,2021-03-06,12234
Washington,2021-03-13,12163
Washington,2021-03-20,11877
Washington,2021-03-27,11836
Washington,2021-04-03,12221
Washington,2021-04-10,17601
Washington,2021-04-17,13570
Washington,2021-04-24,11914
Washington,2021-05-01,10780
Washington,2021-05-08,16891
Washington,2021-05-15,19914
Washington,2021-05-22,11894
Washington,2021-05-29,10317
Washington,2021-06-05,9134
Washington,2021-06-12,7136
Washington,2021-06-19,7802
Washington,2021-06-26,7725
Washington,2021-07-03,6129
Washington,2021-07-10,5749
Washington,2021-07-17,5356
Washington,2021-07-24,4776
Washington,2021-07-31,5081
Washington,2021-08-07,5614
Washington,2021-08-14,5716
Washington,2021-08-21,5540
Washington,2021-08-28,5246
Washington,2021-09-04,5389
Washington,2021-09-11,5100
Washington,2021-09-18,5012
Washington,2021-09-25,5096
Washington,2021-10-02,4989
Washington,2021-10-09,5326
Washington,2021-10-16,4914
Washington,2021-10-23,5777
Washington,2021-10-30,5594
Washington,2021-11-06,6128
Washington,2021-11-13,5290
Washington,2021-11-20,5830
Washington,2021-11-27,5076
Washington,2021-12-04,6974
Washington,2021-12-11,5383
Washington,2021-12-18,6186
Washington,2021-12-25,7188
Washington,2022-01-01,11814
Washington,2022-01-08,11593
Washington,2022-01-15,5577
Washington,2022-01-22,4859
Washington,2022-01-29,4983
Washington,2022-02-05,4974
Washington,2022-02-12,4739
Washington,2022-02-19,4455
Washington,2022-02-26,4445
Washington,2022-03-05,5295
Washington,2022-03-12,4303
Washington,2022-03-19,3951
Washington,2022-03-26,4257
Washington,2022-04-02,4309
Washington,2022-04-09,4703
Washington,2022-04-16,4526
Washington,2022-04-23,4051
Washington,2022-04-30,3768
Washington,2022-05-07,4037
Washington,2022-05-14,3885
Washington,2022-05-21,3583
Washington,2022-05-28,3943
Washington,2022-06-04,3715
Washington,2022-06-11,3915
Washington,2022-06-18,3898
Washington,2022-06-25,4425
Washington,2022-07-02,4350
Washington,2022-07-09,4183
Washington,2022-07-16,3884
Washington,2022-07-23,3414
Washington,2022-07-30,3786
Washington,2022-08-06,4059
Washington,2022-08-13,3901
Washington,2022-08-20,3876
Washington,2022-08-27,3698
Washington,2022-09-03,3900
Washington,2022-09-10,3643
Washington,2022-09-17,3875
Washington,2022-09-24,3510
Washington,2022-10-01,3741
Washington,2022-10-08,4826
Washington,2022-10-15,4482
Washington,2022-10-22,4186
Washington,2022-10-29,4879
Washington,2022-11-05,5914
Washington,2022-11-12,5911
Washington,2022-11-19,6733
Washington,2022-11-26,5777
Washington,2022-12-03,8560
Washington,2022-12-10,6851
Washington,2022-12-17,6147
Washington,2022-12-24,8344
Washington,2022-12-31,8368
Washington,2023-01-07,7053
Washington,2023-01-14,5524
Washington,2023-01-21,5456
Washington,2023-01-28,5502
Washington,2023-02-04,5339
Washington,2023-02-11,5586
Washington,2023-02-18,5067
Washington,2023-02-25,4940
Washington,2023-03-04,5953
Washington,2023-03-11,5133
Washington,2023-03-18,4815
Washington,2023-03-25,5036
Washington,2023-04-01,4981
Washington,2023-04-08,6079
Washington,2023-04-15,5504
Washington,2023-04-22,4990
Washington,2023-04-29,4526
Washington,2023-05-06,5123
Washington,2023-05-13,4977
Washington,2023-05-20,4912
Washington,2023-05-27,4795
Washington,2023-06-03,4666
Washington,2023-06-10,4901
Washington,2023-06-17,5040
Washington,2023-06-24,5359
Washington,2023-07-01,5476
Washington,2023-07-08,5484
Washington,2023-07-15,5831
Washington,2023-07-22,4109
Washington,2023-07-29,4106
Washington,2023-08-05,5295
Washington,2023-08-12,4636
Washington,2023-08-19,4327
Washington,2023-08-26,4081
Washington,2023-09-02,4527
Washington,2023-09-09,4663
Washington,2023-09-16,4907
Washington,2023-09-23,4645
Washington,2023-09-30,4911
Washington,2023-10-07,5837
Washington,2023-10-14,5287
Washington,2023-10-21,5840
Washington,2023-10-28,5936
Washington,2023-11-04,6814
Washington,2023-11-11,6580
Washington,2023-11-18,6989
Washington,2023-11-25,5768
Washington,2023-12-02,8048
Washington,2023-12-09,6969
Washington,2023-12-16,6802
Washington,2023-12-23,7440
Washington,2023-12-30,7270
Washington,2024-01-06,8667
Washington,2024-01-13,6677
Washington,2024-01-20,7105
Washington,2024-01-27,7193
Washington,2024-02-03,5636
Washington,2024-02-10,5727
Washington,2024-02-17,5372
Washington,2024-02-24,5118
Washington,2024-03-02,5394
Washington,2024-03-09,5685
Washington,2024-03-16,5088
Washington,2024-03-23,5100
Washington,2024-03-30,5099
Washington,2024-04-06,5912
Washington,2024-04-13,5571
Washington,2024-04-20,5083
Washington,2024-04-27,4918
Washington,2024-05-04,5183
Washington,2024-05-11,5321
Washington,2024-05-18,5101
Washington,2024-05-25,5115
Washington,2024-06-01,4643
Washington,2024-06-08,5146
Washington,2024-06-15,4874
Washington,2024-06-22,5252
Washington,2024-06-29,5503
Washington,2024-07-06,5829
Washington,2024-07-13,5916
Washington,2024-07-20,3909
Washington,2024-07-27,4298
Washington,2024-08-03,4850
Washington,2024-08-10,4901
Washington,2024-08-17,4730
Washington,2024-08-24,4208
Washington,2024-08-31,4607
Washington,2024-09-07,4770
Washington,2024-09-14,4914
Washington,2024-09-21,5510
Washington,2024-09-28,6402
Washington,2024-10-05,8117
Washington,2024-10-12,8543
Washington,2024-10-19,7531
Washington,2024-10-26,6833
Washington,2024-11-02,6469
Washington,2024-11-09,7175
Washington,2024-11-16,6656
Washington,2024-11-23,7537
Washington,2024-11-30,6480
Washington,2024-12-07,8297
Washington,2024-12-14,5854
Washington,2024-12-21,7478
Washington,2024-12-28,8872
Washington,2025-01-04,10729
Washington,2025-01-11,6852
Washington,2025-01-18,5837
Washington,2025-01-25,6278
Washington,2025-02-01,6474
Washington,2025-02-08,7114
Washington,2025-02-15,7849
Washington,2025-02-22,5849
Washington,2025-03-01,5990
Washington,2025-03-08,6121
Washington,2025-03-15,5283
Washington,2025-03-22,5661
Washington,2025-03-29,5505
Washington,2025-04-05,6528
Washington,2025-04-12,6364
West Virginia,2020-01-04,1564
West Virginia,2020-01-11,2638
West Virginia,2020-01-18,1895
West Virginia,2020-01-25,1290
West Virginia,2020-02-01,1364
West Virginia,2020-02-08,1206
West Virginia,2020-02-15,1172
West Virginia,2020-02-22,1207
West Virginia,2020-02-29,1108
West Virginia,2020-03-07,1033
West Virginia,2020-03-14,865
West Virginia,2020-03-21,3536
West Virginia,2020-03-28,14523
West Virginia,2020-04-04,14494
West Virginia,2020-04-11,14944
West Virginia,2020-04-18,46755
West Virginia,2020-04-25,29818
West Virginia,2020-05-02,13227
West Virginia,2020-05-09,6045
West Virginia,2020-05-16,5026
West Virginia,2020-05-23,4904
West Virginia,2020-05-30,4685
West Virginia,2020-06-06,4413
West Virginia,2020-06-13,4327
West Virginia,2020-06-20,3756
West Virginia,2020-06-27,3532
West Virginia,2020-07-04,3330
West Virginia,2020-07-11,4070
West Virginia,2020-07-18,3758
West Virginia,2020-07-25,3123
West Virginia,2020-08-01,2506
West Virginia,2020-08-08,1981
West Virginia,2020-08-15,2414
West Virginia,2020-08-22,2082
West Virginia,2020-08-29,2026
West Virginia,2020-09-05,2113
West Virginia,2020-09-12,1881
West Virginia,2020-09-19,2224
West Virginia,2020-09-26,1903
West Virginia,2020-10-03,1958
West Virginia,2020-10-10,2138
West Virginia,2020-10-17,1940
West Virginia,2020-10-24,2091
West Virginia,2020-10-31,2023
West Virginia,2020-11-07,1804
West Virginia,2020-11-14,1938
West Virginia,2020-11-21,2166
West Virginia,2020-11-28,1628
West Virginia,2020-12-05,3059
West Virginia,2020-12-12,3407
West Virginia,2020-12-19,2503
West Virginia,2020-12-26,2112
West Virginia,2021-01-02,2428
West Virginia,2021-01-09,3653
West Virginia,2021-01-16,3407
West Virginia,2021-01-23,2908
West Virginia,2021-01-30,2920
West Virginia,2021-02-06,2722
West Virginia,2021-02-13,2502
West Virginia,2021-02-20,2795
West Virginia,2021-02-27,7793
West Virginia,2021-03-06,7543
West Virginia,2021-03-13,4222
West Virginia,2021-03-20,5196
West Virginia,2021-03-27,5644
West Virginia,2021-04-03,5179
West Virginia,2021-04-10,5533
West Virginia,2021-04-17,5381
West Virginia,2021-04-24,8065
West Virginia,2021-05-01,5098
West Virginia,2021-05-08,5622
West Virginia,2021-05-15,6529
West Virginia,2021-05-22,3966
West Virginia,2021-05-29,2594
West Virginia,2021-06-05,1544
West Virginia,2021-06-12,1724
West Virginia,2021-06-19,1394
West Virginia,2021-06-26,1423
West Virginia,2021-07-03,1151
West Virginia,2021-07-10,1027
West Virginia,2021-07-17,981
West Virginia,2021-07-24,874
West Virginia,2021-07-31,836
West Virginia,2021-08-07,1408
West Virginia,2021-08-14,986
West Virginia,2021-08-21,938
West Virginia,2021-08-28,1090
West Virginia,2021-09-04,1212
West Virginia,2021-09-11,903
West Virginia,2021-09-18,876
West Virginia,2021-09-25,822
West Virginia,2021-10-02,749
West Virginia,2021-10-09,872
West Virginia,2021-10-16,812
West Virginia,2021-10-23,842
West Virginia,2021-10-30,839
West Virginia,2021-11-06,985
West Virginia,2021-11-13,859
West Virginia,2021-11-20,921
West Virginia,2021-11-27,607
West Virginia,2021-12-04,1741
West Virginia,2021-12-11,1758
West Virginia,2021-12-18,1093
West Virginia,2021-12-25,808
West Virginia,2022-01-01,1010
West Virginia,2022-01-08,2142
West Virginia,2022-01-15,1841
West Virginia,2022-01-22,1381
West Virginia,2022-01-29,1692
West Virginia,2022-02-05,1498
West Virginia,2022-02-12,1105
West Virginia,2022-02-19,868
West Virginia,2022-02-26,725
West Virginia,2022-03-05,708
West Virginia,2022-03-12,641
West Virginia,2022-03-19,568
West Virginia,2022-03-26,558
West Virginia,2022-04-02,581
West Virginia,2022-04-09,800
West Virginia,2022-04-16,662
West Virginia,2022-04-23,655
West Virginia,2022-04-30,603
West Virginia,2022-05-07,677
West Virginia,2022-05-14,612
West Virginia,2022-05-21,792
West Virginia,2022-05-28,914
West Virginia,2022-06-04,712
West Virginia,2022-06-11,831
West Virginia,2022-06-18,627
West Virginia,2022-06-25,815
West Virginia,2022-07-02,634
West Virginia,2022-07-09,788
West Virginia,2022-07-16,775
West Virginia,2022-07-23,656
West Virginia,2022-07-30,655
West Virginia,2022-08-06,802
West Virginia,2022-08-13,917
West Virginia,2022-08-20,971
West Virginia,2022-08-27,744
West Virginia,2022-09-03,658
West Virginia,2022-09-10,537
West Virginia,2022-09-17,566
West Virginia,2022-09-24,519
West Virginia,2022-10-01,604
West Virginia,2022-10-08,684
West Virginia,2022-10-15,671
West Virginia,2022-10-22,777
West Virginia,2022-10-29,668
West Virginia,2022-11-05,804
West Virginia,2022-11-12,651
West Virginia,2022-11-19,1040
West Virginia,2022-11-26,779
West Virginia,2022-12-03,1774
West Virginia,2022-12-10,1780
West Virginia,2022-12-17,1143
West Virginia,2022-12-24,974
West Virginia,2022-12-31,1074
West Virginia,2023-01-07,1579
West Virginia,2023-01-14,1606
West Virginia,2023-01-21,1000
West Virginia,2023-01-28,803
West Virginia,2023-02-04,1070
West Virginia,2023-02-11,909
West Virginia,2023-02-18,805
West Virginia,2023-02-25,717
West Virginia,2023-03-04,734
West Virginia,2023-03-11,659
West Virginia,2023-03-18,649
West Virginia,2023-03-25,623
West Virginia,2023-04-01,613
West Virginia,2023-04-08,671
West Virginia,2023-04-15,578
West Virginia,2023-04-22,627
West Virginia,2023-04-29,651
West Virginia,2023-05-06,723
West Virginia,2023-05-13,746
West Virginia,2023-05-20,785
West Virginia,2023-05-27,764
West Virginia,2023-06-03,817
West Virginia,2023-06-10,951
West Virginia,2023-06-17,888
West Virginia,2023-06-24,666
West Virginia,2023-07-01,701
West Virginia,2023-07-08,705
West Virginia,2023-07-15,920
West Virginia,2023-07-22,961
West Virginia,2023-07-29,745
West Virginia,2023-08-05,784
West Virginia,2023-08-12,690
West Virginia,2023-08-19,601
West Virginia,2023-08-26,689
West Virginia,2023-09-02,681
West Virginia,2023-09-09,567
West Virginia,2023-09-16,619
West Virginia,2023-09-23,585
West Virginia,2023-09-30,626
West Virginia,2023-10-07,625
West Virginia,2023-10-14,621
West Virginia,2023-10-21,703
West Virginia,2023-10-28,724
West Virginia,2023-11-04,856
West Virginia,2023-11-11,744
West Virginia,2023-11-18,950
West Virginia,2023-11-25,782
West Virginia,2023-12-02,1797
West Virginia,2023-12-09,1794
West Virginia,2023-12-16,1343
West Virginia,2023-12-23,937
West Virginia,2023-12-30,901
West Virginia,2024-01-06,1452
West Virginia,2024-01-13,1559
West Virginia,2024-01-20,1187
West Virginia,2024-01-27,1534
West Virginia,2024-02-03,1257
West Virginia,2024-02-10,971
West Virginia,2024-02-17,871
West Virginia,2024-02-24,768
West Virginia,2024-03-02,880
West Virginia,2024-03-09,821
West Virginia,2024-03-16,723
West Virginia,2024-03-23,733
West Virginia,2024-03-30,726
West Virginia,2024-04-06,735
West Virginia,2024-04-13,807
West Virginia,2024-04-20,857
West Virginia,2024-04-27,911
West Virginia,2024-05-04,763
West Virginia,2024-05-11,772
West Virginia,2024-05-18,759
West Virginia,2024-05-25,814
West Virginia,2024-06-01,751
West Virginia,2024-06-08,951
West Virginia,2024-06-15,830
West Virginia,2024-06-22,732
West Virginia,2024-06-29,820
West Virginia,2024-07-06,502
West Virginia,2024-07-13,978
West Virginia,2024-07-20,705
West Virginia,2024-07-27,731
West Virginia,2024-08-03,737
West Virginia,2024-08-10,679
West Virginia,2024-08-17,623
West Virginia,2024-08-24,684
West Virginia,2024-08-31,735
West Virginia,2024-09-07,656
West Virginia,2024-09-14,825
West Virginia,2024-09-21,755
West Virginia,2024-09-28,633
West Virginia,2024-10-05,794
West Virginia,2024-10-12,759
West Virginia,2024-10-19,654
West Virginia,2024-10-26,722
West Virginia,2024-11-02,856
West Virginia,2024-11-09,831
West Virginia,2024-11-16,917
West Virginia,2024-11-23,913
West Virginia,2024-11-30,717
West Virginia,2024-12-07,1797
West Virginia,2024-12-14,1736
West Virginia,2024-12-21,1263
West Virginia,2024-12-28,1028
West Virginia,2025-01-04,1053
West Virginia,2025-01-11,1417
West Virginia,2025-01-18,2066
West Virginia,2025-01-25,1516
West Virginia,2025-02-01,1394
West Virginia,2025-02-08,953
West Virginia,2025-02-15,924
West Virginia,2025-02-22,805
West Virginia,2025-03-01,970
West Virginia,2025-03-08,833
West Virginia,2025-03-15,665
West Virginia,2025-03-22,653
West Virginia,2025-03-29,638
West Virginia,2025-04-05,622
West Virginia,2025-04-12,688
Wisconsin,2020-01-04,12854
Wisconsin,2020-01-11,8255
Wisconsin,2020-01-18,6388
Wisconsin,2020-01-25,6134
Wisconsin,2020-02-01,6280
Wisconsin,2020-02-08,6579
Wisconsin,2020-02-15,5808
Wisconsin,2020-02-22,6098
Wisconsin,2020-02-29,5658
Wisconsin,2020-03-07,5052
Wisconsin,2020-03-14,5190
Wisconsin,2020-03-21,51031
Wisconsin,2020-03-28,110934
Wisconsin,2020-04-04,104823
Wisconsin,2020-04-11,70000
Wisconsin,2020-04-18,55883
Wisconsin,2020-04-25,49993
Wisconsin,2020-05-02,37885
Wisconsin,2020-05-09,38710
Wisconsin,2020-05-16,31287
Wisconsin,2020-05-23,28967
Wisconsin,2020-05-30,24661
Wisconsin,2020-06-06,25047
Wisconsin,2020-06-13,25543
Wisconsin,2020-06-20,25428
Wisconsin,2020-06-27,24925
Wisconsin,2020-07-04,27385
Wisconsin,2020-07-11,29051
Wisconsin,2020-07-18,25129
Wisconsin,2020-07-25,23026
Wisconsin,2020-08-01,19196
Wisconsin,2020-08-08,14257
Wisconsin,2020-08-15,14834
Wisconsin,2020-08-22,13879
Wisconsin,2020-08-29,12457
Wisconsin,2020-09-05,12238
Wisconsin,2020-09-12,11709
Wisconsin,2020-09-19,12178
Wisconsin,2020-09-26,11185
Wisconsin,2020-10-03,11916
Wisconsin,2020-10-10,14971
Wisconsin,2020-10-17,13890
Wisconsin,2020-10-24,13540
Wisconsin,2020-10-31,14874
Wisconsin,2020-11-07,14334
Wisconsin,2020-11-14,15605
Wisconsin,2020-11-21,16720
Wisconsin,2020-11-28,16138
Wisconsin,2020-12-05,21700
Wisconsin,2020-12-12,14662
Wisconsin,2020-12-19,14119
Wisconsin,2020-12-26,14294
Wisconsin,2021-01-02,19188
Wisconsin,2021-01-09,22580
Wisconsin,2021-01-16,17015
Wisconsin,2021-01-23,15471
Wisconsin,2021-01-30,15639
Wisconsin,2021-02-06,15040
Wisconsin,2021-02-13,16250
Wisconsin,2021-02-20,16250
Wisconsin,2021-02-27,13310
Wisconsin,2021-03-06,12216
Wisconsin,2021-03-13,12481
Wisconsin,2021-03-20,11793
Wisconsin,2021-03-27,13029
Wisconsin,2021-04-03,14424
Wisconsin,2021-04-10,16511
Wisconsin,2021-04-17,18856
Wisconsin,2021-04-24,11352
Wisconsin,2021-05-01,10351
Wisconsin,2021-05-08,10395
Wisconsin,2021-05-15,9880
Wisconsin,2021-05-22,9501
Wisconsin,2021-05-29,8369
Wisconsin,2021-06-05,7439
Wisconsin,2021-06-12,8826
Wisconsin,2021-06-19,9322
Wisconsin,2021-06-26,7862
Wisconsin,2021-07-03,7243
Wisconsin,2021-07-10,7831
Wisconsin,2021-07-17,8843
Wisconsin,2021-07-24,6806
Wisconsin,2021-07-31,7164
Wisconsin,2021-08-07,7052
Wisconsin,2021-08-14,7318
Wisconsin,2021-08-21,6704
Wisconsin,2021-08-28,6813
Wisconsin,2021-09-04,6967
Wisconsin,2021-09-11,5960
Wisconsin,2021-09-18,7265
Wisconsin,2021-09-25,6132
Wisconsin,2021-10-02,5856
Wisconsin,2021-10-09,5829
Wisconsin,2021-10-16,5863
Wisconsin,2021-10-23,5227
Wisconsin,2021-10-30,5568
Wisconsin,2021-11-06,6140
Wisconsin,2021-11-13,7047
Wisconsin,2021-11-20,7468
Wisconsin,2021-11-27,8549
Wisconsin,2021-12-04,11721
Wisconsin,2021-12-11,8507
Wisconsin,2021-12-18,8717
Wisconsin,2021-12-25,7536
Wisconsin,2022-01-01,11019
Wisconsin,2022-01-08,14428
Wisconsin,2022-01-15,10237
Wisconsin,2022-01-22,7832
Wisconsin,2022-01-29,7649
Wisconsin,2022-02-05,6871
Wisconsin,2022-02-12,5837
Wisconsin,2022-02-19,5299
Wisconsin,2022-02-26,5413
Wisconsin,2022-03-05,5371
Wisconsin,2022-03-12,5052
Wisconsin,2022-03-19,4763
Wisconsin,2022-03-26,5409
Wisconsin,2022-04-02,5823
Wisconsin,2022-04-09,4664
Wisconsin,2022-04-16,3804
Wisconsin,2022-04-23,3759
Wisconsin,2022-04-30,3712
Wisconsin,2022-05-07,3228
Wisconsin,2022-05-14,3233
Wisconsin,2022-05-21,3269
Wisconsin,2022-05-28,3168
Wisconsin,2022-06-04,3273
Wisconsin,2022-06-11,4385
Wisconsin,2022-06-18,5013
Wisconsin,2022-06-25,4145
Wisconsin,2022-07-02,3976
Wisconsin,2022-07-09,4181
Wisconsin,2022-07-16,4458
Wisconsin,2022-07-23,3509
Wisconsin,2022-07-30,3451
Wisconsin,2022-08-06,3658
Wisconsin,2022-08-13,3354
Wisconsin,2022-08-20,3043
Wisconsin,2022-08-27,2917
Wisconsin,2022-09-03,3255
Wisconsin,2022-09-10,3063
Wisconsin,2022-09-17,2890
Wisconsin,2022-09-24,2643
Wisconsin,2022-10-01,2659
Wisconsin,2022-10-08,2940
Wisconsin,2022-10-15,3031
Wisconsin,2022-10-22,3164
Wisconsin,2022-10-29,3322
Wisconsin,2022-11-05,3794
Wisconsin,2022-11-12,4234
Wisconsin,2022-11-19,5355
Wisconsin,2022-11-26,6897
Wisconsin,2022-12-03,8412
Wisconsin,2022-12-10,6129
Wisconsin,2022-12-17,6230
Wisconsin,2022-12-24,7442
Wisconsin,2022-12-31,8585
Wisconsin,2023-01-07,10656
Wisconsin,2023-01-14,6601
Wisconsin,2023-01-21,5324
Wisconsin,2023-01-28,5893
Wisconsin,2023-02-04,5906
Wisconsin,2023-02-11,6223
Wisconsin,2023-02-18,4803
Wisconsin,2023-02-25,5040
Wisconsin,2023-03-04,5446
Wisconsin,2023-03-11,4745
Wisconsin,2023-03-18,4667
Wisconsin,2023-03-25,4972
Wisconsin,2023-04-01,4726
Wisconsin,2023-04-08,4949
Wisconsin,2023-04-15,4322
Wisconsin,2023-04-22,3684
Wisconsin,2023-04-29,3922
Wisconsin,2023-05-06,3428
Wisconsin,2023-05-13,3199
Wisconsin,2023-05-20,3246
Wisconsin,2023-05-27,3135
Wisconsin,2023-06-03,3300
Wisconsin,2023-06-10,4156
Wisconsin,2023-06-17,5197
Wisconsin,2023-06-24,4308
Wisconsin,2023-07-01,3804
Wisconsin,2023-07-08,3924
Wisconsin,2023-07-15,4366
Wisconsin,2023-07-22,3155
Wisconsin,2023-07-29,3244
Wisconsin,2023-08-05,3636
Wisconsin,2023-08-12,3189
Wisconsin,2023-08-19,2823
Wisconsin,2023-08-26,2878
Wisconsin,2023-09-02,3019
Wisconsin,2023-09-09,3060
Wisconsin,2023-09-16,2825
Wisconsin,2023-09-23,2762
Wisconsin,2023-09-30,2927
Wisconsin,2023-10-07,3046
Wisconsin,2023-10-14,3136
Wisconsin,2023-10-21,3349
Wisconsin,2023-10-28,3510
Wisconsin,2023-11-04,4269
Wisconsin,2023-11-11,4370
Wisconsin,2023-11-18,4486
Wisconsin,2023-11-25,6236
Wisconsin,2023-12-02,8636
Wisconsin,2023-12-09,5589
Wisconsin,2023-12-16,5605
Wisconsin,2023-12-23,6298
Wisconsin,2023-12-30,7326
Wisconsin,2024-01-06,11054
Wisconsin,2024-01-13,6549
Wisconsin,2024-01-20,7597
Wisconsin,2024-01-27,7580
Wisconsin,2024-02-03,5444
Wisconsin,2024-02-10,5242
Wisconsin,2024-02-17,4839
Wisconsin,2024-02-24,4624
Wisconsin,2024-03-02,4475
Wisconsin,2024-03-09,4453
Wisconsin,2024-03-16,4489
Wisconsin,2024-03-23,4429
Wisconsin,2024-03-30,5581
Wisconsin,2024-04-06,6427
Wisconsin,2024-04-13,4584
Wisconsin,2024-04-20,3590
Wisconsin,2024-04-27,3471
Wisconsin,2024-05-04,3428
Wisconsin,2024-05-11,3349
Wisconsin,2024-05-18,3457
Wisconsin,2024-05-25,3295
Wisconsin,2024-06-01,3349
Wisconsin,2024-06-08,4129
Wisconsin,2024-06-15,5391
Wisconsin,2024-06-22,4787
Wisconsin,2024-06-29,3912
Wisconsin,2024-07-06,4904
Wisconsin,2024-07-13,5299
Wisconsin,2024-07-20,3553
Wisconsin,2024-07-27,3436
Wisconsin,2024-08-03,4108
Wisconsin,2024-08-10,3904
Wisconsin,2024-08-17,3484
Wisconsin,2024-08-24,3152
Wisconsin,2024-08-31,3972
Wisconsin,2024-09-07,4476
Wisconsin,2024-09-14,3682
Wisconsin,2024-09-21,3150
Wisconsin,2024-09-28,3307
Wisconsin,2024-10-05,4001
Wisconsin,2024-10-12,3600
Wisconsin,2024-10-19,3822
Wisconsin,2024-10-26,4129
Wisconsin,2024-11-02,4583
Wisconsin,2024-11-09,4147
Wisconsin,2024-11-16,3865
Wisconsin,2024-11-23,4647
Wisconsin,2024-11-30,6432
Wisconsin,2024-12-07,8959
Wisconsin,2024-12-14,5871
Wisconsin,2024-12-21,5738
Wisconsin,2024-12-28,7801
Wisconsin,2025-01-04,9986
Wisconsin,2025-01-11,6156
Wisconsin,2025-01-18,5375
Wisconsin,2025-01-25,5526
Wisconsin,2025-02-01,6295
Wisconsin,2025-02-08,4746
Wisconsin,2025-02-15,4671
Wisconsin,2025-02-22,5687
Wisconsin,2025-03-01,5668
Wisconsin,2025-03-08,3902
Wisconsin,2025-03-15,4058
Wisconsin,2025-03-22,3966
Wisconsin,2025-03-29,4708
Wisconsin,2025-04-05,4844
Wisconsin,2025-04-12,3531
Wyoming,2020-01-04,662
Wyoming,2020-01-11,829
Wyoming,2020-01-18,636
Wyoming,2020-01-25,531
Wyoming,2020-02-01,529
Wyoming,2020-02-08,589
Wyoming,2020-02-15,598
Wyoming,2020-02-22,389
Wyoming,2020-02-29,471
Wyoming,2020-03-07,534
Wyoming,2020-03-14,517
Wyoming,2020-03-21,3653
Wyoming,2020-03-28,6396
Wyoming,2020-04-04,6543
Wyoming,2020-04-11,5794
Wyoming,2020-04-18,4381
Wyoming,2020-04-25,3497
Wyoming,2020-05-02,2854
Wyoming,2020-05-09,3297
Wyoming,2020-05-16,2303
Wyoming,2020-05-23,2800
Wyoming,2020-05-30,2421
Wyoming,2020-06-06,2013
Wyoming,2020-06-13,1539
Wyoming,2020-06-20,1402
Wyoming,2020-06-27,1418
Wyoming,2020-07-04,1338
Wyoming,2020-07-11,1485
Wyoming,2020-07-18,2664
Wyoming,2020-07-25,1600
Wyoming,2020-08-01,1130
Wyoming,2020-08-08,1115
Wyoming,2020-08-15,861
Wyoming,2020-08-22,963
Wyoming,2020-08-29,957
Wyoming,2020-09-05,793
Wyoming,2020-09-12,697
Wyoming,2020-09-19,746
Wyoming,2020-09-26,801
Wyoming,2020-10-03,759
Wyoming,2020-10-10,944
Wyoming,2020-10-17,1375
Wyoming,2020-10-24,1129
Wyoming,2020-10-31,981
Wyoming,2020-11-07,1182
Wyoming,2020-11-14,940
Wyoming,2020-11-21,1005
Wyoming,2020-11-28,610
Wyoming,2020-12-05,907
Wyoming,2020-12-12,934
Wyoming,2020-12-19,964
Wyoming,2020-12-26,832
Wyoming,2021-01-02,886
Wyoming,2021-01-09,1315
Wyoming,2021-01-16,1166
Wyoming,2021-01-23,1021
Wyoming,2021-01-30,979
Wyoming,2021-02-06,897
Wyoming,2021-02-13,999
Wyoming,2021-02-20,968
Wyoming,2021-02-27,981
Wyoming,2021-03-06,859
Wyoming,2021-03-13,807
Wyoming,2021-03-20,804
Wyoming,2021-03-27,852
Wyoming,2021-04-03,874
Wyoming,2021-04-10,1293
Wyoming,2021-04-17,2003
Wyoming,2021-04-24,1163
Wyoming,2021-05-01,858
Wyoming,2021-05-08,774
Wyoming,2021-05-15,676
Wyoming,2021-05-22,568
Wyoming,2021-05-29,416
Wyoming,2021-06-05,512
Wyoming,2021-06-12,481
Wyoming,2021-06-19,404
Wyoming,2021-06-26,387
Wyoming,2021-07-03,329
Wyoming,2021-07-10,410
Wyoming,2021-07-17,330
Wyoming,2021-07-24,304
Wyoming,2021-07-31,302
Wyoming,2021-08-07,302
Wyoming,2021-08-14,278
Wyoming,2021-08-21,284
Wyoming,2021-08-28,341
Wyoming,2021-09-04,314
Wyoming,2021-09-11,260
Wyoming,2021-09-18,294
Wyoming,2021-09-25,321
Wyoming,2021-10-02,343
Wyoming,2021-10-09,447
Wyoming,2021-10-16,540
Wyoming,2021-10-23,495
Wyoming,2021-10-30,526
Wyoming,2021-11-06,613
Wyoming,2021-11-13,549
Wyoming,2021-11-20,586
Wyoming,2021-11-27,420
Wyoming,2021-12-04,620
Wyoming,2021-12-11,558
Wyoming,2021-12-18,563
Wyoming,2021-12-25,559
Wyoming,2022-01-01,577
Wyoming,2022-01-08,952
Wyoming,2022-01-15,569
Wyoming,2022-01-22,409
Wyoming,2022-01-29,498
Wyoming,2022-02-05,501
Wyoming,2022-02-12,435
Wyoming,2022-02-19,359
Wyoming,2022-02-26,483
Wyoming,2022-03-05,408
Wyoming,2022-03-12,401
Wyoming,2022-03-19,433
Wyoming,2022-03-26,301
Wyoming,2022-04-02,294
Wyoming,2022-04-09,452
Wyoming,2022-04-16,587
Wyoming,2022-04-23,491
Wyoming,2022-04-30,314
Wyoming,2022-05-07,275
Wyoming,2022-05-14,248
Wyoming,2022-05-21,289
Wyoming,2022-05-28,293
Wyoming,2022-06-04,255
Wyoming,2022-06-11,306
Wyoming,2022-06-18,286
Wyoming,2022-06-25,295
Wyoming,2022-07-02,256
Wyoming,2022-07-09,288
Wyoming,2022-07-16,235
Wyoming,2022-07-23,220
Wyoming,2022-07-30,203
Wyoming,2022-08-06,222
Wyoming,2022-08-13,285
Wyoming,2022-08-20,239
Wyoming,2022-08-27,207
Wyoming,2022-09-03,222
Wyoming,2022-09-10,218
Wyoming,2022-09-17,181
Wyoming,2022-09-24,213
Wyoming,2022-10-01,270
Wyoming,2022-10-08,399
Wyoming,2022-10-15,379
Wyoming,2022-10-22,427
Wyoming,2022-10-29,438
Wyoming,2022-11-05,528
Wyoming,2022-11-12,483
Wyoming,2022-11-19,617
Wyoming,2022-11-26,341
Wyoming,2022-12-03,613
Wyoming,2022-12-10,485
Wyoming,2022-12-17,587
Wyoming,2022-12-24,618
Wyoming,2022-12-31,450
Wyoming,2023-01-07,635
Wyoming,2023-01-14,506
Wyoming,2023-01-21,422
Wyoming,2023-01-28,442
Wyoming,2023-02-04,450
Wyoming,2023-02-11,439
Wyoming,2023-02-18,355
Wyoming,2023-02-25,407
Wyoming,2023-03-04,393
Wyoming,2023-03-11,341
Wyoming,2023-03-18,373
Wyoming,2023-03-25,295
Wyoming,2023-04-01,312
Wyoming,2023-04-08,468
Wyoming,2023-04-15,518
Wyoming,2023-04-22,399
Wyoming,2023-04-29,306
Wyoming,2023-05-06,287
Wyoming,2023-05-13,250
Wyoming,2023-05-20,282
Wyoming,2023-05-27,263
Wyoming,2023-06-03,240
Wyoming,2023-06-10,297
Wyoming,2023-06-17,241
Wyoming,2023-06-24,214
Wyoming,2023-07-01,241
Wyoming,2023-07-08,252
Wyoming,2023-07-15,254
Wyoming,2023-07-22,238
Wyoming,2023-07-29,194
Wyoming,2023-08-05,230
Wyoming,2023-08-12,185
Wyoming,2023-08-19,217
Wyoming,2023-08-26,218
Wyoming,2023-09-02,220
Wyoming,2023-09-09,195
Wyoming,2023-09-16,229
Wyoming,2023-09-23,236
Wyoming,2023-09-30,242
Wyoming,2023-10-07,384
Wyoming,2023-10-14,381
Wyoming,2023-10-21,434
Wyoming,2023-10-28,422
Wyoming,2023-11-04,479
Wyoming,2023-11-11,414
Wyoming,2023-11-18,473
Wyoming,2023-11-25,354
Wyoming,2023-12-02,551
Wyoming,2023-12-09,508
Wyoming,2023-12-16,467
Wyoming,2023-12-23,502
Wyoming,2023-12-30,458
Wyoming,2024-01-06,497
Wyoming,2024-01-13,761
Wyoming,2024-01-20,541
Wyoming,2024-01-27,480
Wyoming,2024-02-03,424
Wyoming,2024-02-10,373
Wyoming,2024-02-17,351
Wyoming,2024-02-24,351
Wyoming,2024-03-02,341
Wyoming,2024-03-09,370
Wyoming,2024-03-16,348
Wyoming,2024-03-23,318
Wyoming,2024-03-30,313
Wyoming,2024-04-06,317
Wyoming,2024-04-13,473
Wyoming,2024-04-20,429
Wyoming,2024-04-27,338
Wyoming,2024-05-04,284
Wyoming,2024-05-11,339
Wyoming,2024-05-18,269
Wyoming,2024-05-25,249
Wyoming,2024-06-01,252
Wyoming,2024-06-08,348
Wyoming,2024-06-15,286
Wyoming,2024-06-22,221
Wyoming,2024-06-29,236
Wyoming,2024-07-06,196
Wyoming,2024-07-13,284
Wyoming,2024-07-20,243
Wyoming,2024-07-27,194
Wyoming,2024-08-03,216
Wyoming,2024-08-10,231
Wyoming,2024-08-17,208
Wyoming,2024-08-24,208
Wyoming,2024-08-31,236
Wyoming,2024-09-07,205
Wyoming,2024-09-14,250
Wyoming,2024-09-21,232
Wyoming,2024-09-28,314
Wyoming,2024-10-05,290
Wyoming,2024-10-12,413
Wyoming,2024-10-19,458
Wyoming,2024-10-26,457
Wyoming,2024-11-02,541
Wyoming,2024-11-09,574
Wyoming,2024-11-16,425
Wyoming,2024-11-23,516
Wyoming,2024-11-30,375
Wyoming,2024-12-07,538
Wyoming,2024-12-14,460
Wyoming,2024-12-21,512
Wyoming,2024-12-28,462
Wyoming,2025-01-04,447
Wyoming,2025-01-11,766
Wyoming,2025-01-18,499
Wyoming,2025-01-25,501
Wyoming,2025-02-01,421
Wyoming,2025-02-08,397
Wyoming,2025-02-15,449
Wyoming,2025-02-22,425
Wyoming,2025-03-01,343
Wyoming,2025-03-08,354
Wyoming,2025-03-15,323
Wyoming,2025-03-22,336
Wyoming,2025-03-29,313
Wyoming,2025-04-05,376
Wyoming,2025-04-12,402
