State,Filed week ended,Continued Claims
Alabama,2020-01-04,18523
Alabama,2020-01-11,21143
Alabama,2020-01-18,17402
Alabama,2020-01-25,18390
Alabama,2020-02-01,17284
Alabama,2020-02-08,16745
Alabama,2020-02-15,16571
Alabama,2020-02-22,16059
Alabama,2020-02-29,14721
Alabama,2020-03-07,13657
Alabama,2020-03-14,13070
Alabama,2020-03-21,12487
Alabama,2020-03-28,18083
Alabama,2020-04-04,52176
Alabama,2020-04-11,95325
Alabama,2020-04-18,144327
Alabama,2020-04-25,173855
Alabama,2020-05-02,214684
Alabama,2020-05-09,216856
Alabama,2020-05-16,203677
Alabama,2020-05-23,190205
Alabama,2020-05-30,183565
Alabama,2020-06-06,180245
Alabama,2020-06-13,163982
Alabama,2020-06-20,150002
Alabama,2020-06-27,141450
Alabama,2020-07-04,138272
Alabama,2020-07-11,117388
Alabama,2020-07-18,105644
Alabama,2020-07-25,94069
Alabama,2020-08-01,84070
Alabama,2020-08-08,70412
Alabama,2020-08-15,58275
Alabama,2020-08-22,51991
Alabama,2020-08-29,48797
Alabama,2020-09-05,44546
Alabama,2020-09-12,40198
Alabama,2020-09-19,37431
Alabama,2020-09-26,34997
Alabama,2020-10-03,30716
Alabama,2020-10-10,27063
Alabama,2020-10-17,43493
Alabama,2020-10-24,35544
Alabama,2020-10-31,31693
Alabama,2020-11-07,28422
Alabama,2020-11-14,25256
Alabama,2020-11-21,25647
Alabama,2020-11-28,22949
Alabama,2020-12-05,24658
Alabama,2020-12-12,23443
Alabama,2020-12-19,23327
Alabama,2020-12-26,23053
Alabama,2021-01-02,23641
Alabama,2021-01-09,16681
Alabama,2021-01-16,15769
Alabama,2021-01-23,16558
Alabama,2021-01-30,16619
Alabama,2021-02-06,17537
Alabama,2021-02-13,17313
Alabama,2021-02-20,16624
Alabama,2021-02-27,18937
Alabama,2021-03-06,16979
Alabama,2021-03-13,16637
Alabama,2021-03-20,15664
Alabama,2021-03-27,15945
Alabama,2021-04-03,16498
Alabama,2021-04-10,19237
Alabama,2021-04-17,19524
Alabama,2021-04-24,18606
Alabama,2021-05-01,18099
Alabama,2021-05-08,17946
Alabama,2021-05-15,17390
Alabama,2021-05-22,15649
Alabama,2021-05-29,13567
Alabama,2021-06-05,13202
Alabama,2021-06-12,12921
Alabama,2021-06-19,12204
Alabama,2021-06-26,13057
Alabama,2021-07-03,15753
Alabama,2021-07-10,12618
Alabama,2021-07-17,11907
Alabama,2021-07-24,9708
Alabama,2021-07-31,17510
Alabama,2021-08-07,16733
Alabama,2021-08-14,15071
Alabama,2021-08-21,10282
Alabama,2021-08-28,11729
Alabama,2021-09-04,9203
Alabama,2021-09-11,10566
Alabama,2021-09-18,7077
Alabama,2021-09-25,6789
Alabama,2021-10-02,6342
Alabama,2021-10-09,5740
Alabama,2021-10-16,5827
Alabama,2021-10-23,5610
Alabama,2021-10-30,5505
Alabama,2021-11-06,7104
Alabama,2021-11-13,6060
Alabama,2021-11-20,5885
Alabama,2021-11-27,5143
Alabama,2021-12-04,6621
Alabama,2021-12-11,6102
Alabama,2021-12-18,5962
Alabama,2021-12-25,5470
Alabama,2022-01-01,6241
Alabama,2022-01-08,7443
Alabama,2022-01-15,5804
Alabama,2022-01-22,5384
Alabama,2022-01-29,5381
Alabama,2022-02-05,5120
Alabama,2022-02-12,4776
Alabama,2022-02-19,4517
Alabama,2022-02-26,4417
Alabama,2022-03-05,4387
Alabama,2022-03-12,3956
Alabama,2022-03-19,3875
Alabama,2022-03-26,3757
Alabama,2022-04-02,4308
Alabama,2022-04-09,3768
Alabama,2022-04-16,3567
Alabama,2022-04-23,3608
Alabama,2022-04-30,3812
Alabama,2022-05-07,3433
Alabama,2022-05-14,3912
Alabama,2022-05-21,4494
Alabama,2022-05-28,3903
Alabama,2022-06-04,4154
Alabama,2022-06-11,5599
Alabama,2022-06-18,4597
Alabama,2022-06-25,5169
Alabama,2022-07-02,5347
Alabama,2022-07-09,5899
Alabama,2022-07-16,7002
Alabama,2022-07-23,6683
Alabama,2022-07-30,6042
Alabama,2022-08-06,6052
Alabama,2022-08-13,5465
Alabama,2022-08-20,5059
Alabama,2022-08-27,4625
Alabama,2022-09-03,4621
Alabama,2022-09-10,4292
Alabama,2022-09-17,5175
Alabama,2022-09-24,4177
Alabama,2022-10-01,4195
Alabama,2022-10-08,3872
Alabama,2022-10-15,3747
Alabama,2022-10-22,3738
Alabama,2022-10-29,3776
Alabama,2022-11-05,4160
Alabama,2022-11-12,3816
Alabama,2022-11-19,4010
Alabama,2022-11-26,3780
Alabama,2022-12-03,4723
Alabama,2022-12-10,4314
Alabama,2022-12-17,4693
Alabama,2022-12-24,4915
Alabama,2022-12-31,6030
Alabama,2023-01-07,7359
Alabama,2023-01-14,7071
Alabama,2023-01-21,6096
Alabama,2023-01-28,5675
Alabama,2023-02-04,6158
Alabama,2023-02-11,6906
Alabama,2023-02-18,5218
Alabama,2023-02-25,5090
Alabama,2023-03-04,9244
Alabama,2023-03-11,9140
Alabama,2023-03-18,9247
Alabama,2023-03-25,9086
Alabama,2023-04-01,9111
Alabama,2023-04-08,7928
Alabama,2023-04-15,8579
Alabama,2023-04-22,8712
Alabama,2023-04-29,8724
Alabama,2023-05-06,8572
Alabama,2023-05-13,8668
Alabama,2023-05-20,9102
Alabama,2023-05-27,9481
Alabama,2023-06-03,9597
Alabama,2023-06-10,9954
Alabama,2023-06-17,10047
Alabama,2023-06-24,9947
Alabama,2023-07-01,10230
Alabama,2023-07-08,10363
Alabama,2023-07-15,11927
Alabama,2023-07-22,11120
Alabama,2023-07-29,10736
Alabama,2023-08-05,10735
Alabama,2023-08-12,10456
Alabama,2023-08-19,10017
Alabama,2023-08-26,9613
Alabama,2023-09-02,9650
Alabama,2023-09-09,9160
Alabama,2023-09-16,9024
Alabama,2023-09-23,8757
Alabama,2023-09-30,8652
Alabama,2023-10-07,8288
Alabama,2023-10-14,8533
Alabama,2023-10-21,8424
Alabama,2023-10-28,8444
Alabama,2023-11-04,8542
Alabama,2023-11-11,8397
Alabama,2023-11-18,8624
Alabama,2023-11-25,8329
Alabama,2023-12-02,9562
Alabama,2023-12-09,9108
Alabama,2023-12-16,9376
Alabama,2023-12-23,9591
Alabama,2023-12-30,10029
Alabama,2024-01-06,11674
Alabama,2024-01-13,10273
Alabama,2024-01-20,10234
Alabama,2024-01-27,11640
Alabama,2024-02-03,10412
Alabama,2024-02-10,9929
Alabama,2024-02-17,9607
Alabama,2024-02-24,9398
Alabama,2024-03-02,9151
Alabama,2024-03-09,8896
Alabama,2024-03-16,8857
Alabama,2024-03-23,8705
Alabama,2024-03-30,8769
Alabama,2024-04-06,8700
Alabama,2024-04-13,8237
Alabama,2024-04-20,8450
Alabama,2024-04-27,8671
Alabama,2024-05-04,8758
Alabama,2024-05-11,8783
Alabama,2024-05-18,9063
Alabama,2024-05-25,9213
Alabama,2024-06-01,9441
Alabama,2024-06-08,9733
Alabama,2024-06-15,9828
Alabama,2024-06-22,9824
Alabama,2024-06-29,10231
Alabama,2024-07-06,10207
Alabama,2024-07-13,12415
Alabama,2024-07-20,10876
Alabama,2024-07-27,10559
Alabama,2024-08-03,10464
Alabama,2024-08-10,10175
Alabama,2024-08-17,9711
Alabama,2024-08-24,10511
Alabama,2024-08-31,9223
Alabama,2024-09-07,8917
Alabama,2024-09-14,9145
Alabama,2024-09-21,8877
Alabama,2024-09-28,8613
Alabama,2024-10-05,8687
Alabama,2024-10-12,8660
Alabama,2024-10-19,8638
Alabama,2024-10-26,8416
Alabama,2024-11-02,8398
Alabama,2024-11-09,8327
Alabama,2024-11-16,8364
Alabama,2024-11-23,8626
Alabama,2024-11-30,8459
Alabama,2024-12-07,9267
Alabama,2024-12-14,8825
Alabama,2024-12-21,8780
Alabama,2024-12-28,9034
Alabama,2025-01-04,11501
Alabama,2025-01-11,10649
Alabama,2025-01-18,9739
Alabama,2025-01-25,9217
Alabama,2025-02-01,9747
Alabama,2025-02-08,9204
Alabama,2025-02-15,9121
Alabama,2025-02-22,9158
Alabama,2025-03-01,9010
Alabama,2025-03-08,8648
Alabama,2025-03-15,8675
Alabama,2025-03-22,8626
Alabama,2025-03-29,8325
Alabama,2025-04-05,8383
Alabama,2025-04-12,8068
Alaska,2020-01-04,10177
Alaska,2020-01-11,9310
Alaska,2020-01-18,9984
Alaska,2020-01-25,9496
Alaska,2020-02-01,9579
Alaska,2020-02-08,9161
Alaska,2020-02-15,9343
Alaska,2020-02-22,8864
Alaska,2020-02-29,8938
Alaska,2020-03-07,8266
Alaska,2020-03-14,8522
Alaska,2020-03-21,8512
Alaska,2020-03-28,11173
Alaska,2020-04-04,19845
Alaska,2020-04-11,35365
Alaska,2020-04-18,48096
Alaska,2020-04-25,52022
Alaska,2020-05-02,49893
Alaska,2020-05-09,50791
Alaska,2020-05-16,50049
Alaska,2020-05-23,48000
Alaska,2020-05-30,47344
Alaska,2020-06-06,47123
Alaska,2020-06-13,45792
Alaska,2020-06-20,44380
Alaska,2020-06-27,43208
Alaska,2020-07-04,42110
Alaska,2020-07-11,43225
Alaska,2020-07-18,41685
Alaska,2020-07-25,40596
Alaska,2020-08-01,39002
Alaska,2020-08-08,34442
Alaska,2020-08-15,32899
Alaska,2020-08-22,31673
Alaska,2020-08-29,29524
Alaska,2020-09-05,27536
Alaska,2020-09-12,25762
Alaska,2020-09-19,24089
Alaska,2020-09-26,22532
Alaska,2020-10-03,21131
Alaska,2020-10-10,20264
Alaska,2020-10-17,19754
Alaska,2020-10-24,18974
Alaska,2020-10-31,18867
Alaska,2020-11-07,19083
Alaska,2020-11-14,19332
Alaska,2020-11-21,19831
Alaska,2020-11-28,19466
Alaska,2020-12-05,20295
Alaska,2020-12-12,20269
Alaska,2020-12-19,20235
Alaska,2020-12-26,19791
Alaska,2021-01-02,20064
Alaska,2021-01-09,19702
Alaska,2021-01-16,19101
Alaska,2021-01-23,18970
Alaska,2021-01-30,18936
Alaska,2021-02-06,19042
Alaska,2021-02-13,17402
Alaska,2021-02-20,16978
Alaska,2021-02-27,17466
Alaska,2021-03-06,16622
Alaska,2021-03-13,15751
Alaska,2021-03-20,14897
Alaska,2021-03-27,14918
Alaska,2021-04-03,14007
Alaska,2021-04-10,14508
Alaska,2021-04-17,14115
Alaska,2021-04-24,13443
Alaska,2021-05-01,12949
Alaska,2021-05-08,12441
Alaska,2021-05-15,12403
Alaska,2021-05-22,11930
Alaska,2021-05-29,11151
Alaska,2021-06-05,11183
Alaska,2021-06-12,10583
Alaska,2021-06-19,9693
Alaska,2021-06-26,9074
Alaska,2021-07-03,8163
Alaska,2021-07-10,7719
Alaska,2021-07-17,7348
Alaska,2021-07-24,6982
Alaska,2021-07-31,6687
Alaska,2021-08-07,6405
Alaska,2021-08-14,6145
Alaska,2021-08-21,5920
Alaska,2021-08-28,5673
Alaska,2021-09-04,5337
Alaska,2021-09-11,5032
Alaska,2021-09-18,8764
Alaska,2021-09-25,7645
Alaska,2021-10-02,6948
Alaska,2021-10-09,6597
Alaska,2021-10-16,6504
Alaska,2021-10-23,6624
Alaska,2021-10-30,6581
Alaska,2021-11-06,7050
Alaska,2021-11-13,7361
Alaska,2021-11-20,7782
Alaska,2021-11-27,7942
Alaska,2021-12-04,8746
Alaska,2021-12-11,8657
Alaska,2021-12-18,8694
Alaska,2021-12-25,8472
Alaska,2022-01-01,8936
Alaska,2022-01-08,8899
Alaska,2022-01-15,8814
Alaska,2022-01-22,8385
Alaska,2022-01-29,8097
Alaska,2022-02-05,7708
Alaska,2022-02-12,7481
Alaska,2022-02-19,7331
Alaska,2022-02-26,6790
Alaska,2022-03-05,6698
Alaska,2022-03-12,6471
Alaska,2022-03-19,6415
Alaska,2022-03-26,6126
Alaska,2022-04-02,5929
Alaska,2022-04-09,5644
Alaska,2022-04-16,5371
Alaska,2022-04-23,5397
Alaska,2022-04-30,5384
Alaska,2022-05-07,5265
Alaska,2022-05-14,5009
Alaska,2022-05-21,4751
Alaska,2022-05-28,4448
Alaska,2022-06-04,4439
Alaska,2022-06-11,4335
Alaska,2022-06-18,4017
Alaska,2022-06-25,3838
Alaska,2022-07-02,3666
Alaska,2022-07-09,3527
Alaska,2022-07-16,3632
Alaska,2022-07-23,3547
Alaska,2022-07-30,3540
Alaska,2022-08-06,3560
Alaska,2022-08-13,3517
Alaska,2022-08-20,3383
Alaska,2022-08-27,3310
Alaska,2022-09-03,3307
Alaska,2022-09-10,3314
Alaska,2022-09-17,3416
Alaska,2022-09-24,3442
Alaska,2022-10-01,3424
Alaska,2022-10-08,3505
Alaska,2022-10-15,3846
Alaska,2022-10-22,4270
Alaska,2022-10-29,4623
Alaska,2022-11-05,5024
Alaska,2022-11-12,5478
Alaska,2022-11-19,5867
Alaska,2022-11-26,5732
Alaska,2022-12-03,6474
Alaska,2022-12-10,6573
Alaska,2022-12-17,6656
Alaska,2022-12-24,6632
Alaska,2022-12-31,6588
Alaska,2023-01-07,6880
Alaska,2023-01-14,6818
Alaska,2023-01-21,6662
Alaska,2023-01-28,6566
Alaska,2023-02-04,6429
Alaska,2023-02-11,6228
Alaska,2023-02-18,6106
Alaska,2023-02-25,6106
Alaska,2023-03-04,5986
Alaska,2023-03-11,5844
Alaska,2023-03-18,5669
Alaska,2023-03-25,5615
Alaska,2023-04-01,5380
Alaska,2023-04-08,5227
Alaska,2023-04-15,5084
Alaska,2023-04-22,5117
Alaska,2023-04-29,5130
Alaska,2023-05-06,4945
Alaska,2023-05-13,4675
Alaska,2023-05-20,4458
Alaska,2023-05-27,4220
Alaska,2023-06-03,4140
Alaska,2023-06-10,3939
Alaska,2023-06-17,3724
Alaska,2023-06-24,3511
Alaska,2023-07-01,3471
Alaska,2023-07-08,3369
Alaska,2023-07-15,3491
Alaska,2023-07-22,3284
Alaska,2023-07-29,3355
Alaska,2023-08-05,3386
Alaska,2023-08-12,3353
Alaska,2023-08-19,3293
Alaska,2023-08-26,3136
Alaska,2023-09-02,3095
Alaska,2023-09-09,3136
Alaska,2023-09-16,3334
Alaska,2023-09-23,3451
Alaska,2023-09-30,3595
Alaska,2023-10-07,3684
Alaska,2023-10-14,3970
Alaska,2023-10-21,4320
Alaska,2023-10-28,4533
Alaska,2023-11-04,4990
Alaska,2023-11-11,5475
Alaska,2023-11-18,5986
Alaska,2023-11-25,6061
Alaska,2023-12-02,6468
Alaska,2023-12-09,6470
Alaska,2023-12-16,6755
Alaska,2023-12-23,6678
Alaska,2023-12-30,6786
Alaska,2024-01-06,6927
Alaska,2024-01-13,6999
Alaska,2024-01-20,6615
Alaska,2024-01-27,6641
Alaska,2024-02-03,6302
Alaska,2024-02-10,6248
Alaska,2024-02-17,6095
Alaska,2024-02-24,6045
Alaska,2024-03-02,5729
Alaska,2024-03-09,5696
Alaska,2024-03-16,5478
Alaska,2024-03-23,5563
Alaska,2024-03-30,5342
Alaska,2024-04-06,5090
Alaska,2024-04-13,4944
Alaska,2024-04-20,4824
Alaska,2024-04-27,4724
Alaska,2024-05-04,4907
Alaska,2024-05-11,4721
Alaska,2024-05-18,4649
Alaska,2024-05-25,4422
Alaska,2024-06-01,4361
Alaska,2024-06-08,4257
Alaska,2024-06-15,4116
Alaska,2024-06-22,3877
Alaska,2024-06-29,3706
Alaska,2024-07-06,3537
Alaska,2024-07-13,3599
Alaska,2024-07-20,3504
Alaska,2024-07-27,3591
Alaska,2024-08-03,3546
Alaska,2024-08-10,3553
Alaska,2024-08-17,3458
Alaska,2024-08-24,3403
Alaska,2024-08-31,3343
Alaska,2024-09-07,3315
Alaska,2024-09-14,3353
Alaska,2024-09-21,3575
Alaska,2024-09-28,3682
Alaska,2024-10-05,3835
Alaska,2024-10-12,3920
Alaska,2024-10-19,4173
Alaska,2024-10-26,4361
Alaska,2024-11-02,4644
Alaska,2024-11-09,4997
Alaska,2024-11-16,5549
Alaska,2024-11-23,5876
Alaska,2024-11-30,6109
Alaska,2024-12-07,6340
Alaska,2024-12-14,6342
Alaska,2024-12-21,6436
Alaska,2024-12-28,6298
Alaska,2025-01-04,6593
Alaska,2025-01-11,6650
Alaska,2025-01-18,6314
Alaska,2025-01-25,6203
Alaska,2025-02-01,5904
Alaska,2025-02-08,5883
Alaska,2025-02-15,5679
Alaska,2025-02-22,5653
Alaska,2025-03-01,5277
Alaska,2025-03-08,5391
Alaska,2025-03-15,5153
Alaska,2025-03-22,5149
Alaska,2025-03-29,4935
Alaska,2025-04-05,4754
Alaska,2025-04-12,4592
Arizona,2020-01-04,17991
Arizona,2020-01-11,18259
Arizona,2020-01-18,18421
Arizona,2020-01-25,18401
Arizona,2020-02-01,18854
Arizona,2020-02-08,18461
Arizona,2020-02-15,18516
Arizona,2020-02-22,18217
Arizona,2020-02-29,18137
Arizona,2020-03-07,17593
Arizona,2020-03-14,17595
Arizona,2020-03-21,18108
Arizona,2020-03-28,26387
Arizona,2020-04-04,62597
Arizona,2020-04-11,120592
Arizona,2020-04-18,170262
Arizona,2020-04-25,196401
Arizona,2020-05-02,218760
Arizona,2020-05-09,228806
Arizona,2020-05-16,230566
Arizona,2020-05-23,217968
Arizona,2020-05-30,209944
Arizona,2020-06-06,210605
Arizona,2020-06-13,209529
Arizona,2020-06-20,217934
Arizona,2020-06-27,217505
Arizona,2020-07-04,216603
Arizona,2020-07-11,227419
Arizona,2020-07-18,229352
Arizona,2020-07-25,230822
Arizona,2020-08-01,232497
Arizona,2020-08-08,219459
Arizona,2020-08-15,211212
Arizona,2020-08-22,205978
Arizona,2020-08-29,202716
Arizona,2020-09-05,200184
Arizona,2020-09-12,194479
Arizona,2020-09-19,190507
Arizona,2020-09-26,175837
Arizona,2020-10-03,168948
Arizona,2020-10-10,151436
Arizona,2020-10-17,137816
Arizona,2020-10-24,125852
Arizona,2020-10-31,112425
Arizona,2020-11-07,103243
Arizona,2020-11-14,95164
Arizona,2020-11-21,91485
Arizona,2020-11-28,81219
Arizona,2020-12-05,82614
Arizona,2020-12-12,75979
Arizona,2020-12-19,75045
Arizona,2020-12-26,69775
Arizona,2021-01-02,71901
Arizona,2021-01-09,76818
Arizona,2021-01-16,71369
Arizona,2021-01-23,70808
Arizona,2021-01-30,71444
Arizona,2021-02-06,69884
Arizona,2021-02-13,68986
Arizona,2021-02-20,64813
Arizona,2021-02-27,62964
Arizona,2021-03-06,60271
Arizona,2021-03-13,46404
Arizona,2021-03-20,48150
Arizona,2021-03-27,47675
Arizona,2021-04-03,49810
Arizona,2021-04-10,49853
Arizona,2021-04-17,51376
Arizona,2021-04-24,51837
Arizona,2021-05-01,54641
Arizona,2021-05-08,55156
Arizona,2021-05-15,55921
Arizona,2021-05-22,54556
Arizona,2021-05-29,54743
Arizona,2021-06-05,46538
Arizona,2021-06-12,47132
Arizona,2021-06-19,46159
Arizona,2021-06-26,44689
Arizona,2021-07-03,43825
Arizona,2021-07-10,42425
Arizona,2021-07-17,42197
Arizona,2021-07-24,41428
Arizona,2021-07-31,39919
Arizona,2021-08-07,38434
Arizona,2021-08-14,36247
Arizona,2021-08-21,35753
Arizona,2021-08-28,34255
Arizona,2021-09-04,32902
Arizona,2021-09-11,28519
Arizona,2021-09-18,28780
Arizona,2021-09-25,26371
Arizona,2021-10-02,24250
Arizona,2021-10-09,22829
Arizona,2021-10-16,20409
Arizona,2021-10-23,19846
Arizona,2021-10-30,18835
Arizona,2021-11-06,18870
Arizona,2021-11-13,16644
Arizona,2021-11-20,16730
Arizona,2021-11-27,14208
Arizona,2021-12-04,15190
Arizona,2021-12-11,13657
Arizona,2021-12-18,14248
Arizona,2021-12-25,12305
Arizona,2022-01-01,13157
Arizona,2022-01-08,13977
Arizona,2022-01-15,13290
Arizona,2022-01-22,13244
Arizona,2022-01-29,13536
Arizona,2022-02-05,13150
Arizona,2022-02-12,12628
Arizona,2022-02-19,12963
Arizona,2022-02-26,13288
Arizona,2022-03-05,13198
Arizona,2022-03-12,13001
Arizona,2022-03-19,13210
Arizona,2022-03-26,12909
Arizona,2022-04-02,13624
Arizona,2022-04-09,13313
Arizona,2022-04-16,14145
Arizona,2022-04-23,15430
Arizona,2022-04-30,16076
Arizona,2022-05-07,17079
Arizona,2022-05-14,17695
Arizona,2022-05-21,18266
Arizona,2022-05-28,18769
Arizona,2022-06-04,19561
Arizona,2022-06-11,19966
Arizona,2022-06-18,20727
Arizona,2022-06-25,20837
Arizona,2022-07-02,21089
Arizona,2022-07-09,21244
Arizona,2022-07-16,22764
Arizona,2022-07-23,23841
Arizona,2022-07-30,24170
Arizona,2022-08-06,24326
Arizona,2022-08-13,23659
Arizona,2022-08-20,23860
Arizona,2022-08-27,23313
Arizona,2022-09-03,23121
Arizona,2022-09-10,22391
Arizona,2022-09-17,22122
Arizona,2022-09-24,21626
Arizona,2022-10-01,20960
Arizona,2022-10-08,20129
Arizona,2022-10-15,20044
Arizona,2022-10-22,19546
Arizona,2022-10-29,19686
Arizona,2022-11-05,19087
Arizona,2022-11-12,17359
Arizona,2022-11-19,19080
Arizona,2022-11-26,16899
Arizona,2022-12-03,17918
Arizona,2022-12-10,17596
Arizona,2022-12-17,17851
Arizona,2022-12-24,17726
Arizona,2022-12-31,17687
Arizona,2023-01-07,17813
Arizona,2023-01-14,18588
Arizona,2023-01-21,18553
Arizona,2023-01-28,19275
Arizona,2023-02-04,19250
Arizona,2023-02-11,19299
Arizona,2023-02-18,19669
Arizona,2023-02-25,19479
Arizona,2023-03-04,19711
Arizona,2023-03-11,19515
Arizona,2023-03-18,19726
Arizona,2023-03-25,19944
Arizona,2023-04-01,20181
Arizona,2023-04-08,20031
Arizona,2023-04-15,20763
Arizona,2023-04-22,21955
Arizona,2023-04-29,23369
Arizona,2023-05-06,24592
Arizona,2023-05-13,25388
Arizona,2023-05-20,26211
Arizona,2023-05-27,26732
Arizona,2023-06-03,27186
Arizona,2023-06-10,28077
Arizona,2023-06-17,28518
Arizona,2023-06-24,28717
Arizona,2023-07-01,28893
Arizona,2023-07-08,28660
Arizona,2023-07-15,30148
Arizona,2023-07-22,31015
Arizona,2023-07-29,31200
Arizona,2023-08-05,31100
Arizona,2023-08-12,30865
Arizona,2023-08-19,30683
Arizona,2023-08-26,30160
Arizona,2023-09-02,29801
Arizona,2023-09-09,28869
Arizona,2023-09-16,28486
Arizona,2023-09-23,27549
Arizona,2023-09-30,27010
Arizona,2023-10-07,26085
Arizona,2023-10-14,25480
Arizona,2023-10-21,25181
Arizona,2023-10-28,24570
Arizona,2023-11-04,24098
Arizona,2023-11-11,21957
Arizona,2023-11-18,24147
Arizona,2023-11-25,21276
Arizona,2023-12-02,22159
Arizona,2023-12-09,21541
Arizona,2023-12-16,21661
Arizona,2023-12-23,21858
Arizona,2023-12-30,21387
Arizona,2024-01-06,21598
Arizona,2024-01-13,21826
Arizona,2024-01-20,21958
Arizona,2024-01-27,22264
Arizona,2024-02-03,22576
Arizona,2024-02-10,22534
Arizona,2024-02-17,22354
Arizona,2024-02-24,22306
Arizona,2024-03-02,22347
Arizona,2024-03-09,22019
Arizona,2024-03-16,22018
Arizona,2024-03-23,22091
Arizona,2024-03-30,22118
Arizona,2024-04-06,22070
Arizona,2024-04-13,22585
Arizona,2024-04-20,23583
Arizona,2024-04-27,24981
Arizona,2024-05-04,26213
Arizona,2024-05-11,27014
Arizona,2024-05-18,27892
Arizona,2024-05-25,28434
Arizona,2024-06-01,29005
Arizona,2024-06-08,29510
Arizona,2024-06-15,30040
Arizona,2024-06-22,30263
Arizona,2024-06-29,31139
Arizona,2024-07-06,30724
Arizona,2024-07-13,32023
Arizona,2024-07-20,32635
Arizona,2024-07-27,32980
Arizona,2024-08-03,33343
Arizona,2024-08-10,33131
Arizona,2024-08-17,32705
Arizona,2024-08-24,32464
Arizona,2024-08-31,32032
Arizona,2024-09-07,31399
Arizona,2024-09-14,30837
Arizona,2024-09-21,29990
Arizona,2024-09-28,29073
Arizona,2024-10-05,28526
Arizona,2024-10-12,27666
Arizona,2024-10-19,26924
Arizona,2024-10-26,26254
Arizona,2024-11-02,25485
Arizona,2024-11-09,24770
Arizona,2024-11-16,24230
Arizona,2024-11-23,23544
Arizona,2024-11-30,22033
Arizona,2024-12-07,22867
Arizona,2024-12-14,21999
Arizona,2024-12-21,22433
Arizona,2024-12-28,21613
Arizona,2025-01-04,22116
Arizona,2025-01-11,21883
Arizona,2025-01-18,22513
Arizona,2025-01-25,22339
Arizona,2025-02-01,22706
Arizona,2025-02-08,22452
Arizona,2025-02-15,22625
Arizona,2025-02-22,22477
Arizona,2025-03-01,22450
Arizona,2025-03-08,22557
Arizona,2025-03-15,21903
Arizona,2025-03-22,23586
Arizona,2025-03-29,24015
Arizona,2025-04-05,23783
Arizona,2025-04-12,24770
Arkansas,2020-01-04,15323
Arkansas,2020-01-11,15536
Arkansas,2020-01-18,13229
Arkansas,2020-01-25,12331
Arkansas,2020-02-01,13210
Arkansas,2020-02-08,12964
Arkansas,2020-02-15,12979
Arkansas,2020-02-22,12546
Arkansas,2020-02-29,12244
Arkansas,2020-03-07,11618
Arkansas,2020-03-14,11514
Arkansas,2020-03-21,10988
Arkansas,2020-03-28,16148
Arkansas,2020-04-04,36499
Arkansas,2020-04-11,66511
Arkansas,2020-04-18,91278
Arkansas,2020-04-25,109337
Arkansas,2020-05-02,119332
Arkansas,2020-05-09,122522
Arkansas,2020-05-16,122408
Arkansas,2020-05-23,120043
Arkansas,2020-05-30,115365
Arkansas,2020-06-06,115482
Arkansas,2020-06-13,113623
Arkansas,2020-06-20,112189
Arkansas,2020-06-27,108691
Arkansas,2020-07-04,104692
Arkansas,2020-07-11,99083
Arkansas,2020-07-18,100026
Arkansas,2020-07-25,94113
Arkansas,2020-08-01,79564
Arkansas,2020-08-08,62402
Arkansas,2020-08-15,52946
Arkansas,2020-08-22,48069
Arkansas,2020-08-29,44564
Arkansas,2020-09-05,42795
Arkansas,2020-09-12,38926
Arkansas,2020-09-19,40856
Arkansas,2020-09-26,37975
Arkansas,2020-10-03,36883
Arkansas,2020-10-10,32303
Arkansas,2020-10-17,30873
Arkansas,2020-10-24,26311
Arkansas,2020-10-31,27441
Arkansas,2020-11-07,24049
Arkansas,2020-11-14,21884
Arkansas,2020-11-21,24239
Arkansas,2020-11-28,21220
Arkansas,2020-12-05,24634
Arkansas,2020-12-12,21953
Arkansas,2020-12-19,22463
Arkansas,2020-12-26,19868
Arkansas,2021-01-02,23006
Arkansas,2021-01-09,24752
Arkansas,2021-01-16,22703
Arkansas,2021-01-23,22562
Arkansas,2021-01-30,24543
Arkansas,2021-02-06,24244
Arkansas,2021-02-13,22475
Arkansas,2021-02-20,18978
Arkansas,2021-02-27,27675
Arkansas,2021-03-06,24848
Arkansas,2021-03-13,23969
Arkansas,2021-03-20,22531
Arkansas,2021-03-27,21180
Arkansas,2021-04-03,21676
Arkansas,2021-04-10,19541
Arkansas,2021-04-17,18312
Arkansas,2021-04-24,19986
Arkansas,2021-05-01,20053
Arkansas,2021-05-08,20885
Arkansas,2021-05-15,19553
Arkansas,2021-05-22,20147
Arkansas,2021-05-29,20555
Arkansas,2021-06-05,19345
Arkansas,2021-06-12,19862
Arkansas,2021-06-19,21156
Arkansas,2021-06-26,20567
Arkansas,2021-07-03,20211
Arkansas,2021-07-10,18405
Arkansas,2021-07-17,19551
Arkansas,2021-07-24,19657
Arkansas,2021-07-31,18616
Arkansas,2021-08-07,19148
Arkansas,2021-08-14,19429
Arkansas,2021-08-21,17083
Arkansas,2021-08-28,17039
Arkansas,2021-09-04,16152
Arkansas,2021-09-11,15539
Arkansas,2021-09-18,14586
Arkansas,2021-09-25,13516
Arkansas,2021-10-02,12493
Arkansas,2021-10-09,11811
Arkansas,2021-10-16,11754
Arkansas,2021-10-23,11018
Arkansas,2021-10-30,10917
Arkansas,2021-11-06,13154
Arkansas,2021-11-13,11143
Arkansas,2021-11-20,10885
Arkansas,2021-11-27,9050
Arkansas,2021-12-04,11093
Arkansas,2021-12-11,8970
Arkansas,2021-12-18,8656
Arkansas,2021-12-25,8651
Arkansas,2022-01-01,10240
Arkansas,2022-01-08,12235
Arkansas,2022-01-15,10636
Arkansas,2022-01-22,10434
Arkansas,2022-01-29,10480
Arkansas,2022-02-05,5749
Arkansas,2022-02-12,10796
Arkansas,2022-02-19,9722
Arkansas,2022-02-26,7909
Arkansas,2022-03-05,8649
Arkansas,2022-03-12,8185
Arkansas,2022-03-19,8213
Arkansas,2022-03-26,7328
Arkansas,2022-04-02,7973
Arkansas,2022-04-09,6758
Arkansas,2022-04-16,6846
Arkansas,2022-04-23,6563
Arkansas,2022-04-30,6318
Arkansas,2022-05-07,6529
Arkansas,2022-05-14,6796
Arkansas,2022-05-21,7042
Arkansas,2022-05-28,7064
Arkansas,2022-06-04,7193
Arkansas,2022-06-11,8035
Arkansas,2022-06-18,8747
Arkansas,2022-06-25,8813
Arkansas,2022-07-02,8603
Arkansas,2022-07-09,8748
Arkansas,2022-07-16,9769
Arkansas,2022-07-23,9965
Arkansas,2022-07-30,9451
Arkansas,2022-08-06,9229
Arkansas,2022-08-13,8808
Arkansas,2022-08-20,8513
Arkansas,2022-08-27,8153
Arkansas,2022-09-03,7655
Arkansas,2022-09-10,7055
Arkansas,2022-09-17,7892
Arkansas,2022-09-24,7231
Arkansas,2022-10-01,6846
Arkansas,2022-10-08,6811
Arkansas,2022-10-15,6393
Arkansas,2022-10-22,6740
Arkansas,2022-10-29,7347
Arkansas,2022-11-05,6838
Arkansas,2022-11-12,6779
Arkansas,2022-11-19,7333
Arkansas,2022-11-26,6443
Arkansas,2022-12-03,7424
Arkansas,2022-12-10,7332
Arkansas,2022-12-17,7286
Arkansas,2022-12-24,6773
Arkansas,2022-12-31,6840
Arkansas,2023-01-07,7542
Arkansas,2023-01-14,7250
Arkansas,2023-01-21,7050
Arkansas,2023-01-28,7683
Arkansas,2023-02-04,7186
Arkansas,2023-02-11,8430
Arkansas,2023-02-18,9143
Arkansas,2023-02-25,7004
Arkansas,2023-03-04,7917
Arkansas,2023-03-11,8031
Arkansas,2023-03-18,7710
Arkansas,2023-03-25,7596
Arkansas,2023-04-01,7366
Arkansas,2023-04-08,7237
Arkansas,2023-04-15,6813
Arkansas,2023-04-22,6757
Arkansas,2023-04-29,6860
Arkansas,2023-05-06,6947
Arkansas,2023-05-13,7052
Arkansas,2023-05-20,7818
Arkansas,2023-05-27,8014
Arkansas,2023-06-03,7704
Arkansas,2023-06-10,8523
Arkansas,2023-06-17,9341
Arkansas,2023-06-24,10447
Arkansas,2023-07-01,10843
Arkansas,2023-07-08,10682
Arkansas,2023-07-15,11691
Arkansas,2023-07-22,12222
Arkansas,2023-07-29,12070
Arkansas,2023-08-05,11488
Arkansas,2023-08-12,11279
Arkansas,2023-08-19,11217
Arkansas,2023-08-26,10103
Arkansas,2023-09-02,9912
Arkansas,2023-09-09,9634
Arkansas,2023-09-16,9372
Arkansas,2023-09-23,9017
Arkansas,2023-09-30,8841
Arkansas,2023-10-07,8208
Arkansas,2023-10-14,8203
Arkansas,2023-10-21,8397
Arkansas,2023-10-28,8949
Arkansas,2023-11-04,8916
Arkansas,2023-11-11,8913
Arkansas,2023-11-18,9437
Arkansas,2023-11-25,8706
Arkansas,2023-12-02,10102
Arkansas,2023-12-09,10293
Arkansas,2023-12-16,10330
Arkansas,2023-12-23,9997
Arkansas,2023-12-30,9712
Arkansas,2024-01-06,11135
Arkansas,2024-01-13,10803
Arkansas,2024-01-20,8954
Arkansas,2024-01-27,10601
Arkansas,2024-02-03,10576
Arkansas,2024-02-10,10677
Arkansas,2024-02-17,10721
Arkansas,2024-02-24,9528
Arkansas,2024-03-02,9739
Arkansas,2024-03-09,9537
Arkansas,2024-03-16,9269
Arkansas,2024-03-23,9012
Arkansas,2024-03-30,9356
Arkansas,2024-04-06,8502
Arkansas,2024-04-13,7970
Arkansas,2024-04-20,8138
Arkansas,2024-04-27,8493
Arkansas,2024-05-04,8601
Arkansas,2024-05-11,7549
Arkansas,2024-05-18,7807
Arkansas,2024-05-25,7721
Arkansas,2024-06-01,7830
Arkansas,2024-06-08,8375
Arkansas,2024-06-15,8637
Arkansas,2024-06-22,8685
Arkansas,2024-06-29,9013
Arkansas,2024-07-06,8668
Arkansas,2024-07-13,9503
Arkansas,2024-07-20,9135
Arkansas,2024-07-27,9326
Arkansas,2024-08-03,9120
Arkansas,2024-08-10,9176
Arkansas,2024-08-17,8430
Arkansas,2024-08-24,8032
Arkansas,2024-08-31,7403
Arkansas,2024-09-07,7400
Arkansas,2024-09-14,7417
Arkansas,2024-09-21,6960
Arkansas,2024-09-28,7085
Arkansas,2024-10-05,6771
Arkansas,2024-10-12,6369
Arkansas,2024-10-19,6652
Arkansas,2024-10-26,6819
Arkansas,2024-11-02,6709
Arkansas,2024-11-09,7036
Arkansas,2024-11-16,6754
Arkansas,2024-11-23,7269
Arkansas,2024-11-30,6434
Arkansas,2024-12-07,7818
Arkansas,2024-12-14,7431
Arkansas,2024-12-21,7469
Arkansas,2024-12-28,7035
Arkansas,2025-01-04,8119
Arkansas,2025-01-11,7830
Arkansas,2025-01-18,8202
Arkansas,2025-01-25,7788
Arkansas,2025-02-01,8120
Arkansas,2025-02-08,7836
Arkansas,2025-02-15,7863
Arkansas,2025-02-22,7371
Arkansas,2025-03-01,8329
Arkansas,2025-03-08,7526
Arkansas,2025-03-15,7451
Arkansas,2025-03-22,6946
Arkansas,2025-03-29,7016
Arkansas,2025-04-05,7260
Arkansas,2025-04-12,6985
California,2020-01-04,359606
California,2020-01-11,356376
California,2020-01-18,376947
California,2020-01-25,336269
California,2020-02-01,388341
California,2020-02-08,359156
California,2020-02-15,375305
California,2020-02-22,349252
California,2020-02-29,369988
California,2020-03-07,378864
California,2020-03-14,351344
California,2020-03-21,421912
California,2020-03-28,400565
California,2020-04-04,1076761
California,2020-04-11,1429954
California,2020-04-18,2422458
California,2020-04-25,1887575
California,2020-05-02,4808361
California,2020-05-09,2850204
California,2020-05-16,3565153
California,2020-05-23,2155310
California,2020-05-30,2752401
California,2020-06-06,2812484
California,2020-06-13,3001413
California,2020-06-20,2779425
California,2020-06-27,2901601
California,2020-07-04,2758474
California,2020-07-11,2946807
California,2020-07-18,2704904
California,2020-07-25,3140619
California,2020-08-01,2789482
California,2020-08-08,2961188
California,2020-08-15,2806840
California,2020-08-22,2837991
California,2020-08-29,2570005
California,2020-09-05,3012587
California,2020-09-12,2724331
California,2020-09-19,2802145
California,2020-09-26,2274592
California,2020-10-03,2212779
California,2020-10-10,2011273
California,2020-10-17,1836240
California,2020-10-24,1653245
California,2020-10-31,1561263
California,2020-11-07,1446336
California,2020-11-14,1388837
California,2020-11-21,1277409
California,2020-11-28,1103423
California,2020-12-05,1224826
California,2020-12-12,1159688
California,2020-12-19,1006699
California,2020-12-26,1048514
California,2021-01-02,876615
California,2021-01-09,973908
California,2021-01-16,894354
California,2021-01-23,816618
California,2021-01-30,778456
California,2021-02-06,771537
California,2021-02-13,728794
California,2021-02-20,792120
California,2021-02-27,765925
California,2021-03-06,705063
California,2021-03-13,679163
California,2021-03-20,679785
California,2021-03-27,633592
California,2021-04-03,630126
California,2021-04-10,603980
California,2021-04-17,573254
California,2021-04-24,581508
California,2021-05-01,583538
California,2021-05-08,590542
California,2021-05-15,635780
California,2021-05-22,572296
California,2021-05-29,667181
California,2021-06-05,597076
California,2021-06-12,647739
California,2021-06-19,595705
California,2021-06-26,653867
California,2021-07-03,594334
California,2021-07-10,617944
California,2021-07-17,716486
California,2021-07-24,833426
California,2021-07-31,565253
California,2021-08-07,609094
California,2021-08-14,555967
California,2021-08-21,637805
California,2021-08-28,546610
California,2021-09-04,590228
California,2021-09-11,492694
California,2021-09-18,541670
California,2021-09-25,492804
California,2021-10-02,535080
California,2021-10-09,514464
California,2021-10-16,504437
California,2021-10-23,461609
California,2021-10-30,450232
California,2021-11-06,481520
California,2021-11-13,404021
California,2021-11-20,433140
California,2021-11-27,336256
California,2021-12-04,463462
California,2021-12-11,386859
California,2021-12-18,421772
California,2021-12-25,353715
California,2022-01-01,392792
California,2022-01-08,395492
California,2022-01-15,415459
California,2022-01-22,410294
California,2022-01-29,442175
California,2022-02-05,434688
California,2022-02-12,438176
California,2022-02-19,422711
California,2022-02-26,394567
California,2022-03-05,413899
California,2022-03-12,408725
California,2022-03-19,396077
California,2022-03-26,387804
California,2022-04-02,388338
California,2022-04-09,366445
California,2022-04-16,363461
California,2022-04-23,343777
California,2022-04-30,343877
California,2022-05-07,341049
California,2022-05-14,322281
California,2022-05-21,328856
California,2022-05-28,306840
California,2022-06-04,292892
California,2022-06-11,291316
California,2022-06-18,293679
California,2022-06-25,295392
California,2022-07-02,306591
California,2022-07-09,279874
California,2022-07-16,320429
California,2022-07-23,315075
California,2022-07-30,313985
California,2022-08-06,320549
California,2022-08-13,311496
California,2022-08-20,309220
California,2022-08-27,312836
California,2022-09-03,306151
California,2022-09-10,282594
California,2022-09-17,306065
California,2022-09-24,292978
California,2022-10-01,298635
California,2022-10-08,290110
California,2022-10-15,284522
California,2022-10-22,288572
California,2022-10-29,300261
California,2022-11-05,299947
California,2022-11-12,278914
California,2022-11-19,305717
California,2022-11-26,265891
California,2022-12-03,350923
California,2022-12-10,335260
California,2022-12-17,351982
California,2022-12-24,325302
California,2022-12-31,335862
California,2023-01-07,349788
California,2023-01-14,387322
California,2023-01-21,367929
California,2023-01-28,399099
California,2023-02-04,395952
California,2023-02-11,403719
California,2023-02-18,394717
California,2023-02-25,379846
California,2023-03-04,408613
California,2023-03-11,405909
California,2023-03-18,403898
California,2023-03-25,413320
California,2023-04-01,405074
California,2023-04-08,417610
California,2023-04-15,426513
California,2023-04-22,427236
California,2023-04-29,421360
California,2023-05-06,416922
California,2023-05-13,394846
California,2023-05-20,390586
California,2023-05-27,390133
California,2023-06-03,383527
California,2023-06-10,401810
California,2023-06-17,398378
California,2023-06-24,384630
California,2023-07-01,384132
California,2023-07-08,374522
California,2023-07-15,421920
California,2023-07-22,401510
California,2023-07-29,403956
California,2023-08-05,395757
California,2023-08-12,395743
California,2023-08-19,394630
California,2023-08-26,389707
California,2023-09-02,383328
California,2023-09-09,360407
California,2023-09-16,379543
California,2023-09-23,368361
California,2023-09-30,367250
California,2023-10-07,353469
California,2023-10-14,353299
California,2023-10-21,356484
California,2023-10-28,360585
California,2023-11-04,363044
California,2023-11-11,348581
California,2023-11-18,368005
California,2023-11-25,323487
California,2023-12-02,409733
California,2023-12-09,383897
California,2023-12-16,386931
California,2023-12-23,375953
California,2023-12-30,377924
California,2024-01-06,400819
California,2024-01-13,424504
California,2024-01-20,391330
California,2024-01-27,436098
California,2024-02-03,410758
California,2024-02-10,436201
California,2024-02-17,412409
California,2024-02-24,424830
California,2024-03-02,428402
California,2024-03-09,447661
California,2024-03-16,420029
California,2024-03-23,445103
California,2024-03-30,417403
California,2024-04-06,418913
California,2024-04-13,400016
California,2024-04-20,410557
California,2024-04-27,404739
California,2024-05-04,402324
California,2024-05-11,388073
California,2024-05-18,387946
California,2024-05-25,379154
California,2024-06-01,375274
California,2024-06-08,386318
California,2024-06-15,379499
California,2024-06-22,380139
California,2024-06-29,387023
California,2024-07-06,378987
California,2024-07-13,407760
California,2024-07-20,399243
California,2024-07-27,401720
California,2024-08-03,402464
California,2024-08-10,391733
California,2024-08-17,386327
California,2024-08-24,381647
California,2024-08-31,375514
California,2024-09-07,350057
California,2024-09-14,359022
California,2024-09-21,358479
California,2024-09-28,361035
California,2024-10-05,356807
California,2024-10-12,341603
California,2024-10-19,342707
California,2024-10-26,342468
California,2024-11-02,351549
California,2024-11-09,352534
California,2024-11-16,343460
California,2024-11-23,363372
California,2024-11-30,327988
California,2024-12-07,409278
California,2024-12-14,384387
California,2024-12-21,397421
California,2024-12-28,352924
California,2025-01-04,395573
California,2025-01-11,413299
California,2025-01-18,441557
California,2025-01-25,393039
California,2025-02-01,436020
California,2025-02-08,423526
California,2025-02-15,430402
California,2025-02-22,406590
California,2025-03-01,431112
California,2025-03-08,426192
California,2025-03-15,421710
California,2025-03-22,422728
California,2025-03-29,430176
California,2025-04-05,410328
California,2025-04-12,409131
Colorado,2020-01-04,21391
Colorado,2020-01-11,21492
Colorado,2020-01-18,21104
Colorado,2020-01-25,22738
Colorado,2020-02-01,21560
Colorado,2020-02-08,22881
Colorado,2020-02-15,22076
Colorado,2020-02-22,23694
Colorado,2020-02-29,22409
Colorado,2020-03-07,22908
Colorado,2020-03-14,21260
Colorado,2020-03-21,21309
Colorado,2020-03-28,21956
Colorado,2020-04-04,73584
Colorado,2020-04-11,166593
Colorado,2020-04-18,171434
Colorado,2020-04-25,228713
Colorado,2020-05-02,228683
Colorado,2020-05-09,261951
Colorado,2020-05-16,246507
Colorado,2020-05-23,265499
Colorado,2020-05-30,244600
Colorado,2020-06-06,263810
Colorado,2020-06-13,242785
Colorado,2020-06-20,259341
Colorado,2020-06-27,237236
Colorado,2020-07-04,246108
Colorado,2020-07-11,228224
Colorado,2020-07-18,239098
Colorado,2020-07-25,224204
Colorado,2020-08-01,224130
Colorado,2020-08-08,198702
Colorado,2020-08-15,197296
Colorado,2020-08-22,180390
Colorado,2020-08-29,177822
Colorado,2020-09-05,162261
Colorado,2020-09-12,157091
Colorado,2020-09-19,151250
Colorado,2020-09-26,143856
Colorado,2020-10-03,127012
Colorado,2020-10-10,124333
Colorado,2020-10-17,111822
Colorado,2020-10-24,105759
Colorado,2020-10-31,96782
Colorado,2020-11-07,92367
Colorado,2020-11-14,86785
Colorado,2020-11-21,86082
Colorado,2020-11-28,79697
Colorado,2020-12-05,91648
Colorado,2020-12-12,97572
Colorado,2020-12-19,98885
Colorado,2020-12-26,103251
Colorado,2021-01-02,110035
Colorado,2021-01-09,147288
Colorado,2021-01-16,89537
Colorado,2021-01-23,56543
Colorado,2021-01-30,48749
Colorado,2021-02-06,50366
Colorado,2021-02-13,47827
Colorado,2021-02-20,47863
Colorado,2021-02-27,47285
Colorado,2021-03-06,49419
Colorado,2021-03-13,48006
Colorado,2021-03-20,46601
Colorado,2021-03-27,47573
Colorado,2021-04-03,50973
Colorado,2021-04-10,46853
Colorado,2021-04-17,44047
Colorado,2021-04-24,43351
Colorado,2021-05-01,42812
Colorado,2021-05-08,41712
Colorado,2021-05-15,41377
Colorado,2021-05-22,40925
Colorado,2021-05-29,40286
Colorado,2021-06-05,38991
Colorado,2021-06-12,38518
Colorado,2021-06-19,39925
Colorado,2021-06-26,39271
Colorado,2021-07-03,39269
Colorado,2021-07-10,36345
Colorado,2021-07-17,36692
Colorado,2021-07-24,36449
Colorado,2021-07-31,35293
Colorado,2021-08-07,34449
Colorado,2021-08-14,33246
Colorado,2021-08-21,32553
Colorado,2021-08-28,30152
Colorado,2021-09-04,29908
Colorado,2021-09-11,26346
Colorado,2021-09-18,31773
Colorado,2021-09-25,31177
Colorado,2021-10-02,28661
Colorado,2021-10-09,25813
Colorado,2021-10-16,24901
Colorado,2021-10-23,22956
Colorado,2021-10-30,22971
Colorado,2021-11-06,22365
Colorado,2021-11-13,22503
Colorado,2021-11-20,20365
Colorado,2021-11-27,18864
Colorado,2021-12-04,20688
Colorado,2021-12-11,21109
Colorado,2021-12-18,20060
Colorado,2021-12-25,17686
Colorado,2022-01-01,19240
Colorado,2022-01-08,29038
Colorado,2022-01-15,28361
Colorado,2022-01-22,28309
Colorado,2022-01-29,29852
Colorado,2022-02-05,27466
Colorado,2022-02-12,27915
Colorado,2022-02-19,26168
Colorado,2022-02-26,25812
Colorado,2022-03-05,25351
Colorado,2022-03-12,24361
Colorado,2022-03-19,22434
Colorado,2022-03-26,21384
Colorado,2022-04-02,20590
Colorado,2022-04-09,18559
Colorado,2022-04-16,19053
Colorado,2022-04-23,18290
Colorado,2022-04-30,17495
Colorado,2022-05-07,17113
Colorado,2022-05-14,16566
Colorado,2022-05-21,16535
Colorado,2022-05-28,15995
Colorado,2022-06-04,15708
Colorado,2022-06-11,17682
Colorado,2022-06-18,16768
Colorado,2022-06-25,16277
Colorado,2022-07-02,16566
Colorado,2022-07-09,15895
Colorado,2022-07-16,16472
Colorado,2022-07-23,17487
Colorado,2022-07-30,17218
Colorado,2022-08-06,17457
Colorado,2022-08-13,17055
Colorado,2022-08-20,17383
Colorado,2022-08-27,16684
Colorado,2022-09-03,16327
Colorado,2022-09-10,15927
Colorado,2022-09-17,16527
Colorado,2022-09-24,16357
Colorado,2022-10-01,16233
Colorado,2022-10-08,15901
Colorado,2022-10-15,16660
Colorado,2022-10-22,16865
Colorado,2022-10-29,17538
Colorado,2022-11-05,17817
Colorado,2022-11-12,18085
Colorado,2022-11-19,18781
Colorado,2022-11-26,18128
Colorado,2022-12-03,20786
Colorado,2022-12-10,20311
Colorado,2022-12-17,21482
Colorado,2022-12-24,21211
Colorado,2022-12-31,21898
Colorado,2023-01-07,22958
Colorado,2023-01-14,23777
Colorado,2023-01-21,24356
Colorado,2023-01-28,25479
Colorado,2023-02-04,25902
Colorado,2023-02-11,26236
Colorado,2023-02-18,26681
Colorado,2023-02-25,26486
Colorado,2023-03-04,27914
Colorado,2023-03-11,25710
Colorado,2023-03-18,24671
Colorado,2023-03-25,24272
Colorado,2023-04-01,21415
Colorado,2023-04-08,20670
Colorado,2023-04-15,21102
Colorado,2023-04-22,20497
Colorado,2023-04-29,20221
Colorado,2023-05-06,19952
Colorado,2023-05-13,19398
Colorado,2023-05-20,18767
Colorado,2023-05-27,18946
Colorado,2023-06-03,18945
Colorado,2023-06-10,18876
Colorado,2023-06-17,19825
Colorado,2023-06-24,21606
Colorado,2023-07-01,19934
Colorado,2023-07-08,18807
Colorado,2023-07-15,19337
Colorado,2023-07-22,20997
Colorado,2023-07-29,20534
Colorado,2023-08-05,21472
Colorado,2023-08-12,21581
Colorado,2023-08-19,21826
Colorado,2023-08-26,21755
Colorado,2023-09-02,21551
Colorado,2023-09-09,21504
Colorado,2023-09-16,22491
Colorado,2023-09-23,23040
Colorado,2023-09-30,22600
Colorado,2023-10-07,22588
Colorado,2023-10-14,23375
Colorado,2023-10-21,23911
Colorado,2023-10-28,24358
Colorado,2023-11-04,24944
Colorado,2023-11-11,25328
Colorado,2023-11-18,25093
Colorado,2023-11-25,24565
Colorado,2023-12-02,24998
Colorado,2023-12-09,26999
Colorado,2023-12-16,29396
Colorado,2023-12-23,29472
Colorado,2023-12-30,29997
Colorado,2024-01-06,32332
Colorado,2024-01-13,32405
Colorado,2024-01-20,33253
Colorado,2024-01-27,34535
Colorado,2024-02-03,34857
Colorado,2024-02-10,32236
Colorado,2024-02-17,32713
Colorado,2024-02-24,32208
Colorado,2024-03-02,32218
Colorado,2024-03-09,31882
Colorado,2024-03-16,28649
Colorado,2024-03-23,28534
Colorado,2024-03-30,28434
Colorado,2024-04-06,28295
Colorado,2024-04-13,26818
Colorado,2024-04-20,29785
Colorado,2024-04-27,27427
Colorado,2024-05-04,27561
Colorado,2024-05-11,27081
Colorado,2024-05-18,27319
Colorado,2024-05-25,27256
Colorado,2024-06-01,26727
Colorado,2024-06-08,27038
Colorado,2024-06-15,27567
Colorado,2024-06-22,27246
Colorado,2024-06-29,27364
Colorado,2024-07-06,26866
Colorado,2024-07-13,27084
Colorado,2024-07-20,26339
Colorado,2024-07-27,27157
Colorado,2024-08-03,27607
Colorado,2024-08-10,27528
Colorado,2024-08-17,27257
Colorado,2024-08-24,26648
Colorado,2024-08-31,26373
Colorado,2024-09-07,26016
Colorado,2024-09-14,26263
Colorado,2024-09-21,25985
Colorado,2024-09-28,26310
Colorado,2024-10-05,25954
Colorado,2024-10-12,25987
Colorado,2024-10-19,25993
Colorado,2024-10-26,26442
Colorado,2024-11-02,26746
Colorado,2024-11-09,27018
Colorado,2024-11-16,27883
Colorado,2024-11-23,28530
Colorado,2024-11-30,28322
Colorado,2024-12-07,28785
Colorado,2024-12-14,29562
Colorado,2024-12-21,30353
Colorado,2024-12-28,29926
Colorado,2025-01-04,30127
Colorado,2025-01-11,30966
Colorado,2025-01-18,32210
Colorado,2025-01-25,32789
Colorado,2025-02-01,33101
Colorado,2025-02-08,33743
Colorado,2025-02-15,33717
Colorado,2025-02-22,33785
Colorado,2025-03-01,33771
Colorado,2025-03-08,33837
Colorado,2025-03-15,33228
Colorado,2025-03-22,32421
Colorado,2025-03-29,31977
Colorado,2025-04-05,31640
Colorado,2025-04-12,30937
Connecticut,2020-01-04,46562
Connecticut,2020-01-11,47540
Connecticut,2020-01-18,42483
Connecticut,2020-01-25,41760
Connecticut,2020-02-01,41725
Connecticut,2020-02-08,41633
Connecticut,2020-02-15,39384
Connecticut,2020-02-22,41691
Connecticut,2020-02-29,42168
Connecticut,2020-03-07,40638
Connecticut,2020-03-14,39786
Connecticut,2020-03-21,44194
Connecticut,2020-03-28,80861
Connecticut,2020-04-04,147939
Connecticut,2020-04-11,189196
Connecticut,2020-04-18,306047
Connecticut,2020-04-25,309111
Connecticut,2020-05-02,297549
Connecticut,2020-05-09,319529
Connecticut,2020-05-16,297088
Connecticut,2020-05-23,272695
Connecticut,2020-05-30,248663
Connecticut,2020-06-06,269117
Connecticut,2020-06-13,260518
Connecticut,2020-06-20,250774
Connecticut,2020-06-27,247195
Connecticut,2020-07-04,251926
Connecticut,2020-07-11,254461
Connecticut,2020-07-18,249732
Connecticut,2020-07-25,251760
Connecticut,2020-08-01,252297
Connecticut,2020-08-08,231207
Connecticut,2020-08-15,224521
Connecticut,2020-08-22,230642
Connecticut,2020-08-29,242193
Connecticut,2020-09-05,196677
Connecticut,2020-09-12,167339
Connecticut,2020-09-19,175902
Connecticut,2020-09-26,161782
Connecticut,2020-10-03,137325
Connecticut,2020-10-10,121369
Connecticut,2020-10-17,96689
Connecticut,2020-10-24,101110
Connecticut,2020-10-31,96577
Connecticut,2020-11-07,90341
Connecticut,2020-11-14,83277
Connecticut,2020-11-21,78742
Connecticut,2020-11-28,74606
Connecticut,2020-12-05,75578
Connecticut,2020-12-12,74718
Connecticut,2020-12-19,73906
Connecticut,2020-12-26,73730
Connecticut,2021-01-02,78573
Connecticut,2021-01-09,84875
Connecticut,2021-01-16,85625
Connecticut,2021-01-23,85480
Connecticut,2021-01-30,86359
Connecticut,2021-02-06,84529
Connecticut,2021-02-13,83429
Connecticut,2021-02-20,77719
Connecticut,2021-02-27,85369
Connecticut,2021-03-06,79639
Connecticut,2021-03-13,76829
Connecticut,2021-03-20,73919
Connecticut,2021-03-27,77640
Connecticut,2021-04-03,80098
Connecticut,2021-04-10,80048
Connecticut,2021-04-17,82460
Connecticut,2021-04-24,81472
Connecticut,2021-05-01,76013
Connecticut,2021-05-08,72142
Connecticut,2021-05-15,69894
Connecticut,2021-05-22,67009
Connecticut,2021-05-29,64790
Connecticut,2021-06-05,55501
Connecticut,2021-06-12,60687
Connecticut,2021-06-19,59026
Connecticut,2021-06-26,59763
Connecticut,2021-07-03,61372
Connecticut,2021-07-10,53063
Connecticut,2021-07-17,52611
Connecticut,2021-07-24,49823
Connecticut,2021-07-31,48325
Connecticut,2021-08-07,46765
Connecticut,2021-08-14,47177
Connecticut,2021-08-21,46118
Connecticut,2021-08-28,44843
Connecticut,2021-09-04,42556
Connecticut,2021-09-11,32874
Connecticut,2021-09-18,34877
Connecticut,2021-09-25,32076
Connecticut,2021-10-02,29564
Connecticut,2021-10-09,27642
Connecticut,2021-10-16,23327
Connecticut,2021-10-23,25081
Connecticut,2021-10-30,23410
Connecticut,2021-11-06,23788
Connecticut,2021-11-13,22492
Connecticut,2021-11-20,22469
Connecticut,2021-11-27,21766
Connecticut,2021-12-04,23487
Connecticut,2021-12-11,22944
Connecticut,2021-12-18,23404
Connecticut,2021-12-25,24552
Connecticut,2022-01-01,30396
Connecticut,2022-01-08,37235
Connecticut,2022-01-15,31913
Connecticut,2022-01-22,28509
Connecticut,2022-01-29,29982
Connecticut,2022-02-05,31059
Connecticut,2022-02-12,29772
Connecticut,2022-02-19,31031
Connecticut,2022-02-26,26950
Connecticut,2022-03-05,30321
Connecticut,2022-03-12,28950
Connecticut,2022-03-19,26919
Connecticut,2022-03-26,25297
Connecticut,2022-04-02,23214
Connecticut,2022-04-09,21466
Connecticut,2022-04-16,19331
Connecticut,2022-04-23,21768
Connecticut,2022-04-30,20093
Connecticut,2022-05-07,16970
Connecticut,2022-05-14,16544
Connecticut,2022-05-21,16731
Connecticut,2022-05-28,17567
Connecticut,2022-06-04,15432
Connecticut,2022-06-11,17749
Connecticut,2022-06-18,17669
Connecticut,2022-06-25,18659
Connecticut,2022-07-02,19172
Connecticut,2022-07-09,20705
Connecticut,2022-07-16,24179
Connecticut,2022-07-23,30301
Connecticut,2022-07-30,36271
Connecticut,2022-08-06,37632
Connecticut,2022-08-13,29439
Connecticut,2022-08-20,29915
Connecticut,2022-08-27,26558
Connecticut,2022-09-03,26183
Connecticut,2022-09-10,18739
Connecticut,2022-09-17,16281
Connecticut,2022-09-24,16816
Connecticut,2022-10-01,17097
Connecticut,2022-10-08,15727
Connecticut,2022-10-15,15729
Connecticut,2022-10-22,15620
Connecticut,2022-10-29,15960
Connecticut,2022-11-05,16646
Connecticut,2022-11-12,15329
Connecticut,2022-11-19,17116
Connecticut,2022-11-26,16651
Connecticut,2022-12-03,20303
Connecticut,2022-12-10,19043
Connecticut,2022-12-17,20447
Connecticut,2022-12-24,21313
Connecticut,2022-12-31,23103
Connecticut,2023-01-07,27978
Connecticut,2023-01-14,28418
Connecticut,2023-01-21,27668
Connecticut,2023-01-28,28663
Connecticut,2023-02-04,30187
Connecticut,2023-02-11,29137
Connecticut,2023-02-18,31185
Connecticut,2023-02-25,28463
Connecticut,2023-03-04,32264
Connecticut,2023-03-11,29587
Connecticut,2023-03-18,28863
Connecticut,2023-03-25,28132
Connecticut,2023-04-01,27829
Connecticut,2023-04-08,23376
Connecticut,2023-04-15,21950
Connecticut,2023-04-22,25039
Connecticut,2023-04-29,22662
Connecticut,2023-05-06,19865
Connecticut,2023-05-13,19344
Connecticut,2023-05-20,19959
Connecticut,2023-05-27,21400
Connecticut,2023-06-03,21393
Connecticut,2023-06-10,20802
Connecticut,2023-06-17,21032
Connecticut,2023-06-24,22312
Connecticut,2023-07-01,29435
Connecticut,2023-07-08,32994
Connecticut,2023-07-15,43103
Connecticut,2023-07-22,34465
Connecticut,2023-07-29,30840
Connecticut,2023-08-05,30918
Connecticut,2023-08-12,29248
Connecticut,2023-08-19,29511
Connecticut,2023-08-26,29930
Connecticut,2023-09-02,30783
Connecticut,2023-09-09,22788
Connecticut,2023-09-16,21129
Connecticut,2023-09-23,20946
Connecticut,2023-09-30,22458
Connecticut,2023-10-07,20050
Connecticut,2023-10-14,19668
Connecticut,2023-10-21,20318
Connecticut,2023-10-28,19885
Connecticut,2023-11-04,22134
Connecticut,2023-11-11,20104
Connecticut,2023-11-18,21105
Connecticut,2023-11-25,20709
Connecticut,2023-12-02,25059
Connecticut,2023-12-09,22832
Connecticut,2023-12-16,23529
Connecticut,2023-12-23,24578
Connecticut,2023-12-30,27657
Connecticut,2024-01-06,32774
Connecticut,2024-01-13,31320
Connecticut,2024-01-20,30452
Connecticut,2024-01-27,32039
Connecticut,2024-02-03,34568
Connecticut,2024-02-10,32412
Connecticut,2024-02-17,31725
Connecticut,2024-02-24,31691
Connecticut,2024-03-02,34807
Connecticut,2024-03-09,31862
Connecticut,2024-03-16,30859
Connecticut,2024-03-23,29946
Connecticut,2024-03-30,29933
Connecticut,2024-04-06,26784
Connecticut,2024-04-13,24311
Connecticut,2024-04-20,25657
Connecticut,2024-04-27,24814
Connecticut,2024-05-04,24597
Connecticut,2024-05-11,21596
Connecticut,2024-05-18,21434
Connecticut,2024-05-25,21865
Connecticut,2024-06-01,23364
Connecticut,2024-06-08,22404
Connecticut,2024-06-15,22291
Connecticut,2024-06-22,22925
Connecticut,2024-06-29,29393
Connecticut,2024-07-06,28711
Connecticut,2024-07-13,30692
Connecticut,2024-07-20,29587
Connecticut,2024-07-27,29503
Connecticut,2024-08-03,31619
Connecticut,2024-08-10,30324
Connecticut,2024-08-17,30849
Connecticut,2024-08-24,30819
Connecticut,2024-08-31,31333
Connecticut,2024-09-07,24272
Connecticut,2024-09-14,21782
Connecticut,2024-09-21,21220
Connecticut,2024-09-28,21045
Connecticut,2024-10-05,22125
Connecticut,2024-10-12,20734
Connecticut,2024-10-19,20385
Connecticut,2024-10-26,20742
Connecticut,2024-11-02,22285
Connecticut,2024-11-09,20861
Connecticut,2024-11-16,21148
Connecticut,2024-11-23,22070
Connecticut,2024-11-30,22974
Connecticut,2024-12-07,23948
Connecticut,2024-12-14,24261
Connecticut,2024-12-21,25202
Connecticut,2024-12-28,25539
Connecticut,2025-01-04,36250
Connecticut,2025-01-11,36505
Connecticut,2025-01-18,32381
Connecticut,2025-01-25,31495
Connecticut,2025-02-01,34342
Connecticut,2025-02-08,31965
Connecticut,2025-02-15,31611
Connecticut,2025-02-22,31968
Connecticut,2025-03-01,35270
Connecticut,2025-03-08,32447
Connecticut,2025-03-15,31525
Connecticut,2025-03-22,30660
Connecticut,2025-03-29,29115
Connecticut,2025-04-05,29344
Connecticut,2025-04-12,25177
Delaware,2020-01-04,6881
Delaware,2020-01-11,7083
Delaware,2020-01-18,5967
Delaware,2020-01-25,5703
Delaware,2020-02-01,6830
Delaware,2020-02-08,5888
Delaware,2020-02-15,5917
Delaware,2020-02-22,5921
Delaware,2020-02-29,6742
Delaware,2020-03-07,5480
Delaware,2020-03-14,5310
Delaware,2020-03-21,5297
Delaware,2020-03-28,11506
Delaware,2020-04-04,19442
Delaware,2020-04-11,29577
Delaware,2020-04-18,38451
Delaware,2020-04-25,44977
Delaware,2020-05-02,52501
Delaware,2020-05-09,50205
Delaware,2020-05-16,51010
Delaware,2020-05-23,50780
Delaware,2020-05-30,55172
Delaware,2020-06-06,49659
Delaware,2020-06-13,47115
Delaware,2020-06-20,45112
Delaware,2020-06-27,44034
Delaware,2020-07-04,45598
Delaware,2020-07-11,42194
Delaware,2020-07-18,41572
Delaware,2020-07-25,40923
Delaware,2020-08-01,42352
Delaware,2020-08-08,36026
Delaware,2020-08-15,35186
Delaware,2020-08-22,33171
Delaware,2020-08-29,31974
Delaware,2020-09-05,32327
Delaware,2020-09-12,29534
Delaware,2020-09-19,28983
Delaware,2020-09-26,26824
Delaware,2020-10-03,24183
Delaware,2020-10-10,21355
Delaware,2020-10-17,19228
Delaware,2020-10-24,17349
Delaware,2020-10-31,16181
Delaware,2020-11-07,14391
Delaware,2020-11-14,13404
Delaware,2020-11-21,12992
Delaware,2020-11-28,12103
Delaware,2020-12-05,13535
Delaware,2020-12-12,12554
Delaware,2020-12-19,12202
Delaware,2020-12-26,12324
Delaware,2021-01-02,13562
Delaware,2021-01-09,15782
Delaware,2021-01-16,14105
Delaware,2021-01-23,13877
Delaware,2021-01-30,14699
Delaware,2021-02-06,13786
Delaware,2021-02-13,13834
Delaware,2021-02-20,13329
Delaware,2021-02-27,13969
Delaware,2021-03-06,12593
Delaware,2021-03-13,12363
Delaware,2021-03-20,11454
Delaware,2021-03-27,11016
Delaware,2021-04-03,10683
Delaware,2021-04-10,10149
Delaware,2021-04-17,10563
Delaware,2021-04-24,10691
Delaware,2021-05-01,11312
Delaware,2021-05-08,11309
Delaware,2021-05-15,10861
Delaware,2021-05-22,12185
Delaware,2021-05-29,12287
Delaware,2021-06-05,11611
Delaware,2021-06-12,12900
Delaware,2021-06-19,12849
Delaware,2021-06-26,13088
Delaware,2021-07-03,11982
Delaware,2021-07-10,9907
Delaware,2021-07-17,11217
Delaware,2021-07-24,10385
Delaware,2021-07-31,8973
Delaware,2021-08-07,7736
Delaware,2021-08-14,7565
Delaware,2021-08-21,7260
Delaware,2021-08-28,6830
Delaware,2021-09-04,6755
Delaware,2021-09-11,5742
Delaware,2021-09-18,5217
Delaware,2021-09-25,4991
Delaware,2021-10-02,4831
Delaware,2021-10-09,4511
Delaware,2021-10-16,4286
Delaware,2021-10-23,4229
Delaware,2021-10-30,4096
Delaware,2021-11-06,4112
Delaware,2021-11-13,3912
Delaware,2021-11-20,4084
Delaware,2021-11-27,3546
Delaware,2021-12-04,4427
Delaware,2021-12-11,3882
Delaware,2021-12-18,4118
Delaware,2021-12-25,4021
Delaware,2022-01-01,4139
Delaware,2022-01-08,4998
Delaware,2022-01-15,5150
Delaware,2022-01-22,4913
Delaware,2022-01-29,4906
Delaware,2022-02-05,4769
Delaware,2022-02-12,5023
Delaware,2022-02-19,4532
Delaware,2022-02-26,4426
Delaware,2022-03-05,4203
Delaware,2022-03-12,3929
Delaware,2022-03-19,3940
Delaware,2022-03-26,3607
Delaware,2022-04-02,3266
Delaware,2022-04-09,3307
Delaware,2022-04-16,3053
Delaware,2022-04-23,3136
Delaware,2022-04-30,3539
Delaware,2022-05-07,2836
Delaware,2022-05-14,2739
Delaware,2022-05-21,2582
Delaware,2022-05-28,2691
Delaware,2022-06-04,2585
Delaware,2022-06-11,2760
Delaware,2022-06-18,2797
Delaware,2022-06-25,3276
Delaware,2022-07-02,3700
Delaware,2022-07-09,3501
Delaware,2022-07-16,3774
Delaware,2022-07-23,3803
Delaware,2022-07-30,3725
Delaware,2022-08-06,3728
Delaware,2022-08-13,3957
Delaware,2022-08-20,3895
Delaware,2022-08-27,3748
Delaware,2022-09-03,3595
Delaware,2022-09-10,3009
Delaware,2022-09-17,2856
Delaware,2022-09-24,2779
Delaware,2022-10-01,2778
Delaware,2022-10-08,2819
Delaware,2022-10-15,2852
Delaware,2022-10-22,2882
Delaware,2022-10-29,2875
Delaware,2022-11-05,3046
Delaware,2022-11-12,2873
Delaware,2022-11-19,3305
Delaware,2022-11-26,3000
Delaware,2022-12-03,4050
Delaware,2022-12-10,3672
Delaware,2022-12-17,3895
Delaware,2022-12-24,3967
Delaware,2022-12-31,3925
Delaware,2023-01-07,4580
Delaware,2023-01-14,4699
Delaware,2023-01-21,4579
Delaware,2023-01-28,4908
Delaware,2023-02-04,4938
Delaware,2023-02-11,4884
Delaware,2023-02-18,4729
Delaware,2023-02-25,4897
Delaware,2023-03-04,4644
Delaware,2023-03-11,4707
Delaware,2023-03-18,4192
Delaware,2023-03-25,4336
Delaware,2023-04-01,4532
Delaware,2023-04-08,3958
Delaware,2023-04-15,3947
Delaware,2023-04-22,4234
Delaware,2023-04-29,3607
Delaware,2023-05-06,3488
Delaware,2023-05-13,3540
Delaware,2023-05-20,3509
Delaware,2023-05-27,3490
Delaware,2023-06-03,3472
Delaware,2023-06-10,3711
Delaware,2023-06-17,3951
Delaware,2023-06-24,4016
Delaware,2023-07-01,5342
Delaware,2023-07-08,4727
Delaware,2023-07-15,5041
Delaware,2023-07-22,5040
Delaware,2023-07-29,5033
Delaware,2023-08-05,5060
Delaware,2023-08-12,4911
Delaware,2023-08-19,5086
Delaware,2023-08-26,4942
Delaware,2023-09-02,5003
Delaware,2023-09-09,4423
Delaware,2023-09-16,4062
Delaware,2023-09-23,4010
Delaware,2023-09-30,3947
Delaware,2023-10-07,3879
Delaware,2023-10-14,4129
Delaware,2023-10-21,4037
Delaware,2023-10-28,4290
Delaware,2023-11-04,4491
Delaware,2023-11-11,4159
Delaware,2023-11-18,4548
Delaware,2023-11-25,4341
Delaware,2023-12-02,5452
Delaware,2023-12-09,4794
Delaware,2023-12-16,4939
Delaware,2023-12-23,5043
Delaware,2023-12-30,5327
Delaware,2024-01-06,6096
Delaware,2024-01-13,6483
Delaware,2024-01-20,6016
Delaware,2024-01-27,6189
Delaware,2024-02-03,6593
Delaware,2024-02-10,6082
Delaware,2024-02-17,5921
Delaware,2024-02-24,5905
Delaware,2024-03-02,6120
Delaware,2024-03-09,5709
Delaware,2024-03-16,5539
Delaware,2024-03-23,5404
Delaware,2024-03-30,5533
Delaware,2024-04-06,5440
Delaware,2024-04-13,5463
Delaware,2024-04-20,4840
Delaware,2024-04-27,4637
Delaware,2024-05-04,4922
Delaware,2024-05-11,4535
Delaware,2024-05-18,3393
Delaware,2024-05-25,4699
Delaware,2024-06-01,4953
Delaware,2024-06-08,4777
Delaware,2024-06-15,5107
Delaware,2024-06-22,5303
Delaware,2024-06-29,6117
Delaware,2024-07-06,5629
Delaware,2024-07-13,5736
Delaware,2024-07-20,5689
Delaware,2024-07-27,5582
Delaware,2024-08-03,6013
Delaware,2024-08-10,5680
Delaware,2024-08-17,5586
Delaware,2024-08-24,5662
Delaware,2024-08-31,5874
Delaware,2024-09-07,4882
Delaware,2024-09-14,4491
Delaware,2024-09-21,4421
Delaware,2024-09-28,4395
Delaware,2024-10-05,4762
Delaware,2024-10-12,4512
Delaware,2024-10-19,5107
Delaware,2024-10-26,4882
Delaware,2024-11-02,4948
Delaware,2024-11-09,4503
Delaware,2024-11-16,4571
Delaware,2024-11-23,4829
Delaware,2024-11-30,4733
Delaware,2024-12-07,5417
Delaware,2024-12-14,4798
Delaware,2024-12-21,4983
Delaware,2024-12-28,4910
Delaware,2025-01-04,6390
Delaware,2025-01-11,6810
Delaware,2025-01-18,6945
Delaware,2025-01-25,6417
Delaware,2025-02-01,7098
Delaware,2025-02-08,6741
Delaware,2025-02-15,6139
Delaware,2025-02-22,6253
Delaware,2025-03-01,6636
Delaware,2025-03-08,6040
Delaware,2025-03-15,5630
Delaware,2025-03-22,5412
Delaware,2025-03-29,5249
Delaware,2025-04-05,5445
Delaware,2025-04-12,4805
District of Columbia,2020-01-04,7198
District of Columbia,2020-01-11,7102
District of Columbia,2020-01-18,7271
District of Columbia,2020-01-25,7149
District of Columbia,2020-02-01,7139
District of Columbia,2020-02-08,7156
District of Columbia,2020-02-15,7079
District of Columbia,2020-02-22,7003
District of Columbia,2020-02-29,7020
District of Columbia,2020-03-07,6792
District of Columbia,2020-03-14,6746
District of Columbia,2020-03-21,7378
District of Columbia,2020-03-28,17661
District of Columbia,2020-04-04,31385
District of Columbia,2020-04-11,42224
District of Columbia,2020-04-18,47465
District of Columbia,2020-04-25,52534
District of Columbia,2020-05-02,58634
District of Columbia,2020-05-09,65298
District of Columbia,2020-05-16,68844
District of Columbia,2020-05-23,70103
District of Columbia,2020-05-30,70671
District of Columbia,2020-06-06,72023
District of Columbia,2020-06-13,72934
District of Columbia,2020-06-20,72927
District of Columbia,2020-06-27,72807
District of Columbia,2020-07-04,72802
District of Columbia,2020-07-11,72525
District of Columbia,2020-07-18,73115
District of Columbia,2020-07-25,72710
District of Columbia,2020-08-01,72931
District of Columbia,2020-08-08,70887
District of Columbia,2020-08-15,69640
District of Columbia,2020-08-22,68248
District of Columbia,2020-08-29,66870
District of Columbia,2020-09-05,65456
District of Columbia,2020-09-12,65671
District of Columbia,2020-09-19,64903
District of Columbia,2020-09-26,60168
District of Columbia,2020-10-03,53110
District of Columbia,2020-10-10,49067
District of Columbia,2020-10-17,45879
District of Columbia,2020-10-24,41417
District of Columbia,2020-10-31,37760
District of Columbia,2020-11-07,34991
District of Columbia,2020-11-14,32874
District of Columbia,2020-11-21,32201
District of Columbia,2020-11-28,29275
District of Columbia,2020-12-05,29411
District of Columbia,2020-12-12,28191
District of Columbia,2020-12-19,27772
District of Columbia,2020-12-26,26580
District of Columbia,2021-01-02,26750
District of Columbia,2021-01-09,26146
District of Columbia,2021-01-16,25612
District of Columbia,2021-01-23,24339
District of Columbia,2021-01-30,24345
District of Columbia,2021-02-06,22777
District of Columbia,2021-02-13,22239
District of Columbia,2021-02-20,20659
District of Columbia,2021-02-27,20609
District of Columbia,2021-03-06,19499
District of Columbia,2021-03-13,19164
District of Columbia,2021-03-20,18372
District of Columbia,2021-03-27,20118
District of Columbia,2021-04-03,22253
District of Columbia,2021-04-10,22453
District of Columbia,2021-04-17,20511
District of Columbia,2021-04-24,19976
District of Columbia,2021-05-01,19891
District of Columbia,2021-05-08,19578
District of Columbia,2021-05-15,19378
District of Columbia,2021-05-22,19051
District of Columbia,2021-05-29,18289
District of Columbia,2021-06-05,17943
District of Columbia,2021-06-12,17324
District of Columbia,2021-06-19,17562
District of Columbia,2021-06-26,17750
District of Columbia,2021-07-03,17562
District of Columbia,2021-07-10,16530
District of Columbia,2021-07-17,16967
District of Columbia,2021-07-24,16429
District of Columbia,2021-07-31,16438
District of Columbia,2021-08-07,17190
District of Columbia,2021-08-14,17164
District of Columbia,2021-08-21,19293
District of Columbia,2021-08-28,21325
District of Columbia,2021-09-04,17386
District of Columbia,2021-09-11,22191
District of Columbia,2021-09-18,17066
District of Columbia,2021-09-25,11933
District of Columbia,2021-10-02,13810
District of Columbia,2021-10-09,15364
District of Columbia,2021-10-16,37826
District of Columbia,2021-10-23,11789
District of Columbia,2021-10-30,12718
District of Columbia,2021-11-06,17963
District of Columbia,2021-11-13,13680
District of Columbia,2021-11-20,17966
District of Columbia,2021-11-27,14284
District of Columbia,2021-12-04,13080
District of Columbia,2021-12-11,11150
District of Columbia,2021-12-18,6473
District of Columbia,2021-12-25,5791
District of Columbia,2022-01-01,5945
District of Columbia,2022-01-08,6288
District of Columbia,2022-01-15,6758
District of Columbia,2022-01-22,5865
District of Columbia,2022-01-29,5520
District of Columbia,2022-02-05,4830
District of Columbia,2022-02-12,5253
District of Columbia,2022-02-19,4146
District of Columbia,2022-02-26,4127
District of Columbia,2022-03-05,5058
District of Columbia,2022-03-12,5681
District of Columbia,2022-03-19,6249
District of Columbia,2022-03-26,5247
District of Columbia,2022-04-02,4635
District of Columbia,2022-04-09,4226
District of Columbia,2022-04-16,4040
District of Columbia,2022-04-23,4169
District of Columbia,2022-04-30,4359
District of Columbia,2022-05-07,4106
District of Columbia,2022-05-14,3548
District of Columbia,2022-05-21,3280
District of Columbia,2022-05-28,3314
District of Columbia,2022-06-04,2679
District of Columbia,2022-06-11,2820
District of Columbia,2022-06-18,2865
District of Columbia,2022-06-25,2749
District of Columbia,2022-07-02,2815
District of Columbia,2022-07-09,2413
District of Columbia,2022-07-16,2942
District of Columbia,2022-07-23,3273
District of Columbia,2022-07-30,3309
District of Columbia,2022-08-06,3422
District of Columbia,2022-08-13,3397
District of Columbia,2022-08-20,3321
District of Columbia,2022-08-27,3797
District of Columbia,2022-09-03,3091
District of Columbia,2022-09-10,3608
District of Columbia,2022-09-17,3257
District of Columbia,2022-09-24,3036
District of Columbia,2022-10-01,2895
District of Columbia,2022-10-08,3178
District of Columbia,2022-10-15,2817
District of Columbia,2022-10-22,3240
District of Columbia,2022-10-29,2620
District of Columbia,2022-11-05,2854
District of Columbia,2022-11-12,2501
District of Columbia,2022-11-19,2773
District of Columbia,2022-11-26,2578
District of Columbia,2022-12-03,2928
District of Columbia,2022-12-10,2920
District of Columbia,2022-12-17,3150
District of Columbia,2022-12-24,3416
District of Columbia,2022-12-31,3159
District of Columbia,2023-01-07,3361
District of Columbia,2023-01-14,4098
District of Columbia,2023-01-21,3747
District of Columbia,2023-01-28,4317
District of Columbia,2023-02-04,3779
District of Columbia,2023-02-11,4645
District of Columbia,2023-02-18,4507
District of Columbia,2023-02-25,4832
District of Columbia,2023-03-04,5775
District of Columbia,2023-03-11,4760
District of Columbia,2023-03-18,4993
District of Columbia,2023-03-25,5694
District of Columbia,2023-04-01,6334
District of Columbia,2023-04-08,5194
District of Columbia,2023-04-15,5605
District of Columbia,2023-04-22,5323
District of Columbia,2023-04-29,5051
District of Columbia,2023-05-06,4564
District of Columbia,2023-05-13,4428
District of Columbia,2023-05-20,4745
District of Columbia,2023-05-27,4833
District of Columbia,2023-06-03,4378
District of Columbia,2023-06-10,4559
District of Columbia,2023-06-17,4962
District of Columbia,2023-06-24,4698
District of Columbia,2023-07-01,4992
District of Columbia,2023-07-08,5140
District of Columbia,2023-07-15,5395
District of Columbia,2023-07-22,5173
District of Columbia,2023-07-29,5771
District of Columbia,2023-08-05,5767
District of Columbia,2023-08-12,5960
District of Columbia,2023-08-19,5843
District of Columbia,2023-08-26,5881
District of Columbia,2023-09-02,6160
District of Columbia,2023-09-09,5548
District of Columbia,2023-09-16,5229
District of Columbia,2023-09-23,5390
District of Columbia,2023-09-30,5435
District of Columbia,2023-10-07,5532
District of Columbia,2023-10-14,5462
District of Columbia,2023-10-21,5677
District of Columbia,2023-10-28,5999
District of Columbia,2023-11-04,5905
District of Columbia,2023-11-11,5841
District of Columbia,2023-11-18,5863
District of Columbia,2023-11-25,5400
District of Columbia,2023-12-02,6005
District of Columbia,2023-12-09,6009
District of Columbia,2023-12-16,6050
District of Columbia,2023-12-23,5976
District of Columbia,2023-12-30,5745
District of Columbia,2024-01-06,6148
District of Columbia,2024-01-13,6341
District of Columbia,2024-01-20,5953
District of Columbia,2024-01-27,6341
District of Columbia,2024-02-03,4462
District of Columbia,2024-02-10,5808
District of Columbia,2024-02-17,5709
District of Columbia,2024-02-24,5693
District of Columbia,2024-03-02,5617
District of Columbia,2024-03-09,5659
District of Columbia,2024-03-16,5572
District of Columbia,2024-03-23,5894
District of Columbia,2024-03-30,5779
District of Columbia,2024-04-06,5490
District of Columbia,2024-04-13,5358
District of Columbia,2024-04-20,5209
District of Columbia,2024-04-27,5318
District of Columbia,2024-05-04,5323
District of Columbia,2024-05-11,5399
District of Columbia,2024-05-18,5502
District of Columbia,2024-05-25,5586
District of Columbia,2024-06-01,5579
District of Columbia,2024-06-08,5892
District of Columbia,2024-06-15,5857
District of Columbia,2024-06-22,5648
District of Columbia,2024-06-29,6122
District of Columbia,2024-07-06,6103
District of Columbia,2024-07-13,6588
District of Columbia,2024-07-20,6593
District of Columbia,2024-07-27,6558
District of Columbia,2024-08-03,6565
District of Columbia,2024-08-10,6673
District of Columbia,2024-08-17,6857
District of Columbia,2024-08-24,6890
District of Columbia,2024-08-31,6789
District of Columbia,2024-09-07,6412
District of Columbia,2024-09-14,6519
District of Columbia,2024-09-21,6330
District of Columbia,2024-09-28,6206
District of Columbia,2024-10-05,6339
District of Columbia,2024-10-12,6407
District of Columbia,2024-10-19,6571
District of Columbia,2024-10-26,6574
District of Columbia,2024-11-02,6716
District of Columbia,2024-11-09,6670
District of Columbia,2024-11-16,6761
District of Columbia,2024-11-23,6815
District of Columbia,2024-11-30,6635
District of Columbia,2024-12-07,7071
District of Columbia,2024-12-14,7066
District of Columbia,2024-12-21,7122
District of Columbia,2024-12-28,7085
District of Columbia,2025-01-04,7548
District of Columbia,2025-01-11,7295
District of Columbia,2025-01-18,7816
District of Columbia,2025-01-25,7655
District of Columbia,2025-02-01,7804
District of Columbia,2025-02-08,8234
District of Columbia,2025-02-15,8766
District of Columbia,2025-02-22,9170
District of Columbia,2025-03-01,10264
District of Columbia,2025-03-08,10662
District of Columbia,2025-03-15,11147
District of Columbia,2025-03-22,11113
District of Columbia,2025-03-29,10928
District of Columbia,2025-04-05,10733
District of Columbia,2025-04-12,10718
Florida,2020-01-04,36189
Florida,2020-01-11,35024
Florida,2020-01-18,34718
Florida,2020-01-25,33347
Florida,2020-02-01,35871
Florida,2020-02-08,33176
Florida,2020-02-15,34449
Florida,2020-02-22,33570
Florida,2020-02-29,33421
Florida,2020-03-07,32262
Florida,2020-03-14,32244
Florida,2020-03-21,33728
Florida,2020-03-28,35076
Florida,2020-04-04,98921
Florida,2020-04-11,339448
Florida,2020-04-18,177021
Florida,2020-04-25,540554
Florida,2020-05-02,444561
Florida,2020-05-09,1035207
Florida,2020-05-16,2151108
Florida,2020-05-23,529384
Florida,2020-05-30,630640
Florida,2020-06-06,966625
Florida,2020-06-13,920202
Florida,2020-06-20,995792
Florida,2020-06-27,741344
Florida,2020-07-04,581952
Florida,2020-07-11,914801
Florida,2020-07-18,748004
Florida,2020-07-25,691070
Florida,2020-08-01,631163
Florida,2020-08-08,567987
Florida,2020-08-15,512527
Florida,2020-08-22,458954
Florida,2020-08-29,455587
Florida,2020-09-05,410406
Florida,2020-09-12,414174
Florida,2020-09-19,374181
Florida,2020-09-26,373194
Florida,2020-10-03,337344
Florida,2020-10-10,300115
Florida,2020-10-17,287537
Florida,2020-10-24,282261
Florida,2020-10-31,213454
Florida,2020-11-07,205800
Florida,2020-11-14,186514
Florida,2020-11-21,186291
Florida,2020-11-28,142253
Florida,2020-12-05,186749
Florida,2020-12-12,154462
Florida,2020-12-19,161250
Florida,2020-12-26,140565
Florida,2021-01-02,129575
Florida,2021-01-09,174544
Florida,2021-01-16,157201
Florida,2021-01-23,155833
Florida,2021-01-30,173919
Florida,2021-02-06,187474
Florida,2021-02-13,228808
Florida,2021-02-20,161881
Florida,2021-02-27,156495
Florida,2021-03-06,141484
Florida,2021-03-13,135291
Florida,2021-03-20,123921
Florida,2021-03-27,116512
Florida,2021-04-03,134896
Florida,2021-04-10,129186
Florida,2021-04-17,123557
Florida,2021-04-24,129628
Florida,2021-05-01,126561
Florida,2021-05-08,130069
Florida,2021-05-15,128834
Florida,2021-05-22,133003
Florida,2021-05-29,112861
Florida,2021-06-05,101851
Florida,2021-06-12,109193
Florida,2021-06-19,89048
Florida,2021-06-26,97633
Florida,2021-07-03,54642
Florida,2021-07-10,100168
Florida,2021-07-17,95430
Florida,2021-07-24,80694
Florida,2021-07-31,79205
Florida,2021-08-07,59879
Florida,2021-08-14,65976
Florida,2021-08-21,78144
Florida,2021-08-28,70760
Florida,2021-09-04,59572
Florida,2021-09-11,48583
Florida,2021-09-18,50438
Florida,2021-09-25,58928
Florida,2021-10-02,58211
Florida,2021-10-09,55108
Florida,2021-10-16,58495
Florida,2021-10-23,54019
Florida,2021-10-30,56076
Florida,2021-11-06,52770
Florida,2021-11-13,55053
Florida,2021-11-20,50579
Florida,2021-11-27,41670
Florida,2021-12-04,52913
Florida,2021-12-11,48006
Florida,2021-12-18,45926
Florida,2021-12-25,41196
Florida,2022-01-01,43165
Florida,2022-01-08,48587
Florida,2022-01-15,45452
Florida,2022-01-22,47128
Florida,2022-01-29,44097
Florida,2022-02-05,43603
Florida,2022-02-12,40819
Florida,2022-02-19,40109
Florida,2022-02-26,36084
Florida,2022-03-05,37393
Florida,2022-03-12,35566
Florida,2022-03-19,33200
Florida,2022-03-26,32512
Florida,2022-04-02,34535
Florida,2022-04-09,32493
Florida,2022-04-16,32914
Florida,2022-04-23,32995
Florida,2022-04-30,32449
Florida,2022-05-07,31786
Florida,2022-05-14,31843
Florida,2022-05-21,32388
Florida,2022-05-28,31828
Florida,2022-06-04,31432
Florida,2022-06-11,33423
Florida,2022-06-18,34560
Florida,2022-06-25,36984
Florida,2022-07-02,37378
Florida,2022-07-09,35440
Florida,2022-07-16,38818
Florida,2022-07-23,40240
Florida,2022-07-30,40838
Florida,2022-08-06,41390
Florida,2022-08-13,41567
Florida,2022-08-20,40529
Florida,2022-08-27,39835
Florida,2022-09-03,39598
Florida,2022-09-10,37220
Florida,2022-09-17,38790
Florida,2022-09-24,37645
Florida,2022-10-01,33883
Florida,2022-10-08,38849
Florida,2022-10-15,39781
Florida,2022-10-22,41293
Florida,2022-10-29,41718
Florida,2022-11-05,40891
Florida,2022-11-12,38524
Florida,2022-11-19,41789
Florida,2022-11-26,33041
Florida,2022-12-03,44840
Florida,2022-12-10,38506
Florida,2022-12-17,41901
Florida,2022-12-24,36676
Florida,2022-12-31,39559
Florida,2023-01-07,38228
Florida,2023-01-14,39689
Florida,2023-01-21,37733
Florida,2023-01-28,38332
Florida,2023-02-04,37920
Florida,2023-02-11,36762
Florida,2023-02-18,36634
Florida,2023-02-25,36249
Florida,2023-03-04,35110
Florida,2023-03-11,36406
Florida,2023-03-18,36229
Florida,2023-03-25,36860
Florida,2023-04-01,36618
Florida,2023-04-08,35346
Florida,2023-04-15,36060
Florida,2023-04-22,37279
Florida,2023-04-29,36514
Florida,2023-05-06,36744
Florida,2023-05-13,37080
Florida,2023-05-20,38088
Florida,2023-05-27,38143
Florida,2023-06-03,37314
Florida,2023-06-10,39373
Florida,2023-06-17,39460
Florida,2023-06-24,40524
Florida,2023-07-01,40882
Florida,2023-07-08,38593
Florida,2023-07-15,42857
Florida,2023-07-22,45128
Florida,2023-07-29,44372
Florida,2023-08-05,44119
Florida,2023-08-12,43162
Florida,2023-08-19,44008
Florida,2023-08-26,42605
Florida,2023-09-02,40716
Florida,2023-09-09,41470
Florida,2023-09-16,40946
Florida,2023-09-23,41652
Florida,2023-09-30,40594
Florida,2023-10-07,40633
Florida,2023-10-14,36327
Florida,2023-10-21,35466
Florida,2023-10-28,34808
Florida,2023-11-04,36370
Florida,2023-11-11,34871
Florida,2023-11-18,37338
Florida,2023-11-25,30372
Florida,2023-12-02,40180
Florida,2023-12-09,32433
Florida,2023-12-16,38412
Florida,2023-12-23,34588
Florida,2023-12-30,36719
Florida,2024-01-06,35022
Florida,2024-01-13,36609
Florida,2024-01-20,35668
Florida,2024-01-27,37060
Florida,2024-02-03,36312
Florida,2024-02-10,37142
Florida,2024-02-17,36436
Florida,2024-02-24,37107
Florida,2024-03-02,36279
Florida,2024-03-09,35517
Florida,2024-03-16,36060
Florida,2024-03-23,35286
Florida,2024-03-30,35920
Florida,2024-04-06,34755
Florida,2024-04-13,34971
Florida,2024-04-20,34818
Florida,2024-04-27,34894
Florida,2024-05-04,34968
Florida,2024-05-11,34567
Florida,2024-05-18,35007
Florida,2024-05-25,34896
Florida,2024-06-01,35324
Florida,2024-06-08,36277
Florida,2024-06-15,37400
Florida,2024-06-22,40769
Florida,2024-06-29,41305
Florida,2024-07-06,37518
Florida,2024-07-13,44723
Florida,2024-07-20,41119
Florida,2024-07-27,43290
Florida,2024-08-03,42552
Florida,2024-08-10,41271
Florida,2024-08-17,40068
Florida,2024-08-24,39072
Florida,2024-08-31,40284
Florida,2024-09-07,37480
Florida,2024-09-14,38230
Florida,2024-09-21,37679
Florida,2024-09-28,36383
Florida,2024-10-05,37606
Florida,2024-10-12,32447
Florida,2024-10-19,41453
Florida,2024-10-26,34585
Florida,2024-11-02,39012
Florida,2024-11-09,35382
Florida,2024-11-16,35924
Florida,2024-11-23,34823
Florida,2024-11-30,29914
Florida,2024-12-07,37097
Florida,2024-12-14,31729
Florida,2024-12-21,33717
Florida,2024-12-28,28015
Florida,2025-01-04,32276
Florida,2025-01-11,30802
Florida,2025-01-18,32174
Florida,2025-01-25,31632
Florida,2025-02-01,34072
Florida,2025-02-08,31918
Florida,2025-02-15,33156
Florida,2025-02-22,33383
Florida,2025-03-01,33348
Florida,2025-03-08,32810
Florida,2025-03-15,32348
Florida,2025-03-22,32000
Florida,2025-03-29,32388
Florida,2025-04-05,31703
Florida,2025-04-12,32460
Georgia,2020-01-04,38704
Georgia,2020-01-11,47482
Georgia,2020-01-18,32079
Georgia,2020-01-25,28998
Georgia,2020-02-01,28332
Georgia,2020-02-08,26984
Georgia,2020-02-15,27317
Georgia,2020-02-22,26963
Georgia,2020-02-29,26958
Georgia,2020-03-07,25079
Georgia,2020-03-14,25352
Georgia,2020-03-21,27507
Georgia,2020-03-28,107877
Georgia,2020-04-04,360077
Georgia,2020-04-11,595418
Georgia,2020-04-18,611889
Georgia,2020-04-25,758856
Georgia,2020-05-02,885764
Georgia,2020-05-09,812913
Georgia,2020-05-16,790178
Georgia,2020-05-23,731762
Georgia,2020-05-30,754833
Georgia,2020-06-06,698154
Georgia,2020-06-13,682501
Georgia,2020-06-20,669735
Georgia,2020-06-27,661233
Georgia,2020-07-04,619947
Georgia,2020-07-11,792717
Georgia,2020-07-18,703153
Georgia,2020-07-25,636912
Georgia,2020-08-01,633988
Georgia,2020-08-08,572455
Georgia,2020-08-15,555479
Georgia,2020-08-22,553713
Georgia,2020-08-29,535406
Georgia,2020-09-05,523143
Georgia,2020-09-12,498813
Georgia,2020-09-19,536886
Georgia,2020-09-26,478732
Georgia,2020-10-03,445039
Georgia,2020-10-10,409602
Georgia,2020-10-17,367949
Georgia,2020-10-24,336738
Georgia,2020-10-31,302039
Georgia,2020-11-07,285798
Georgia,2020-11-14,255237
Georgia,2020-11-21,253347
Georgia,2020-11-28,202361
Georgia,2020-12-05,234262
Georgia,2020-12-12,158047
Georgia,2020-12-19,164960
Georgia,2020-12-26,137240
Georgia,2021-01-02,172014
Georgia,2021-01-09,185587
Georgia,2021-01-16,172339
Georgia,2021-01-23,151571
Georgia,2021-01-30,148245
Georgia,2021-02-06,157518
Georgia,2021-02-13,139232
Georgia,2021-02-20,136063
Georgia,2021-02-27,146180
Georgia,2021-03-06,140918
Georgia,2021-03-13,140830
Georgia,2021-03-20,135962
Georgia,2021-03-27,132821
Georgia,2021-04-03,137678
Georgia,2021-04-10,139056
Georgia,2021-04-17,143898
Georgia,2021-04-24,129967
Georgia,2021-05-01,139595
Georgia,2021-05-08,121397
Georgia,2021-05-15,120243
Georgia,2021-05-22,125218
Georgia,2021-05-29,119950
Georgia,2021-06-05,128322
Georgia,2021-06-12,132754
Georgia,2021-06-19,136799
Georgia,2021-06-26,144750
Georgia,2021-07-03,178850
Georgia,2021-07-10,108266
Georgia,2021-07-17,100259
Georgia,2021-07-24,97900
Georgia,2021-07-31,90728
Georgia,2021-08-07,90890
Georgia,2021-08-14,86248
Georgia,2021-08-21,79177
Georgia,2021-08-28,90721
Georgia,2021-09-04,117579
Georgia,2021-09-11,72519
Georgia,2021-09-18,66524
Georgia,2021-09-25,57647
Georgia,2021-10-02,70152
Georgia,2021-10-09,72286
Georgia,2021-10-16,111767
Georgia,2021-10-23,40289
Georgia,2021-10-30,37955
Georgia,2021-11-06,39798
Georgia,2021-11-13,34758
Georgia,2021-11-20,33596
Georgia,2021-11-27,25972
Georgia,2021-12-04,85983
Georgia,2021-12-11,30253
Georgia,2021-12-18,31787
Georgia,2021-12-25,25151
Georgia,2022-01-01,35034
Georgia,2022-01-08,36050
Georgia,2022-01-15,39846
Georgia,2022-01-22,35109
Georgia,2022-01-29,38271
Georgia,2022-02-05,54914
Georgia,2022-02-12,37520
Georgia,2022-02-19,33433
Georgia,2022-02-26,32961
Georgia,2022-03-05,82217
Georgia,2022-03-12,30903
Georgia,2022-03-19,31712
Georgia,2022-03-26,29444
Georgia,2022-04-02,74171
Georgia,2022-04-09,55615
Georgia,2022-04-16,25540
Georgia,2022-04-23,27611
Georgia,2022-04-30,27330
Georgia,2022-05-07,25105
Georgia,2022-05-14,25834
Georgia,2022-05-21,26237
Georgia,2022-05-28,24364
Georgia,2022-06-04,48712
Georgia,2022-06-11,28851
Georgia,2022-06-18,29552
Georgia,2022-06-25,28611
Georgia,2022-07-02,57141
Georgia,2022-07-09,29812
Georgia,2022-07-16,33013
Georgia,2022-07-23,31017
Georgia,2022-07-30,32513
Georgia,2022-08-06,32311
Georgia,2022-08-13,30966
Georgia,2022-08-20,33395
Georgia,2022-08-27,32868
Georgia,2022-09-03,31722
Georgia,2022-09-10,30906
Georgia,2022-09-17,29796
Georgia,2022-09-24,28575
Georgia,2022-10-01,28188
Georgia,2022-10-08,26037
Georgia,2022-10-15,24958
Georgia,2022-10-22,26242
Georgia,2022-10-29,26269
Georgia,2022-11-05,32086
Georgia,2022-11-12,23525
Georgia,2022-11-19,26356
Georgia,2022-11-26,22258
Georgia,2022-12-03,32440
Georgia,2022-12-10,27305
Georgia,2022-12-17,27331
Georgia,2022-12-24,24308
Georgia,2022-12-31,27741
Georgia,2023-01-07,36275
Georgia,2023-01-14,30337
Georgia,2023-01-21,30393
Georgia,2023-01-28,29262
Georgia,2023-02-04,29100
Georgia,2023-02-11,29393
Georgia,2023-02-18,28339
Georgia,2023-02-25,28232
Georgia,2023-03-04,29024
Georgia,2023-03-11,30396
Georgia,2023-03-18,30083
Georgia,2023-03-25,27794
Georgia,2023-04-01,27621
Georgia,2023-04-08,26215
Georgia,2023-04-15,32897
Georgia,2023-04-22,31862
Georgia,2023-04-29,31250
Georgia,2023-05-06,32876
Georgia,2023-05-13,34435
Georgia,2023-05-20,38415
Georgia,2023-05-27,40788
Georgia,2023-06-03,34870
Georgia,2023-06-10,35245
Georgia,2023-06-17,29783
Georgia,2023-06-24,29459
Georgia,2023-07-01,29941
Georgia,2023-07-08,29535
Georgia,2023-07-15,33481
Georgia,2023-07-22,39618
Georgia,2023-07-29,34388
Georgia,2023-08-05,34431
Georgia,2023-08-12,34864
Georgia,2023-08-19,33935
Georgia,2023-08-26,34027
Georgia,2023-09-02,32799
Georgia,2023-09-09,32937
Georgia,2023-09-16,33437
Georgia,2023-09-23,32136
Georgia,2023-09-30,31765
Georgia,2023-10-07,31567
Georgia,2023-10-14,30747
Georgia,2023-10-21,30757
Georgia,2023-10-28,30637
Georgia,2023-11-04,30055
Georgia,2023-11-11,28563
Georgia,2023-11-18,29747
Georgia,2023-11-25,23011
Georgia,2023-12-02,34858
Georgia,2023-12-09,30332
Georgia,2023-12-16,30375
Georgia,2023-12-23,30377
Georgia,2023-12-30,30965
Georgia,2024-01-06,37746
Georgia,2024-01-13,34089
Georgia,2024-01-20,31127
Georgia,2024-01-27,31533
Georgia,2024-02-03,31667
Georgia,2024-02-10,31342
Georgia,2024-02-17,30599
Georgia,2024-02-24,30857
Georgia,2024-03-02,30466
Georgia,2024-03-09,30194
Georgia,2024-03-16,30127
Georgia,2024-03-23,29860
Georgia,2024-03-30,28175
Georgia,2024-04-06,29536
Georgia,2024-04-13,29961
Georgia,2024-04-20,29220
Georgia,2024-04-27,28651
Georgia,2024-05-04,29104
Georgia,2024-05-11,28785
Georgia,2024-05-18,29096
Georgia,2024-05-25,28663
Georgia,2024-06-01,27975
Georgia,2024-06-08,29198
Georgia,2024-06-15,29712
Georgia,2024-06-22,29854
Georgia,2024-06-29,31165
Georgia,2024-07-06,30443
Georgia,2024-07-13,34980
Georgia,2024-07-20,31399
Georgia,2024-07-27,31260
Georgia,2024-08-03,30400
Georgia,2024-08-10,29874
Georgia,2024-08-17,30135
Georgia,2024-08-24,30166
Georgia,2024-08-31,30302
Georgia,2024-09-07,28819
Georgia,2024-09-14,30437
Georgia,2024-09-21,29436
Georgia,2024-09-28,27974
Georgia,2024-10-05,28383
Georgia,2024-10-12,31086
Georgia,2024-10-19,29401
Georgia,2024-10-26,29240
Georgia,2024-11-02,28525
Georgia,2024-11-09,28634
Georgia,2024-11-16,14647
Georgia,2024-11-23,29369
Georgia,2024-11-30,24333
Georgia,2024-12-07,34676
Georgia,2024-12-14,28744
Georgia,2024-12-21,29745
Georgia,2024-12-28,27204
Georgia,2025-01-04,36091
Georgia,2025-01-11,39398
Georgia,2025-01-18,32419
Georgia,2025-01-25,29616
Georgia,2025-02-01,32006
Georgia,2025-02-08,30395
Georgia,2025-02-15,30288
Georgia,2025-02-22,30303
Georgia,2025-03-01,30159
Georgia,2025-03-08,29656
Georgia,2025-03-15,29212
Georgia,2025-03-22,28853
Georgia,2025-03-29,30006
Georgia,2025-04-05,28659
Georgia,2025-04-12,29208
Hawaii,2020-01-04,6813
Hawaii,2020-01-11,7849
Hawaii,2020-01-18,6623
Hawaii,2020-01-25,6407
Hawaii,2020-02-01,6070
Hawaii,2020-02-08,6205
Hawaii,2020-02-15,6121
Hawaii,2020-02-22,6223
Hawaii,2020-02-29,5951
Hawaii,2020-03-07,6047
Hawaii,2020-03-14,6204
Hawaii,2020-03-21,6477
Hawaii,2020-03-28,10997
Hawaii,2020-04-04,32226
Hawaii,2020-04-11,48305
Hawaii,2020-04-18,72261
Hawaii,2020-04-25,68637
Hawaii,2020-05-02,88110
Hawaii,2020-05-09,110922
Hawaii,2020-05-16,145711
Hawaii,2020-05-23,128086
Hawaii,2020-05-30,124939
Hawaii,2020-06-06,125568
Hawaii,2020-06-13,114119
Hawaii,2020-06-20,132466
Hawaii,2020-06-27,128990
Hawaii,2020-07-04,123633
Hawaii,2020-07-11,128650
Hawaii,2020-07-18,130769
Hawaii,2020-07-25,130209
Hawaii,2020-08-01,131338
Hawaii,2020-08-08,123924
Hawaii,2020-08-15,123282
Hawaii,2020-08-22,115430
Hawaii,2020-08-29,126112
Hawaii,2020-09-05,126406
Hawaii,2020-09-12,123117
Hawaii,2020-09-19,132614
Hawaii,2020-09-26,124618
Hawaii,2020-10-03,111316
Hawaii,2020-10-10,92670
Hawaii,2020-10-17,78241
Hawaii,2020-10-24,70501
Hawaii,2020-10-31,61296
Hawaii,2020-11-07,51384
Hawaii,2020-11-14,43905
Hawaii,2020-11-21,43998
Hawaii,2020-11-28,34962
Hawaii,2020-12-05,40308
Hawaii,2020-12-12,34758
Hawaii,2020-12-19,32169
Hawaii,2020-12-26,28831
Hawaii,2021-01-02,29272
Hawaii,2021-01-09,28678
Hawaii,2021-01-16,28192
Hawaii,2021-01-23,24872
Hawaii,2021-01-30,24747
Hawaii,2021-02-06,23814
Hawaii,2021-02-13,22201
Hawaii,2021-02-20,20593
Hawaii,2021-02-27,21179
Hawaii,2021-03-06,18579
Hawaii,2021-03-13,19034
Hawaii,2021-03-20,18620
Hawaii,2021-03-27,15844
Hawaii,2021-04-03,16831
Hawaii,2021-04-10,17980
Hawaii,2021-04-17,17611
Hawaii,2021-04-24,17837
Hawaii,2021-05-01,17442
Hawaii,2021-05-08,17168
Hawaii,2021-05-15,16805
Hawaii,2021-05-22,16956
Hawaii,2021-05-29,15900
Hawaii,2021-06-05,15580
Hawaii,2021-06-12,14513
Hawaii,2021-06-19,15553
Hawaii,2021-06-26,14034
Hawaii,2021-07-03,14493
Hawaii,2021-07-10,13176
Hawaii,2021-07-17,13945
Hawaii,2021-07-24,14399
Hawaii,2021-07-31,13578
Hawaii,2021-08-07,13511
Hawaii,2021-08-14,13147
Hawaii,2021-08-21,12728
Hawaii,2021-08-28,13645
Hawaii,2021-09-04,13736
Hawaii,2021-09-11,12994
Hawaii,2021-09-18,14276
Hawaii,2021-09-25,15642
Hawaii,2021-10-02,14995
Hawaii,2021-10-09,15021
Hawaii,2021-10-16,12896
Hawaii,2021-10-23,13990
Hawaii,2021-10-30,11802
Hawaii,2021-11-06,12552
Hawaii,2021-11-13,10334
Hawaii,2021-11-20,11251
Hawaii,2021-11-27,9002
Hawaii,2021-12-04,11277
Hawaii,2021-12-11,9677
Hawaii,2021-12-18,10014
Hawaii,2021-12-25,8300
Hawaii,2022-01-01,9020
Hawaii,2022-01-08,10560
Hawaii,2022-01-15,9931
Hawaii,2022-01-22,8885
Hawaii,2022-01-29,9163
Hawaii,2022-02-05,8677
Hawaii,2022-02-12,8558
Hawaii,2022-02-19,7768
Hawaii,2022-02-26,8005
Hawaii,2022-03-05,7611
Hawaii,2022-03-12,7748
Hawaii,2022-03-19,6966
Hawaii,2022-03-26,6474
Hawaii,2022-04-02,7057
Hawaii,2022-04-09,6388
Hawaii,2022-04-16,5981
Hawaii,2022-04-23,6222
Hawaii,2022-04-30,6124
Hawaii,2022-05-07,6011
Hawaii,2022-05-14,5914
Hawaii,2022-05-21,6010
Hawaii,2022-05-28,6104
Hawaii,2022-06-04,5809
Hawaii,2022-06-11,6267
Hawaii,2022-06-18,6494
Hawaii,2022-06-25,6294
Hawaii,2022-07-02,6300
Hawaii,2022-07-09,6240
Hawaii,2022-07-16,6242
Hawaii,2022-07-23,6292
Hawaii,2022-07-30,6270
Hawaii,2022-08-06,6248
Hawaii,2022-08-13,5962
Hawaii,2022-08-20,5730
Hawaii,2022-08-27,5909
Hawaii,2022-09-03,5735
Hawaii,2022-09-10,5662
Hawaii,2022-09-17,5774
Hawaii,2022-09-24,5395
Hawaii,2022-10-01,5289
Hawaii,2022-10-08,5387
Hawaii,2022-10-15,5619
Hawaii,2022-10-22,5500
Hawaii,2022-10-29,5659
Hawaii,2022-11-05,5498
Hawaii,2022-11-12,5366
Hawaii,2022-11-19,5639
Hawaii,2022-11-26,5173
Hawaii,2022-12-03,5872
Hawaii,2022-12-10,5453
Hawaii,2022-12-17,5308
Hawaii,2022-12-24,5200
Hawaii,2022-12-31,5644
Hawaii,2023-01-07,6487
Hawaii,2023-01-14,6072
Hawaii,2023-01-21,5719
Hawaii,2023-01-28,5652
Hawaii,2023-02-04,5550
Hawaii,2023-02-11,5868
Hawaii,2023-02-18,5503
Hawaii,2023-02-25,5669
Hawaii,2023-03-04,6104
Hawaii,2023-03-11,5939
Hawaii,2023-03-18,5599
Hawaii,2023-03-25,5770
Hawaii,2023-04-01,5569
Hawaii,2023-04-08,5700
Hawaii,2023-04-15,5915
Hawaii,2023-04-22,5755
Hawaii,2023-04-29,5694
Hawaii,2023-05-06,5558
Hawaii,2023-05-13,5611
Hawaii,2023-05-20,5617
Hawaii,2023-05-27,5540
Hawaii,2023-06-03,5617
Hawaii,2023-06-10,6051
Hawaii,2023-06-17,6009
Hawaii,2023-06-24,6171
Hawaii,2023-07-01,5985
Hawaii,2023-07-08,5969
Hawaii,2023-07-15,6348
Hawaii,2023-07-22,6124
Hawaii,2023-07-29,6277
Hawaii,2023-08-05,6245
Hawaii,2023-08-12,6171
Hawaii,2023-08-19,7176
Hawaii,2023-08-26,11713
Hawaii,2023-09-02,13404
Hawaii,2023-09-09,13612
Hawaii,2023-09-16,14373
Hawaii,2023-09-23,14308
Hawaii,2023-09-30,14072
Hawaii,2023-10-07,13537
Hawaii,2023-10-14,13011
Hawaii,2023-10-21,12622
Hawaii,2023-10-28,12020
Hawaii,2023-11-04,11540
Hawaii,2023-11-11,10823
Hawaii,2023-11-18,11192
Hawaii,2023-11-25,9962
Hawaii,2023-12-02,10873
Hawaii,2023-12-09,10498
Hawaii,2023-12-16,9587
Hawaii,2023-12-23,9288
Hawaii,2023-12-30,8453
Hawaii,2024-01-06,9940
Hawaii,2024-01-13,9502
Hawaii,2024-01-20,8951
Hawaii,2024-01-27,8530
Hawaii,2024-02-03,8482
Hawaii,2024-02-10,8450
Hawaii,2024-02-17,8034
Hawaii,2024-02-24,7677
Hawaii,2024-03-02,7180
Hawaii,2024-03-09,6865
Hawaii,2024-03-16,6627
Hawaii,2024-03-23,6248
Hawaii,2024-03-30,6142
Hawaii,2024-04-06,6481
Hawaii,2024-04-13,6059
Hawaii,2024-04-20,6128
Hawaii,2024-04-27,5991
Hawaii,2024-05-04,6104
Hawaii,2024-05-11,6048
Hawaii,2024-05-18,6183
Hawaii,2024-05-25,6446
Hawaii,2024-06-01,5878
Hawaii,2024-06-08,5411
Hawaii,2024-06-15,5997
Hawaii,2024-06-22,5817
Hawaii,2024-06-29,5934
Hawaii,2024-07-06,5747
Hawaii,2024-07-13,6179
Hawaii,2024-07-20,5970
Hawaii,2024-07-27,5916
Hawaii,2024-08-03,5973
Hawaii,2024-08-10,5982
Hawaii,2024-08-17,5397
Hawaii,2024-08-24,5811
Hawaii,2024-08-31,5826
Hawaii,2024-09-07,5872
Hawaii,2024-09-14,5706
Hawaii,2024-09-21,5731
Hawaii,2024-09-28,5808
Hawaii,2024-10-05,6270
Hawaii,2024-10-12,6321
Hawaii,2024-10-19,6602
Hawaii,2024-10-26,6174
Hawaii,2024-11-02,6342
Hawaii,2024-11-09,6155
Hawaii,2024-11-16,6004
Hawaii,2024-11-23,5601
Hawaii,2024-11-30,4891
Hawaii,2024-12-07,6350
Hawaii,2024-12-14,5433
Hawaii,2024-12-21,5413
Hawaii,2024-12-28,5136
Hawaii,2025-01-04,6127
Hawaii,2025-01-11,6817
Hawaii,2025-01-18,5783
Hawaii,2025-01-25,5395
Hawaii,2025-02-01,5524
Hawaii,2025-02-08,5786
Hawaii,2025-02-15,5475
Hawaii,2025-02-22,5424
Hawaii,2025-03-01,5423
Hawaii,2025-03-08,5340
Hawaii,2025-03-15,5308
Hawaii,2025-03-22,5296
Hawaii,2025-03-29,5449
Hawaii,2025-04-05,5396
Hawaii,2025-04-12,5215
Idaho,2020-01-04,8854
Idaho,2020-01-11,11483
Idaho,2020-01-18,11931
Idaho,2020-01-25,11833
Idaho,2020-02-01,11337
Idaho,2020-02-08,11389
Idaho,2020-02-15,11334
Idaho,2020-02-22,11275
Idaho,2020-02-29,10587
Idaho,2020-03-07,10167
Idaho,2020-03-14,9336
Idaho,2020-03-21,7869
Idaho,2020-03-28,15523
Idaho,2020-04-04,35915
Idaho,2020-04-11,59139
Idaho,2020-04-18,67722
Idaho,2020-04-25,71416
Idaho,2020-05-02,71794
Idaho,2020-05-09,65478
Idaho,2020-05-16,60121
Idaho,2020-05-23,56692
Idaho,2020-05-30,51035
Idaho,2020-06-06,47779
Idaho,2020-06-13,36764
Idaho,2020-06-20,33060
Idaho,2020-06-27,30886
Idaho,2020-07-04,29090
Idaho,2020-07-11,28766
Idaho,2020-07-18,27622
Idaho,2020-07-25,26445
Idaho,2020-08-01,25369
Idaho,2020-08-08,20263
Idaho,2020-08-15,18772
Idaho,2020-08-22,16414
Idaho,2020-08-29,14423
Idaho,2020-09-05,13021
Idaho,2020-09-12,11510
Idaho,2020-09-19,10708
Idaho,2020-09-26,9895
Idaho,2020-10-03,9144
Idaho,2020-10-10,8386
Idaho,2020-10-17,8215
Idaho,2020-10-24,8024
Idaho,2020-10-31,8124
Idaho,2020-11-07,7960
Idaho,2020-11-14,8310
Idaho,2020-11-21,8793
Idaho,2020-11-28,9245
Idaho,2020-12-05,10549
Idaho,2020-12-12,10630
Idaho,2020-12-19,11225
Idaho,2020-12-26,11706
Idaho,2021-01-02,13338
Idaho,2021-01-09,14390
Idaho,2021-01-16,13864
Idaho,2021-01-23,14228
Idaho,2021-01-30,14627
Idaho,2021-02-06,14846
Idaho,2021-02-13,15074
Idaho,2021-02-20,15363
Idaho,2021-02-27,15307
Idaho,2021-03-06,13968
Idaho,2021-03-13,12838
Idaho,2021-03-20,11407
Idaho,2021-03-27,10784
Idaho,2021-04-03,11497
Idaho,2021-04-10,10612
Idaho,2021-04-17,10141
Idaho,2021-04-24,9411
Idaho,2021-05-01,9680
Idaho,2021-05-08,8113
Idaho,2021-05-15,7429
Idaho,2021-05-22,7021
Idaho,2021-05-29,6704
Idaho,2021-06-05,6458
Idaho,2021-06-12,6294
Idaho,2021-06-19,6125
Idaho,2021-06-26,5825
Idaho,2021-07-03,5848
Idaho,2021-07-10,5507
Idaho,2021-07-17,5210
Idaho,2021-07-24,4950
Idaho,2021-07-31,4781
Idaho,2021-08-07,4453
Idaho,2021-08-14,4304
Idaho,2021-08-21,4246
Idaho,2021-08-28,3901
Idaho,2021-09-04,3647
Idaho,2021-09-11,3328
Idaho,2021-09-18,3142
Idaho,2021-09-25,2969
Idaho,2021-10-02,2963
Idaho,2021-10-09,2805
Idaho,2021-10-16,2863
Idaho,2021-10-23,2837
Idaho,2021-10-30,3028
Idaho,2021-11-06,3217
Idaho,2021-11-13,3342
Idaho,2021-11-20,3701
Idaho,2021-11-27,3873
Idaho,2021-12-04,4889
Idaho,2021-12-11,4975
Idaho,2021-12-18,5550
Idaho,2021-12-25,6049
Idaho,2022-01-01,7341
Idaho,2022-01-08,8860
Idaho,2022-01-15,9099
Idaho,2022-01-22,8771
Idaho,2022-01-29,8885
Idaho,2022-02-05,8953
Idaho,2022-02-12,8708
Idaho,2022-02-19,8354
Idaho,2022-02-26,8026
Idaho,2022-03-05,8026
Idaho,2022-03-12,6909
Idaho,2022-03-19,6343
Idaho,2022-03-26,5691
Idaho,2022-04-02,5356
Idaho,2022-04-09,4498
Idaho,2022-04-16,4055
Idaho,2022-04-23,4008
Idaho,2022-04-30,3808
Idaho,2022-05-07,3486
Idaho,2022-05-14,3310
Idaho,2022-05-21,3187
Idaho,2022-05-28,3103
Idaho,2022-06-04,3121
Idaho,2022-06-11,3288
Idaho,2022-06-18,3514
Idaho,2022-06-25,3559
Idaho,2022-07-02,3781
Idaho,2022-07-09,3842
Idaho,2022-07-16,4049
Idaho,2022-07-23,3809
Idaho,2022-07-30,3975
Idaho,2022-08-06,4032
Idaho,2022-08-13,4139
Idaho,2022-08-20,3791
Idaho,2022-08-27,3410
Idaho,2022-09-03,3108
Idaho,2022-09-10,3055
Idaho,2022-09-17,3011
Idaho,2022-09-24,2848
Idaho,2022-10-01,2885
Idaho,2022-10-08,2935
Idaho,2022-10-15,2962
Idaho,2022-10-22,3048
Idaho,2022-10-29,3129
Idaho,2022-11-05,3403
Idaho,2022-11-12,3712
Idaho,2022-11-19,4534
Idaho,2022-11-26,4891
Idaho,2022-12-03,6314
Idaho,2022-12-10,6829
Idaho,2022-12-17,7506
Idaho,2022-12-24,8280
Idaho,2022-12-31,9707
Idaho,2023-01-07,10847
Idaho,2023-01-14,10516
Idaho,2023-01-21,10308
Idaho,2023-01-28,10582
Idaho,2023-02-04,10806
Idaho,2023-02-11,10980
Idaho,2023-02-18,10386
Idaho,2023-02-25,10279
Idaho,2023-03-04,10210
Idaho,2023-03-11,9750
Idaho,2023-03-18,9156
Idaho,2023-03-25,8617
Idaho,2023-04-01,8398
Idaho,2023-04-08,7648
Idaho,2023-04-15,7189
Idaho,2023-04-22,6541
Idaho,2023-04-29,6231
Idaho,2023-05-06,5783
Idaho,2023-05-13,5342
Idaho,2023-05-20,5223
Idaho,2023-05-27,4989
Idaho,2023-06-03,5271
Idaho,2023-06-10,5619
Idaho,2023-06-17,5302
Idaho,2023-06-24,5230
Idaho,2023-07-01,5205
Idaho,2023-07-08,5455
Idaho,2023-07-15,5971
Idaho,2023-07-22,5537
Idaho,2023-07-29,5046
Idaho,2023-08-05,5020
Idaho,2023-08-12,4888
Idaho,2023-08-19,4700
Idaho,2023-08-26,4266
Idaho,2023-09-02,4156
Idaho,2023-09-09,4051
Idaho,2023-09-16,4045
Idaho,2023-09-23,3854
Idaho,2023-09-30,3876
Idaho,2023-10-07,3830
Idaho,2023-10-14,3906
Idaho,2023-10-21,3984
Idaho,2023-10-28,4137
Idaho,2023-11-04,4331
Idaho,2023-11-11,4698
Idaho,2023-11-18,5077
Idaho,2023-11-25,5324
Idaho,2023-12-02,6584
Idaho,2023-12-09,6928
Idaho,2023-12-16,7734
Idaho,2023-12-23,8312
Idaho,2023-12-30,9263
Idaho,2024-01-06,10898
Idaho,2024-01-13,11048
Idaho,2024-01-20,11120
Idaho,2024-01-27,11916
Idaho,2024-02-03,11788
Idaho,2024-02-10,11618
Idaho,2024-02-17,11543
Idaho,2024-02-24,11294
Idaho,2024-03-02,10857
Idaho,2024-03-09,10438
Idaho,2024-03-16,10095
Idaho,2024-03-23,8989
Idaho,2024-03-30,8377
Idaho,2024-04-06,7895
Idaho,2024-04-13,7169
Idaho,2024-04-20,6545
Idaho,2024-04-27,6092
Idaho,2024-05-04,5744
Idaho,2024-05-11,5636
Idaho,2024-05-18,5428
Idaho,2024-05-25,5381
Idaho,2024-06-01,5391
Idaho,2024-06-08,5736
Idaho,2024-06-15,5522
Idaho,2024-06-22,5438
Idaho,2024-06-29,5383
Idaho,2024-07-06,5413
Idaho,2024-07-13,5628
Idaho,2024-07-20,5168
Idaho,2024-07-27,4948
Idaho,2024-08-03,4782
Idaho,2024-08-10,4717
Idaho,2024-08-17,4583
Idaho,2024-08-24,4360
Idaho,2024-08-31,4143
Idaho,2024-09-07,4028
Idaho,2024-09-14,3942
Idaho,2024-09-21,3919
Idaho,2024-09-28,3904
Idaho,2024-10-05,3873
Idaho,2024-10-12,3962
Idaho,2024-10-19,3986
Idaho,2024-10-26,4175
Idaho,2024-11-02,4321
Idaho,2024-11-09,4543
Idaho,2024-11-16,4935
Idaho,2024-11-23,5370
Idaho,2024-11-30,6097
Idaho,2024-12-07,7324
Idaho,2024-12-14,7489
Idaho,2024-12-21,8272
Idaho,2024-12-28,9206
Idaho,2025-01-04,11504
Idaho,2025-01-11,11909
Idaho,2025-01-18,11123
Idaho,2025-01-25,11310
Idaho,2025-02-01,11670
Idaho,2025-02-08,11537
Idaho,2025-02-15,11821
Idaho,2025-02-22,12091
Idaho,2025-03-01,11914
Idaho,2025-03-08,11177
Idaho,2025-03-15,10340
Idaho,2025-03-22,9428
Idaho,2025-03-29,8944
Idaho,2025-04-05,8014
Idaho,2025-04-12,7307
Illinois,2020-01-04,125348
Illinois,2020-01-11,136523
Illinois,2020-01-18,133967
Illinois,2020-01-25,131469
Illinois,2020-02-01,143239
Illinois,2020-02-08,130900
Illinois,2020-02-15,133765
Illinois,2020-02-22,131171
Illinois,2020-02-29,132123
Illinois,2020-03-07,136396
Illinois,2020-03-14,130293
Illinois,2020-03-21,125422
Illinois,2020-03-28,132058
Illinois,2020-04-04,263018
Illinois,2020-04-11,452826
Illinois,2020-04-18,569200
Illinois,2020-04-25,681002
Illinois,2020-05-02,695971
Illinois,2020-05-09,755912
Illinois,2020-05-16,733542
Illinois,2020-05-23,762367
Illinois,2020-05-30,719779
Illinois,2020-06-06,741738
Illinois,2020-06-13,710279
Illinois,2020-06-20,705839
Illinois,2020-06-27,676722
Illinois,2020-07-04,667460
Illinois,2020-07-11,664763
Illinois,2020-07-18,655951
Illinois,2020-07-25,648727
Illinois,2020-08-01,631032
Illinois,2020-08-08,617131
Illinois,2020-08-15,604288
Illinois,2020-08-22,593305
Illinois,2020-08-29,558651
Illinois,2020-09-05,552436
Illinois,2020-09-12,507880
Illinois,2020-09-19,536818
Illinois,2020-09-26,502314
Illinois,2020-10-03,483981
Illinois,2020-10-10,447060
Illinois,2020-10-17,402230
Illinois,2020-10-24,379952
Illinois,2020-10-31,342745
Illinois,2020-11-07,334962
Illinois,2020-11-14,346574
Illinois,2020-11-21,333669
Illinois,2020-11-28,298570
Illinois,2020-12-05,334287
Illinois,2020-12-12,330384
Illinois,2020-12-19,338024
Illinois,2020-12-26,327644
Illinois,2021-01-02,330503
Illinois,2021-01-09,349645
Illinois,2021-01-16,315325
Illinois,2021-01-23,328857
Illinois,2021-01-30,313539
Illinois,2021-02-06,292788
Illinois,2021-02-13,274676
Illinois,2021-02-20,268922
Illinois,2021-02-27,260091
Illinois,2021-03-06,249256
Illinois,2021-03-13,243921
Illinois,2021-03-20,224298
Illinois,2021-03-27,215164
Illinois,2021-04-03,246449
Illinois,2021-04-10,236986
Illinois,2021-04-17,239827
Illinois,2021-04-24,230735
Illinois,2021-05-01,227832
Illinois,2021-05-08,216176
Illinois,2021-05-15,208885
Illinois,2021-05-22,200064
Illinois,2021-05-29,202005
Illinois,2021-06-05,194632
Illinois,2021-06-12,202222
Illinois,2021-06-19,198886
Illinois,2021-06-26,203686
Illinois,2021-07-03,194937
Illinois,2021-07-10,203297
Illinois,2021-07-17,204032
Illinois,2021-07-24,201993
Illinois,2021-07-31,209578
Illinois,2021-08-07,196250
Illinois,2021-08-14,204418
Illinois,2021-08-21,187107
Illinois,2021-08-28,179071
Illinois,2021-09-04,172292
Illinois,2021-09-11,151876
Illinois,2021-09-18,147341
Illinois,2021-09-25,228889
Illinois,2021-10-02,240584
Illinois,2021-10-09,189085
Illinois,2021-10-16,146419
Illinois,2021-10-23,150920
Illinois,2021-10-30,121182
Illinois,2021-11-06,132796
Illinois,2021-11-13,105013
Illinois,2021-11-20,122461
Illinois,2021-11-27,89588
Illinois,2021-12-04,121270
Illinois,2021-12-11,95708
Illinois,2021-12-18,123356
Illinois,2021-12-25,101021
Illinois,2022-01-01,124546
Illinois,2022-01-08,113614
Illinois,2022-01-15,138923
Illinois,2022-01-22,123648
Illinois,2022-01-29,138302
Illinois,2022-02-05,119355
Illinois,2022-02-12,134888
Illinois,2022-02-19,117255
Illinois,2022-02-26,134430
Illinois,2022-03-05,115988
Illinois,2022-03-12,124158
Illinois,2022-03-19,104431
Illinois,2022-03-26,114576
Illinois,2022-04-02,94157
Illinois,2022-04-09,92836
Illinois,2022-04-16,83224
Illinois,2022-04-23,81873
Illinois,2022-04-30,71483
Illinois,2022-05-07,68964
Illinois,2022-05-14,65022
Illinois,2022-05-21,65697
Illinois,2022-05-28,67548
Illinois,2022-06-04,60999
Illinois,2022-06-11,61193
Illinois,2022-06-18,64421
Illinois,2022-06-25,69125
Illinois,2022-07-02,67068
Illinois,2022-07-09,65497
Illinois,2022-07-16,66359
Illinois,2022-07-23,67179
Illinois,2022-07-30,66352
Illinois,2022-08-06,66159
Illinois,2022-08-13,64822
Illinois,2022-08-20,65024
Illinois,2022-08-27,62612
Illinois,2022-09-03,59603
Illinois,2022-09-10,56355
Illinois,2022-09-17,56137
Illinois,2022-09-24,56182
Illinois,2022-10-01,56858
Illinois,2022-10-08,54872
Illinois,2022-10-15,55661
Illinois,2022-10-22,57225
Illinois,2022-10-29,57296
Illinois,2022-11-05,59407
Illinois,2022-11-12,58592
Illinois,2022-11-19,64675
Illinois,2022-11-26,61074
Illinois,2022-12-03,78613
Illinois,2022-12-10,74447
Illinois,2022-12-17,87585
Illinois,2022-12-24,86980
Illinois,2022-12-31,98076
Illinois,2023-01-07,104649
Illinois,2023-01-14,112708
Illinois,2023-01-21,114455
Illinois,2023-01-28,110131
Illinois,2023-02-04,116798
Illinois,2023-02-11,112042
Illinois,2023-02-18,120796
Illinois,2023-02-25,114012
Illinois,2023-03-04,117503
Illinois,2023-03-11,111796
Illinois,2023-03-18,113997
Illinois,2023-03-25,109666
Illinois,2023-04-01,109700
Illinois,2023-04-08,102512
Illinois,2023-04-15,104266
Illinois,2023-04-22,95198
Illinois,2023-04-29,88895
Illinois,2023-05-06,90909
Illinois,2023-05-13,83363
Illinois,2023-05-20,81968
Illinois,2023-05-27,82704
Illinois,2023-06-03,80017
Illinois,2023-06-10,80313
Illinois,2023-06-17,85699
Illinois,2023-06-24,86307
Illinois,2023-07-01,89634
Illinois,2023-07-08,87152
Illinois,2023-07-15,92463
Illinois,2023-07-22,91653
Illinois,2023-07-29,91287
Illinois,2023-08-05,86629
Illinois,2023-08-12,91102
Illinois,2023-08-19,89027
Illinois,2023-08-26,91764
Illinois,2023-09-02,85116
Illinois,2023-09-09,81341
Illinois,2023-09-16,79704
Illinois,2023-09-23,79717
Illinois,2023-09-30,78889
Illinois,2023-10-07,78474
Illinois,2023-10-14,76865
Illinois,2023-10-21,81141
Illinois,2023-10-28,78437
Illinois,2023-11-04,81302
Illinois,2023-11-11,78799
Illinois,2023-11-18,85101
Illinois,2023-11-25,79354
Illinois,2023-12-02,91758
Illinois,2023-12-09,93379
Illinois,2023-12-16,103045
Illinois,2023-12-23,104024
Illinois,2023-12-30,111456
Illinois,2024-01-06,116297
Illinois,2024-01-13,131949
Illinois,2024-01-20,127138
Illinois,2024-01-27,133201
Illinois,2024-02-03,135884
Illinois,2024-02-10,131722
Illinois,2024-02-17,133160
Illinois,2024-02-24,130441
Illinois,2024-03-02,129804
Illinois,2024-03-09,127192
Illinois,2024-03-16,124840
Illinois,2024-03-23,121513
Illinois,2024-03-30,116778
Illinois,2024-04-06,114835
Illinois,2024-04-13,113703
Illinois,2024-04-20,109632
Illinois,2024-04-27,97726
Illinois,2024-05-04,97996
Illinois,2024-05-11,91589
Illinois,2024-05-18,97194
Illinois,2024-05-25,90925
Illinois,2024-06-01,90886
Illinois,2024-06-08,88220
Illinois,2024-06-15,93676
Illinois,2024-06-22,93531
Illinois,2024-06-29,97870
Illinois,2024-07-06,92485
Illinois,2024-07-13,98760
Illinois,2024-07-20,100392
Illinois,2024-07-27,99391
Illinois,2024-08-03,97860
Illinois,2024-08-10,96117
Illinois,2024-08-17,96691
Illinois,2024-08-24,96825
Illinois,2024-08-31,92104
Illinois,2024-09-07,88247
Illinois,2024-09-14,86818
Illinois,2024-09-21,86370
Illinois,2024-09-28,84561
Illinois,2024-10-05,83921
Illinois,2024-10-12,83046
Illinois,2024-10-19,84573
Illinois,2024-10-26,84142
Illinois,2024-11-02,85060
Illinois,2024-11-09,85735
Illinois,2024-11-16,87070
Illinois,2024-11-23,91185
Illinois,2024-11-30,87134
Illinois,2024-12-07,103389
Illinois,2024-12-14,101902
Illinois,2024-12-21,119875
Illinois,2024-12-28,109665
Illinois,2025-01-04,130837
Illinois,2025-01-11,140112
Illinois,2025-01-18,141139
Illinois,2025-01-25,144522
Illinois,2025-02-01,143143
Illinois,2025-02-08,137997
Illinois,2025-02-15,139751
Illinois,2025-02-22,135561
Illinois,2025-03-01,139781
Illinois,2025-03-08,137117
Illinois,2025-03-15,133758
Illinois,2025-03-22,127849
Illinois,2025-03-29,122313
Illinois,2025-04-05,117754
Illinois,2025-04-12,116562
Indiana,2020-01-04,20062
Indiana,2020-01-11,21524
Indiana,2020-01-18,21626
Indiana,2020-01-25,21366
Indiana,2020-02-01,22017
Indiana,2020-02-08,22212
Indiana,2020-02-15,22352
Indiana,2020-02-22,22913
Indiana,2020-02-29,22994
Indiana,2020-03-07,22586
Indiana,2020-03-14,21473
Indiana,2020-03-21,20778
Indiana,2020-03-28,28987
Indiana,2020-04-04,71737
Indiana,2020-04-11,147583
Indiana,2020-04-18,206386
Indiana,2020-04-25,253929
Indiana,2020-05-02,271248
Indiana,2020-05-09,285460
Indiana,2020-05-16,270385
Indiana,2020-05-23,253536
Indiana,2020-05-30,233869
Indiana,2020-06-06,221056
Indiana,2020-06-13,211255
Indiana,2020-06-20,201242
Indiana,2020-06-27,191288
Indiana,2020-07-04,183968
Indiana,2020-07-11,190169
Indiana,2020-07-18,190854
Indiana,2020-07-25,228226
Indiana,2020-08-01,223895
Indiana,2020-08-08,199336
Indiana,2020-08-15,183083
Indiana,2020-08-22,170341
Indiana,2020-08-29,164569
Indiana,2020-09-05,158742
Indiana,2020-09-12,164615
Indiana,2020-09-19,161143
Indiana,2020-09-26,150463
Indiana,2020-10-03,129538
Indiana,2020-10-10,118930
Indiana,2020-10-17,113496
Indiana,2020-10-24,103977
Indiana,2020-10-31,96385
Indiana,2020-11-07,87474
Indiana,2020-11-14,81938
Indiana,2020-11-21,84966
Indiana,2020-11-28,78674
Indiana,2020-12-05,84790
Indiana,2020-12-12,78703
Indiana,2020-12-19,73506
Indiana,2020-12-26,73868
Indiana,2021-01-02,80503
Indiana,2021-01-09,93981
Indiana,2021-01-16,91907
Indiana,2021-01-23,95058
Indiana,2021-01-30,81870
Indiana,2021-02-06,79295
Indiana,2021-02-13,77782
Indiana,2021-02-20,73668
Indiana,2021-02-27,72770
Indiana,2021-03-06,69343
Indiana,2021-03-13,65352
Indiana,2021-03-20,59186
Indiana,2021-03-27,58181
Indiana,2021-04-03,55558
Indiana,2021-04-10,57103
Indiana,2021-04-17,58333
Indiana,2021-04-24,59616
Indiana,2021-05-01,64342
Indiana,2021-05-08,64930
Indiana,2021-05-15,57689
Indiana,2021-05-22,55907
Indiana,2021-05-29,54919
Indiana,2021-06-05,53378
Indiana,2021-06-12,53670
Indiana,2021-06-19,50535
Indiana,2021-06-26,47470
Indiana,2021-07-03,58694
Indiana,2021-07-10,51877
Indiana,2021-07-17,54149
Indiana,2021-07-24,45203
Indiana,2021-07-31,42979
Indiana,2021-08-07,46158
Indiana,2021-08-14,42628
Indiana,2021-08-21,43282
Indiana,2021-08-28,38129
Indiana,2021-09-04,38652
Indiana,2021-09-11,33707
Indiana,2021-09-18,42790
Indiana,2021-09-25,40054
Indiana,2021-10-02,37195
Indiana,2021-10-09,35447
Indiana,2021-10-16,30717
Indiana,2021-10-23,28577
Indiana,2021-10-30,27945
Indiana,2021-11-06,28785
Indiana,2021-11-13,28405
Indiana,2021-11-20,26895
Indiana,2021-11-27,22940
Indiana,2021-12-04,29179
Indiana,2021-12-11,26230
Indiana,2021-12-18,26398
Indiana,2021-12-25,26086
Indiana,2022-01-01,29757
Indiana,2022-01-08,32722
Indiana,2022-01-15,32439
Indiana,2022-01-22,31318
Indiana,2022-01-29,33180
Indiana,2022-02-05,32063
Indiana,2022-02-12,31880
Indiana,2022-02-19,29085
Indiana,2022-02-26,28123
Indiana,2022-03-05,26578
Indiana,2022-03-12,25490
Indiana,2022-03-19,23394
Indiana,2022-03-26,21993
Indiana,2022-04-02,21312
Indiana,2022-04-09,21762
Indiana,2022-04-16,23849
Indiana,2022-04-23,23327
Indiana,2022-04-30,20459
Indiana,2022-05-07,18646
Indiana,2022-05-14,17707
Indiana,2022-05-21,17994
Indiana,2022-05-28,17341
Indiana,2022-06-04,17109
Indiana,2022-06-11,17104
Indiana,2022-06-18,16103
Indiana,2022-06-25,17881
Indiana,2022-07-02,17273
Indiana,2022-07-09,20501
Indiana,2022-07-16,19411
Indiana,2022-07-23,18113
Indiana,2022-07-30,19488
Indiana,2022-08-06,17703
Indiana,2022-08-13,20661
Indiana,2022-08-20,18694
Indiana,2022-08-27,18767
Indiana,2022-09-03,24433
Indiana,2022-09-10,23117
Indiana,2022-09-17,18866
Indiana,2022-09-24,17447
Indiana,2022-10-01,19724
Indiana,2022-10-08,18296
Indiana,2022-10-15,18040
Indiana,2022-10-22,17360
Indiana,2022-10-29,17485
Indiana,2022-11-05,20478
Indiana,2022-11-12,18002
Indiana,2022-11-19,17814
Indiana,2022-11-26,18650
Indiana,2022-12-03,26097
Indiana,2022-12-10,23693
Indiana,2022-12-17,21595
Indiana,2022-12-24,23043
Indiana,2022-12-31,29901
Indiana,2023-01-07,30735
Indiana,2023-01-14,34266
Indiana,2023-01-21,31699
Indiana,2023-01-28,32137
Indiana,2023-02-04,32407
Indiana,2023-02-11,33029
Indiana,2023-02-18,28235
Indiana,2023-02-25,26674
Indiana,2023-03-04,26026
Indiana,2023-03-11,26905
Indiana,2023-03-18,25625
Indiana,2023-03-25,24737
Indiana,2023-04-01,23368
Indiana,2023-04-08,26612
Indiana,2023-04-15,25247
Indiana,2023-04-22,20721
Indiana,2023-04-29,20774
Indiana,2023-05-06,21072
Indiana,2023-05-13,19757
Indiana,2023-05-20,19441
Indiana,2023-05-27,19842
Indiana,2023-06-03,19628
Indiana,2023-06-10,22868
Indiana,2023-06-17,20118
Indiana,2023-06-24,19733
Indiana,2023-07-01,22260
Indiana,2023-07-08,24820
Indiana,2023-07-15,22615
Indiana,2023-07-22,21191
Indiana,2023-07-29,19558
Indiana,2023-08-05,19459
Indiana,2023-08-12,20709
Indiana,2023-08-19,20384
Indiana,2023-08-26,20398
Indiana,2023-09-02,19395
Indiana,2023-09-09,23196
Indiana,2023-09-16,23558
Indiana,2023-09-23,18914
Indiana,2023-09-30,19101
Indiana,2023-10-07,19531
Indiana,2023-10-14,19871
Indiana,2023-10-21,19825
Indiana,2023-10-28,19593
Indiana,2023-11-04,20800
Indiana,2023-11-11,21493
Indiana,2023-11-18,20417
Indiana,2023-11-25,20413
Indiana,2023-12-02,25288
Indiana,2023-12-09,22432
Indiana,2023-12-16,22482
Indiana,2023-12-23,23473
Indiana,2023-12-30,27136
Indiana,2024-01-06,27770
Indiana,2024-01-13,29271
Indiana,2024-01-20,27005
Indiana,2024-01-27,28011
Indiana,2024-02-03,28447
Indiana,2024-02-10,27757
Indiana,2024-02-17,27131
Indiana,2024-02-24,26379
Indiana,2024-03-02,25154
Indiana,2024-03-09,26237
Indiana,2024-03-16,24399
Indiana,2024-03-23,23862
Indiana,2024-03-30,23988
Indiana,2024-04-06,23975
Indiana,2024-04-13,23195
Indiana,2024-04-20,21745
Indiana,2024-04-27,20331
Indiana,2024-05-04,19795
Indiana,2024-05-11,22119
Indiana,2024-05-18,20140
Indiana,2024-05-25,19458
Indiana,2024-06-01,19395
Indiana,2024-06-08,20168
Indiana,2024-06-15,19509
Indiana,2024-06-22,19369
Indiana,2024-06-29,19084
Indiana,2024-07-06,22754
Indiana,2024-07-13,22019
Indiana,2024-07-20,23222
Indiana,2024-07-27,20275
Indiana,2024-08-03,19820
Indiana,2024-08-10,20129
Indiana,2024-08-17,20394
Indiana,2024-08-24,21156
Indiana,2024-08-31,21828
Indiana,2024-09-07,21967
Indiana,2024-09-14,21060
Indiana,2024-09-21,20311
Indiana,2024-09-28,20383
Indiana,2024-10-05,23703
Indiana,2024-10-12,20932
Indiana,2024-10-19,20745
Indiana,2024-10-26,21386
Indiana,2024-11-02,20802
Indiana,2024-11-09,22404
Indiana,2024-11-16,21358
Indiana,2024-11-23,20923
Indiana,2024-11-30,20931
Indiana,2024-12-07,24224
Indiana,2024-12-14,23610
Indiana,2024-12-21,24094
Indiana,2024-12-28,24631
Indiana,2025-01-04,28033
Indiana,2025-01-11,30829
Indiana,2025-01-18,29825
Indiana,2025-01-25,29956
Indiana,2025-02-01,30247
Indiana,2025-02-08,28861
Indiana,2025-02-15,30846
Indiana,2025-02-22,28908
Indiana,2025-03-01,26542
Indiana,2025-03-08,27737
Indiana,2025-03-15,26606
Indiana,2025-03-22,25133
Indiana,2025-03-29,24235
Indiana,2025-04-05,23445
Indiana,2025-04-12,22840
Iowa,2020-01-04,34549
Iowa,2020-01-11,34540
Iowa,2020-01-18,29625
Iowa,2020-01-25,30369
Iowa,2020-02-01,30890
Iowa,2020-02-08,30789
Iowa,2020-02-15,30799
Iowa,2020-02-22,30741
Iowa,2020-02-29,30516
Iowa,2020-03-07,29424
Iowa,2020-03-14,27816
Iowa,2020-03-21,26496
Iowa,2020-03-28,53650
Iowa,2020-04-04,91631
Iowa,2020-04-11,127332
Iowa,2020-04-18,150445
Iowa,2020-04-25,168971
Iowa,2020-05-02,179610
Iowa,2020-05-09,189643
Iowa,2020-05-16,184641
Iowa,2020-05-23,178559
Iowa,2020-05-30,162562
Iowa,2020-06-06,158268
Iowa,2020-06-13,152739
Iowa,2020-06-20,152781
Iowa,2020-06-27,141748
Iowa,2020-07-04,134215
Iowa,2020-07-11,134284
Iowa,2020-07-18,115930
Iowa,2020-07-25,110042
Iowa,2020-08-01,104316
Iowa,2020-08-08,92100
Iowa,2020-08-15,82442
Iowa,2020-08-22,83312
Iowa,2020-08-29,75877
Iowa,2020-09-05,70953
Iowa,2020-09-12,65422
Iowa,2020-09-19,62938
Iowa,2020-09-26,58419
Iowa,2020-10-03,51560
Iowa,2020-10-10,46409
Iowa,2020-10-17,42103
Iowa,2020-10-24,39825
Iowa,2020-10-31,36982
Iowa,2020-11-07,35213
Iowa,2020-11-14,34802
Iowa,2020-11-21,36802
Iowa,2020-11-28,33712
Iowa,2020-12-05,42382
Iowa,2020-12-12,38118
Iowa,2020-12-19,37492
Iowa,2020-12-26,38023
Iowa,2021-01-02,43165
Iowa,2021-01-09,48553
Iowa,2021-01-16,46014
Iowa,2021-01-23,46303
Iowa,2021-01-30,45803
Iowa,2021-02-06,48028
Iowa,2021-02-13,46963
Iowa,2021-02-20,48758
Iowa,2021-02-27,48389
Iowa,2021-03-06,44013
Iowa,2021-03-13,40145
Iowa,2021-03-20,37540
Iowa,2021-03-27,39657
Iowa,2021-04-03,37872
Iowa,2021-04-10,33500
Iowa,2021-04-17,32950
Iowa,2021-04-24,30532
Iowa,2021-05-01,27764
Iowa,2021-05-08,25714
Iowa,2021-05-15,26173
Iowa,2021-05-22,25255
Iowa,2021-05-29,25588
Iowa,2021-06-05,24464
Iowa,2021-06-12,23744
Iowa,2021-06-19,22883
Iowa,2021-06-26,20119
Iowa,2021-07-03,19275
Iowa,2021-07-10,18621
Iowa,2021-07-17,18751
Iowa,2021-07-24,17639
Iowa,2021-07-31,16787
Iowa,2021-08-07,16433
Iowa,2021-08-14,16230
Iowa,2021-08-21,14928
Iowa,2021-08-28,13519
Iowa,2021-09-04,11746
Iowa,2021-09-11,10831
Iowa,2021-09-18,10448
Iowa,2021-09-25,10074
Iowa,2021-10-02,9544
Iowa,2021-10-09,9038
Iowa,2021-10-16,8638
Iowa,2021-10-23,8935
Iowa,2021-10-30,8854
Iowa,2021-11-06,9826
Iowa,2021-11-13,9197
Iowa,2021-11-20,9513
Iowa,2021-11-27,9077
Iowa,2021-12-04,11913
Iowa,2021-12-11,12407
Iowa,2021-12-18,14141
Iowa,2021-12-25,15253
Iowa,2022-01-01,19181
Iowa,2022-01-08,24541
Iowa,2022-01-15,24492
Iowa,2022-01-22,22478
Iowa,2022-01-29,23740
Iowa,2022-02-05,23749
Iowa,2022-02-12,23310
Iowa,2022-02-19,22381
Iowa,2022-02-26,22196
Iowa,2022-03-05,21905
Iowa,2022-03-12,19950
Iowa,2022-03-19,19397
Iowa,2022-03-26,17498
Iowa,2022-04-02,16293
Iowa,2022-04-09,13893
Iowa,2022-04-16,11669
Iowa,2022-04-23,9538
Iowa,2022-04-30,8430
Iowa,2022-05-07,7315
Iowa,2022-05-14,7017
Iowa,2022-05-21,6235
Iowa,2022-05-28,5974
Iowa,2022-06-04,6064
Iowa,2022-06-11,6560
Iowa,2022-06-18,6928
Iowa,2022-06-25,6981
Iowa,2022-07-02,6988
Iowa,2022-07-09,7265
Iowa,2022-07-16,8149
Iowa,2022-07-23,7592
Iowa,2022-07-30,7415
Iowa,2022-08-06,7503
Iowa,2022-08-13,7754
Iowa,2022-08-20,7099
Iowa,2022-08-27,6793
Iowa,2022-09-03,5788
Iowa,2022-09-10,5510
Iowa,2022-09-17,5585
Iowa,2022-09-24,5669
Iowa,2022-10-01,5355
Iowa,2022-10-08,5526
Iowa,2022-10-15,5596
Iowa,2022-10-22,5821
Iowa,2022-10-29,5657
Iowa,2022-11-05,5814
Iowa,2022-11-12,5786
Iowa,2022-11-19,6522
Iowa,2022-11-26,7976
Iowa,2022-12-03,9705
Iowa,2022-12-10,10786
Iowa,2022-12-17,12682
Iowa,2022-12-24,14988
Iowa,2022-12-31,18732
Iowa,2023-01-07,22473
Iowa,2023-01-14,21340
Iowa,2023-01-21,20889
Iowa,2023-01-28,21682
Iowa,2023-02-04,21486
Iowa,2023-02-11,22736
Iowa,2023-02-18,21527
Iowa,2023-02-25,21478
Iowa,2023-03-04,21096
Iowa,2023-03-11,19975
Iowa,2023-03-18,18836
Iowa,2023-03-25,18587
Iowa,2023-04-01,15090
Iowa,2023-04-08,12227
Iowa,2023-04-15,9591
Iowa,2023-04-22,7731
Iowa,2023-04-29,7221
Iowa,2023-05-06,6904
Iowa,2023-05-13,6758
Iowa,2023-05-20,6715
Iowa,2023-05-27,6452
Iowa,2023-06-03,6512
Iowa,2023-06-10,7206
Iowa,2023-06-17,7290
Iowa,2023-06-24,7636
Iowa,2023-07-01,7710
Iowa,2023-07-08,8166
Iowa,2023-07-15,10114
Iowa,2023-07-22,8006
Iowa,2023-07-29,7788
Iowa,2023-08-05,8374
Iowa,2023-08-12,7792
Iowa,2023-08-19,8682
Iowa,2023-08-26,7590
Iowa,2023-09-02,6961
Iowa,2023-09-09,6917
Iowa,2023-09-16,7665
Iowa,2023-09-23,6329
Iowa,2023-09-30,6511
Iowa,2023-10-07,6490
Iowa,2023-10-14,6229
Iowa,2023-10-21,6438
Iowa,2023-10-28,6610
Iowa,2023-11-04,7138
Iowa,2023-11-11,6813
Iowa,2023-11-18,7229
Iowa,2023-11-25,7362
Iowa,2023-12-02,9392
Iowa,2023-12-09,10105
Iowa,2023-12-16,11546
Iowa,2023-12-23,13460
Iowa,2023-12-30,16517
Iowa,2024-01-06,20472
Iowa,2024-01-13,19761
Iowa,2024-01-20,20069
Iowa,2024-01-27,22906
Iowa,2024-02-03,22514
Iowa,2024-02-10,21805
Iowa,2024-02-17,21135
Iowa,2024-02-24,21124
Iowa,2024-03-02,19452
Iowa,2024-03-09,18311
Iowa,2024-03-16,16845
Iowa,2024-03-23,15620
Iowa,2024-03-30,13581
Iowa,2024-04-06,13591
Iowa,2024-04-13,10091
Iowa,2024-04-20,8311
Iowa,2024-04-27,8152
Iowa,2024-05-04,9293
Iowa,2024-05-11,7733
Iowa,2024-05-18,7327
Iowa,2024-05-25,7446
Iowa,2024-06-01,7468
Iowa,2024-06-08,8104
Iowa,2024-06-15,8608
Iowa,2024-06-22,9194
Iowa,2024-06-29,9446
Iowa,2024-07-06,10573
Iowa,2024-07-13,10954
Iowa,2024-07-20,10172
Iowa,2024-07-27,10233
Iowa,2024-08-03,10675
Iowa,2024-08-10,10963
Iowa,2024-08-17,9526
Iowa,2024-08-24,10033
Iowa,2024-08-31,9528
Iowa,2024-09-07,8540
Iowa,2024-09-14,8990
Iowa,2024-09-21,9255
Iowa,2024-09-28,9069
Iowa,2024-10-05,9484
Iowa,2024-10-12,9955
Iowa,2024-10-19,9642
Iowa,2024-10-26,9494
Iowa,2024-11-02,10048
Iowa,2024-11-09,10208
Iowa,2024-11-16,9997
Iowa,2024-11-23,9600
Iowa,2024-11-30,10183
Iowa,2024-12-07,13378
Iowa,2024-12-14,14253
Iowa,2024-12-21,15584
Iowa,2024-12-28,17930
Iowa,2025-01-04,24920
Iowa,2025-01-11,25917
Iowa,2025-01-18,22400
Iowa,2025-01-25,23372
Iowa,2025-02-01,23632
Iowa,2025-02-08,23827
Iowa,2025-02-15,23167
Iowa,2025-02-22,23401
Iowa,2025-03-01,24701
Iowa,2025-03-08,22853
Iowa,2025-03-15,21874
Iowa,2025-03-22,18895
Iowa,2025-03-29,17496
Iowa,2025-04-05,15818
Iowa,2025-04-12,12737
Kansas,2020-01-04,11175
Kansas,2020-01-11,11431
Kansas,2020-01-18,10638
Kansas,2020-01-25,11182
Kansas,2020-02-01,12301
Kansas,2020-02-08,11809
Kansas,2020-02-15,11666
Kansas,2020-02-22,12003
Kansas,2020-02-29,11505
Kansas,2020-03-07,11003
Kansas,2020-03-14,9771
Kansas,2020-03-21,7541
Kansas,2020-03-28,13489
Kansas,2020-04-04,41290
Kansas,2020-04-11,62281
Kansas,2020-04-18,77400
Kansas,2020-04-25,94197
Kansas,2020-05-02,102329
Kansas,2020-05-09,98714
Kansas,2020-05-16,91635
Kansas,2020-05-23,92794
Kansas,2020-05-30,90165
Kansas,2020-06-06,86537
Kansas,2020-06-13,78912
Kansas,2020-06-20,75709
Kansas,2020-06-27,76479
Kansas,2020-07-04,79513
Kansas,2020-07-11,78783
Kansas,2020-07-18,77528
Kansas,2020-07-25,72188
Kansas,2020-08-01,78354
Kansas,2020-08-08,66631
Kansas,2020-08-15,60748
Kansas,2020-08-22,56479
Kansas,2020-08-29,52943
Kansas,2020-09-05,52804
Kansas,2020-09-12,50497
Kansas,2020-09-19,45110
Kansas,2020-09-26,39518
Kansas,2020-10-03,36516
Kansas,2020-10-10,32292
Kansas,2020-10-17,33227
Kansas,2020-10-24,33300
Kansas,2020-10-31,33375
Kansas,2020-11-07,33131
Kansas,2020-11-14,30425
Kansas,2020-11-21,37274
Kansas,2020-11-28,35940
Kansas,2020-12-05,46705
Kansas,2020-12-12,56369
Kansas,2020-12-19,65207
Kansas,2020-12-26,69353
Kansas,2021-01-02,78727
Kansas,2021-01-09,88391
Kansas,2021-01-16,98889
Kansas,2021-01-23,72296
Kansas,2021-01-30,81292
Kansas,2021-02-06,23841
Kansas,2021-02-13,24094
Kansas,2021-02-20,29688
Kansas,2021-02-27,15520
Kansas,2021-03-06,22233
Kansas,2021-03-13,18812
Kansas,2021-03-20,11045
Kansas,2021-03-27,10174
Kansas,2021-04-03,8286
Kansas,2021-04-10,9235
Kansas,2021-04-17,8797
Kansas,2021-04-24,8311
Kansas,2021-05-01,8551
Kansas,2021-05-08,9810
Kansas,2021-05-15,9094
Kansas,2021-05-22,9922
Kansas,2021-05-29,9787
Kansas,2021-06-05,9008
Kansas,2021-06-12,9436
Kansas,2021-06-19,12470
Kansas,2021-06-26,10146
Kansas,2021-07-03,10104
Kansas,2021-07-10,9148
Kansas,2021-07-17,9051
Kansas,2021-07-24,9338
Kansas,2021-07-31,8117
Kansas,2021-08-07,10119
Kansas,2021-08-14,9020
Kansas,2021-08-21,8668
Kansas,2021-08-28,8480
Kansas,2021-09-04,8997
Kansas,2021-09-11,7797
Kansas,2021-09-18,6989
Kansas,2021-09-25,6438
Kansas,2021-10-02,6107
Kansas,2021-10-09,6508
Kansas,2021-10-16,5628
Kansas,2021-10-23,5583
Kansas,2021-10-30,4976
Kansas,2021-11-06,5696
Kansas,2021-11-13,5301
Kansas,2021-11-20,5183
Kansas,2021-11-27,4460
Kansas,2021-12-04,5841
Kansas,2021-12-11,5415
Kansas,2021-12-18,5451
Kansas,2021-12-25,5113
Kansas,2022-01-01,5771
Kansas,2022-01-08,6515
Kansas,2022-01-15,6889
Kansas,2022-01-22,6935
Kansas,2022-01-29,8161
Kansas,2022-02-05,7319
Kansas,2022-02-12,8012
Kansas,2022-02-19,6600
Kansas,2022-02-26,6468
Kansas,2022-03-05,7088
Kansas,2022-03-12,6245
Kansas,2022-03-19,6711
Kansas,2022-03-26,5239
Kansas,2022-04-02,4766
Kansas,2022-04-09,4190
Kansas,2022-04-16,3890
Kansas,2022-04-23,3868
Kansas,2022-04-30,3886
Kansas,2022-05-07,3639
Kansas,2022-05-14,3728
Kansas,2022-05-21,3623
Kansas,2022-05-28,3932
Kansas,2022-06-04,3855
Kansas,2022-06-11,4284
Kansas,2022-06-18,4022
Kansas,2022-06-25,3823
Kansas,2022-07-02,3850
Kansas,2022-07-09,3925
Kansas,2022-07-16,4143
Kansas,2022-07-23,4100
Kansas,2022-07-30,4219
Kansas,2022-08-06,4444
Kansas,2022-08-13,4087
Kansas,2022-08-20,4055
Kansas,2022-08-27,3862
Kansas,2022-09-03,3847
Kansas,2022-09-10,3763
Kansas,2022-09-17,3720
Kansas,2022-09-24,3691
Kansas,2022-10-01,3385
Kansas,2022-10-08,3320
Kansas,2022-10-15,3183
Kansas,2022-10-22,3464
Kansas,2022-10-29,3544
Kansas,2022-11-05,3662
Kansas,2022-11-12,3602
Kansas,2022-11-19,3892
Kansas,2022-11-26,3651
Kansas,2022-12-03,4145
Kansas,2022-12-10,3875
Kansas,2022-12-17,4065
Kansas,2022-12-24,4114
Kansas,2022-12-31,5075
Kansas,2023-01-07,5397
Kansas,2023-01-14,5113
Kansas,2023-01-21,5046
Kansas,2023-01-28,4995
Kansas,2023-02-04,5526
Kansas,2023-02-11,5792
Kansas,2023-02-18,5353
Kansas,2023-02-25,5635
Kansas,2023-03-04,5396
Kansas,2023-03-11,5365
Kansas,2023-03-18,5120
Kansas,2023-03-25,5000
Kansas,2023-04-01,5087
Kansas,2023-04-08,4785
Kansas,2023-04-15,4448
Kansas,2023-04-22,4261
Kansas,2023-04-29,4769
Kansas,2023-05-06,4924
Kansas,2023-05-13,5139
Kansas,2023-05-20,4619
Kansas,2023-05-27,4680
Kansas,2023-06-03,5205
Kansas,2023-06-10,4962
Kansas,2023-06-17,5319
Kansas,2023-06-24,5288
Kansas,2023-07-01,5041
Kansas,2023-07-08,5317
Kansas,2023-07-15,5411
Kansas,2023-07-22,5533
Kansas,2023-07-29,5779
Kansas,2023-08-05,5130
Kansas,2023-08-12,5019
Kansas,2023-08-19,4999
Kansas,2023-08-26,4648
Kansas,2023-09-02,4548
Kansas,2023-09-09,4446
Kansas,2023-09-16,4414
Kansas,2023-09-23,4575
Kansas,2023-09-30,4482
Kansas,2023-10-07,4365
Kansas,2023-10-14,4581
Kansas,2023-10-21,4438
Kansas,2023-10-28,4474
Kansas,2023-11-04,4767
Kansas,2023-11-11,4812
Kansas,2023-11-18,4902
Kansas,2023-11-25,4288
Kansas,2023-12-02,5667
Kansas,2023-12-09,5369
Kansas,2023-12-16,5918
Kansas,2023-12-23,5592
Kansas,2023-12-30,6590
Kansas,2024-01-06,6571
Kansas,2024-01-13,6347
Kansas,2024-01-20,7595
Kansas,2024-01-27,7868
Kansas,2024-02-03,7297
Kansas,2024-02-10,6359
Kansas,2024-02-17,5982
Kansas,2024-02-24,6251
Kansas,2024-03-02,5621
Kansas,2024-03-09,5716
Kansas,2024-03-16,5719
Kansas,2024-03-23,5025
Kansas,2024-03-30,4946
Kansas,2024-04-06,4697
Kansas,2024-04-13,4546
Kansas,2024-04-20,4511
Kansas,2024-04-27,4335
Kansas,2024-05-04,4710
Kansas,2024-05-11,4687
Kansas,2024-05-18,4671
Kansas,2024-05-25,4673
Kansas,2024-06-01,5402
Kansas,2024-06-08,4934
Kansas,2024-06-15,5102
Kansas,2024-06-22,5272
Kansas,2024-06-29,5146
Kansas,2024-07-06,5095
Kansas,2024-07-13,5586
Kansas,2024-07-20,6940
Kansas,2024-07-27,6711
Kansas,2024-08-03,5840
Kansas,2024-08-10,5396
Kansas,2024-08-17,5493
Kansas,2024-08-24,5072
Kansas,2024-08-31,4851
Kansas,2024-09-07,6424
Kansas,2024-09-14,6207
Kansas,2024-09-21,6077
Kansas,2024-09-28,6025
Kansas,2024-10-05,6009
Kansas,2024-10-12,6094
Kansas,2024-10-19,6629
Kansas,2024-10-26,7012
Kansas,2024-11-02,6938
Kansas,2024-11-09,7297
Kansas,2024-11-16,7670
Kansas,2024-11-23,8245
Kansas,2024-11-30,7465
Kansas,2024-12-07,7929
Kansas,2024-12-14,8885
Kansas,2024-12-21,11316
Kansas,2024-12-28,11092
Kansas,2025-01-04,11237
Kansas,2025-01-11,10950
Kansas,2025-01-18,7985
Kansas,2025-01-25,11764
Kansas,2025-02-01,14225
Kansas,2025-02-08,13485
Kansas,2025-02-15,12441
Kansas,2025-02-22,13982
Kansas,2025-03-01,15226
Kansas,2025-03-08,12132
Kansas,2025-03-15,11709
Kansas,2025-03-22,11411
Kansas,2025-03-29,10965
Kansas,2025-04-05,8864
Kansas,2025-04-12,9327
Kentucky,2020-01-04,22515
Kentucky,2020-01-11,25124
Kentucky,2020-01-18,24066
Kentucky,2020-01-25,22874
Kentucky,2020-02-01,23219
Kentucky,2020-02-08,22937
Kentucky,2020-02-15,23076
Kentucky,2020-02-22,22623
Kentucky,2020-02-29,23733
Kentucky,2020-03-07,22770
Kentucky,2020-03-14,22940
Kentucky,2020-03-21,22328
Kentucky,2020-03-28,24361
Kentucky,2020-04-04,130151
Kentucky,2020-04-11,182097
Kentucky,2020-04-18,199030
Kentucky,2020-04-25,260662
Kentucky,2020-05-02,256200
Kentucky,2020-05-09,253186
Kentucky,2020-05-16,246575
Kentucky,2020-05-23,245804
Kentucky,2020-05-30,205804
Kentucky,2020-06-06,197472
Kentucky,2020-06-13,180952
Kentucky,2020-06-20,171917
Kentucky,2020-06-27,159343
Kentucky,2020-07-04,150522
Kentucky,2020-07-11,158381
Kentucky,2020-07-18,145825
Kentucky,2020-07-25,141055
Kentucky,2020-08-01,136509
Kentucky,2020-08-08,141583
Kentucky,2020-08-15,128187
Kentucky,2020-08-22,127603
Kentucky,2020-08-29,116383
Kentucky,2020-09-05,119639
Kentucky,2020-09-12,106835
Kentucky,2020-09-19,112884
Kentucky,2020-09-26,100938
Kentucky,2020-10-03,94187
Kentucky,2020-10-10,80246
Kentucky,2020-10-17,73637
Kentucky,2020-10-24,61867
Kentucky,2020-10-31,58831
Kentucky,2020-11-07,50778
Kentucky,2020-11-14,51714
Kentucky,2020-11-21,44098
Kentucky,2020-11-28,44141
Kentucky,2020-12-05,46877
Kentucky,2020-12-12,47531
Kentucky,2020-12-19,46950
Kentucky,2020-12-26,41834
Kentucky,2021-01-02,40437
Kentucky,2021-01-09,44207
Kentucky,2021-01-16,42642
Kentucky,2021-01-23,43491
Kentucky,2021-01-30,41221
Kentucky,2021-02-06,40867
Kentucky,2021-02-13,46630
Kentucky,2021-02-20,41801
Kentucky,2021-02-27,38708
Kentucky,2021-03-06,44700
Kentucky,2021-03-13,36610
Kentucky,2021-03-20,35556
Kentucky,2021-03-27,33377
Kentucky,2021-04-03,31624
Kentucky,2021-04-10,24623
Kentucky,2021-04-17,15066
Kentucky,2021-04-24,23572
Kentucky,2021-05-01,21323
Kentucky,2021-05-08,24390
Kentucky,2021-05-15,24790
Kentucky,2021-05-22,18753
Kentucky,2021-05-29,19075
Kentucky,2021-06-05,20154
Kentucky,2021-06-12,22302
Kentucky,2021-06-19,25708
Kentucky,2021-06-26,28914
Kentucky,2021-07-03,21772
Kentucky,2021-07-10,20047
Kentucky,2021-07-17,17753
Kentucky,2021-07-24,23859
Kentucky,2021-07-31,18044
Kentucky,2021-08-07,16351
Kentucky,2021-08-14,17013
Kentucky,2021-08-21,14877
Kentucky,2021-08-28,13405
Kentucky,2021-09-04,13286
Kentucky,2021-09-11,11796
Kentucky,2021-09-18,13434
Kentucky,2021-09-25,13406
Kentucky,2021-10-02,13122
Kentucky,2021-10-09,12318
Kentucky,2021-10-16,13168
Kentucky,2021-10-23,11504
Kentucky,2021-10-30,12701
Kentucky,2021-11-06,13620
Kentucky,2021-11-13,18516
Kentucky,2021-11-20,13629
Kentucky,2021-11-27,8362
Kentucky,2021-12-04,10308
Kentucky,2021-12-11,9299
Kentucky,2021-12-18,12794
Kentucky,2021-12-25,10118
Kentucky,2022-01-01,10350
Kentucky,2022-01-08,47786
Kentucky,2022-01-15,42149
Kentucky,2022-01-22,43075
Kentucky,2022-01-29,12867
Kentucky,2022-02-05,14731
Kentucky,2022-02-12,13159
Kentucky,2022-02-19,15990
Kentucky,2022-02-26,15193
Kentucky,2022-03-05,13727
Kentucky,2022-03-12,15210
Kentucky,2022-03-19,18164
Kentucky,2022-03-26,10566
Kentucky,2022-04-02,10368
Kentucky,2022-04-09,8877
Kentucky,2022-04-16,7856
Kentucky,2022-04-23,8252
Kentucky,2022-04-30,7241
Kentucky,2022-05-07,8512
Kentucky,2022-05-14,7192
Kentucky,2022-05-21,11342
Kentucky,2022-05-28,9196
Kentucky,2022-06-04,8003
Kentucky,2022-06-11,7857
Kentucky,2022-06-18,9747
Kentucky,2022-06-25,8070
Kentucky,2022-07-02,8965
Kentucky,2022-07-09,7860
Kentucky,2022-07-16,9415
Kentucky,2022-07-23,11266
Kentucky,2022-07-30,9466
Kentucky,2022-08-06,8931
Kentucky,2022-08-13,8882
Kentucky,2022-08-20,8710
Kentucky,2022-08-27,8162
Kentucky,2022-09-03,8124
Kentucky,2022-09-10,9068
Kentucky,2022-09-17,8004
Kentucky,2022-09-24,7970
Kentucky,2022-10-01,7656
Kentucky,2022-10-08,7594
Kentucky,2022-10-15,7415
Kentucky,2022-10-22,7884
Kentucky,2022-10-29,8132
Kentucky,2022-11-05,7845
Kentucky,2022-11-12,9675
Kentucky,2022-11-19,8382
Kentucky,2022-11-26,7218
Kentucky,2022-12-03,9319
Kentucky,2022-12-10,7778
Kentucky,2022-12-17,10378
Kentucky,2022-12-24,9104
Kentucky,2022-12-31,12483
Kentucky,2023-01-07,11731
Kentucky,2023-01-14,11907
Kentucky,2023-01-21,13975
Kentucky,2023-01-28,11562
Kentucky,2023-02-04,11475
Kentucky,2023-02-11,11258
Kentucky,2023-02-18,12766
Kentucky,2023-02-25,13012
Kentucky,2023-03-04,13528
Kentucky,2023-03-11,12905
Kentucky,2023-03-18,10671
Kentucky,2023-03-25,10450
Kentucky,2023-04-01,10576
Kentucky,2023-04-08,8303
Kentucky,2023-04-15,7938
Kentucky,2023-04-22,7292
Kentucky,2023-04-29,7689
Kentucky,2023-05-06,7241
Kentucky,2023-05-13,7048
Kentucky,2023-05-20,7116
Kentucky,2023-05-27,7047
Kentucky,2023-06-03,7329
Kentucky,2023-06-10,7280
Kentucky,2023-06-17,7939
Kentucky,2023-06-24,7662
Kentucky,2023-07-01,8470
Kentucky,2023-07-08,7569
Kentucky,2023-07-15,8926
Kentucky,2023-07-22,8670
Kentucky,2023-07-29,7981
Kentucky,2023-08-05,7755
Kentucky,2023-08-12,7507
Kentucky,2023-08-19,7224
Kentucky,2023-08-26,6755
Kentucky,2023-09-02,6814
Kentucky,2023-09-09,6363
Kentucky,2023-09-16,6377
Kentucky,2023-09-23,6085
Kentucky,2023-09-30,6294
Kentucky,2023-10-07,6004
Kentucky,2023-10-14,6385
Kentucky,2023-10-21,6429
Kentucky,2023-10-28,7309
Kentucky,2023-11-04,7896
Kentucky,2023-11-11,8094
Kentucky,2023-11-18,7627
Kentucky,2023-11-25,8310
Kentucky,2023-12-02,8687
Kentucky,2023-12-09,9848
Kentucky,2023-12-16,8383
Kentucky,2023-12-23,7672
Kentucky,2023-12-30,8639
Kentucky,2024-01-06,4969
Kentucky,2024-01-13,10355
Kentucky,2024-01-20,9917
Kentucky,2024-01-27,10872
Kentucky,2024-02-03,10983
Kentucky,2024-02-10,11579
Kentucky,2024-02-17,12780
Kentucky,2024-02-24,11383
Kentucky,2024-03-02,10014
Kentucky,2024-03-09,10432
Kentucky,2024-03-16,9449
Kentucky,2024-03-23,9642
Kentucky,2024-03-30,8623
Kentucky,2024-04-06,8491
Kentucky,2024-04-13,8127
Kentucky,2024-04-20,8606
Kentucky,2024-04-27,7889
Kentucky,2024-05-04,8046
Kentucky,2024-05-11,7729
Kentucky,2024-05-18,7909
Kentucky,2024-05-25,7834
Kentucky,2024-06-01,7718
Kentucky,2024-06-08,8050
Kentucky,2024-06-15,8172
Kentucky,2024-06-22,7913
Kentucky,2024-06-29,8215
Kentucky,2024-07-06,8016
Kentucky,2024-07-13,9342
Kentucky,2024-07-20,11267
Kentucky,2024-07-27,9217
Kentucky,2024-08-03,8833
Kentucky,2024-08-10,9125
Kentucky,2024-08-17,8528
Kentucky,2024-08-24,8743
Kentucky,2024-08-31,7967
Kentucky,2024-09-07,3658
Kentucky,2024-09-14,7847
Kentucky,2024-09-21,8201
Kentucky,2024-09-28,7576
Kentucky,2024-10-05,8617
Kentucky,2024-10-12,8881
Kentucky,2024-10-19,8710
Kentucky,2024-10-26,8409
Kentucky,2024-11-02,8640
Kentucky,2024-11-09,8269
Kentucky,2024-11-16,8900
Kentucky,2024-11-23,8651
Kentucky,2024-11-30,8697
Kentucky,2024-12-07,10435
Kentucky,2024-12-14,9781
Kentucky,2024-12-21,10980
Kentucky,2024-12-28,11083
Kentucky,2025-01-04,6506
Kentucky,2025-01-11,14042
Kentucky,2025-01-18,16907
Kentucky,2025-01-25,14951
Kentucky,2025-02-01,14978
Kentucky,2025-02-08,13687
Kentucky,2025-02-15,13957
Kentucky,2025-02-22,15416
Kentucky,2025-03-01,13559
Kentucky,2025-03-08,13509
Kentucky,2025-03-15,12851
Kentucky,2025-03-22,11926
Kentucky,2025-03-29,12190
Kentucky,2025-04-05,12422
Kentucky,2025-04-12,10726
Louisiana,2020-01-04,16553
Louisiana,2020-01-11,15957
Louisiana,2020-01-18,16076
Louisiana,2020-01-25,15500
Louisiana,2020-02-01,16189
Louisiana,2020-02-08,15051
Louisiana,2020-02-15,15057
Louisiana,2020-02-22,14640
Louisiana,2020-02-29,15289
Louisiana,2020-03-07,14199
Louisiana,2020-03-14,13987
Louisiana,2020-03-21,14143
Louisiana,2020-03-28,58027
Louisiana,2020-04-04,116690
Louisiana,2020-04-11,217532
Louisiana,2020-04-18,246296
Louisiana,2020-04-25,300657
Louisiana,2020-05-02,310013
Louisiana,2020-05-09,325136
Louisiana,2020-05-16,326504
Louisiana,2020-05-23,328409
Louisiana,2020-05-30,301598
Louisiana,2020-06-06,305083
Louisiana,2020-06-13,306358
Louisiana,2020-06-20,300389
Louisiana,2020-06-27,306089
Louisiana,2020-07-04,313157
Louisiana,2020-07-11,312893
Louisiana,2020-07-18,313117
Louisiana,2020-07-25,324357
Louisiana,2020-08-01,327467
Louisiana,2020-08-08,299974
Louisiana,2020-08-15,255068
Louisiana,2020-08-22,250720
Louisiana,2020-08-29,249610
Louisiana,2020-09-05,256184
Louisiana,2020-09-12,250244
Louisiana,2020-09-19,238724
Louisiana,2020-09-26,214860
Louisiana,2020-10-03,195223
Louisiana,2020-10-10,165320
Louisiana,2020-10-17,146622
Louisiana,2020-10-24,128378
Louisiana,2020-10-31,115350
Louisiana,2020-11-07,98935
Louisiana,2020-11-14,91023
Louisiana,2020-11-21,83338
Louisiana,2020-11-28,74863
Louisiana,2020-12-05,75004
Louisiana,2020-12-12,66810
Louisiana,2020-12-19,64448
Louisiana,2020-12-26,60641
Louisiana,2021-01-02,64404
Louisiana,2021-01-09,87510
Louisiana,2021-01-16,63888
Louisiana,2021-01-23,64916
Louisiana,2021-01-30,65649
Louisiana,2021-02-06,60711
Louisiana,2021-02-13,54587
Louisiana,2021-02-20,52721
Louisiana,2021-02-27,53212
Louisiana,2021-03-06,48016
Louisiana,2021-03-13,46170
Louisiana,2021-03-20,40840
Louisiana,2021-03-27,42546
Louisiana,2021-04-03,46530
Louisiana,2021-04-10,50796
Louisiana,2021-04-17,52698
Louisiana,2021-04-24,51308
Louisiana,2021-05-01,52018
Louisiana,2021-05-08,50556
Louisiana,2021-05-15,51726
Louisiana,2021-05-22,51031
Louisiana,2021-05-29,47680
Louisiana,2021-06-05,50040
Louisiana,2021-06-12,49355
Louisiana,2021-06-19,49503
Louisiana,2021-06-26,49163
Louisiana,2021-07-03,49973
Louisiana,2021-07-10,49230
Louisiana,2021-07-17,48045
Louisiana,2021-07-24,44996
Louisiana,2021-07-31,47230
Louisiana,2021-08-07,43992
Louisiana,2021-08-14,40433
Louisiana,2021-08-21,37315
Louisiana,2021-08-28,35659
Louisiana,2021-09-04,33598
Louisiana,2021-09-11,37364
Louisiana,2021-09-18,43034
Louisiana,2021-09-25,43003
Louisiana,2021-10-02,40302
Louisiana,2021-10-09,36425
Louisiana,2021-10-16,31305
Louisiana,2021-10-23,26314
Louisiana,2021-10-30,24791
Louisiana,2021-11-06,24227
Louisiana,2021-11-13,21926
Louisiana,2021-11-20,20293
Louisiana,2021-11-27,18760
Louisiana,2021-12-04,20169
Louisiana,2021-12-11,17727
Louisiana,2021-12-18,17153
Louisiana,2021-12-25,16438
Louisiana,2022-01-01,17041
Louisiana,2022-01-08,16520
Louisiana,2022-01-15,16234
Louisiana,2022-01-22,16331
Louisiana,2022-01-29,15380
Louisiana,2022-02-05,15008
Louisiana,2022-02-12,14758
Louisiana,2022-02-19,13838
Louisiana,2022-02-26,13085
Louisiana,2022-03-05,12871
Louisiana,2022-03-12,11818
Louisiana,2022-03-19,11380
Louisiana,2022-03-26,10770
Louisiana,2022-04-02,10865
Louisiana,2022-04-09,10011
Louisiana,2022-04-16,9667
Louisiana,2022-04-23,9554
Louisiana,2022-04-30,10075
Louisiana,2022-05-07,9525
Louisiana,2022-05-14,9646
Louisiana,2022-05-21,9799
Louisiana,2022-05-28,10060
Louisiana,2022-06-04,10820
Louisiana,2022-06-11,11570
Louisiana,2022-06-18,12008
Louisiana,2022-06-25,11466
Louisiana,2022-07-02,11681
Louisiana,2022-07-09,11718
Louisiana,2022-07-16,11813
Louisiana,2022-07-23,12594
Louisiana,2022-07-30,13095
Louisiana,2022-08-06,12884
Louisiana,2022-08-13,12421
Louisiana,2022-08-20,12021
Louisiana,2022-08-27,11234
Louisiana,2022-09-03,11589
Louisiana,2022-09-10,10993
Louisiana,2022-09-17,10806
Louisiana,2022-09-24,10410
Louisiana,2022-10-01,10320
Louisiana,2022-10-08,10162
Louisiana,2022-10-15,10259
Louisiana,2022-10-22,10264
Louisiana,2022-10-29,10276
Louisiana,2022-11-05,10251
Louisiana,2022-11-12,10313
Louisiana,2022-11-19,10401
Louisiana,2022-11-26,10582
Louisiana,2022-12-03,11238
Louisiana,2022-12-10,11430
Louisiana,2022-12-17,11656
Louisiana,2022-12-24,11709
Louisiana,2022-12-31,12161
Louisiana,2023-01-07,12463
Louisiana,2023-01-14,12625
Louisiana,2023-01-21,12707
Louisiana,2023-01-28,12353
Louisiana,2023-02-04,12119
Louisiana,2023-02-11,12296
Louisiana,2023-02-18,12054
Louisiana,2023-02-25,11757
Louisiana,2023-03-04,11426
Louisiana,2023-03-11,11294
Louisiana,2023-03-18,11284
Louisiana,2023-03-25,11190
Louisiana,2023-04-01,11182
Louisiana,2023-04-08,11192
Louisiana,2023-04-15,11151
Louisiana,2023-04-22,11426
Louisiana,2023-04-29,11077
Louisiana,2023-05-06,11151
Louisiana,2023-05-13,11251
Louisiana,2023-05-20,11566
Louisiana,2023-05-27,12092
Louisiana,2023-06-03,12450
Louisiana,2023-06-10,13528
Louisiana,2023-06-17,14167
Louisiana,2023-06-24,14639
Louisiana,2023-07-01,14971
Louisiana,2023-07-08,15239
Louisiana,2023-07-15,15448
Louisiana,2023-07-22,15809
Louisiana,2023-07-29,15750
Louisiana,2023-08-05,15517
Louisiana,2023-08-12,15168
Louisiana,2023-08-19,14849
Louisiana,2023-08-26,14020
Louisiana,2023-09-02,13657
Louisiana,2023-09-09,13116
Louisiana,2023-09-16,13150
Louisiana,2023-09-23,12729
Louisiana,2023-09-30,12764
Louisiana,2023-10-07,12351
Louisiana,2023-10-14,12239
Louisiana,2023-10-21,11065
Louisiana,2023-10-28,12220
Louisiana,2023-11-04,12403
Louisiana,2023-11-11,12558
Louisiana,2023-11-18,12856
Louisiana,2023-11-25,12749
Louisiana,2023-12-02,12918
Louisiana,2023-12-09,12607
Louisiana,2023-12-16,13211
Louisiana,2023-12-23,13193
Louisiana,2023-12-30,13125
Louisiana,2024-01-06,13292
Louisiana,2024-01-13,13375
Louisiana,2024-01-20,12682
Louisiana,2024-01-27,12555
Louisiana,2024-02-03,12212
Louisiana,2024-02-10,12237
Louisiana,2024-02-17,10396
Louisiana,2024-02-24,11648
Louisiana,2024-03-02,11249
Louisiana,2024-03-09,11257
Louisiana,2024-03-16,11049
Louisiana,2024-03-23,11056
Louisiana,2024-03-30,10922
Louisiana,2024-04-06,10942
Louisiana,2024-04-13,11001
Louisiana,2024-04-20,11080
Louisiana,2024-04-27,11152
Louisiana,2024-05-04,10092
Louisiana,2024-05-11,11119
Louisiana,2024-05-18,11425
Louisiana,2024-05-25,11584
Louisiana,2024-06-01,12224
Louisiana,2024-06-08,13030
Louisiana,2024-06-15,13705
Louisiana,2024-06-22,13989
Louisiana,2024-06-29,14231
Louisiana,2024-07-06,14349
Louisiana,2024-07-13,14415
Louisiana,2024-07-20,14452
Louisiana,2024-07-27,14596
Louisiana,2024-08-03,14440
Louisiana,2024-08-10,14102
Louisiana,2024-08-17,13667
Louisiana,2024-08-24,13247
Louisiana,2024-08-31,12930
Louisiana,2024-09-07,12654
Louisiana,2024-09-14,12411
Louisiana,2024-09-21,12115
Louisiana,2024-09-28,11913
Louisiana,2024-10-05,11671
Louisiana,2024-10-12,11581
Louisiana,2024-10-19,11383
Louisiana,2024-10-26,11343
Louisiana,2024-11-02,10235
Louisiana,2024-11-09,10300
Louisiana,2024-11-16,11436
Louisiana,2024-11-23,11387
Louisiana,2024-11-30,11690
Louisiana,2024-12-07,12214
Louisiana,2024-12-14,12270
Louisiana,2024-12-21,10792
Louisiana,2024-12-28,12384
Louisiana,2025-01-04,12793
Louisiana,2025-01-11,12737
Louisiana,2025-01-18,13025
Louisiana,2025-01-25,12456
Louisiana,2025-02-01,12457
Louisiana,2025-02-08,11861
Louisiana,2025-02-15,11713
Louisiana,2025-02-22,11390
Louisiana,2025-03-01,11535
Louisiana,2025-03-08,11160
Louisiana,2025-03-15,11091
Louisiana,2025-03-22,10991
Louisiana,2025-03-29,10902
Louisiana,2025-04-05,10783
Louisiana,2025-04-12,10810
Maine,2020-01-04,7828
Maine,2020-01-11,7832
Maine,2020-01-18,8661
Maine,2020-01-25,8457
Maine,2020-02-01,8916
Maine,2020-02-08,8809
Maine,2020-02-15,8896
Maine,2020-02-22,8624
Maine,2020-02-29,9007
Maine,2020-03-07,8739
Maine,2020-03-14,8451
Maine,2020-03-21,8703
Maine,2020-03-28,21967
Maine,2020-04-04,41339
Maine,2020-04-11,55723
Maine,2020-04-18,66525
Maine,2020-04-25,73141
Maine,2020-05-02,76773
Maine,2020-05-09,87280
Maine,2020-05-16,92207
Maine,2020-05-23,138219
Maine,2020-05-30,162256
Maine,2020-06-06,78247
Maine,2020-06-13,66966
Maine,2020-06-20,64717
Maine,2020-06-27,62989
Maine,2020-07-04,63635
Maine,2020-07-11,60623
Maine,2020-07-18,60614
Maine,2020-07-25,62377
Maine,2020-08-01,53480
Maine,2020-08-08,50885
Maine,2020-08-15,46605
Maine,2020-08-22,41459
Maine,2020-08-29,38919
Maine,2020-09-05,36200
Maine,2020-09-12,30612
Maine,2020-09-19,28071
Maine,2020-09-26,24701
Maine,2020-10-03,22893
Maine,2020-10-10,19723
Maine,2020-10-17,15901
Maine,2020-10-24,15286
Maine,2020-10-31,13234
Maine,2020-11-07,12917
Maine,2020-11-14,11998
Maine,2020-11-21,12070
Maine,2020-11-28,11948
Maine,2020-12-05,12930
Maine,2020-12-12,14254
Maine,2020-12-19,14624
Maine,2020-12-26,13693
Maine,2021-01-02,15668
Maine,2021-01-09,17147
Maine,2021-01-16,17360
Maine,2021-01-23,17724
Maine,2021-01-30,18161
Maine,2021-02-06,18206
Maine,2021-02-13,17274
Maine,2021-02-20,17136
Maine,2021-02-27,17239
Maine,2021-03-06,16342
Maine,2021-03-13,15975
Maine,2021-03-20,14914
Maine,2021-03-27,15092
Maine,2021-04-03,15495
Maine,2021-04-10,15344
Maine,2021-04-17,14624
Maine,2021-04-24,13854
Maine,2021-05-01,13721
Maine,2021-05-08,12413
Maine,2021-05-15,11852
Maine,2021-05-22,11692
Maine,2021-05-29,10768
Maine,2021-06-05,10842
Maine,2021-06-12,10300
Maine,2021-06-19,9690
Maine,2021-06-26,9481
Maine,2021-07-03,9473
Maine,2021-07-10,9055
Maine,2021-07-17,9449
Maine,2021-07-24,8239
Maine,2021-07-31,8239
Maine,2021-08-07,7932
Maine,2021-08-14,7938
Maine,2021-08-21,7548
Maine,2021-08-28,7065
Maine,2021-09-04,6773
Maine,2021-09-11,5846
Maine,2021-09-18,8106
Maine,2021-09-25,6776
Maine,2021-10-02,5940
Maine,2021-10-09,5435
Maine,2021-10-16,4836
Maine,2021-10-23,4526
Maine,2021-10-30,4566
Maine,2021-11-06,4888
Maine,2021-11-13,4846
Maine,2021-11-20,4888
Maine,2021-11-27,4794
Maine,2021-12-04,5675
Maine,2021-12-11,5789
Maine,2021-12-18,6149
Maine,2021-12-25,6073
Maine,2022-01-01,7042
Maine,2022-01-08,7487
Maine,2022-01-15,7961
Maine,2022-01-22,8013
Maine,2022-01-29,8174
Maine,2022-02-05,8176
Maine,2022-02-12,8253
Maine,2022-02-19,7923
Maine,2022-02-26,7741
Maine,2022-03-05,7945
Maine,2022-03-12,7474
Maine,2022-03-19,7167
Maine,2022-03-26,7030
Maine,2022-04-02,6663
Maine,2022-04-09,6426
Maine,2022-04-16,5978
Maine,2022-04-23,5628
Maine,2022-04-30,5575
Maine,2022-05-07,4771
Maine,2022-05-14,4304
Maine,2022-05-21,4106
Maine,2022-05-28,3867
Maine,2022-06-04,3611
Maine,2022-06-11,3477
Maine,2022-06-18,3273
Maine,2022-06-25,3269
Maine,2022-07-02,3342
Maine,2022-07-09,3321
Maine,2022-07-16,3566
Maine,2022-07-23,3444
Maine,2022-07-30,3280
Maine,2022-08-06,3361
Maine,2022-08-13,3305
Maine,2022-08-20,3339
Maine,2022-08-27,3152
Maine,2022-09-03,3033
Maine,2022-09-10,2708
Maine,2022-09-17,2671
Maine,2022-09-24,2559
Maine,2022-10-01,2531
Maine,2022-10-08,2543
Maine,2022-10-15,2535
Maine,2022-10-22,2646
Maine,2022-10-29,2693
Maine,2022-11-05,2863
Maine,2022-11-12,3083
Maine,2022-11-19,3569
Maine,2022-11-26,3567
Maine,2022-12-03,4443
Maine,2022-12-10,4600
Maine,2022-12-17,5034
Maine,2022-12-24,5199
Maine,2022-12-31,5946
Maine,2023-01-07,6612
Maine,2023-01-14,7157
Maine,2023-01-21,7312
Maine,2023-01-28,7644
Maine,2023-02-04,7751
Maine,2023-02-11,7669
Maine,2023-02-18,7789
Maine,2023-02-25,7606
Maine,2023-03-04,7971
Maine,2023-03-11,7793
Maine,2023-03-18,7687
Maine,2023-03-25,7817
Maine,2023-04-01,7666
Maine,2023-04-08,7464
Maine,2023-04-15,7209
Maine,2023-04-22,6664
Maine,2023-04-29,6675
Maine,2023-05-06,6117
Maine,2023-05-13,5631
Maine,2023-05-20,5345
Maine,2023-05-27,4992
Maine,2023-06-03,4819
Maine,2023-06-10,4770
Maine,2023-06-17,4637
Maine,2023-06-24,4459
Maine,2023-07-01,4559
Maine,2023-07-08,4443
Maine,2023-07-15,4839
Maine,2023-07-22,4663
Maine,2023-07-29,4484
Maine,2023-08-05,4283
Maine,2023-08-12,4363
Maine,2023-08-19,4211
Maine,2023-08-26,4065
Maine,2023-09-02,3870
Maine,2023-09-09,3621
Maine,2023-09-16,3622
Maine,2023-09-23,3448
Maine,2023-09-30,3434
Maine,2023-10-07,3316
Maine,2023-10-14,3291
Maine,2023-10-21,3404
Maine,2023-10-28,3470
Maine,2023-11-04,3634
Maine,2023-11-11,3970
Maine,2023-11-18,4310
Maine,2023-11-25,4448
Maine,2023-12-02,5295
Maine,2023-12-09,5448
Maine,2023-12-16,5982
Maine,2023-12-23,6170
Maine,2023-12-30,6649
Maine,2024-01-06,7423
Maine,2024-01-13,7661
Maine,2024-01-20,7860
Maine,2024-01-27,8248
Maine,2024-02-03,8411
Maine,2024-02-10,8615
Maine,2024-02-17,8506
Maine,2024-02-24,8445
Maine,2024-03-02,8809
Maine,2024-03-09,8363
Maine,2024-03-16,8201
Maine,2024-03-23,8054
Maine,2024-03-30,7828
Maine,2024-04-06,7636
Maine,2024-04-13,7413
Maine,2024-04-20,6775
Maine,2024-04-27,6693
Maine,2024-05-04,6022
Maine,2024-05-11,5502
Maine,2024-05-18,5257
Maine,2024-05-25,5066
Maine,2024-06-01,4770
Maine,2024-06-08,4770
Maine,2024-06-15,4513
Maine,2024-06-22,4408
Maine,2024-06-29,4532
Maine,2024-07-06,4520
Maine,2024-07-13,4953
Maine,2024-07-20,4821
Maine,2024-07-27,4686
Maine,2024-08-03,4659
Maine,2024-08-10,4538
Maine,2024-08-17,4596
Maine,2024-08-24,4442
Maine,2024-08-31,4366
Maine,2024-09-07,4016
Maine,2024-09-14,4082
Maine,2024-09-21,3912
Maine,2024-09-28,3891
Maine,2024-10-05,3878
Maine,2024-10-12,3955
Maine,2024-10-19,3983
Maine,2024-10-26,4127
Maine,2024-11-02,4152
Maine,2024-11-09,4409
Maine,2024-11-16,4730
Maine,2024-11-23,5177
Maine,2024-11-30,5298
Maine,2024-12-07,6059
Maine,2024-12-14,6437
Maine,2024-12-21,6970
Maine,2024-12-28,7167
Maine,2025-01-04,8135
Maine,2025-01-11,8368
Maine,2025-01-18,8688
Maine,2025-01-25,8821
Maine,2025-02-01,8971
Maine,2025-02-08,9100
Maine,2025-02-15,9090
Maine,2025-02-22,9012
Maine,2025-03-01,9312
Maine,2025-03-08,9077
Maine,2025-03-15,9037
Maine,2025-03-22,8861
Maine,2025-03-29,8840
Maine,2025-04-05,8594
Maine,2025-04-12,8357
Maryland,2020-01-04,30571
Maryland,2020-01-11,31292
Maryland,2020-01-18,29203
Maryland,2020-01-25,29231
Maryland,2020-02-01,29788
Maryland,2020-02-08,29342
Maryland,2020-02-15,29219
Maryland,2020-02-22,29095
Maryland,2020-02-29,28412
Maryland,2020-03-07,28061
Maryland,2020-03-14,27039
Maryland,2020-03-21,26460
Maryland,2020-03-28,47954
Maryland,2020-04-04,92090
Maryland,2020-04-11,160897
Maryland,2020-04-18,201435
Maryland,2020-04-25,224315
Maryland,2020-05-02,227043
Maryland,2020-05-09,254713
Maryland,2020-05-16,253518
Maryland,2020-05-23,255313
Maryland,2020-05-30,246815
Maryland,2020-06-06,247237
Maryland,2020-06-13,250568
Maryland,2020-06-20,244172
Maryland,2020-06-27,233592
Maryland,2020-07-04,246727
Maryland,2020-07-11,234264
Maryland,2020-07-18,232305
Maryland,2020-07-25,219029
Maryland,2020-08-01,203445
Maryland,2020-08-08,194391
Maryland,2020-08-15,180568
Maryland,2020-08-22,176795
Maryland,2020-08-29,175969
Maryland,2020-09-05,165604
Maryland,2020-09-12,164868
Maryland,2020-09-19,161421
Maryland,2020-09-26,169032
Maryland,2020-10-03,149522
Maryland,2020-10-10,115445
Maryland,2020-10-17,102425
Maryland,2020-10-24,83240
Maryland,2020-10-31,81924
Maryland,2020-11-07,80101
Maryland,2020-11-14,70659
Maryland,2020-11-21,80142
Maryland,2020-11-28,75856
Maryland,2020-12-05,74434
Maryland,2020-12-12,77705
Maryland,2020-12-19,74078
Maryland,2020-12-26,75984
Maryland,2021-01-02,79308
Maryland,2021-01-09,75237
Maryland,2021-01-16,76687
Maryland,2021-01-23,79606
Maryland,2021-01-30,80737
Maryland,2021-02-06,74667
Maryland,2021-02-13,64776
Maryland,2021-02-20,63453
Maryland,2021-02-27,62508
Maryland,2021-03-06,61234
Maryland,2021-03-13,57896
Maryland,2021-03-20,53685
Maryland,2021-03-27,51544
Maryland,2021-04-03,50929
Maryland,2021-04-10,46783
Maryland,2021-04-17,46792
Maryland,2021-04-24,44655
Maryland,2021-05-01,39636
Maryland,2021-05-08,43781
Maryland,2021-05-15,43995
Maryland,2021-05-22,44201
Maryland,2021-05-29,43350
Maryland,2021-06-05,46267
Maryland,2021-06-12,39076
Maryland,2021-06-19,44014
Maryland,2021-06-26,42925
Maryland,2021-07-03,40379
Maryland,2021-07-10,42360
Maryland,2021-07-17,42887
Maryland,2021-07-24,35465
Maryland,2021-07-31,31162
Maryland,2021-08-07,37119
Maryland,2021-08-14,39941
Maryland,2021-08-21,46439
Maryland,2021-08-28,42204
Maryland,2021-09-04,39244
Maryland,2021-09-11,44239
Maryland,2021-09-18,45204
Maryland,2021-09-25,41233
Maryland,2021-10-02,37873
Maryland,2021-10-09,32857
Maryland,2021-10-16,30758
Maryland,2021-10-23,29738
Maryland,2021-10-30,28894
Maryland,2021-11-06,28701
Maryland,2021-11-13,26243
Maryland,2021-11-20,25431
Maryland,2021-11-27,21657
Maryland,2021-12-04,24189
Maryland,2021-12-11,24819
Maryland,2021-12-18,23211
Maryland,2021-12-25,21842
Maryland,2022-01-01,22095
Maryland,2022-01-08,23403
Maryland,2022-01-15,23462
Maryland,2022-01-22,23238
Maryland,2022-01-29,23677
Maryland,2022-02-05,24705
Maryland,2022-02-12,24769
Maryland,2022-02-19,24007
Maryland,2022-02-26,22357
Maryland,2022-03-05,23618
Maryland,2022-03-12,23960
Maryland,2022-03-19,21997
Maryland,2022-03-26,20843
Maryland,2022-04-02,17991
Maryland,2022-04-09,16233
Maryland,2022-04-16,14166
Maryland,2022-04-23,15269
Maryland,2022-04-30,15468
Maryland,2022-05-07,14665
Maryland,2022-05-14,13422
Maryland,2022-05-21,13141
Maryland,2022-05-28,13345
Maryland,2022-06-04,14048
Maryland,2022-06-11,15375
Maryland,2022-06-18,14874
Maryland,2022-06-25,15179
Maryland,2022-07-02,16501
Maryland,2022-07-09,16661
Maryland,2022-07-16,18602
Maryland,2022-07-23,18922
Maryland,2022-07-30,18664
Maryland,2022-08-06,19176
Maryland,2022-08-13,18444
Maryland,2022-08-20,18721
Maryland,2022-08-27,18749
Maryland,2022-09-03,18784
Maryland,2022-09-10,17181
Maryland,2022-09-17,16779
Maryland,2022-09-24,16821
Maryland,2022-10-01,16902
Maryland,2022-10-08,17025
Maryland,2022-10-15,16653
Maryland,2022-10-22,17023
Maryland,2022-10-29,17605
Maryland,2022-11-05,18501
Maryland,2022-11-12,16770
Maryland,2022-11-19,18619
Maryland,2022-11-26,17049
Maryland,2022-12-03,20411
Maryland,2022-12-10,19986
Maryland,2022-12-17,19834
Maryland,2022-12-24,20052
Maryland,2022-12-31,20815
Maryland,2023-01-07,21562
Maryland,2023-01-14,23134
Maryland,2023-01-21,18634
Maryland,2023-01-28,20742
Maryland,2023-02-04,21476
Maryland,2023-02-11,22144
Maryland,2023-02-18,21766
Maryland,2023-02-25,21451
Maryland,2023-03-04,22392
Maryland,2023-03-11,23141
Maryland,2023-03-18,22244
Maryland,2023-03-25,21036
Maryland,2023-04-01,21636
Maryland,2023-04-08,20366
Maryland,2023-04-15,20600
Maryland,2023-04-22,19738
Maryland,2023-04-29,19494
Maryland,2023-05-06,19455
Maryland,2023-05-13,18742
Maryland,2023-05-20,18969
Maryland,2023-05-27,17869
Maryland,2023-06-03,19040
Maryland,2023-06-10,19821
Maryland,2023-06-17,20266
Maryland,2023-06-24,20135
Maryland,2023-07-01,21227
Maryland,2023-07-08,20688
Maryland,2023-07-15,22052
Maryland,2023-07-22,21634
Maryland,2023-07-29,21917
Maryland,2023-08-05,21543
Maryland,2023-08-12,22225
Maryland,2023-08-19,23219
Maryland,2023-08-26,23333
Maryland,2023-09-02,22960
Maryland,2023-09-09,20049
Maryland,2023-09-16,20164
Maryland,2023-09-23,20215
Maryland,2023-09-30,20864
Maryland,2023-10-07,20586
Maryland,2023-10-14,20716
Maryland,2023-10-21,21520
Maryland,2023-10-28,21240
Maryland,2023-11-04,21819
Maryland,2023-11-11,21060
Maryland,2023-11-18,21812
Maryland,2023-11-25,20718
Maryland,2023-12-02,22548
Maryland,2023-12-09,22972
Maryland,2023-12-16,22512
Maryland,2023-12-23,22535
Maryland,2023-12-30,22266
Maryland,2024-01-06,24322
Maryland,2024-01-13,24345
Maryland,2024-01-20,23829
Maryland,2024-01-27,25498
Maryland,2024-02-03,25790
Maryland,2024-02-10,26090
Maryland,2024-02-17,25977
Maryland,2024-02-24,25052
Maryland,2024-03-02,24457
Maryland,2024-03-09,24690
Maryland,2024-03-16,23990
Maryland,2024-03-23,23890
Maryland,2024-03-30,23256
Maryland,2024-04-06,24502
Maryland,2024-04-13,23474
Maryland,2024-04-20,22665
Maryland,2024-04-27,23053
Maryland,2024-05-04,22853
Maryland,2024-05-11,22955
Maryland,2024-05-18,23022
Maryland,2024-05-25,22750
Maryland,2024-06-01,22380
Maryland,2024-06-08,22750
Maryland,2024-06-15,22915
Maryland,2024-06-22,23608
Maryland,2024-06-29,24820
Maryland,2024-07-06,24515
Maryland,2024-07-13,25163
Maryland,2024-07-20,25507
Maryland,2024-07-27,25614
Maryland,2024-08-03,25875
Maryland,2024-08-10,25907
Maryland,2024-08-17,26089
Maryland,2024-08-24,25708
Maryland,2024-08-31,25174
Maryland,2024-09-07,22759
Maryland,2024-09-14,22374
Maryland,2024-09-21,22075
Maryland,2024-09-28,21638
Maryland,2024-10-05,21719
Maryland,2024-10-12,21630
Maryland,2024-10-19,20937
Maryland,2024-10-26,21730
Maryland,2024-11-02,21595
Maryland,2024-11-09,21291
Maryland,2024-11-16,21625
Maryland,2024-11-23,22458
Maryland,2024-11-30,21101
Maryland,2024-12-07,23182
Maryland,2024-12-14,23229
Maryland,2024-12-21,23442
Maryland,2024-12-28,22307
Maryland,2025-01-04,25387
Maryland,2025-01-11,25922
Maryland,2025-01-18,26305
Maryland,2025-01-25,25511
Maryland,2025-02-01,26269
Maryland,2025-02-08,26471
Maryland,2025-02-15,26485
Maryland,2025-02-22,26252
Maryland,2025-03-01,26453
Maryland,2025-03-08,26061
Maryland,2025-03-15,26161
Maryland,2025-03-22,25807
Maryland,2025-03-29,25414
Maryland,2025-04-05,25351
Maryland,2025-04-12,24323
Massachusetts,2020-01-04,76528
Massachusetts,2020-01-11,79521
Massachusetts,2020-01-18,75076
Massachusetts,2020-01-25,75529
Massachusetts,2020-02-01,76927
Massachusetts,2020-02-08,76492
Massachusetts,2020-02-15,76912
Massachusetts,2020-02-22,77091
Massachusetts,2020-02-29,83220
Massachusetts,2020-03-07,75552
Massachusetts,2020-03-14,74336
Massachusetts,2020-03-21,83127
Massachusetts,2020-03-28,183105
Massachusetts,2020-04-04,310211
Massachusetts,2020-04-11,361600
Massachusetts,2020-04-18,467552
Massachusetts,2020-04-25,532508
Massachusetts,2020-05-02,569956
Massachusetts,2020-05-09,575569
Massachusetts,2020-05-16,589545
Massachusetts,2020-05-23,594515
Massachusetts,2020-05-30,599751
Massachusetts,2020-06-06,574019
Massachusetts,2020-06-13,577991
Massachusetts,2020-06-20,566165
Massachusetts,2020-06-27,557288
Massachusetts,2020-07-04,557705
Massachusetts,2020-07-11,537302
Massachusetts,2020-07-18,519211
Massachusetts,2020-07-25,511477
Massachusetts,2020-08-01,512245
Massachusetts,2020-08-08,456548
Massachusetts,2020-08-15,435742
Massachusetts,2020-08-22,419013
Massachusetts,2020-08-29,407376
Massachusetts,2020-09-05,394848
Massachusetts,2020-09-12,375192
Massachusetts,2020-09-19,361495
Massachusetts,2020-09-26,327621
Massachusetts,2020-10-03,306247
Massachusetts,2020-10-10,268942
Massachusetts,2020-10-17,254030
Massachusetts,2020-10-24,249005
Massachusetts,2020-10-31,249689
Massachusetts,2020-11-07,223567
Massachusetts,2020-11-14,218485
Massachusetts,2020-11-21,214338
Massachusetts,2020-11-28,182992
Massachusetts,2020-12-05,192718
Massachusetts,2020-12-12,169814
Massachusetts,2020-12-19,168139
Massachusetts,2020-12-26,159086
Massachusetts,2021-01-02,173783
Massachusetts,2021-01-09,175630
Massachusetts,2021-01-16,172686
Massachusetts,2021-01-23,172029
Massachusetts,2021-01-30,182574
Massachusetts,2021-02-06,167637
Massachusetts,2021-02-13,163138
Massachusetts,2021-02-20,156528
Massachusetts,2021-02-27,174019
Massachusetts,2021-03-06,150131
Massachusetts,2021-03-13,141154
Massachusetts,2021-03-20,134323
Massachusetts,2021-03-27,125298
Massachusetts,2021-04-03,132269
Massachusetts,2021-04-10,111529
Massachusetts,2021-04-17,103590
Massachusetts,2021-04-24,97225
Massachusetts,2021-05-01,111869
Massachusetts,2021-05-08,90200
Massachusetts,2021-05-15,87129
Massachusetts,2021-05-22,84633
Massachusetts,2021-05-29,81700
Massachusetts,2021-06-05,93111
Massachusetts,2021-06-12,78062
Massachusetts,2021-06-19,72150
Massachusetts,2021-06-26,65915
Massachusetts,2021-07-03,85401
Massachusetts,2021-07-10,72978
Massachusetts,2021-07-17,72732
Massachusetts,2021-07-24,70884
Massachusetts,2021-07-31,79460
Massachusetts,2021-08-07,69293
Massachusetts,2021-08-14,68220
Massachusetts,2021-08-21,67333
Massachusetts,2021-08-28,66904
Massachusetts,2021-09-04,73784
Massachusetts,2021-09-11,57086
Massachusetts,2021-09-18,60052
Massachusetts,2021-09-25,58953
Massachusetts,2021-10-02,62162
Massachusetts,2021-10-09,55620
Massachusetts,2021-10-16,53222
Massachusetts,2021-10-23,52295
Massachusetts,2021-10-30,54227
Massachusetts,2021-11-06,55577
Massachusetts,2021-11-13,54891
Massachusetts,2021-11-20,56373
Massachusetts,2021-11-27,54688
Massachusetts,2021-12-04,58420
Massachusetts,2021-12-11,56938
Massachusetts,2021-12-18,58784
Massachusetts,2021-12-25,60067
Massachusetts,2022-01-01,67896
Massachusetts,2022-01-08,76626
Massachusetts,2022-01-15,75011
Massachusetts,2022-01-22,76234
Massachusetts,2022-01-29,77067
Massachusetts,2022-02-05,76775
Massachusetts,2022-02-12,76344
Massachusetts,2022-02-19,74948
Massachusetts,2022-02-26,73597
Massachusetts,2022-03-05,77475
Massachusetts,2022-03-12,72120
Massachusetts,2022-03-19,68836
Massachusetts,2022-03-26,65580
Massachusetts,2022-04-02,62979
Massachusetts,2022-04-09,56985
Massachusetts,2022-04-16,51729
Massachusetts,2022-04-23,47292
Massachusetts,2022-04-30,51459
Massachusetts,2022-05-07,43936
Massachusetts,2022-05-14,42247
Massachusetts,2022-05-21,40076
Massachusetts,2022-05-28,39676
Massachusetts,2022-06-04,41276
Massachusetts,2022-06-11,41043
Massachusetts,2022-06-18,41245
Massachusetts,2022-06-25,41264
Massachusetts,2022-07-02,46281
Massachusetts,2022-07-09,48632
Massachusetts,2022-07-16,49430
Massachusetts,2022-07-23,50580
Massachusetts,2022-07-30,58432
Massachusetts,2022-08-06,55116
Massachusetts,2022-08-13,53242
Massachusetts,2022-08-20,51320
Massachusetts,2022-08-27,51603
Massachusetts,2022-09-03,51059
Massachusetts,2022-09-10,45431
Massachusetts,2022-09-17,42110
Massachusetts,2022-09-24,40593
Massachusetts,2022-10-01,40560
Massachusetts,2022-10-08,39293
Massachusetts,2022-10-15,38245
Massachusetts,2022-10-22,40158
Massachusetts,2022-10-29,41399
Massachusetts,2022-11-05,43035
Massachusetts,2022-11-12,43505
Massachusetts,2022-11-19,45521
Massachusetts,2022-11-26,46163
Massachusetts,2022-12-03,51551
Massachusetts,2022-12-10,52364
Massachusetts,2022-12-17,56072
Massachusetts,2022-12-24,61057
Massachusetts,2022-12-31,65861
Massachusetts,2023-01-07,75030
Massachusetts,2023-01-14,74702
Massachusetts,2023-01-21,76314
Massachusetts,2023-01-28,75644
Massachusetts,2023-02-04,79080
Massachusetts,2023-02-11,82012
Massachusetts,2023-02-18,83288
Massachusetts,2023-02-25,83528
Massachusetts,2023-03-04,90728
Massachusetts,2023-03-11,84578
Massachusetts,2023-03-18,83489
Massachusetts,2023-03-25,83554
Massachusetts,2023-04-01,82490
Massachusetts,2023-04-08,78160
Massachusetts,2023-04-15,72907
Massachusetts,2023-04-22,70150
Massachusetts,2023-04-29,73317
Massachusetts,2023-05-06,72560
Massachusetts,2023-05-13,72450
Massachusetts,2023-05-20,71377
Massachusetts,2023-05-27,66395
Massachusetts,2023-06-03,67370
Massachusetts,2023-06-10,66891
Massachusetts,2023-06-17,64318
Massachusetts,2023-06-24,63806
Massachusetts,2023-07-01,68700
Massachusetts,2023-07-08,68590
Massachusetts,2023-07-15,70450
Massachusetts,2023-07-22,69498
Massachusetts,2023-07-29,70133
Massachusetts,2023-08-05,70238
Massachusetts,2023-08-12,69811
Massachusetts,2023-08-19,68855
Massachusetts,2023-08-26,69423
Massachusetts,2023-09-02,68174
Massachusetts,2023-09-09,61070
Massachusetts,2023-09-16,57462
Massachusetts,2023-09-23,58133
Massachusetts,2023-09-30,57297
Massachusetts,2023-10-07,55721
Massachusetts,2023-10-14,54122
Massachusetts,2023-10-21,53729
Massachusetts,2023-10-28,55804
Massachusetts,2023-11-04,56779
Massachusetts,2023-11-11,55969
Massachusetts,2023-11-18,58225
Massachusetts,2023-11-25,58852
Massachusetts,2023-12-02,65888
Massachusetts,2023-12-09,64068
Massachusetts,2023-12-16,66997
Massachusetts,2023-12-23,70360
Massachusetts,2023-12-30,74278
Massachusetts,2024-01-06,83916
Massachusetts,2024-01-13,84018
Massachusetts,2024-01-20,82176
Massachusetts,2024-01-27,85460
Massachusetts,2024-02-03,85830
Massachusetts,2024-02-10,85959
Massachusetts,2024-02-17,85426
Massachusetts,2024-02-24,85303
Massachusetts,2024-03-02,92039
Massachusetts,2024-03-09,85590
Massachusetts,2024-03-16,83518
Massachusetts,2024-03-23,81321
Massachusetts,2024-03-30,80348
Massachusetts,2024-04-06,75463
Massachusetts,2024-04-13,72630
Massachusetts,2024-04-20,66182
Massachusetts,2024-04-27,68352
Massachusetts,2024-05-04,63197
Massachusetts,2024-05-11,59066
Massachusetts,2024-05-18,57740
Massachusetts,2024-05-25,56950
Massachusetts,2024-06-01,56523
Massachusetts,2024-06-08,55327
Massachusetts,2024-06-15,55724
Massachusetts,2024-06-22,54572
Massachusetts,2024-06-29,61414
Massachusetts,2024-07-06,61333
Massachusetts,2024-07-13,66558
Massachusetts,2024-07-20,63577
Massachusetts,2024-07-27,62745
Massachusetts,2024-08-03,63261
Massachusetts,2024-08-10,62889
Massachusetts,2024-08-17,62937
Massachusetts,2024-08-24,62621
Massachusetts,2024-08-31,62970
Massachusetts,2024-09-07,59256
Massachusetts,2024-09-14,58052
Massachusetts,2024-09-21,54892
Massachusetts,2024-09-28,53007
Massachusetts,2024-10-05,53626
Massachusetts,2024-10-12,52452
Massachusetts,2024-10-19,50802
Massachusetts,2024-10-26,52661
Massachusetts,2024-11-02,53364
Massachusetts,2024-11-09,53832
Massachusetts,2024-11-16,54137
Massachusetts,2024-11-23,56061
Massachusetts,2024-11-30,57084
Massachusetts,2024-12-07,62279
Massachusetts,2024-12-14,64078
Massachusetts,2024-12-21,67157
Massachusetts,2024-12-28,70099
Massachusetts,2025-01-04,83815
Massachusetts,2025-01-11,86799
Massachusetts,2025-01-18,83153
Massachusetts,2025-01-25,84879
Massachusetts,2025-02-01,86977
Massachusetts,2025-02-08,85684
Massachusetts,2025-02-15,85699
Massachusetts,2025-02-22,85858
Massachusetts,2025-03-01,92766
Massachusetts,2025-03-08,86908
Massachusetts,2025-03-15,85448
Massachusetts,2025-03-22,84127
Massachusetts,2025-03-29,81961
Massachusetts,2025-04-05,80117
Massachusetts,2025-04-12,73546
Michigan,2020-01-04,72103
Michigan,2020-01-11,89760
Michigan,2020-01-18,84136
Michigan,2020-01-25,91306
Michigan,2020-02-01,82775
Michigan,2020-02-08,79833
Michigan,2020-02-15,79149
Michigan,2020-02-22,78029
Michigan,2020-02-29,78570
Michigan,2020-03-07,77661
Michigan,2020-03-14,75757
Michigan,2020-03-21,75075
Michigan,2020-03-28,88183
Michigan,2020-04-04,366426
Michigan,2020-04-11,749011
Michigan,2020-04-18,937520
Michigan,2020-04-25,934599
Michigan,2020-05-02,996374
Michigan,2020-05-09,973278
Michigan,2020-05-16,994188
Michigan,2020-05-23,985294
Michigan,2020-05-30,933181
Michigan,2020-06-06,756276
Michigan,2020-06-13,726922
Michigan,2020-06-20,584424
Michigan,2020-06-27,633953
Michigan,2020-07-04,529147
Michigan,2020-07-11,604846
Michigan,2020-07-18,519655
Michigan,2020-07-25,592707
Michigan,2020-08-01,514836
Michigan,2020-08-08,535218
Michigan,2020-08-15,428028
Michigan,2020-08-22,462183
Michigan,2020-08-29,401800
Michigan,2020-09-05,439244
Michigan,2020-09-12,393705
Michigan,2020-09-19,441816
Michigan,2020-09-26,440645
Michigan,2020-10-03,387844
Michigan,2020-10-10,301296
Michigan,2020-10-17,249753
Michigan,2020-10-24,235256
Michigan,2020-10-31,213406
Michigan,2020-11-07,187648
Michigan,2020-11-14,174303
Michigan,2020-11-21,180568
Michigan,2020-11-28,159438
Michigan,2020-12-05,211537
Michigan,2020-12-12,177953
Michigan,2020-12-19,206415
Michigan,2020-12-26,165203
Michigan,2021-01-02,205132
Michigan,2021-01-09,195176
Michigan,2021-01-16,227934
Michigan,2021-01-23,188217
Michigan,2021-01-30,207636
Michigan,2021-02-06,186687
Michigan,2021-02-13,195631
Michigan,2021-02-20,168829
Michigan,2021-02-27,178216
Michigan,2021-03-06,158158
Michigan,2021-03-13,161290
Michigan,2021-03-20,138528
Michigan,2021-03-27,139441
Michigan,2021-04-03,111657
Michigan,2021-04-10,107743
Michigan,2021-04-17,102721
Michigan,2021-04-24,109949
Michigan,2021-05-01,122497
Michigan,2021-05-08,125603
Michigan,2021-05-15,131259
Michigan,2021-05-22,121461
Michigan,2021-05-29,123402
Michigan,2021-06-05,115952
Michigan,2021-06-12,109012
Michigan,2021-06-19,92920
Michigan,2021-06-26,85743
Michigan,2021-07-03,80994
Michigan,2021-07-10,76786
Michigan,2021-07-17,75267
Michigan,2021-07-24,78955
Michigan,2021-07-31,99669
Michigan,2021-08-07,95330
Michigan,2021-08-14,93958
Michigan,2021-08-21,87127
Michigan,2021-08-28,82648
Michigan,2021-09-04,78684
Michigan,2021-09-11,72252
Michigan,2021-09-18,71121
Michigan,2021-09-25,63055
Michigan,2021-10-02,58830
Michigan,2021-10-09,61884
Michigan,2021-10-16,52170
Michigan,2021-10-23,50937
Michigan,2021-10-30,45508
Michigan,2021-11-06,50760
Michigan,2021-11-13,47584
Michigan,2021-11-20,47991
Michigan,2021-11-27,42150
Michigan,2021-12-04,54392
Michigan,2021-12-11,46589
Michigan,2021-12-18,56823
Michigan,2021-12-25,48984
Michigan,2022-01-01,60283
Michigan,2022-01-08,59478
Michigan,2022-01-15,69996
Michigan,2022-01-22,68545
Michigan,2022-01-29,66796
Michigan,2022-02-05,67405
Michigan,2022-02-12,67258
Michigan,2022-02-19,71194
Michigan,2022-02-26,71337
Michigan,2022-03-05,65276
Michigan,2022-03-12,63128
Michigan,2022-03-19,57430
Michigan,2022-03-26,57522
Michigan,2022-04-02,49856
Michigan,2022-04-09,55072
Michigan,2022-04-16,45643
Michigan,2022-04-23,55681
Michigan,2022-04-30,38697
Michigan,2022-05-07,41483
Michigan,2022-05-14,34945
Michigan,2022-05-21,35815
Michigan,2022-05-28,31813
Michigan,2022-06-04,28972
Michigan,2022-06-11,28961
Michigan,2022-06-18,28628
Michigan,2022-06-25,29351
Michigan,2022-07-02,32322
Michigan,2022-07-09,32138
Michigan,2022-07-16,39240
Michigan,2022-07-23,39425
Michigan,2022-07-30,39392
Michigan,2022-08-06,34976
Michigan,2022-08-13,33049
Michigan,2022-08-20,32438
Michigan,2022-08-27,32094
Michigan,2022-09-03,30349
Michigan,2022-09-10,29891
Michigan,2022-09-17,28080
Michigan,2022-09-24,28351
Michigan,2022-10-01,34095
Michigan,2022-10-08,28015
Michigan,2022-10-15,29823
Michigan,2022-10-22,30957
Michigan,2022-10-29,30528
Michigan,2022-11-05,31226
Michigan,2022-11-12,30879
Michigan,2022-11-19,35809
Michigan,2022-11-26,33400
Michigan,2022-12-03,45641
Michigan,2022-12-10,40475
Michigan,2022-12-17,50303
Michigan,2022-12-24,45723
Michigan,2022-12-31,56573
Michigan,2023-01-07,57184
Michigan,2023-01-14,69017
Michigan,2023-01-21,66393
Michigan,2023-01-28,66866
Michigan,2023-02-04,65754
Michigan,2023-02-11,67394
Michigan,2023-02-18,67503
Michigan,2023-02-25,70144
Michigan,2023-03-04,68424
Michigan,2023-03-11,65716
Michigan,2023-03-18,64690
Michigan,2023-03-25,63455
Michigan,2023-04-01,61465
Michigan,2023-04-08,61335
Michigan,2023-04-15,54717
Michigan,2023-04-22,49303
Michigan,2023-04-29,44512
Michigan,2023-05-06,40716
Michigan,2023-05-13,39223
Michigan,2023-05-20,39674
Michigan,2023-05-27,38733
Michigan,2023-06-03,38066
Michigan,2023-06-10,35594
Michigan,2023-06-17,36412
Michigan,2023-06-24,35557
Michigan,2023-07-01,38490
Michigan,2023-07-08,37465
Michigan,2023-07-15,47559
Michigan,2023-07-22,42561
Michigan,2023-07-29,41658
Michigan,2023-08-05,39383
Michigan,2023-08-12,39985
Michigan,2023-08-19,38021
Michigan,2023-08-26,38656
Michigan,2023-09-02,36891
Michigan,2023-09-09,36698
Michigan,2023-09-16,35130
Michigan,2023-09-23,34532
Michigan,2023-09-30,34261
Michigan,2023-10-07,36374
Michigan,2023-10-14,37151
Michigan,2023-10-21,42729
Michigan,2023-10-28,40412
Michigan,2023-11-04,46910
Michigan,2023-11-11,44481
Michigan,2023-11-18,46023
Michigan,2023-11-25,41748
Michigan,2023-12-02,47739
Michigan,2023-12-09,46571
Michigan,2023-12-16,54667
Michigan,2023-12-23,53213
Michigan,2023-12-30,61524
Michigan,2024-01-06,64133
Michigan,2024-01-13,71881
Michigan,2024-01-20,70322
Michigan,2024-01-27,73330
Michigan,2024-02-03,72375
Michigan,2024-02-10,77624
Michigan,2024-02-17,74137
Michigan,2024-02-24,73822
Michigan,2024-03-02,71565
Michigan,2024-03-09,69178
Michigan,2024-03-16,66706
Michigan,2024-03-23,66107
Michigan,2024-03-30,63836
Michigan,2024-04-06,60717
Michigan,2024-04-13,54843
Michigan,2024-04-20,53497
Michigan,2024-04-27,47279
Michigan,2024-05-04,44979
Michigan,2024-05-11,41460
Michigan,2024-05-18,41745
Michigan,2024-05-25,40868
Michigan,2024-06-01,42174
Michigan,2024-06-08,41761
Michigan,2024-06-15,39666
Michigan,2024-06-22,41424
Michigan,2024-06-29,42014
Michigan,2024-07-06,39839
Michigan,2024-07-13,46038
Michigan,2024-07-20,56009
Michigan,2024-07-27,59874
Michigan,2024-08-03,50680
Michigan,2024-08-10,44494
Michigan,2024-08-17,45989
Michigan,2024-08-24,43710
Michigan,2024-08-31,43159
Michigan,2024-09-07,40290
Michigan,2024-09-14,39527
Michigan,2024-09-21,38362
Michigan,2024-09-28,39532
Michigan,2024-10-05,38212
Michigan,2024-10-12,40615
Michigan,2024-10-19,58962
Michigan,2024-10-26,45892
Michigan,2024-11-02,52726
Michigan,2024-11-09,49160
Michigan,2024-11-16,58816
Michigan,2024-11-23,51718
Michigan,2024-11-30,51183
Michigan,2024-12-07,58415
Michigan,2024-12-14,55196
Michigan,2024-12-21,64808
Michigan,2024-12-28,60400
Michigan,2025-01-04,75559
Michigan,2025-01-11,89847
Michigan,2025-01-18,88040
Michigan,2025-01-25,96966
Michigan,2025-02-01,87193
Michigan,2025-02-08,85686
Michigan,2025-02-15,80329
Michigan,2025-02-22,81314
Michigan,2025-03-01,80520
Michigan,2025-03-08,78294
Michigan,2025-03-15,78881
Michigan,2025-03-22,76365
Michigan,2025-03-29,74221
Michigan,2025-04-05,68466
Michigan,2025-04-12,64311
Minnesota,2020-01-04,68226
Minnesota,2020-01-11,66377
Minnesota,2020-01-18,62628
Minnesota,2020-01-25,61704
Minnesota,2020-02-01,62189
Minnesota,2020-02-08,64105
Minnesota,2020-02-15,63956
Minnesota,2020-02-22,62200
Minnesota,2020-02-29,61696
Minnesota,2020-03-07,62767
Minnesota,2020-03-14,61781
Minnesota,2020-03-21,66787
Minnesota,2020-03-28,160873
Minnesota,2020-04-04,248023
Minnesota,2020-04-11,341578
Minnesota,2020-04-18,391284
Minnesota,2020-04-25,416993
Minnesota,2020-05-02,420212
Minnesota,2020-05-09,429187
Minnesota,2020-05-16,427690
Minnesota,2020-05-23,416668
Minnesota,2020-05-30,397899
Minnesota,2020-06-06,398799
Minnesota,2020-06-13,371930
Minnesota,2020-06-20,351772
Minnesota,2020-06-27,337382
Minnesota,2020-07-04,326245
Minnesota,2020-07-11,332040
Minnesota,2020-07-18,314937
Minnesota,2020-07-25,305530
Minnesota,2020-08-01,288215
Minnesota,2020-08-08,259525
Minnesota,2020-08-15,244418
Minnesota,2020-08-22,231989
Minnesota,2020-08-29,219557
Minnesota,2020-09-05,212993
Minnesota,2020-09-12,207645
Minnesota,2020-09-19,192217
Minnesota,2020-09-26,174779
Minnesota,2020-10-03,152536
Minnesota,2020-10-10,138673
Minnesota,2020-10-17,122976
Minnesota,2020-10-24,116856
Minnesota,2020-10-31,110584
Minnesota,2020-11-07,105784
Minnesota,2020-11-14,104687
Minnesota,2020-11-21,112924
Minnesota,2020-11-28,114715
Minnesota,2020-12-05,140443
Minnesota,2020-12-12,135667
Minnesota,2020-12-19,134220
Minnesota,2020-12-26,129135
Minnesota,2021-01-02,148435
Minnesota,2021-01-09,152224
Minnesota,2021-01-16,138053
Minnesota,2021-01-23,125843
Minnesota,2021-01-30,121578
Minnesota,2021-02-06,121069
Minnesota,2021-02-13,115848
Minnesota,2021-02-20,117459
Minnesota,2021-02-27,111807
Minnesota,2021-03-06,108255
Minnesota,2021-03-13,103054
Minnesota,2021-03-20,98886
Minnesota,2021-03-27,99791
Minnesota,2021-04-03,99149
Minnesota,2021-04-10,99755
Minnesota,2021-04-17,93875
Minnesota,2021-04-24,86534
Minnesota,2021-05-01,80853
Minnesota,2021-05-08,78840
Minnesota,2021-05-15,72167
Minnesota,2021-05-22,69802
Minnesota,2021-05-29,67206
Minnesota,2021-06-05,64738
Minnesota,2021-06-12,65301
Minnesota,2021-06-19,61850
Minnesota,2021-06-26,60679
Minnesota,2021-07-03,59593
Minnesota,2021-07-10,59978
Minnesota,2021-07-17,60008
Minnesota,2021-07-24,56375
Minnesota,2021-07-31,54911
Minnesota,2021-08-07,54916
Minnesota,2021-08-14,53038
Minnesota,2021-08-21,52425
Minnesota,2021-08-28,51011
Minnesota,2021-09-04,49798
Minnesota,2021-09-11,45315
Minnesota,2021-09-18,52869
Minnesota,2021-09-25,51672
Minnesota,2021-10-02,49024
Minnesota,2021-10-09,46863
Minnesota,2021-10-16,42953
Minnesota,2021-10-23,42174
Minnesota,2021-10-30,42096
Minnesota,2021-11-06,42295
Minnesota,2021-11-13,43847
Minnesota,2021-11-20,47695
Minnesota,2021-11-27,48624
Minnesota,2021-12-04,57669
Minnesota,2021-12-11,57340
Minnesota,2021-12-18,59453
Minnesota,2021-12-25,59130
Minnesota,2022-01-01,68446
Minnesota,2022-01-08,74074
Minnesota,2022-01-15,69518
Minnesota,2022-01-22,67216
Minnesota,2022-01-29,67403
Minnesota,2022-02-05,66536
Minnesota,2022-02-12,65774
Minnesota,2022-02-19,62419
Minnesota,2022-02-26,61468
Minnesota,2022-03-05,61461
Minnesota,2022-03-12,59801
Minnesota,2022-03-19,56450
Minnesota,2022-03-26,54030
Minnesota,2022-04-02,52799
Minnesota,2022-04-09,51370
Minnesota,2022-04-16,46987
Minnesota,2022-04-23,43115
Minnesota,2022-04-30,39073
Minnesota,2022-05-07,35500
Minnesota,2022-05-14,30503
Minnesota,2022-05-21,28005
Minnesota,2022-05-28,25817
Minnesota,2022-06-04,24420
Minnesota,2022-06-11,25765
Minnesota,2022-06-18,24450
Minnesota,2022-06-25,24121
Minnesota,2022-07-02,24404
Minnesota,2022-07-09,24602
Minnesota,2022-07-16,25993
Minnesota,2022-07-23,24419
Minnesota,2022-07-30,23905
Minnesota,2022-08-06,23829
Minnesota,2022-08-13,23790
Minnesota,2022-08-20,23595
Minnesota,2022-08-27,22936
Minnesota,2022-09-03,22711
Minnesota,2022-09-10,21987
Minnesota,2022-09-17,21882
Minnesota,2022-09-24,21118
Minnesota,2022-10-01,21008
Minnesota,2022-10-08,21232
Minnesota,2022-10-15,21117
Minnesota,2022-10-22,21088
Minnesota,2022-10-29,22266
Minnesota,2022-11-05,23087
Minnesota,2022-11-12,25945
Minnesota,2022-11-19,32623
Minnesota,2022-11-26,36352
Minnesota,2022-12-03,45959
Minnesota,2022-12-10,46321
Minnesota,2022-12-17,49356
Minnesota,2022-12-24,53649
Minnesota,2022-12-31,59258
Minnesota,2023-01-07,63255
Minnesota,2023-01-14,62286
Minnesota,2023-01-21,59777
Minnesota,2023-01-28,61189
Minnesota,2023-02-04,61839
Minnesota,2023-02-11,65478
Minnesota,2023-02-18,62075
Minnesota,2023-02-25,61956
Minnesota,2023-03-04,64505
Minnesota,2023-03-11,62432
Minnesota,2023-03-18,60376
Minnesota,2023-03-25,59753
Minnesota,2023-04-01,58449
Minnesota,2023-04-08,58081
Minnesota,2023-04-15,55109
Minnesota,2023-04-22,50281
Minnesota,2023-04-29,46325
Minnesota,2023-05-06,40755
Minnesota,2023-05-13,35187
Minnesota,2023-05-20,32610
Minnesota,2023-05-27,30727
Minnesota,2023-06-03,29831
Minnesota,2023-06-10,32361
Minnesota,2023-06-17,37143
Minnesota,2023-06-24,41491
Minnesota,2023-07-01,45242
Minnesota,2023-07-08,45355
Minnesota,2023-07-15,50680
Minnesota,2023-07-22,46739
Minnesota,2023-07-29,46710
Minnesota,2023-08-05,47088
Minnesota,2023-08-12,48447
Minnesota,2023-08-19,48163
Minnesota,2023-08-26,47112
Minnesota,2023-09-02,45099
Minnesota,2023-09-09,40300
Minnesota,2023-09-16,32606
Minnesota,2023-09-23,29741
Minnesota,2023-09-30,29101
Minnesota,2023-10-07,29269
Minnesota,2023-10-14,28829
Minnesota,2023-10-21,28763
Minnesota,2023-10-28,30042
Minnesota,2023-11-04,31200
Minnesota,2023-11-11,34069
Minnesota,2023-11-18,38095
Minnesota,2023-11-25,39823
Minnesota,2023-12-02,51653
Minnesota,2023-12-09,52453
Minnesota,2023-12-16,55627
Minnesota,2023-12-23,58577
Minnesota,2023-12-30,62448
Minnesota,2024-01-06,72962
Minnesota,2024-01-13,69777
Minnesota,2024-01-20,68964
Minnesota,2024-01-27,72358
Minnesota,2024-02-03,70135
Minnesota,2024-02-10,71053
Minnesota,2024-02-17,70127
Minnesota,2024-02-24,69415
Minnesota,2024-03-02,69068
Minnesota,2024-03-09,69368
Minnesota,2024-03-16,66465
Minnesota,2024-03-23,64711
Minnesota,2024-03-30,63547
Minnesota,2024-04-06,66713
Minnesota,2024-04-13,58096
Minnesota,2024-04-20,52395
Minnesota,2024-04-27,47681
Minnesota,2024-05-04,43699
Minnesota,2024-05-11,42694
Minnesota,2024-05-18,38065
Minnesota,2024-05-25,36600
Minnesota,2024-06-01,37159
Minnesota,2024-06-08,42516
Minnesota,2024-06-15,51138
Minnesota,2024-06-22,57890
Minnesota,2024-06-29,59652
Minnesota,2024-07-06,57476
Minnesota,2024-07-13,63855
Minnesota,2024-07-20,57266
Minnesota,2024-07-27,57403
Minnesota,2024-08-03,57411
Minnesota,2024-08-10,58447
Minnesota,2024-08-17,57722
Minnesota,2024-08-24,56193
Minnesota,2024-08-31,53986
Minnesota,2024-09-07,48385
Minnesota,2024-09-14,37898
Minnesota,2024-09-21,33878
Minnesota,2024-09-28,33240
Minnesota,2024-10-05,33029
Minnesota,2024-10-12,33629
Minnesota,2024-10-19,33451
Minnesota,2024-10-26,33960
Minnesota,2024-11-02,34281
Minnesota,2024-11-09,36456
Minnesota,2024-11-16,40457
Minnesota,2024-11-23,44598
Minnesota,2024-11-30,47301
Minnesota,2024-12-07,60488
Minnesota,2024-12-14,60112
Minnesota,2024-12-21,63406
Minnesota,2024-12-28,64125
Minnesota,2025-01-04,79877
Minnesota,2025-01-11,78336
Minnesota,2025-01-18,72990
Minnesota,2025-01-25,72374
Minnesota,2025-02-01,73691
Minnesota,2025-02-08,73259
Minnesota,2025-02-15,72345
Minnesota,2025-02-22,74015
Minnesota,2025-03-01,73890
Minnesota,2025-03-08,71767
Minnesota,2025-03-15,69283
Minnesota,2025-03-22,67833
Minnesota,2025-03-29,65652
Minnesota,2025-04-05,63648
Minnesota,2025-04-12,62568
Mississippi,2020-01-04,9681
Mississippi,2020-01-11,9536
Mississippi,2020-01-18,8804
Mississippi,2020-01-25,8562
Mississippi,2020-02-01,8674
Mississippi,2020-02-08,8261
Mississippi,2020-02-15,8216
Mississippi,2020-02-22,7922
Mississippi,2020-02-29,7842
Mississippi,2020-03-07,7416
Mississippi,2020-03-14,7098
Mississippi,2020-03-21,6667
Mississippi,2020-03-28,9581
Mississippi,2020-04-04,29373
Mississippi,2020-04-11,60737
Mississippi,2020-04-18,93005
Mississippi,2020-04-25,135722
Mississippi,2020-05-02,162078
Mississippi,2020-05-09,208270
Mississippi,2020-05-16,189886
Mississippi,2020-05-23,184150
Mississippi,2020-05-30,174808
Mississippi,2020-06-06,148902
Mississippi,2020-06-13,123192
Mississippi,2020-06-20,97069
Mississippi,2020-06-27,147624
Mississippi,2020-07-04,137330
Mississippi,2020-07-11,100191
Mississippi,2020-07-18,122686
Mississippi,2020-07-25,104109
Mississippi,2020-08-01,121168
Mississippi,2020-08-08,138762
Mississippi,2020-08-15,95913
Mississippi,2020-08-22,90458
Mississippi,2020-08-29,84480
Mississippi,2020-09-05,95012
Mississippi,2020-09-12,87107
Mississippi,2020-09-19,84253
Mississippi,2020-09-26,75175
Mississippi,2020-10-03,68735
Mississippi,2020-10-10,56309
Mississippi,2020-10-17,52168
Mississippi,2020-10-24,46448
Mississippi,2020-10-31,41440
Mississippi,2020-11-07,38767
Mississippi,2020-11-14,35034
Mississippi,2020-11-21,32639
Mississippi,2020-11-28,29740
Mississippi,2020-12-05,31543
Mississippi,2020-12-12,28911
Mississippi,2020-12-19,28001
Mississippi,2020-12-26,28218
Mississippi,2021-01-02,30185
Mississippi,2021-01-09,32576
Mississippi,2021-01-16,31703
Mississippi,2021-01-23,30594
Mississippi,2021-01-30,31184
Mississippi,2021-02-06,28809
Mississippi,2021-02-13,28987
Mississippi,2021-02-20,27681
Mississippi,2021-02-27,47365
Mississippi,2021-03-06,30983
Mississippi,2021-03-13,28836
Mississippi,2021-03-20,27445
Mississippi,2021-03-27,26070
Mississippi,2021-04-03,27435
Mississippi,2021-04-10,26953
Mississippi,2021-04-17,28007
Mississippi,2021-04-24,28058
Mississippi,2021-05-01,27390
Mississippi,2021-05-08,27296
Mississippi,2021-05-15,27078
Mississippi,2021-05-22,26328
Mississippi,2021-05-29,25737
Mississippi,2021-06-05,30327
Mississippi,2021-06-12,25945
Mississippi,2021-06-19,25309
Mississippi,2021-06-26,32459
Mississippi,2021-07-03,26023
Mississippi,2021-07-10,23352
Mississippi,2021-07-17,22733
Mississippi,2021-07-24,20453
Mississippi,2021-07-31,19536
Mississippi,2021-08-07,18019
Mississippi,2021-08-14,16574
Mississippi,2021-08-21,14817
Mississippi,2021-08-28,13881
Mississippi,2021-09-04,10802
Mississippi,2021-09-11,12877
Mississippi,2021-09-18,10823
Mississippi,2021-09-25,9698
Mississippi,2021-10-02,9680
Mississippi,2021-10-09,8406
Mississippi,2021-10-16,7639
Mississippi,2021-10-23,7329
Mississippi,2021-10-30,6862
Mississippi,2021-11-06,7267
Mississippi,2021-11-13,6249
Mississippi,2021-11-20,5868
Mississippi,2021-11-27,5237
Mississippi,2021-12-04,6262
Mississippi,2021-12-11,5618
Mississippi,2021-12-18,5663
Mississippi,2021-12-25,5490
Mississippi,2022-01-01,6240
Mississippi,2022-01-08,6431
Mississippi,2022-01-15,6532
Mississippi,2022-01-22,5968
Mississippi,2022-01-29,5712
Mississippi,2022-02-05,5380
Mississippi,2022-02-12,5316
Mississippi,2022-02-19,5155
Mississippi,2022-02-26,4746
Mississippi,2022-03-05,4633
Mississippi,2022-03-12,4501
Mississippi,2022-03-19,4419
Mississippi,2022-03-26,4505
Mississippi,2022-04-02,4160
Mississippi,2022-04-09,4127
Mississippi,2022-04-16,3968
Mississippi,2022-04-23,3962
Mississippi,2022-04-30,4081
Mississippi,2022-05-07,4003
Mississippi,2022-05-14,4120
Mississippi,2022-05-21,4358
Mississippi,2022-05-28,4796
Mississippi,2022-06-04,6465
Mississippi,2022-06-11,6542
Mississippi,2022-06-18,6873
Mississippi,2022-06-25,6761
Mississippi,2022-07-02,6734
Mississippi,2022-07-09,7648
Mississippi,2022-07-16,8081
Mississippi,2022-07-23,7825
Mississippi,2022-07-30,7443
Mississippi,2022-08-06,7125
Mississippi,2022-08-13,6236
Mississippi,2022-08-20,5742
Mississippi,2022-08-27,5549
Mississippi,2022-09-03,5554
Mississippi,2022-09-10,4968
Mississippi,2022-09-17,4957
Mississippi,2022-09-24,4780
Mississippi,2022-10-01,3857
Mississippi,2022-10-08,4480
Mississippi,2022-10-15,4521
Mississippi,2022-10-22,4763
Mississippi,2022-10-29,4465
Mississippi,2022-11-05,4376
Mississippi,2022-11-12,4361
Mississippi,2022-11-19,4602
Mississippi,2022-11-26,4462
Mississippi,2022-12-03,5513
Mississippi,2022-12-10,5495
Mississippi,2022-12-17,5624
Mississippi,2022-12-24,5735
Mississippi,2022-12-31,6376
Mississippi,2023-01-07,6547
Mississippi,2023-01-14,6199
Mississippi,2023-01-21,5995
Mississippi,2023-01-28,5912
Mississippi,2023-02-04,5906
Mississippi,2023-02-11,5768
Mississippi,2023-02-18,5738
Mississippi,2023-02-25,5523
Mississippi,2023-03-04,5533
Mississippi,2023-03-11,5275
Mississippi,2023-03-18,5169
Mississippi,2023-03-25,5736
Mississippi,2023-04-01,5381
Mississippi,2023-04-08,5225
Mississippi,2023-04-15,5537
Mississippi,2023-04-22,5475
Mississippi,2023-04-29,5422
Mississippi,2023-05-06,5387
Mississippi,2023-05-13,5502
Mississippi,2023-05-20,5703
Mississippi,2023-05-27,6055
Mississippi,2023-06-03,6544
Mississippi,2023-06-10,7272
Mississippi,2023-06-17,7406
Mississippi,2023-06-24,7566
Mississippi,2023-07-01,8032
Mississippi,2023-07-08,8002
Mississippi,2023-07-15,8760
Mississippi,2023-07-22,8916
Mississippi,2023-07-29,8724
Mississippi,2023-08-05,8500
Mississippi,2023-08-12,7729
Mississippi,2023-08-19,7364
Mississippi,2023-08-26,7187
Mississippi,2023-09-02,6826
Mississippi,2023-09-09,6493
Mississippi,2023-09-16,6493
Mississippi,2023-09-23,6260
Mississippi,2023-09-30,6284
Mississippi,2023-10-07,6046
Mississippi,2023-10-14,6016
Mississippi,2023-10-21,5914
Mississippi,2023-10-28,5760
Mississippi,2023-11-04,5890
Mississippi,2023-11-11,5832
Mississippi,2023-11-18,6059
Mississippi,2023-11-25,5881
Mississippi,2023-12-02,6919
Mississippi,2023-12-09,6344
Mississippi,2023-12-16,6734
Mississippi,2023-12-23,6534
Mississippi,2023-12-30,6978
Mississippi,2024-01-06,7355
Mississippi,2024-01-13,7393
Mississippi,2024-01-20,6703
Mississippi,2024-01-27,7708
Mississippi,2024-02-03,6844
Mississippi,2024-02-10,6858
Mississippi,2024-02-17,6518
Mississippi,2024-02-24,6462
Mississippi,2024-03-02,6188
Mississippi,2024-03-09,6232
Mississippi,2024-03-16,5943
Mississippi,2024-03-23,6178
Mississippi,2024-03-30,5977
Mississippi,2024-04-06,5856
Mississippi,2024-04-13,5744
Mississippi,2024-04-20,5819
Mississippi,2024-04-27,5792
Mississippi,2024-05-04,5894
Mississippi,2024-05-11,5935
Mississippi,2024-05-18,6201
Mississippi,2024-05-25,6416
Mississippi,2024-06-01,7019
Mississippi,2024-06-08,7790
Mississippi,2024-06-15,8082
Mississippi,2024-06-22,8218
Mississippi,2024-06-29,8696
Mississippi,2024-07-06,8640
Mississippi,2024-07-13,9579
Mississippi,2024-07-20,9447
Mississippi,2024-07-27,9359
Mississippi,2024-08-03,9130
Mississippi,2024-08-10,8349
Mississippi,2024-08-17,7615
Mississippi,2024-08-24,7114
Mississippi,2024-08-31,6984
Mississippi,2024-09-07,6604
Mississippi,2024-09-14,6466
Mississippi,2024-09-21,6467
Mississippi,2024-09-28,6229
Mississippi,2024-10-05,6289
Mississippi,2024-10-12,5208
Mississippi,2024-10-19,6080
Mississippi,2024-10-26,5955
Mississippi,2024-11-02,5735
Mississippi,2024-11-09,5721
Mississippi,2024-11-16,5878
Mississippi,2024-11-23,6069
Mississippi,2024-11-30,6143
Mississippi,2024-12-07,6787
Mississippi,2024-12-14,6575
Mississippi,2024-12-21,6758
Mississippi,2024-12-28,6823
Mississippi,2025-01-04,7789
Mississippi,2025-01-11,8110
Mississippi,2025-01-18,7560
Mississippi,2025-01-25,7188
Mississippi,2025-02-01,7343
Mississippi,2025-02-08,6987
Mississippi,2025-02-15,6773
Mississippi,2025-02-22,6850
Mississippi,2025-03-01,6633
Mississippi,2025-03-08,6475
Mississippi,2025-03-15,6429
Mississippi,2025-03-22,6916
Mississippi,2025-03-29,6131
Mississippi,2025-04-05,6148
Mississippi,2025-04-12,6033
Missouri,2020-01-04,29785
Missouri,2020-01-11,30140
Missouri,2020-01-18,29945
Missouri,2020-01-25,29170
Missouri,2020-02-01,29854
Missouri,2020-02-08,27906
Missouri,2020-02-15,27362
Missouri,2020-02-22,27035
Missouri,2020-02-29,26949
Missouri,2020-03-07,25225
Missouri,2020-03-14,22381
Missouri,2020-03-21,21538
Missouri,2020-03-28,49470
Missouri,2020-04-04,121467
Missouri,2020-04-11,178710
Missouri,2020-04-18,227557
Missouri,2020-04-25,255798
Missouri,2020-05-02,246663
Missouri,2020-05-09,266230
Missouri,2020-05-16,261840
Missouri,2020-05-23,255374
Missouri,2020-05-30,242173
Missouri,2020-06-06,236531
Missouri,2020-06-13,218596
Missouri,2020-06-20,210195
Missouri,2020-06-27,204121
Missouri,2020-07-04,205120
Missouri,2020-07-11,197311
Missouri,2020-07-18,177150
Missouri,2020-07-25,182144
Missouri,2020-08-01,175874
Missouri,2020-08-08,147017
Missouri,2020-08-15,132730
Missouri,2020-08-22,118713
Missouri,2020-08-29,105318
Missouri,2020-09-05,97082
Missouri,2020-09-12,86832
Missouri,2020-09-19,77725
Missouri,2020-09-26,71313
Missouri,2020-10-03,70470
Missouri,2020-10-10,60725
Missouri,2020-10-17,57846
Missouri,2020-10-24,56392
Missouri,2020-10-31,55448
Missouri,2020-11-07,50160
Missouri,2020-11-14,46033
Missouri,2020-11-21,45547
Missouri,2020-11-28,43242
Missouri,2020-12-05,49277
Missouri,2020-12-12,45336
Missouri,2020-12-19,44392
Missouri,2020-12-26,43407
Missouri,2021-01-02,49826
Missouri,2021-01-09,53743
Missouri,2021-01-16,56836
Missouri,2021-01-23,54048
Missouri,2021-01-30,56498
Missouri,2021-02-06,57592
Missouri,2021-02-13,54570
Missouri,2021-02-20,59296
Missouri,2021-02-27,69683
Missouri,2021-03-06,54954
Missouri,2021-03-13,50329
Missouri,2021-03-20,46177
Missouri,2021-03-27,47080
Missouri,2021-04-03,47570
Missouri,2021-04-10,48548
Missouri,2021-04-17,50543
Missouri,2021-04-24,52912
Missouri,2021-05-01,57477
Missouri,2021-05-08,58705
Missouri,2021-05-15,57346
Missouri,2021-05-22,56015
Missouri,2021-05-29,55733
Missouri,2021-06-05,56745
Missouri,2021-06-12,54287
Missouri,2021-06-19,50613
Missouri,2021-06-26,52735
Missouri,2021-07-03,48517
Missouri,2021-07-10,43941
Missouri,2021-07-17,43428
Missouri,2021-07-24,42448
Missouri,2021-07-31,43868
Missouri,2021-08-07,35548
Missouri,2021-08-14,33379
Missouri,2021-08-21,31217
Missouri,2021-08-28,28274
Missouri,2021-09-04,28241
Missouri,2021-09-11,24987
Missouri,2021-09-18,24242
Missouri,2021-09-25,28311
Missouri,2021-10-02,22787
Missouri,2021-10-09,16987
Missouri,2021-10-16,18207
Missouri,2021-10-23,15815
Missouri,2021-10-30,15027
Missouri,2021-11-06,19090
Missouri,2021-11-13,17249
Missouri,2021-11-20,16795
Missouri,2021-11-27,13615
Missouri,2021-12-04,16665
Missouri,2021-12-11,14517
Missouri,2021-12-18,18477
Missouri,2021-12-25,18649
Missouri,2022-01-01,19387
Missouri,2022-01-08,20863
Missouri,2022-01-15,24091
Missouri,2022-01-22,21681
Missouri,2022-01-29,21966
Missouri,2022-02-05,20871
Missouri,2022-02-12,20873
Missouri,2022-02-19,23759
Missouri,2022-02-26,21382
Missouri,2022-03-05,20707
Missouri,2022-03-12,18857
Missouri,2022-03-19,15297
Missouri,2022-03-26,14036
Missouri,2022-04-02,14897
Missouri,2022-04-09,12164
Missouri,2022-04-16,13314
Missouri,2022-04-23,11859
Missouri,2022-04-30,13029
Missouri,2022-05-07,11547
Missouri,2022-05-14,11826
Missouri,2022-05-21,11412
Missouri,2022-05-28,12558
Missouri,2022-06-04,13466
Missouri,2022-06-11,14245
Missouri,2022-06-18,14449
Missouri,2022-06-25,15268
Missouri,2022-07-02,16970
Missouri,2022-07-09,15876
Missouri,2022-07-16,17340
Missouri,2022-07-23,17815
Missouri,2022-07-30,17567
Missouri,2022-08-06,17441
Missouri,2022-08-13,16708
Missouri,2022-08-20,16538
Missouri,2022-08-27,14936
Missouri,2022-09-03,13099
Missouri,2022-09-10,11277
Missouri,2022-09-17,11584
Missouri,2022-09-24,11788
Missouri,2022-10-01,11870
Missouri,2022-10-08,13295
Missouri,2022-10-15,12078
Missouri,2022-10-22,13730
Missouri,2022-10-29,11803
Missouri,2022-11-05,12397
Missouri,2022-11-12,11799
Missouri,2022-11-19,12599
Missouri,2022-11-26,12730
Missouri,2022-12-03,15011
Missouri,2022-12-10,14026
Missouri,2022-12-17,14732
Missouri,2022-12-24,15702
Missouri,2022-12-31,22854
Missouri,2023-01-07,23383
Missouri,2023-01-14,21240
Missouri,2023-01-21,22913
Missouri,2023-01-28,21372
Missouri,2023-02-04,22424
Missouri,2023-02-11,22355
Missouri,2023-02-18,21125
Missouri,2023-02-25,20703
Missouri,2023-03-04,20341
Missouri,2023-03-11,18309
Missouri,2023-03-18,17303
Missouri,2023-03-25,17349
Missouri,2023-04-01,18892
Missouri,2023-04-08,15458
Missouri,2023-04-15,14196
Missouri,2023-04-22,13979
Missouri,2023-04-29,14769
Missouri,2023-05-06,14108
Missouri,2023-05-13,15379
Missouri,2023-05-20,14142
Missouri,2023-05-27,14956
Missouri,2023-06-03,16772
Missouri,2023-06-10,17460
Missouri,2023-06-17,18212
Missouri,2023-06-24,17517
Missouri,2023-07-01,18826
Missouri,2023-07-08,18757
Missouri,2023-07-15,20549
Missouri,2023-07-22,19492
Missouri,2023-07-29,19543
Missouri,2023-08-05,20473
Missouri,2023-08-12,21005
Missouri,2023-08-19,21550
Missouri,2023-08-26,20831
Missouri,2023-09-02,17261
Missouri,2023-09-09,17908
Missouri,2023-09-16,16116
Missouri,2023-09-23,15175
Missouri,2023-09-30,16617
Missouri,2023-10-07,16592
Missouri,2023-10-14,16241
Missouri,2023-10-21,16324
Missouri,2023-10-28,16473
Missouri,2023-11-04,17314
Missouri,2023-11-11,15576
Missouri,2023-11-18,15850
Missouri,2023-11-25,15651
Missouri,2023-12-02,18387
Missouri,2023-12-09,16963
Missouri,2023-12-16,17374
Missouri,2023-12-23,17990
Missouri,2023-12-30,23305
Missouri,2024-01-06,24452
Missouri,2024-01-13,23050
Missouri,2024-01-20,24954
Missouri,2024-01-27,27117
Missouri,2024-02-03,27490
Missouri,2024-02-10,25940
Missouri,2024-02-17,24061
Missouri,2024-02-24,23460
Missouri,2024-03-02,23409
Missouri,2024-03-09,21430
Missouri,2024-03-16,19888
Missouri,2024-03-23,18940
Missouri,2024-03-30,19297
Missouri,2024-04-06,17920
Missouri,2024-04-13,16284
Missouri,2024-04-20,16008
Missouri,2024-04-27,15860
Missouri,2024-05-04,16383
Missouri,2024-05-11,15655
Missouri,2024-05-18,16037
Missouri,2024-05-25,16474
Missouri,2024-06-01,18169
Missouri,2024-06-08,19248
Missouri,2024-06-15,19142
Missouri,2024-06-22,19139
Missouri,2024-06-29,19983
Missouri,2024-07-06,19980
Missouri,2024-07-13,21862
Missouri,2024-07-20,21856
Missouri,2024-07-27,23605
Missouri,2024-08-03,22113
Missouri,2024-08-10,21162
Missouri,2024-08-17,20270
Missouri,2024-08-24,18723
Missouri,2024-08-31,17291
Missouri,2024-09-07,15965
Missouri,2024-09-14,15348
Missouri,2024-09-21,15383
Missouri,2024-09-28,15290
Missouri,2024-10-05,15585
Missouri,2024-10-12,16022
Missouri,2024-10-19,16355
Missouri,2024-10-26,15827
Missouri,2024-11-02,16092
Missouri,2024-11-09,15743
Missouri,2024-11-16,16527
Missouri,2024-11-23,16783
Missouri,2024-11-30,16848
Missouri,2024-12-07,18807
Missouri,2024-12-14,18427
Missouri,2024-12-21,18626
Missouri,2024-12-28,19296
Missouri,2025-01-04,24664
Missouri,2025-01-11,25694
Missouri,2025-01-18,33039
Missouri,2025-01-25,30664
Missouri,2025-02-01,27259
Missouri,2025-02-08,25086
Missouri,2025-02-15,24048
Missouri,2025-02-22,24814
Missouri,2025-03-01,27147
Missouri,2025-03-08,22916
Missouri,2025-03-15,20975
Missouri,2025-03-22,19620
Missouri,2025-03-29,19499
Missouri,2025-04-05,18935
Missouri,2025-04-12,17967
Montana,2020-01-04,11056
Montana,2020-01-11,11756
Montana,2020-01-18,11254
Montana,2020-01-25,11830
Montana,2020-02-01,11527
Montana,2020-02-08,11489
Montana,2020-02-15,11479
Montana,2020-02-22,11308
Montana,2020-02-29,11296
Montana,2020-03-07,10782
Montana,2020-03-14,10112
Montana,2020-03-21,9818
Montana,2020-03-28,19099
Montana,2020-04-04,36819
Montana,2020-04-11,53482
Montana,2020-04-18,65073
Montana,2020-04-25,67473
Montana,2020-05-02,63134
Montana,2020-05-09,58905
Montana,2020-05-16,53786
Montana,2020-05-23,49917
Montana,2020-05-30,48506
Montana,2020-06-06,46305
Montana,2020-06-13,44298
Montana,2020-06-20,42681
Montana,2020-06-27,41027
Montana,2020-07-04,39032
Montana,2020-07-11,39084
Montana,2020-07-18,36715
Montana,2020-07-25,34702
Montana,2020-08-01,33450
Montana,2020-08-08,27583
Montana,2020-08-15,27840
Montana,2020-08-22,26318
Montana,2020-08-29,25236
Montana,2020-09-05,24177
Montana,2020-09-12,22976
Montana,2020-09-19,22380
Montana,2020-09-26,20195
Montana,2020-10-03,19354
Montana,2020-10-10,17794
Montana,2020-10-17,16146
Montana,2020-10-24,14996
Montana,2020-10-31,15248
Montana,2020-11-07,14930
Montana,2020-11-14,14048
Montana,2020-11-21,15703
Montana,2020-11-28,15841
Montana,2020-12-05,17123
Montana,2020-12-12,16629
Montana,2020-12-19,16750
Montana,2020-12-26,15800
Montana,2021-01-02,17830
Montana,2021-01-09,18422
Montana,2021-01-16,17535
Montana,2021-01-23,17859
Montana,2021-01-30,17656
Montana,2021-02-06,17525
Montana,2021-02-13,17094
Montana,2021-02-20,17268
Montana,2021-02-27,16841
Montana,2021-03-06,16172
Montana,2021-03-13,15198
Montana,2021-03-20,14041
Montana,2021-03-27,13016
Montana,2021-04-03,12357
Montana,2021-04-10,11725
Montana,2021-04-17,11055
Montana,2021-04-24,10341
Montana,2021-05-01,10267
Montana,2021-05-08,9412
Montana,2021-05-15,8938
Montana,2021-05-22,8397
Montana,2021-05-29,8306
Montana,2021-06-05,7783
Montana,2021-06-12,7681
Montana,2021-06-19,7200
Montana,2021-06-26,7222
Montana,2021-07-03,6928
Montana,2021-07-10,6954
Montana,2021-07-17,6815
Montana,2021-07-24,6295
Montana,2021-07-31,5840
Montana,2021-08-07,5554
Montana,2021-08-14,5170
Montana,2021-08-21,4846
Montana,2021-08-28,4503
Montana,2021-09-04,4116
Montana,2021-09-11,3841
Montana,2021-09-18,3779
Montana,2021-09-25,3490
Montana,2021-10-02,3305
Montana,2021-10-09,3335
Montana,2021-10-16,3257
Montana,2021-10-23,3609
Montana,2021-10-30,3604
Montana,2021-11-06,4249
Montana,2021-11-13,4199
Montana,2021-11-20,4804
Montana,2021-11-27,4770
Montana,2021-12-04,6302
Montana,2021-12-11,5957
Montana,2021-12-18,6658
Montana,2021-12-25,6770
Montana,2022-01-01,7647
Montana,2022-01-08,9009
Montana,2022-01-15,9269
Montana,2022-01-22,8928
Montana,2022-01-29,9113
Montana,2022-02-05,8863
Montana,2022-02-12,8915
Montana,2022-02-19,8544
Montana,2022-02-26,8340
Montana,2022-03-05,8726
Montana,2022-03-12,7835
Montana,2022-03-19,7865
Montana,2022-03-26,6571
Montana,2022-04-02,5954
Montana,2022-04-09,5160
Montana,2022-04-16,4722
Montana,2022-04-23,5017
Montana,2022-04-30,4160
Montana,2022-05-07,3766
Montana,2022-05-14,3434
Montana,2022-05-21,3278
Montana,2022-05-28,3101
Montana,2022-06-04,3004
Montana,2022-06-11,3125
Montana,2022-06-18,3230
Montana,2022-06-25,3385
Montana,2022-07-02,3424
Montana,2022-07-09,3303
Montana,2022-07-16,3569
Montana,2022-07-23,3389
Montana,2022-07-30,3376
Montana,2022-08-06,3386
Montana,2022-08-13,3284
Montana,2022-08-20,3179
Montana,2022-08-27,2986
Montana,2022-09-03,2817
Montana,2022-09-10,2572
Montana,2022-09-17,2679
Montana,2022-09-24,2513
Montana,2022-10-01,2602
Montana,2022-10-08,2684
Montana,2022-10-15,2871
Montana,2022-10-22,3156
Montana,2022-10-29,3315
Montana,2022-11-05,3837
Montana,2022-11-12,4168
Montana,2022-11-19,6190
Montana,2022-11-26,6728
Montana,2022-12-03,7809
Montana,2022-12-10,7813
Montana,2022-12-17,8235
Montana,2022-12-24,8219
Montana,2022-12-31,9266
Montana,2023-01-07,9832
Montana,2023-01-14,9642
Montana,2023-01-21,9368
Montana,2023-01-28,9318
Montana,2023-02-04,9661
Montana,2023-02-11,9831
Montana,2023-02-18,9374
Montana,2023-02-25,9368
Montana,2023-03-04,9818
Montana,2023-03-11,8783
Montana,2023-03-18,8743
Montana,2023-03-25,8237
Montana,2023-04-01,7794
Montana,2023-04-08,7264
Montana,2023-04-15,6250
Montana,2023-04-22,5841
Montana,2023-04-29,5336
Montana,2023-05-06,4585
Montana,2023-05-13,4106
Montana,2023-05-20,3912
Montana,2023-05-27,3832
Montana,2023-06-03,3773
Montana,2023-06-10,3838
Montana,2023-06-17,3821
Montana,2023-06-24,3846
Montana,2023-07-01,3906
Montana,2023-07-08,3757
Montana,2023-07-15,4205
Montana,2023-07-22,3883
Montana,2023-07-29,3829
Montana,2023-08-05,3775
Montana,2023-08-12,3618
Montana,2023-08-19,3668
Montana,2023-08-26,3447
Montana,2023-09-02,3209
Montana,2023-09-09,2924
Montana,2023-09-16,2999
Montana,2023-09-23,2862
Montana,2023-09-30,2789
Montana,2023-10-07,2527
Montana,2023-10-14,3014
Montana,2023-10-21,3416
Montana,2023-10-28,3676
Montana,2023-11-04,4737
Montana,2023-11-11,5023
Montana,2023-11-18,5271
Montana,2023-11-25,5686
Montana,2023-12-02,7238
Montana,2023-12-09,7848
Montana,2023-12-16,9656
Montana,2023-12-23,10768
Montana,2023-12-30,11518
Montana,2024-01-06,12389
Montana,2024-01-13,10047
Montana,2024-01-20,10517
Montana,2024-01-27,11440
Montana,2024-02-03,10625
Montana,2024-02-10,10386
Montana,2024-02-17,10425
Montana,2024-02-24,10446
Montana,2024-03-02,9942
Montana,2024-03-09,9887
Montana,2024-03-16,9424
Montana,2024-03-23,8610
Montana,2024-03-30,8134
Montana,2024-04-06,7879
Montana,2024-04-13,6657
Montana,2024-04-20,5988
Montana,2024-04-27,5520
Montana,2024-05-04,5148
Montana,2024-05-11,4964
Montana,2024-05-18,5032
Montana,2024-05-25,4450
Montana,2024-06-01,4550
Montana,2024-06-08,4365
Montana,2024-06-15,4255
Montana,2024-06-22,4243
Montana,2024-06-29,4383
Montana,2024-07-06,4217
Montana,2024-07-13,4661
Montana,2024-07-20,4278
Montana,2024-07-27,4215
Montana,2024-08-03,4186
Montana,2024-08-10,4062
Montana,2024-08-17,4005
Montana,2024-08-24,3860
Montana,2024-08-31,3778
Montana,2024-09-07,3558
Montana,2024-09-14,3566
Montana,2024-09-21,3418
Montana,2024-09-28,3573
Montana,2024-10-05,3719
Montana,2024-10-12,3875
Montana,2024-10-19,4131
Montana,2024-10-26,4201
Montana,2024-11-02,4335
Montana,2024-11-09,4912
Montana,2024-11-16,5645
Montana,2024-11-23,6276
Montana,2024-11-30,7085
Montana,2024-12-07,8487
Montana,2024-12-14,8361
Montana,2024-12-21,8658
Montana,2024-12-28,8896
Montana,2025-01-04,10409
Montana,2025-01-11,10895
Montana,2025-01-18,10567
Montana,2025-01-25,10896
Montana,2025-02-01,11405
Montana,2025-02-08,11131
Montana,2025-02-15,11756
Montana,2025-02-22,12027
Montana,2025-03-01,11698
Montana,2025-03-08,10812
Montana,2025-03-15,10369
Montana,2025-03-22,9419
Montana,2025-03-29,8832
Montana,2025-04-05,7982
Montana,2025-04-12,7895
Nebraska,2020-01-04,5165
Nebraska,2020-01-11,7611
Nebraska,2020-01-18,6980
Nebraska,2020-01-25,7093
Nebraska,2020-02-01,7165
Nebraska,2020-02-08,7024
Nebraska,2020-02-15,6956
Nebraska,2020-02-22,6805
Nebraska,2020-02-29,6806
Nebraska,2020-03-07,6207
Nebraska,2020-03-14,5608
Nebraska,2020-03-21,5508
Nebraska,2020-03-28,16762
Nebraska,2020-04-04,38964
Nebraska,2020-04-11,60645
Nebraska,2020-04-18,72316
Nebraska,2020-04-25,77900
Nebraska,2020-05-02,67500
Nebraska,2020-05-09,68027
Nebraska,2020-05-16,62885
Nebraska,2020-05-23,62306
Nebraska,2020-05-30,60938
Nebraska,2020-06-06,60466
Nebraska,2020-06-13,57359
Nebraska,2020-06-20,57701
Nebraska,2020-06-27,56876
Nebraska,2020-07-04,57114
Nebraska,2020-07-11,56955
Nebraska,2020-07-18,53171
Nebraska,2020-07-25,47330
Nebraska,2020-08-01,45587
Nebraska,2020-08-08,39137
Nebraska,2020-08-15,32104
Nebraska,2020-08-22,30161
Nebraska,2020-08-29,26244
Nebraska,2020-09-05,25485
Nebraska,2020-09-12,22609
Nebraska,2020-09-19,21556
Nebraska,2020-09-26,19875
Nebraska,2020-10-03,18480
Nebraska,2020-10-10,16417
Nebraska,2020-10-17,14895
Nebraska,2020-10-24,13738
Nebraska,2020-10-31,13956
Nebraska,2020-11-07,12492
Nebraska,2020-11-14,12117
Nebraska,2020-11-21,11923
Nebraska,2020-11-28,11308
Nebraska,2020-12-05,12530
Nebraska,2020-12-12,11991
Nebraska,2020-12-19,12295
Nebraska,2020-12-26,12422
Nebraska,2021-01-02,14163
Nebraska,2021-01-09,14791
Nebraska,2021-01-16,16501
Nebraska,2021-01-23,16646
Nebraska,2021-01-30,16909
Nebraska,2021-02-06,16654
Nebraska,2021-02-13,15802
Nebraska,2021-02-20,15960
Nebraska,2021-02-27,15735
Nebraska,2021-03-06,14438
Nebraska,2021-03-13,13464
Nebraska,2021-03-20,12925
Nebraska,2021-03-27,11937
Nebraska,2021-04-03,11366
Nebraska,2021-04-10,9483
Nebraska,2021-04-17,8429
Nebraska,2021-04-24,8044
Nebraska,2021-05-01,8421
Nebraska,2021-05-08,6970
Nebraska,2021-05-15,7428
Nebraska,2021-05-22,7562
Nebraska,2021-05-29,7431
Nebraska,2021-06-05,7312
Nebraska,2021-06-12,7326
Nebraska,2021-06-19,7008
Nebraska,2021-06-26,6902
Nebraska,2021-07-03,6588
Nebraska,2021-07-10,7406
Nebraska,2021-07-17,8151
Nebraska,2021-07-24,6886
Nebraska,2021-07-31,6769
Nebraska,2021-08-07,6199
Nebraska,2021-08-14,5838
Nebraska,2021-08-21,5267
Nebraska,2021-08-28,4753
Nebraska,2021-09-04,4509
Nebraska,2021-09-11,4312
Nebraska,2021-09-18,4219
Nebraska,2021-09-25,4181
Nebraska,2021-10-02,3943
Nebraska,2021-10-09,3729
Nebraska,2021-10-16,3480
Nebraska,2021-10-23,3369
Nebraska,2021-10-30,3531
Nebraska,2021-11-06,3131
Nebraska,2021-11-13,3019
Nebraska,2021-11-20,3424
Nebraska,2021-11-27,3070
Nebraska,2021-12-04,2774
Nebraska,2021-12-11,3640
Nebraska,2021-12-18,3696
Nebraska,2021-12-25,4028
Nebraska,2022-01-01,4693
Nebraska,2022-01-08,5708
Nebraska,2022-01-15,5674
Nebraska,2022-01-22,5649
Nebraska,2022-01-29,5844
Nebraska,2022-02-05,5828
Nebraska,2022-02-12,5821
Nebraska,2022-02-19,5748
Nebraska,2022-02-26,5645
Nebraska,2022-03-05,5737
Nebraska,2022-03-12,5255
Nebraska,2022-03-19,4857
Nebraska,2022-03-26,4292
Nebraska,2022-04-02,3826
Nebraska,2022-04-09,3239
Nebraska,2022-04-16,2974
Nebraska,2022-04-23,2763
Nebraska,2022-04-30,2542
Nebraska,2022-05-07,2518
Nebraska,2022-05-14,2563
Nebraska,2022-05-21,2740
Nebraska,2022-05-28,2702
Nebraska,2022-06-04,3061
Nebraska,2022-06-11,3207
Nebraska,2022-06-18,3324
Nebraska,2022-06-25,3307
Nebraska,2022-07-02,3012
Nebraska,2022-07-09,3060
Nebraska,2022-07-16,3215
Nebraska,2022-07-23,3258
Nebraska,2022-07-30,3328
Nebraska,2022-08-06,3538
Nebraska,2022-08-13,3494
Nebraska,2022-08-20,3136
Nebraska,2022-08-27,2914
Nebraska,2022-09-03,2646
Nebraska,2022-09-10,2647
Nebraska,2022-09-17,2611
Nebraska,2022-09-24,2544
Nebraska,2022-10-01,2564
Nebraska,2022-10-08,2523
Nebraska,2022-10-15,2459
Nebraska,2022-10-22,2512
Nebraska,2022-10-29,2502
Nebraska,2022-11-05,2608
Nebraska,2022-11-12,2553
Nebraska,2022-11-19,2671
Nebraska,2022-11-26,2910
Nebraska,2022-12-03,3238
Nebraska,2022-12-10,3482
Nebraska,2022-12-17,3786
Nebraska,2022-12-24,4399
Nebraska,2022-12-31,5609
Nebraska,2023-01-07,6314
Nebraska,2023-01-14,6311
Nebraska,2023-01-21,5782
Nebraska,2023-01-28,5919
Nebraska,2023-02-04,5907
Nebraska,2023-02-11,6011
Nebraska,2023-02-18,5895
Nebraska,2023-02-25,5823
Nebraska,2023-03-04,5743
Nebraska,2023-03-11,5565
Nebraska,2023-03-18,5326
Nebraska,2023-03-25,4948
Nebraska,2023-04-01,4475
Nebraska,2023-04-08,3864
Nebraska,2023-04-15,3647
Nebraska,2023-04-22,3365
Nebraska,2023-04-29,3222
Nebraska,2023-05-06,3240
Nebraska,2023-05-13,3214
Nebraska,2023-05-20,3281
Nebraska,2023-05-27,3397
Nebraska,2023-06-03,3951
Nebraska,2023-06-10,4302
Nebraska,2023-06-17,4143
Nebraska,2023-06-24,4309
Nebraska,2023-07-01,4316
Nebraska,2023-07-08,4744
Nebraska,2023-07-15,4836
Nebraska,2023-07-22,4682
Nebraska,2023-07-29,4535
Nebraska,2023-08-05,4642
Nebraska,2023-08-12,4564
Nebraska,2023-08-19,4271
Nebraska,2023-08-26,3915
Nebraska,2023-09-02,3728
Nebraska,2023-09-09,3747
Nebraska,2023-09-16,4008
Nebraska,2023-09-23,3677
Nebraska,2023-09-30,3596
Nebraska,2023-10-07,3694
Nebraska,2023-10-14,3689
Nebraska,2023-10-21,3861
Nebraska,2023-10-28,3965
Nebraska,2023-11-04,3970
Nebraska,2023-11-11,4112
Nebraska,2023-11-18,4179
Nebraska,2023-11-25,4666
Nebraska,2023-12-02,4578
Nebraska,2023-12-09,4689
Nebraska,2023-12-16,5139
Nebraska,2023-12-23,5536
Nebraska,2023-12-30,6290
Nebraska,2024-01-06,7473
Nebraska,2024-01-13,7635
Nebraska,2024-01-20,7835
Nebraska,2024-01-27,8059
Nebraska,2024-02-03,7500
Nebraska,2024-02-10,7578
Nebraska,2024-02-17,7342
Nebraska,2024-02-24,7112
Nebraska,2024-03-02,6821
Nebraska,2024-03-09,6199
Nebraska,2024-03-16,6075
Nebraska,2024-03-23,6021
Nebraska,2024-03-30,5286
Nebraska,2024-04-06,5160
Nebraska,2024-04-13,4660
Nebraska,2024-04-20,4439
Nebraska,2024-04-27,4296
Nebraska,2024-05-04,4180
Nebraska,2024-05-11,4233
Nebraska,2024-05-18,4201
Nebraska,2024-05-25,4369
Nebraska,2024-06-01,4598
Nebraska,2024-06-08,5018
Nebraska,2024-06-15,5172
Nebraska,2024-06-22,5248
Nebraska,2024-06-29,5251
Nebraska,2024-07-06,5376
Nebraska,2024-07-13,5581
Nebraska,2024-07-20,5513
Nebraska,2024-07-27,5421
Nebraska,2024-08-03,5297
Nebraska,2024-08-10,5272
Nebraska,2024-08-17,4927
Nebraska,2024-08-24,4517
Nebraska,2024-08-31,4399
Nebraska,2024-09-07,4342
Nebraska,2024-09-14,4819
Nebraska,2024-09-21,4840
Nebraska,2024-09-28,4759
Nebraska,2024-10-05,4215
Nebraska,2024-10-12,4667
Nebraska,2024-10-19,4268
Nebraska,2024-10-26,4363
Nebraska,2024-11-02,4430
Nebraska,2024-11-09,4441
Nebraska,2024-11-16,4508
Nebraska,2024-11-23,4571
Nebraska,2024-11-30,4769
Nebraska,2024-12-07,5467
Nebraska,2024-12-14,5543
Nebraska,2024-12-21,6462
Nebraska,2024-12-28,6885
Nebraska,2025-01-04,8194
Nebraska,2025-01-11,8617
Nebraska,2025-01-18,8189
Nebraska,2025-01-25,7901
Nebraska,2025-02-01,8070
Nebraska,2025-02-08,7936
Nebraska,2025-02-15,7904
Nebraska,2025-02-22,7969
Nebraska,2025-03-01,8068
Nebraska,2025-03-08,7931
Nebraska,2025-03-15,7316
Nebraska,2025-03-22,6865
Nebraska,2025-03-29,6308
Nebraska,2025-04-05,5600
Nebraska,2025-04-12,5221
Nevada,2020-01-04,20801
Nevada,2020-01-11,19823
Nevada,2020-01-18,19328
Nevada,2020-01-25,19025
Nevada,2020-02-01,19177
Nevada,2020-02-08,19225
Nevada,2020-02-15,19585
Nevada,2020-02-22,19472
Nevada,2020-02-29,20044
Nevada,2020-03-07,19850
Nevada,2020-03-14,19475
Nevada,2020-03-21,19822
Nevada,2020-03-28,58798
Nevada,2020-04-04,131121
Nevada,2020-04-11,189007
Nevada,2020-04-18,231618
Nevada,2020-04-25,274850
Nevada,2020-05-02,303573
Nevada,2020-05-09,324444
Nevada,2020-05-16,369041
Nevada,2020-05-23,343030
Nevada,2020-05-30,335043
Nevada,2020-06-06,334182
Nevada,2020-06-13,312009
Nevada,2020-06-20,294649
Nevada,2020-06-27,286943
Nevada,2020-07-04,287968
Nevada,2020-07-11,295994
Nevada,2020-07-18,306077
Nevada,2020-07-25,346138
Nevada,2020-08-01,327954
Nevada,2020-08-08,335968
Nevada,2020-08-15,240346
Nevada,2020-08-22,228203
Nevada,2020-08-29,221599
Nevada,2020-09-05,216187
Nevada,2020-09-12,206166
Nevada,2020-09-19,203408
Nevada,2020-09-26,190613
Nevada,2020-10-03,173629
Nevada,2020-10-10,157205
Nevada,2020-10-17,140132
Nevada,2020-10-24,127673
Nevada,2020-10-31,114102
Nevada,2020-11-07,105951
Nevada,2020-11-14,96872
Nevada,2020-11-21,93873
Nevada,2020-11-28,84363
Nevada,2020-12-05,85680
Nevada,2020-12-12,84416
Nevada,2020-12-19,86013
Nevada,2020-12-26,78374
Nevada,2021-01-02,77383
Nevada,2021-01-09,78793
Nevada,2021-01-16,81195
Nevada,2021-01-23,80927
Nevada,2021-01-30,80891
Nevada,2021-02-06,79798
Nevada,2021-02-13,77310
Nevada,2021-02-20,71634
Nevada,2021-02-27,72547
Nevada,2021-03-06,72058
Nevada,2021-03-13,71247
Nevada,2021-03-20,71725
Nevada,2021-03-27,70509
Nevada,2021-04-03,68764
Nevada,2021-04-10,71737
Nevada,2021-04-17,75185
Nevada,2021-04-24,79920
Nevada,2021-05-01,82203
Nevada,2021-05-08,77813
Nevada,2021-05-15,73361
Nevada,2021-05-22,70673
Nevada,2021-05-29,61160
Nevada,2021-06-05,59007
Nevada,2021-06-12,57221
Nevada,2021-06-19,56850
Nevada,2021-06-26,56115
Nevada,2021-07-03,55125
Nevada,2021-07-10,51625
Nevada,2021-07-17,53874
Nevada,2021-07-24,51509
Nevada,2021-07-31,33731
Nevada,2021-08-07,34909
Nevada,2021-08-14,33028
Nevada,2021-08-21,32660
Nevada,2021-08-28,31628
Nevada,2021-09-04,31429
Nevada,2021-09-11,35418
Nevada,2021-09-18,38423
Nevada,2021-09-25,35074
Nevada,2021-10-02,32330
Nevada,2021-10-09,32018
Nevada,2021-10-16,29616
Nevada,2021-10-23,28192
Nevada,2021-10-30,26516
Nevada,2021-11-06,26319
Nevada,2021-11-13,25239
Nevada,2021-11-20,23620
Nevada,2021-11-27,21771
Nevada,2021-12-04,23248
Nevada,2021-12-11,21775
Nevada,2021-12-18,21569
Nevada,2021-12-25,20903
Nevada,2022-01-01,21273
Nevada,2022-01-08,21442
Nevada,2022-01-15,20546
Nevada,2022-01-22,20621
Nevada,2022-01-29,20427
Nevada,2022-02-05,19291
Nevada,2022-02-12,18616
Nevada,2022-02-19,18008
Nevada,2022-02-26,16968
Nevada,2022-03-05,15495
Nevada,2022-03-12,16203
Nevada,2022-03-19,15392
Nevada,2022-03-26,15104
Nevada,2022-04-02,14466
Nevada,2022-04-09,13533
Nevada,2022-04-16,13779
Nevada,2022-04-23,13692
Nevada,2022-04-30,13635
Nevada,2022-05-07,13307
Nevada,2022-05-14,13718
Nevada,2022-05-21,13492
Nevada,2022-05-28,13406
Nevada,2022-06-04,13094
Nevada,2022-06-11,13335
Nevada,2022-06-18,13341
Nevada,2022-06-25,13813
Nevada,2022-07-02,14000
Nevada,2022-07-09,13851
Nevada,2022-07-16,15118
Nevada,2022-07-23,15255
Nevada,2022-07-30,15443
Nevada,2022-08-06,15915
Nevada,2022-08-13,16106
Nevada,2022-08-20,15559
Nevada,2022-08-27,15614
Nevada,2022-09-03,15621
Nevada,2022-09-10,15434
Nevada,2022-09-17,15698
Nevada,2022-09-24,14910
Nevada,2022-10-01,14973
Nevada,2022-10-08,14768
Nevada,2022-10-15,14295
Nevada,2022-10-22,15125
Nevada,2022-10-29,14719
Nevada,2022-11-05,15070
Nevada,2022-11-12,14996
Nevada,2022-11-19,15980
Nevada,2022-11-26,15716
Nevada,2022-12-03,17913
Nevada,2022-12-10,17564
Nevada,2022-12-17,18320
Nevada,2022-12-24,18520
Nevada,2022-12-31,19364
Nevada,2023-01-07,19638
Nevada,2023-01-14,19909
Nevada,2023-01-21,18920
Nevada,2023-01-28,20130
Nevada,2023-02-04,20099
Nevada,2023-02-11,19923
Nevada,2023-02-18,19951
Nevada,2023-02-25,19675
Nevada,2023-03-04,20153
Nevada,2023-03-11,20342
Nevada,2023-03-18,19615
Nevada,2023-03-25,19495
Nevada,2023-04-01,18829
Nevada,2023-04-08,19022
Nevada,2023-04-15,19168
Nevada,2023-04-22,19480
Nevada,2023-04-29,17600
Nevada,2023-05-06,17874
Nevada,2023-05-13,17700
Nevada,2023-05-20,19262
Nevada,2023-05-27,17601
Nevada,2023-06-03,17458
Nevada,2023-06-10,19775
Nevada,2023-06-17,18312
Nevada,2023-06-24,18379
Nevada,2023-07-01,20085
Nevada,2023-07-08,19145
Nevada,2023-07-15,21888
Nevada,2023-07-22,20578
Nevada,2023-07-29,21651
Nevada,2023-08-05,22098
Nevada,2023-08-12,21551
Nevada,2023-08-19,21551
Nevada,2023-08-26,21013
Nevada,2023-09-02,21254
Nevada,2023-09-09,20899
Nevada,2023-09-16,21062
Nevada,2023-09-23,20344
Nevada,2023-09-30,20596
Nevada,2023-10-07,20479
Nevada,2023-10-14,20731
Nevada,2023-10-21,20634
Nevada,2023-10-28,20462
Nevada,2023-11-04,20510
Nevada,2023-11-11,20546
Nevada,2023-11-18,21664
Nevada,2023-11-25,21100
Nevada,2023-12-02,23092
Nevada,2023-12-09,22394
Nevada,2023-12-16,23226
Nevada,2023-12-23,24280
Nevada,2023-12-30,25299
Nevada,2024-01-06,26052
Nevada,2024-01-13,25018
Nevada,2024-01-20,24924
Nevada,2024-01-27,25543
Nevada,2024-02-03,25385
Nevada,2024-02-10,25612
Nevada,2024-02-17,25992
Nevada,2024-02-24,25835
Nevada,2024-03-02,25823
Nevada,2024-03-09,25612
Nevada,2024-03-16,25599
Nevada,2024-03-23,25345
Nevada,2024-03-30,24515
Nevada,2024-04-06,23455
Nevada,2024-04-13,23314
Nevada,2024-04-20,22827
Nevada,2024-04-27,23012
Nevada,2024-05-04,23455
Nevada,2024-05-11,22903
Nevada,2024-05-18,22968
Nevada,2024-05-25,22622
Nevada,2024-06-01,21573
Nevada,2024-06-08,21974
Nevada,2024-06-15,23344
Nevada,2024-06-22,23356
Nevada,2024-06-29,24362
Nevada,2024-07-06,24258
Nevada,2024-07-13,25763
Nevada,2024-07-20,25428
Nevada,2024-07-27,25244
Nevada,2024-08-03,25716
Nevada,2024-08-10,25580
Nevada,2024-08-17,25391
Nevada,2024-08-24,24774
Nevada,2024-08-31,25661
Nevada,2024-09-07,25265
Nevada,2024-09-14,25508
Nevada,2024-09-21,24576
Nevada,2024-09-28,24320
Nevada,2024-10-05,24382
Nevada,2024-10-12,23928
Nevada,2024-10-19,23791
Nevada,2024-10-26,23843
Nevada,2024-11-02,23937
Nevada,2024-11-09,24088
Nevada,2024-11-16,24367
Nevada,2024-11-23,25198
Nevada,2024-11-30,25424
Nevada,2024-12-07,27016
Nevada,2024-12-14,25650
Nevada,2024-12-21,26256
Nevada,2024-12-28,26201
Nevada,2025-01-04,28533
Nevada,2025-01-11,27780
Nevada,2025-01-18,27176
Nevada,2025-01-25,26516
Nevada,2025-02-01,26933
Nevada,2025-02-08,26662
Nevada,2025-02-15,27251
Nevada,2025-02-22,26964
Nevada,2025-03-01,26338
Nevada,2025-03-08,25729
Nevada,2025-03-15,25888
Nevada,2025-03-22,25360
Nevada,2025-03-29,25088
Nevada,2025-04-05,24672
Nevada,2025-04-12,24782
New Hampshire,2020-01-04,4468
New Hampshire,2020-01-11,4575
New Hampshire,2020-01-18,4215
New Hampshire,2020-01-25,4202
New Hampshire,2020-02-01,4033
New Hampshire,2020-02-08,4050
New Hampshire,2020-02-15,4015
New Hampshire,2020-02-22,3936
New Hampshire,2020-02-29,4048
New Hampshire,2020-03-07,4475
New Hampshire,2020-03-14,3909
New Hampshire,2020-03-21,4024
New Hampshire,2020-03-28,27321
New Hampshire,2020-04-04,52166
New Hampshire,2020-04-11,79979
New Hampshire,2020-04-18,93783
New Hampshire,2020-04-25,106841
New Hampshire,2020-05-02,115580
New Hampshire,2020-05-09,116768
New Hampshire,2020-05-16,114450
New Hampshire,2020-05-23,109184
New Hampshire,2020-05-30,100769
New Hampshire,2020-06-06,102189
New Hampshire,2020-06-13,98440
New Hampshire,2020-06-20,92776
New Hampshire,2020-06-27,86586
New Hampshire,2020-07-04,74476
New Hampshire,2020-07-11,72523
New Hampshire,2020-07-18,71824
New Hampshire,2020-07-25,66396
New Hampshire,2020-08-01,61496
New Hampshire,2020-08-08,55239
New Hampshire,2020-08-15,49836
New Hampshire,2020-08-22,47758
New Hampshire,2020-08-29,44578
New Hampshire,2020-09-05,42956
New Hampshire,2020-09-12,39938
New Hampshire,2020-09-19,37241
New Hampshire,2020-09-26,35128
New Hampshire,2020-10-03,32751
New Hampshire,2020-10-10,30234
New Hampshire,2020-10-17,28017
New Hampshire,2020-10-24,26153
New Hampshire,2020-10-31,24478
New Hampshire,2020-11-07,23447
New Hampshire,2020-11-14,22632
New Hampshire,2020-11-21,21746
New Hampshire,2020-11-28,20677
New Hampshire,2020-12-05,21242
New Hampshire,2020-12-12,21040
New Hampshire,2020-12-19,21289
New Hampshire,2020-12-26,21142
New Hampshire,2021-01-02,24337
New Hampshire,2021-01-09,27166
New Hampshire,2021-01-16,29080
New Hampshire,2021-01-23,28536
New Hampshire,2021-01-30,27908
New Hampshire,2021-02-06,27182
New Hampshire,2021-02-13,26750
New Hampshire,2021-02-20,25598
New Hampshire,2021-02-27,25207
New Hampshire,2021-03-06,25051
New Hampshire,2021-03-13,24552
New Hampshire,2021-03-20,21592
New Hampshire,2021-03-27,22275
New Hampshire,2021-04-03,21743
New Hampshire,2021-04-10,23365
New Hampshire,2021-04-17,20468
New Hampshire,2021-04-24,20077
New Hampshire,2021-05-01,19319
New Hampshire,2021-05-08,19256
New Hampshire,2021-05-15,17628
New Hampshire,2021-05-22,16810
New Hampshire,2021-05-29,15880
New Hampshire,2021-06-05,14017
New Hampshire,2021-06-12,12732
New Hampshire,2021-06-19,11875
New Hampshire,2021-06-26,10526
New Hampshire,2021-07-03,14168
New Hampshire,2021-07-10,10630
New Hampshire,2021-07-17,8951
New Hampshire,2021-07-24,7602
New Hampshire,2021-07-31,6505
New Hampshire,2021-08-07,5880
New Hampshire,2021-08-14,5379
New Hampshire,2021-08-21,5174
New Hampshire,2021-08-28,4934
New Hampshire,2021-09-04,4628
New Hampshire,2021-09-11,3790
New Hampshire,2021-09-18,3491
New Hampshire,2021-09-25,3226
New Hampshire,2021-10-02,3005
New Hampshire,2021-10-09,2867
New Hampshire,2021-10-16,2691
New Hampshire,2021-10-23,2681
New Hampshire,2021-10-30,2615
New Hampshire,2021-11-06,2807
New Hampshire,2021-11-13,2677
New Hampshire,2021-11-20,2414
New Hampshire,2021-11-27,2373
New Hampshire,2021-12-04,2480
New Hampshire,2021-12-11,2592
New Hampshire,2021-12-18,2729
New Hampshire,2021-12-25,2701
New Hampshire,2022-01-01,2917
New Hampshire,2022-01-08,3703
New Hampshire,2022-01-15,3174
New Hampshire,2022-01-22,3204
New Hampshire,2022-01-29,3153
New Hampshire,2022-02-05,3066
New Hampshire,2022-02-12,2949
New Hampshire,2022-02-19,2981
New Hampshire,2022-02-26,2929
New Hampshire,2022-03-05,2970
New Hampshire,2022-03-12,3127
New Hampshire,2022-03-19,2588
New Hampshire,2022-03-26,2470
New Hampshire,2022-04-02,2330
New Hampshire,2022-04-09,2242
New Hampshire,2022-04-16,2097
New Hampshire,2022-04-23,1929
New Hampshire,2022-04-30,1949
New Hampshire,2022-05-07,2391
New Hampshire,2022-05-14,1769
New Hampshire,2022-05-21,1755
New Hampshire,2022-05-28,1689
New Hampshire,2022-06-04,1644
New Hampshire,2022-06-11,1646
New Hampshire,2022-06-18,1711
New Hampshire,2022-06-25,1767
New Hampshire,2022-07-02,2242
New Hampshire,2022-07-09,2367
New Hampshire,2022-07-16,2383
New Hampshire,2022-07-23,2421
New Hampshire,2022-07-30,2312
New Hampshire,2022-08-06,2402
New Hampshire,2022-08-13,2503
New Hampshire,2022-08-20,2577
New Hampshire,2022-08-27,2535
New Hampshire,2022-09-03,2460
New Hampshire,2022-09-10,1895
New Hampshire,2022-09-17,1841
New Hampshire,2022-09-24,1729
New Hampshire,2022-10-01,1758
New Hampshire,2022-10-08,1741
New Hampshire,2022-10-15,1727
New Hampshire,2022-10-22,1704
New Hampshire,2022-10-29,1766
New Hampshire,2022-11-05,1784
New Hampshire,2022-11-12,1794
New Hampshire,2022-11-19,1949
New Hampshire,2022-11-26,1878
New Hampshire,2022-12-03,2062
New Hampshire,2022-12-10,2169
New Hampshire,2022-12-17,2281
New Hampshire,2022-12-24,2348
New Hampshire,2022-12-31,2534
New Hampshire,2023-01-07,3321
New Hampshire,2023-01-14,2910
New Hampshire,2023-01-21,2923
New Hampshire,2023-01-28,3029
New Hampshire,2023-02-04,2903
New Hampshire,2023-02-11,3189
New Hampshire,2023-02-18,3212
New Hampshire,2023-02-25,3065
New Hampshire,2023-03-04,3291
New Hampshire,2023-03-11,3557
New Hampshire,2023-03-18,3088
New Hampshire,2023-03-25,3034
New Hampshire,2023-04-01,2905
New Hampshire,2023-04-08,2819
New Hampshire,2023-04-15,2678
New Hampshire,2023-04-22,2607
New Hampshire,2023-04-29,2505
New Hampshire,2023-05-06,3018
New Hampshire,2023-05-13,2480
New Hampshire,2023-05-20,2546
New Hampshire,2023-05-27,2528
New Hampshire,2023-06-03,2433
New Hampshire,2023-06-10,2533
New Hampshire,2023-06-17,2522
New Hampshire,2023-06-24,2501
New Hampshire,2023-07-01,3100
New Hampshire,2023-07-08,3324
New Hampshire,2023-07-15,3371
New Hampshire,2023-07-22,3173
New Hampshire,2023-07-29,3134
New Hampshire,2023-08-05,3164
New Hampshire,2023-08-12,3140
New Hampshire,2023-08-19,3299
New Hampshire,2023-08-26,3336
New Hampshire,2023-09-02,3289
New Hampshire,2023-09-09,2697
New Hampshire,2023-09-16,2584
New Hampshire,2023-09-23,2596
New Hampshire,2023-09-30,2524
New Hampshire,2023-10-07,2548
New Hampshire,2023-10-14,2580
New Hampshire,2023-10-21,2604
New Hampshire,2023-10-28,2609
New Hampshire,2023-11-04,2719
New Hampshire,2023-11-11,2794
New Hampshire,2023-11-18,2951
New Hampshire,2023-11-25,2865
New Hampshire,2023-12-02,3024
New Hampshire,2023-12-09,3065
New Hampshire,2023-12-16,3169
New Hampshire,2023-12-23,3227
New Hampshire,2023-12-30,3357
New Hampshire,2024-01-06,4030
New Hampshire,2024-01-13,3728
New Hampshire,2024-01-20,3810
New Hampshire,2024-01-27,3834
New Hampshire,2024-02-03,3924
New Hampshire,2024-02-10,3924
New Hampshire,2024-02-17,3945
New Hampshire,2024-02-24,3957
New Hampshire,2024-03-02,3995
New Hampshire,2024-03-09,4421
New Hampshire,2024-03-16,4006
New Hampshire,2024-03-23,3841
New Hampshire,2024-03-30,3766
New Hampshire,2024-04-06,3678
New Hampshire,2024-04-13,3604
New Hampshire,2024-04-20,3422
New Hampshire,2024-04-27,3331
New Hampshire,2024-05-04,3840
New Hampshire,2024-05-11,3225
New Hampshire,2024-05-18,3121
New Hampshire,2024-05-25,3086
New Hampshire,2024-06-01,3037
New Hampshire,2024-06-08,2957
New Hampshire,2024-06-15,2989
New Hampshire,2024-06-22,2880
New Hampshire,2024-06-29,3476
New Hampshire,2024-07-06,3139
New Hampshire,2024-07-13,3966
New Hampshire,2024-07-20,3571
New Hampshire,2024-07-27,3468
New Hampshire,2024-08-03,3755
New Hampshire,2024-08-10,3802
New Hampshire,2024-08-17,3878
New Hampshire,2024-08-24,3980
New Hampshire,2024-08-31,3856
New Hampshire,2024-09-07,3255
New Hampshire,2024-09-14,3075
New Hampshire,2024-09-21,3014
New Hampshire,2024-09-28,2970
New Hampshire,2024-10-05,3055
New Hampshire,2024-10-12,3001
New Hampshire,2024-10-19,3025
New Hampshire,2024-10-26,2979
New Hampshire,2024-11-02,2989
New Hampshire,2024-11-09,3031
New Hampshire,2024-11-16,2996
New Hampshire,2024-11-23,3101
New Hampshire,2024-11-30,3123
New Hampshire,2024-12-07,3259
New Hampshire,2024-12-14,3357
New Hampshire,2024-12-21,3426
New Hampshire,2024-12-28,3513
New Hampshire,2025-01-04,4342
New Hampshire,2025-01-11,4248
New Hampshire,2025-01-18,3967
New Hampshire,2025-01-25,3964
New Hampshire,2025-02-01,4108
New Hampshire,2025-02-08,4148
New Hampshire,2025-02-15,4151
New Hampshire,2025-02-22,4147
New Hampshire,2025-03-01,4264
New Hampshire,2025-03-08,4646
New Hampshire,2025-03-15,4199
New Hampshire,2025-03-22,4107
New Hampshire,2025-03-29,4118
New Hampshire,2025-04-05,3973
New Hampshire,2025-04-12,3860
New Jersey,2020-01-04,111335
New Jersey,2020-01-11,120461
New Jersey,2020-01-18,108425
New Jersey,2020-01-25,107082
New Jersey,2020-02-01,110022
New Jersey,2020-02-08,109931
New Jersey,2020-02-15,110016
New Jersey,2020-02-22,109265
New Jersey,2020-02-29,110902
New Jersey,2020-03-07,107646
New Jersey,2020-03-14,104283
New Jersey,2020-03-21,105840
New Jersey,2020-03-28,156181
New Jersey,2020-04-04,276119
New Jersey,2020-04-11,429388
New Jersey,2020-04-18,556005
New Jersey,2020-04-25,621753
New Jersey,2020-05-02,642651
New Jersey,2020-05-09,715433
New Jersey,2020-05-16,601770
New Jersey,2020-05-23,586532
New Jersey,2020-05-30,547913
New Jersey,2020-06-06,559057
New Jersey,2020-06-13,538269
New Jersey,2020-06-20,528173
New Jersey,2020-06-27,519167
New Jersey,2020-07-04,491778
New Jersey,2020-07-11,491296
New Jersey,2020-07-18,476539
New Jersey,2020-07-25,485809
New Jersey,2020-08-01,467370
New Jersey,2020-08-08,426519
New Jersey,2020-08-15,420062
New Jersey,2020-08-22,411019
New Jersey,2020-08-29,410830
New Jersey,2020-09-05,388233
New Jersey,2020-09-12,366673
New Jersey,2020-09-19,353590
New Jersey,2020-09-26,322414
New Jersey,2020-10-03,282981
New Jersey,2020-10-10,249076
New Jersey,2020-10-17,217743
New Jersey,2020-10-24,203663
New Jersey,2020-10-31,179328
New Jersey,2020-11-07,168839
New Jersey,2020-11-14,164818
New Jersey,2020-11-21,157386
New Jersey,2020-11-28,143270
New Jersey,2020-12-05,154758
New Jersey,2020-12-12,150410
New Jersey,2020-12-19,146200
New Jersey,2020-12-26,138261
New Jersey,2021-01-02,141210
New Jersey,2021-01-09,156368
New Jersey,2021-01-16,144163
New Jersey,2021-01-23,141683
New Jersey,2021-01-30,142773
New Jersey,2021-02-06,137483
New Jersey,2021-02-13,142647
New Jersey,2021-02-20,131919
New Jersey,2021-02-27,132451
New Jersey,2021-03-06,127848
New Jersey,2021-03-13,126305
New Jersey,2021-03-20,120159
New Jersey,2021-03-27,115656
New Jersey,2021-04-03,109115
New Jersey,2021-04-10,123723
New Jersey,2021-04-17,123907
New Jersey,2021-04-24,117708
New Jersey,2021-05-01,113091
New Jersey,2021-05-08,114110
New Jersey,2021-05-15,112865
New Jersey,2021-05-22,117053
New Jersey,2021-05-29,120201
New Jersey,2021-06-05,112507
New Jersey,2021-06-12,113562
New Jersey,2021-06-19,120661
New Jersey,2021-06-26,128479
New Jersey,2021-07-03,132539
New Jersey,2021-07-10,135576
New Jersey,2021-07-17,140065
New Jersey,2021-07-24,137836
New Jersey,2021-07-31,135064
New Jersey,2021-08-07,109785
New Jersey,2021-08-14,138066
New Jersey,2021-08-21,131426
New Jersey,2021-08-28,131898
New Jersey,2021-09-04,125951
New Jersey,2021-09-11,112752
New Jersey,2021-09-18,115963
New Jersey,2021-09-25,106664
New Jersey,2021-10-02,100238
New Jersey,2021-10-09,97744
New Jersey,2021-10-16,90304
New Jersey,2021-10-23,91712
New Jersey,2021-10-30,90409
New Jersey,2021-11-06,88044
New Jersey,2021-11-13,90179
New Jersey,2021-11-20,87869
New Jersey,2021-11-27,82036
New Jersey,2021-12-04,92639
New Jersey,2021-12-11,87725
New Jersey,2021-12-18,88823
New Jersey,2021-12-25,83787
New Jersey,2022-01-01,87865
New Jersey,2022-01-08,98533
New Jersey,2022-01-15,99976
New Jersey,2022-01-22,96702
New Jersey,2022-01-29,94609
New Jersey,2022-02-05,96672
New Jersey,2022-02-12,94635
New Jersey,2022-02-19,92788
New Jersey,2022-02-26,89421
New Jersey,2022-03-05,89461
New Jersey,2022-03-12,88577
New Jersey,2022-03-19,87586
New Jersey,2022-03-26,88985
New Jersey,2022-04-02,85965
New Jersey,2022-04-09,85103
New Jersey,2022-04-16,80818
New Jersey,2022-04-23,77460
New Jersey,2022-04-30,78900
New Jersey,2022-05-07,74357
New Jersey,2022-05-14,72286
New Jersey,2022-05-21,72151
New Jersey,2022-05-28,69095
New Jersey,2022-06-04,66367
New Jersey,2022-06-11,72269
New Jersey,2022-06-18,68199
New Jersey,2022-06-25,71026
New Jersey,2022-07-02,74362
New Jersey,2022-07-09,74120
New Jersey,2022-07-16,81544
New Jersey,2022-07-23,82369
New Jersey,2022-07-30,82402
New Jersey,2022-08-06,81354
New Jersey,2022-08-13,84134
New Jersey,2022-08-20,84003
New Jersey,2022-08-27,85675
New Jersey,2022-09-03,85207
New Jersey,2022-09-10,77942
New Jersey,2022-09-17,72303
New Jersey,2022-09-24,68616
New Jersey,2022-10-01,67040
New Jersey,2022-10-08,68515
New Jersey,2022-10-15,65400
New Jersey,2022-10-22,69577
New Jersey,2022-10-29,69368
New Jersey,2022-11-05,68565
New Jersey,2022-11-12,68639
New Jersey,2022-11-19,77426
New Jersey,2022-11-26,67860
New Jersey,2022-12-03,81443
New Jersey,2022-12-10,80475
New Jersey,2022-12-17,83055
New Jersey,2022-12-24,83118
New Jersey,2022-12-31,87588
New Jersey,2023-01-07,101627
New Jersey,2023-01-14,101656
New Jersey,2023-01-21,99664
New Jersey,2023-01-28,104160
New Jersey,2023-02-04,104709
New Jersey,2023-02-11,108038
New Jersey,2023-02-18,107465
New Jersey,2023-02-25,106201
New Jersey,2023-03-04,109166
New Jersey,2023-03-11,107734
New Jersey,2023-03-18,104220
New Jersey,2023-03-25,103827
New Jersey,2023-04-01,100916
New Jersey,2023-04-08,96451
New Jersey,2023-04-15,97247
New Jersey,2023-04-22,98720
New Jersey,2023-04-29,90733
New Jersey,2023-05-06,89612
New Jersey,2023-05-13,87541
New Jersey,2023-05-20,86853
New Jersey,2023-05-27,86111
New Jersey,2023-06-03,83579
New Jersey,2023-06-10,85081
New Jersey,2023-06-17,84802
New Jersey,2023-06-24,84923
New Jersey,2023-07-01,90870
New Jersey,2023-07-08,95300
New Jersey,2023-07-15,101962
New Jersey,2023-07-22,103664
New Jersey,2023-07-29,104760
New Jersey,2023-08-05,100953
New Jersey,2023-08-12,102858
New Jersey,2023-08-19,103057
New Jersey,2023-08-26,104912
New Jersey,2023-09-02,105306
New Jersey,2023-09-09,100736
New Jersey,2023-09-16,95071
New Jersey,2023-09-23,88322
New Jersey,2023-09-30,86286
New Jersey,2023-10-07,85417
New Jersey,2023-10-14,82203
New Jersey,2023-10-21,84416
New Jersey,2023-10-28,83889
New Jersey,2023-11-04,85147
New Jersey,2023-11-11,83541
New Jersey,2023-11-18,90735
New Jersey,2023-11-25,86219
New Jersey,2023-12-02,97971
New Jersey,2023-12-09,93747
New Jersey,2023-12-16,96131
New Jersey,2023-12-23,97514
New Jersey,2023-12-30,98186
New Jersey,2024-01-06,115954
New Jersey,2024-01-13,113187
New Jersey,2024-01-20,109285
New Jersey,2024-01-27,117585
New Jersey,2024-02-03,117055
New Jersey,2024-02-10,119569
New Jersey,2024-02-17,115749
New Jersey,2024-02-24,116318
New Jersey,2024-03-02,118714
New Jersey,2024-03-09,119187
New Jersey,2024-03-16,116973
New Jersey,2024-03-23,114694
New Jersey,2024-03-30,109144
New Jersey,2024-04-06,108907
New Jersey,2024-04-13,112927
New Jersey,2024-04-20,103861
New Jersey,2024-04-27,99325
New Jersey,2024-05-04,98542
New Jersey,2024-05-11,96910
New Jersey,2024-05-18,95641
New Jersey,2024-05-25,94241
New Jersey,2024-06-01,93529
New Jersey,2024-06-08,95473
New Jersey,2024-06-15,92780
New Jersey,2024-06-22,93046
New Jersey,2024-06-29,99344
New Jersey,2024-07-06,105900
New Jersey,2024-07-13,116199
New Jersey,2024-07-20,114200
New Jersey,2024-07-27,114492
New Jersey,2024-08-03,114519
New Jersey,2024-08-10,114459
New Jersey,2024-08-17,114676
New Jersey,2024-08-24,115303
New Jersey,2024-08-31,114870
New Jersey,2024-09-07,111736
New Jersey,2024-09-14,101791
New Jersey,2024-09-21,93643
New Jersey,2024-09-28,91999
New Jersey,2024-10-05,90522
New Jersey,2024-10-12,90734
New Jersey,2024-10-19,89578
New Jersey,2024-10-26,90976
New Jersey,2024-11-02,91276
New Jersey,2024-11-09,91107
New Jersey,2024-11-16,95793
New Jersey,2024-11-23,96052
New Jersey,2024-11-30,92367
New Jersey,2024-12-07,102654
New Jersey,2024-12-14,99269
New Jersey,2024-12-21,101641
New Jersey,2024-12-28,99995
New Jersey,2025-01-04,120897
New Jersey,2025-01-11,128253
New Jersey,2025-01-18,119754
New Jersey,2025-01-25,120444
New Jersey,2025-02-01,122180
New Jersey,2025-02-08,121812
New Jersey,2025-02-15,120147
New Jersey,2025-02-22,122365
New Jersey,2025-03-01,121290
New Jersey,2025-03-08,120359
New Jersey,2025-03-15,116199
New Jersey,2025-03-22,114644
New Jersey,2025-03-29,110659
New Jersey,2025-04-05,107075
New Jersey,2025-04-12,104239
New Mexico,2020-01-04,10140
New Mexico,2020-01-11,10310
New Mexico,2020-01-18,9920
New Mexico,2020-01-25,10137
New Mexico,2020-02-01,10066
New Mexico,2020-02-08,9965
New Mexico,2020-02-15,9987
New Mexico,2020-02-22,10051
New Mexico,2020-02-29,10039
New Mexico,2020-03-07,9845
New Mexico,2020-03-14,9566
New Mexico,2020-03-21,9288
New Mexico,2020-03-28,20087
New Mexico,2020-04-04,44829
New Mexico,2020-04-11,62686
New Mexico,2020-04-18,80986
New Mexico,2020-04-25,94149
New Mexico,2020-05-02,96157
New Mexico,2020-05-09,101132
New Mexico,2020-05-16,103949
New Mexico,2020-05-23,108714
New Mexico,2020-05-30,105755
New Mexico,2020-06-06,104019
New Mexico,2020-06-13,104805
New Mexico,2020-06-20,103020
New Mexico,2020-06-27,95535
New Mexico,2020-07-04,97179
New Mexico,2020-07-11,95025
New Mexico,2020-07-18,97612
New Mexico,2020-07-25,97191
New Mexico,2020-08-01,100094
New Mexico,2020-08-08,93337
New Mexico,2020-08-15,92792
New Mexico,2020-08-22,89503
New Mexico,2020-08-29,87675
New Mexico,2020-09-05,87854
New Mexico,2020-09-12,84046
New Mexico,2020-09-19,81811
New Mexico,2020-09-26,76866
New Mexico,2020-10-03,71295
New Mexico,2020-10-10,62076
New Mexico,2020-10-17,56804
New Mexico,2020-10-24,52546
New Mexico,2020-10-31,50753
New Mexico,2020-11-07,46313
New Mexico,2020-11-14,44383
New Mexico,2020-11-21,44045
New Mexico,2020-11-28,49130
New Mexico,2020-12-05,54405
New Mexico,2020-12-12,52758
New Mexico,2020-12-19,50456
New Mexico,2020-12-26,44466
New Mexico,2021-01-02,47501
New Mexico,2021-01-09,44857
New Mexico,2021-01-16,43396
New Mexico,2021-01-23,42527
New Mexico,2021-01-30,40971
New Mexico,2021-02-06,39129
New Mexico,2021-02-13,37719
New Mexico,2021-02-20,36026
New Mexico,2021-02-27,34974
New Mexico,2021-03-06,32949
New Mexico,2021-03-13,32289
New Mexico,2021-03-20,29902
New Mexico,2021-03-27,28512
New Mexico,2021-04-03,27720
New Mexico,2021-04-10,27708
New Mexico,2021-04-17,28105
New Mexico,2021-04-24,27695
New Mexico,2021-05-01,27449
New Mexico,2021-05-08,27141
New Mexico,2021-05-15,26698
New Mexico,2021-05-22,25844
New Mexico,2021-05-29,25200
New Mexico,2021-06-05,24434
New Mexico,2021-06-12,22758
New Mexico,2021-06-19,21292
New Mexico,2021-06-26,20291
New Mexico,2021-07-03,19919
New Mexico,2021-07-10,19080
New Mexico,2021-07-17,19370
New Mexico,2021-07-24,18793
New Mexico,2021-07-31,18344
New Mexico,2021-08-07,17816
New Mexico,2021-08-14,17381
New Mexico,2021-08-21,16551
New Mexico,2021-08-28,15743
New Mexico,2021-09-04,15447
New Mexico,2021-09-11,14343
New Mexico,2021-09-18,15340
New Mexico,2021-09-25,14852
New Mexico,2021-10-02,14319
New Mexico,2021-10-09,13284
New Mexico,2021-10-16,12714
New Mexico,2021-10-23,12415
New Mexico,2021-10-30,11476
New Mexico,2021-11-06,12255
New Mexico,2021-11-13,11653
New Mexico,2021-11-20,11331
New Mexico,2021-11-27,10604
New Mexico,2021-12-04,11274
New Mexico,2021-12-11,10804
New Mexico,2021-12-18,10931
New Mexico,2021-12-25,10551
New Mexico,2022-01-01,11092
New Mexico,2022-01-08,11052
New Mexico,2022-01-15,10600
New Mexico,2022-01-22,10259
New Mexico,2022-01-29,10277
New Mexico,2022-02-05,10183
New Mexico,2022-02-12,10070
New Mexico,2022-02-19,9844
New Mexico,2022-02-26,9829
New Mexico,2022-03-05,9532
New Mexico,2022-03-12,9449
New Mexico,2022-03-19,9142
New Mexico,2022-03-26,8769
New Mexico,2022-04-02,8658
New Mexico,2022-04-09,8242
New Mexico,2022-04-16,8180
New Mexico,2022-04-23,8021
New Mexico,2022-04-30,8223
New Mexico,2022-05-07,8035
New Mexico,2022-05-14,7830
New Mexico,2022-05-21,7838
New Mexico,2022-05-28,7714
New Mexico,2022-06-04,7060
New Mexico,2022-06-11,7848
New Mexico,2022-06-18,7753
New Mexico,2022-06-25,7766
New Mexico,2022-07-02,7644
New Mexico,2022-07-09,7212
New Mexico,2022-07-16,8224
New Mexico,2022-07-23,7808
New Mexico,2022-07-30,7962
New Mexico,2022-08-06,7828
New Mexico,2022-08-13,7615
New Mexico,2022-08-20,7408
New Mexico,2022-08-27,7173
New Mexico,2022-09-03,7203
New Mexico,2022-09-10,7034
New Mexico,2022-09-17,7214
New Mexico,2022-09-24,7150
New Mexico,2022-10-01,7228
New Mexico,2022-10-08,7118
New Mexico,2022-10-15,7143
New Mexico,2022-10-22,7357
New Mexico,2022-10-29,7369
New Mexico,2022-11-05,7596
New Mexico,2022-11-12,7731
New Mexico,2022-11-19,8114
New Mexico,2022-11-26,8098
New Mexico,2022-12-03,8952
New Mexico,2022-12-10,8680
New Mexico,2022-12-17,8927
New Mexico,2022-12-24,9047
New Mexico,2022-12-31,9652
New Mexico,2023-01-07,9820
New Mexico,2023-01-14,10017
New Mexico,2023-01-21,9765
New Mexico,2023-01-28,10041
New Mexico,2023-02-04,10042
New Mexico,2023-02-11,10098
New Mexico,2023-02-18,9942
New Mexico,2023-02-25,9886
New Mexico,2023-03-04,9836
New Mexico,2023-03-11,9672
New Mexico,2023-03-18,9587
New Mexico,2023-03-25,9647
New Mexico,2023-04-01,9522
New Mexico,2023-04-08,9210
New Mexico,2023-04-15,9167
New Mexico,2023-04-22,9109
New Mexico,2023-04-29,9141
New Mexico,2023-05-06,9111
New Mexico,2023-05-13,9036
New Mexico,2023-05-20,9035
New Mexico,2023-05-27,8875
New Mexico,2023-06-03,8913
New Mexico,2023-06-10,9363
New Mexico,2023-06-17,9550
New Mexico,2023-06-24,9507
New Mexico,2023-07-01,9643
New Mexico,2023-07-08,9478
New Mexico,2023-07-15,9762
New Mexico,2023-07-22,9964
New Mexico,2023-07-29,10067
New Mexico,2023-08-05,10211
New Mexico,2023-08-12,10003
New Mexico,2023-08-19,9704
New Mexico,2023-08-26,9767
New Mexico,2023-09-02,9732
New Mexico,2023-09-09,9491
New Mexico,2023-09-16,9503
New Mexico,2023-09-23,9570
New Mexico,2023-09-30,9518
New Mexico,2023-10-07,9484
New Mexico,2023-10-14,9551
New Mexico,2023-10-21,9612
New Mexico,2023-10-28,9483
New Mexico,2023-11-04,9715
New Mexico,2023-11-11,9613
New Mexico,2023-11-18,9783
New Mexico,2023-11-25,9409
New Mexico,2023-12-02,10211
New Mexico,2023-12-09,9594
New Mexico,2023-12-16,9730
New Mexico,2023-12-23,9839
New Mexico,2023-12-30,9945
New Mexico,2024-01-06,10440
New Mexico,2024-01-13,10419
New Mexico,2024-01-20,10295
New Mexico,2024-01-27,10371
New Mexico,2024-02-03,10427
New Mexico,2024-02-10,10303
New Mexico,2024-02-17,10272
New Mexico,2024-02-24,10432
New Mexico,2024-03-02,10148
New Mexico,2024-03-09,10110
New Mexico,2024-03-16,10224
New Mexico,2024-03-23,10258
New Mexico,2024-03-30,10097
New Mexico,2024-04-06,9997
New Mexico,2024-04-13,9781
New Mexico,2024-04-20,9706
New Mexico,2024-04-27,9133
New Mexico,2024-05-04,9363
New Mexico,2024-05-11,9084
New Mexico,2024-05-18,9180
New Mexico,2024-05-25,9005
New Mexico,2024-06-01,8947
New Mexico,2024-06-08,9207
New Mexico,2024-06-15,9464
New Mexico,2024-06-22,9506
New Mexico,2024-06-29,9677
New Mexico,2024-07-06,9813
New Mexico,2024-07-13,10367
New Mexico,2024-07-20,10187
New Mexico,2024-07-27,10718
New Mexico,2024-08-03,10300
New Mexico,2024-08-10,10448
New Mexico,2024-08-17,10050
New Mexico,2024-08-24,10010
New Mexico,2024-08-31,9855
New Mexico,2024-09-07,9719
New Mexico,2024-09-14,9723
New Mexico,2024-09-21,9609
New Mexico,2024-09-28,9630
New Mexico,2024-10-05,9718
New Mexico,2024-10-12,9664
New Mexico,2024-10-19,9731
New Mexico,2024-10-26,9770
New Mexico,2024-11-02,9955
New Mexico,2024-11-09,10005
New Mexico,2024-11-16,10083
New Mexico,2024-11-23,10350
New Mexico,2024-11-30,10310
New Mexico,2024-12-07,10895
New Mexico,2024-12-14,10508
New Mexico,2024-12-21,10657
New Mexico,2024-12-28,10415
New Mexico,2025-01-04,11221
New Mexico,2025-01-11,11222
New Mexico,2025-01-18,10910
New Mexico,2025-01-25,10955
New Mexico,2025-02-01,10929
New Mexico,2025-02-08,10756
New Mexico,2025-02-15,10768
New Mexico,2025-02-22,10772
New Mexico,2025-03-01,10859
New Mexico,2025-03-08,10669
New Mexico,2025-03-15,10873
New Mexico,2025-03-22,10934
New Mexico,2025-03-29,10846
New Mexico,2025-04-05,10759
New Mexico,2025-04-12,10599
New York,2020-01-04,181668
New York,2020-01-11,184283
New York,2020-01-18,164588
New York,2020-01-25,164044
New York,2020-02-01,165715
New York,2020-02-08,163393
New York,2020-02-15,164111
New York,2020-02-22,163220
New York,2020-02-29,182691
New York,2020-03-07,161892
New York,2020-03-14,158268
New York,2020-03-21,167214
New York,2020-03-28,314710
New York,2020-04-04,712544
New York,2020-04-11,1121191
New York,2020-04-18,1354496
New York,2020-04-25,1616809
New York,2020-05-02,1749571
New York,2020-05-09,1846154
New York,2020-05-16,2142949
New York,2020-05-23,2008463
New York,2020-05-30,1799136
New York,2020-06-06,2204180
New York,2020-06-13,1958856
New York,2020-06-20,1837451
New York,2020-06-27,1722331
New York,2020-07-04,1712394
New York,2020-07-11,1611075
New York,2020-07-18,1614871
New York,2020-07-25,1634649
New York,2020-08-01,1658500
New York,2020-08-08,1519433
New York,2020-08-15,1456038
New York,2020-08-22,1428613
New York,2020-08-29,1406935
New York,2020-09-05,1411187
New York,2020-09-12,1291952
New York,2020-09-19,1294494
New York,2020-09-26,1046997
New York,2020-10-03,944007
New York,2020-10-10,723770
New York,2020-10-17,616176
New York,2020-10-24,580124
New York,2020-10-31,523696
New York,2020-11-07,483800
New York,2020-11-14,447690
New York,2020-11-21,448970
New York,2020-11-28,413532
New York,2020-12-05,410760
New York,2020-12-12,393621
New York,2020-12-19,376958
New York,2020-12-26,389541
New York,2021-01-02,403173
New York,2021-01-09,458791
New York,2021-01-16,449881
New York,2021-01-23,439791
New York,2021-01-30,457912
New York,2021-02-06,462385
New York,2021-02-13,454308
New York,2021-02-20,438339
New York,2021-02-27,443907
New York,2021-03-06,426285
New York,2021-03-13,439356
New York,2021-03-20,393122
New York,2021-03-27,368231
New York,2021-04-03,367602
New York,2021-04-10,381609
New York,2021-04-17,401089
New York,2021-04-24,375071
New York,2021-05-01,369325
New York,2021-05-08,353989
New York,2021-05-15,341204
New York,2021-05-22,327736
New York,2021-05-29,321482
New York,2021-06-05,315250
New York,2021-06-12,309610
New York,2021-06-19,298245
New York,2021-06-26,297015
New York,2021-07-03,290647
New York,2021-07-10,301780
New York,2021-07-17,292181
New York,2021-07-24,280696
New York,2021-07-31,275217
New York,2021-08-07,268447
New York,2021-08-14,259049
New York,2021-08-21,257915
New York,2021-08-28,257582
New York,2021-09-04,253028
New York,2021-09-11,240083
New York,2021-09-18,223830
New York,2021-09-25,214231
New York,2021-10-02,191897
New York,2021-10-09,177202
New York,2021-10-16,164023
New York,2021-10-23,157565
New York,2021-10-30,151347
New York,2021-11-06,151955
New York,2021-11-13,147802
New York,2021-11-20,144464
New York,2021-11-27,139582
New York,2021-12-04,150926
New York,2021-12-11,145175
New York,2021-12-18,144265
New York,2021-12-25,144913
New York,2022-01-01,193159
New York,2022-01-08,217716
New York,2022-01-15,206043
New York,2022-01-22,202237
New York,2022-01-29,203778
New York,2022-02-05,198676
New York,2022-02-12,194407
New York,2022-02-19,188757
New York,2022-02-26,183930
New York,2022-03-05,198585
New York,2022-03-12,178626
New York,2022-03-19,170971
New York,2022-03-26,163416
New York,2022-04-02,154141
New York,2022-04-09,149262
New York,2022-04-16,141173
New York,2022-04-23,136783
New York,2022-04-30,142646
New York,2022-05-07,125004
New York,2022-05-14,122271
New York,2022-05-21,118674
New York,2022-05-28,119979
New York,2022-06-04,117829
New York,2022-06-11,120117
New York,2022-06-18,118270
New York,2022-06-25,117274
New York,2022-07-02,122581
New York,2022-07-09,133592
New York,2022-07-16,140823
New York,2022-07-23,139981
New York,2022-07-30,140042
New York,2022-08-06,139865
New York,2022-08-13,139788
New York,2022-08-20,140006
New York,2022-08-27,144789
New York,2022-09-03,146526
New York,2022-09-10,140746
New York,2022-09-17,128742
New York,2022-09-24,118814
New York,2022-10-01,117798
New York,2022-10-08,118422
New York,2022-10-15,114435
New York,2022-10-22,115334
New York,2022-10-29,116224
New York,2022-11-05,117719
New York,2022-11-12,121298
New York,2022-11-19,124463
New York,2022-11-26,125878
New York,2022-12-03,142526
New York,2022-12-10,138513
New York,2022-12-17,142060
New York,2022-12-24,146944
New York,2022-12-31,154551
New York,2023-01-07,182323
New York,2023-01-14,172957
New York,2023-01-21,168537
New York,2023-01-28,171152
New York,2023-02-04,173377
New York,2023-02-11,173681
New York,2023-02-18,172538
New York,2023-02-25,171223
New York,2023-03-04,189136
New York,2023-03-11,173671
New York,2023-03-18,170034
New York,2023-03-25,170607
New York,2023-04-01,166075
New York,2023-04-08,161362
New York,2023-04-15,164476
New York,2023-04-22,164653
New York,2023-04-29,149001
New York,2023-05-06,146118
New York,2023-05-13,145206
New York,2023-05-20,142625
New York,2023-05-27,143743
New York,2023-06-03,142232
New York,2023-06-10,146037
New York,2023-06-17,145037
New York,2023-06-24,144952
New York,2023-07-01,150617
New York,2023-07-08,161362
New York,2023-07-15,172812
New York,2023-07-22,169112
New York,2023-07-29,168816
New York,2023-08-05,170490
New York,2023-08-12,170848
New York,2023-08-19,171500
New York,2023-08-26,175091
New York,2023-09-02,176249
New York,2023-09-09,170499
New York,2023-09-16,160120
New York,2023-09-23,147090
New York,2023-09-30,145245
New York,2023-10-07,145375
New York,2023-10-14,142893
New York,2023-10-21,144879
New York,2023-10-28,144203
New York,2023-11-04,145612
New York,2023-11-11,148382
New York,2023-11-18,151141
New York,2023-11-25,148288
New York,2023-12-02,164611
New York,2023-12-09,159566
New York,2023-12-16,161599
New York,2023-12-23,163774
New York,2023-12-30,164929
New York,2024-01-06,193974
New York,2024-01-13,185279
New York,2024-01-20,180028
New York,2024-01-27,187596
New York,2024-02-03,187315
New York,2024-02-10,188272
New York,2024-02-17,187149
New York,2024-02-24,184963
New York,2024-03-02,203254
New York,2024-03-09,185748
New York,2024-03-16,182902
New York,2024-03-23,180186
New York,2024-03-30,177154
New York,2024-04-06,174563
New York,2024-04-13,172502
New York,2024-04-20,161859
New York,2024-04-27,154469
New York,2024-05-04,162277
New York,2024-05-11,151017
New York,2024-05-18,145473
New York,2024-05-25,143861
New York,2024-06-01,141176
New York,2024-06-08,144387
New York,2024-06-15,142047
New York,2024-06-22,138609
New York,2024-06-29,143847
New York,2024-07-06,149454
New York,2024-07-13,163350
New York,2024-07-20,160132
New York,2024-07-27,157547
New York,2024-08-03,161458
New York,2024-08-10,161243
New York,2024-08-17,162707
New York,2024-08-24,165008
New York,2024-08-31,165284
New York,2024-09-07,161166
New York,2024-09-14,151794
New York,2024-09-21,139125
New York,2024-09-28,137863
New York,2024-10-05,137257
New York,2024-10-12,138851
New York,2024-10-19,134830
New York,2024-10-26,138123
New York,2024-11-02,138644
New York,2024-11-09,141847
New York,2024-11-16,142628
New York,2024-11-23,147496
New York,2024-11-30,146399
New York,2024-12-07,162576
New York,2024-12-14,159226
New York,2024-12-21,161157
New York,2024-12-28,157545
New York,2025-01-04,190577
New York,2025-01-11,195828
New York,2025-01-18,181459
New York,2025-01-25,177640
New York,2025-02-01,184890
New York,2025-02-08,182657
New York,2025-02-15,181387
New York,2025-02-22,179650
New York,2025-03-01,196268
New York,2025-03-08,183691
New York,2025-03-15,179929
New York,2025-03-22,178163
New York,2025-03-29,176017
New York,2025-04-05,170025
New York,2025-04-12,165744
North Carolina,2020-01-04,20848
North Carolina,2020-01-11,21239
North Carolina,2020-01-18,22247
North Carolina,2020-01-25,22415
North Carolina,2020-02-01,22342
North Carolina,2020-02-08,22044
North Carolina,2020-02-15,21972
North Carolina,2020-02-22,21630
North Carolina,2020-02-29,21188
North Carolina,2020-03-07,20196
North Carolina,2020-03-14,19683
North Carolina,2020-03-21,20652
North Carolina,2020-03-28,75220
North Carolina,2020-04-04,245692
North Carolina,2020-04-11,362989
North Carolina,2020-04-18,468283
North Carolina,2020-04-25,555039
North Carolina,2020-05-02,591045
North Carolina,2020-05-09,619809
North Carolina,2020-05-16,605709
North Carolina,2020-05-23,564068
North Carolina,2020-05-30,547988
North Carolina,2020-06-06,537652
North Carolina,2020-06-13,524787
North Carolina,2020-06-20,529343
North Carolina,2020-06-27,463568
North Carolina,2020-07-04,412353
North Carolina,2020-07-11,365770
North Carolina,2020-07-18,327363
North Carolina,2020-07-25,315116
North Carolina,2020-08-01,283907
North Carolina,2020-08-08,242813
North Carolina,2020-08-15,218265
North Carolina,2020-08-22,191822
North Carolina,2020-08-29,178019
North Carolina,2020-09-05,169754
North Carolina,2020-09-12,151318
North Carolina,2020-09-19,145078
North Carolina,2020-09-26,134154
North Carolina,2020-10-03,127447
North Carolina,2020-10-10,108833
North Carolina,2020-10-17,103618
North Carolina,2020-10-24,96919
North Carolina,2020-10-31,91510
North Carolina,2020-11-07,88288
North Carolina,2020-11-14,81349
North Carolina,2020-11-21,75341
North Carolina,2020-11-28,68849
North Carolina,2020-12-05,73457
North Carolina,2020-12-12,69270
North Carolina,2020-12-19,68546
North Carolina,2020-12-26,81682
North Carolina,2021-01-02,89230
North Carolina,2021-01-09,66370
North Carolina,2021-01-16,64484
North Carolina,2021-01-23,67472
North Carolina,2021-01-30,70952
North Carolina,2021-02-06,71727
North Carolina,2021-02-13,69713
North Carolina,2021-02-20,66221
North Carolina,2021-02-27,63209
North Carolina,2021-03-06,59197
North Carolina,2021-03-13,57132
North Carolina,2021-03-20,51921
North Carolina,2021-03-27,54891
North Carolina,2021-04-03,54414
North Carolina,2021-04-10,47347
North Carolina,2021-04-17,47083
North Carolina,2021-04-24,49486
North Carolina,2021-05-01,48704
North Carolina,2021-05-08,48322
North Carolina,2021-05-15,47656
North Carolina,2021-05-22,47671
North Carolina,2021-05-29,47290
North Carolina,2021-06-05,45923
North Carolina,2021-06-12,44214
North Carolina,2021-06-19,42871
North Carolina,2021-06-26,41244
North Carolina,2021-07-03,40411
North Carolina,2021-07-10,38991
North Carolina,2021-07-17,39963
North Carolina,2021-07-24,39517
North Carolina,2021-07-31,39256
North Carolina,2021-08-07,37760
North Carolina,2021-08-14,36703
North Carolina,2021-08-21,35531
North Carolina,2021-08-28,34309
North Carolina,2021-09-04,33611
North Carolina,2021-09-11,30140
North Carolina,2021-09-18,37490
North Carolina,2021-09-25,34670
North Carolina,2021-10-02,32325
North Carolina,2021-10-09,30210
North Carolina,2021-10-16,28334
North Carolina,2021-10-23,26079
North Carolina,2021-10-30,24653
North Carolina,2021-11-06,25192
North Carolina,2021-11-13,23355
North Carolina,2021-11-20,22570
North Carolina,2021-11-27,20330
North Carolina,2021-12-04,22560
North Carolina,2021-12-11,20563
North Carolina,2021-12-18,19058
North Carolina,2021-12-25,17424
North Carolina,2022-01-01,17608
North Carolina,2022-01-08,16589
North Carolina,2022-01-15,15860
North Carolina,2022-01-22,15596
North Carolina,2022-01-29,16233
North Carolina,2022-02-05,15634
North Carolina,2022-02-12,15332
North Carolina,2022-02-19,15322
North Carolina,2022-02-26,15090
North Carolina,2022-03-05,14666
North Carolina,2022-03-12,13863
North Carolina,2022-03-19,13702
North Carolina,2022-03-26,13880
North Carolina,2022-04-02,13601
North Carolina,2022-04-09,13402
North Carolina,2022-04-16,12738
North Carolina,2022-04-23,12997
North Carolina,2022-04-30,13007
North Carolina,2022-05-07,13126
North Carolina,2022-05-14,12743
North Carolina,2022-05-21,13143
North Carolina,2022-05-28,13386
North Carolina,2022-06-04,13739
North Carolina,2022-06-11,14037
North Carolina,2022-06-18,14241
North Carolina,2022-06-25,14350
North Carolina,2022-07-02,15463
North Carolina,2022-07-09,15343
North Carolina,2022-07-16,16607
North Carolina,2022-07-23,16774
North Carolina,2022-07-30,16526
North Carolina,2022-08-06,16152
North Carolina,2022-08-13,16708
North Carolina,2022-08-20,16802
North Carolina,2022-08-27,16339
North Carolina,2022-09-03,16453
North Carolina,2022-09-10,15751
North Carolina,2022-09-17,15736
North Carolina,2022-09-24,15608
North Carolina,2022-10-01,15460
North Carolina,2022-10-08,15155
North Carolina,2022-10-15,14938
North Carolina,2022-10-22,14980
North Carolina,2022-10-29,14808
North Carolina,2022-11-05,14543
North Carolina,2022-11-12,14366
North Carolina,2022-11-19,15223
North Carolina,2022-11-26,14838
North Carolina,2022-12-03,16234
North Carolina,2022-12-10,15950
North Carolina,2022-12-17,16718
North Carolina,2022-12-24,16700
North Carolina,2022-12-31,17174
North Carolina,2023-01-07,17795
North Carolina,2023-01-14,18095
North Carolina,2023-01-21,18710
North Carolina,2023-01-28,19310
North Carolina,2023-02-04,19649
North Carolina,2023-02-11,19978
North Carolina,2023-02-18,19886
North Carolina,2023-02-25,19490
North Carolina,2023-03-04,19249
North Carolina,2023-03-11,18639
North Carolina,2023-03-18,18768
North Carolina,2023-03-25,18604
North Carolina,2023-04-01,18830
North Carolina,2023-04-08,18663
North Carolina,2023-04-15,18813
North Carolina,2023-04-22,18810
North Carolina,2023-04-29,18676
North Carolina,2023-05-06,18151
North Carolina,2023-05-13,18505
North Carolina,2023-05-20,19065
North Carolina,2023-05-27,19368
North Carolina,2023-06-03,19739
North Carolina,2023-06-10,20109
North Carolina,2023-06-17,20300
North Carolina,2023-06-24,20680
North Carolina,2023-07-01,21041
North Carolina,2023-07-08,20631
North Carolina,2023-07-15,21562
North Carolina,2023-07-22,21457
North Carolina,2023-07-29,21677
North Carolina,2023-08-05,21693
North Carolina,2023-08-12,21726
North Carolina,2023-08-19,21890
North Carolina,2023-08-26,21442
North Carolina,2023-09-02,21150
North Carolina,2023-09-09,20552
North Carolina,2023-09-16,20514
North Carolina,2023-09-23,20043
North Carolina,2023-09-30,19713
North Carolina,2023-10-07,19910
North Carolina,2023-10-14,19535
North Carolina,2023-10-21,18828
North Carolina,2023-10-28,20023
North Carolina,2023-11-04,20185
North Carolina,2023-11-11,19794
North Carolina,2023-11-18,19438
North Carolina,2023-11-25,18699
North Carolina,2023-12-02,19859
North Carolina,2023-12-09,18705
North Carolina,2023-12-16,19095
North Carolina,2023-12-23,18879
North Carolina,2023-12-30,18364
North Carolina,2024-01-06,19421
North Carolina,2024-01-13,19279
North Carolina,2024-01-20,19730
North Carolina,2024-01-27,20262
North Carolina,2024-02-03,20548
North Carolina,2024-02-10,20705
North Carolina,2024-02-17,20869
North Carolina,2024-02-24,20676
North Carolina,2024-03-02,20598
North Carolina,2024-03-09,20111
North Carolina,2024-03-16,20164
North Carolina,2024-03-23,20051
North Carolina,2024-03-30,19892
North Carolina,2024-04-06,19891
North Carolina,2024-04-13,19536
North Carolina,2024-04-20,19309
North Carolina,2024-04-27,19401
North Carolina,2024-05-04,19384
North Carolina,2024-05-11,19515
North Carolina,2024-05-18,19657
North Carolina,2024-05-25,20240
North Carolina,2024-06-01,20218
North Carolina,2024-06-08,20634
North Carolina,2024-06-15,20745
North Carolina,2024-06-22,21244
North Carolina,2024-06-29,21457
North Carolina,2024-07-06,20993
North Carolina,2024-07-13,22110
North Carolina,2024-07-20,21810
North Carolina,2024-07-27,22194
North Carolina,2024-08-03,21954
North Carolina,2024-08-10,21733
North Carolina,2024-08-17,21530
North Carolina,2024-08-24,20989
North Carolina,2024-08-31,20473
North Carolina,2024-09-07,19859
North Carolina,2024-09-14,20012
North Carolina,2024-09-21,19867
North Carolina,2024-09-28,19506
North Carolina,2024-10-05,19170
North Carolina,2024-10-12,23383
North Carolina,2024-10-19,26384
North Carolina,2024-10-26,28298
North Carolina,2024-11-02,34101
North Carolina,2024-11-09,31157
North Carolina,2024-11-16,30075
North Carolina,2024-11-23,30661
North Carolina,2024-11-30,29083
North Carolina,2024-12-07,31562
North Carolina,2024-12-14,30023
North Carolina,2024-12-21,29939
North Carolina,2024-12-28,28076
North Carolina,2025-01-04,28406
North Carolina,2025-01-11,28063
North Carolina,2025-01-18,28001
North Carolina,2025-01-25,27719
North Carolina,2025-02-01,28933
North Carolina,2025-02-08,27388
North Carolina,2025-02-15,27465
North Carolina,2025-02-22,27169
North Carolina,2025-03-01,26851
North Carolina,2025-03-08,26277
North Carolina,2025-03-15,26207
North Carolina,2025-03-22,25789
North Carolina,2025-03-29,25142
North Carolina,2025-04-05,25039
North Carolina,2025-04-12,24792
North Dakota,2020-01-04,5785
North Dakota,2020-01-11,6171
North Dakota,2020-01-18,6809
North Dakota,2020-01-25,7179
North Dakota,2020-02-01,6782
North Dakota,2020-02-08,6838
North Dakota,2020-02-15,6924
North Dakota,2020-02-22,6886
North Dakota,2020-02-29,6795
North Dakota,2020-03-07,6543
North Dakota,2020-03-14,6349
North Dakota,2020-03-21,6169
North Dakota,2020-03-28,8534
North Dakota,2020-04-04,16036
North Dakota,2020-04-11,24554
North Dakota,2020-04-18,33563
North Dakota,2020-04-25,35513
North Dakota,2020-05-02,35827
North Dakota,2020-05-09,35921
North Dakota,2020-05-16,32399
North Dakota,2020-05-23,31100
North Dakota,2020-05-30,30806
North Dakota,2020-06-06,29855
North Dakota,2020-06-13,29103
North Dakota,2020-06-20,28736
North Dakota,2020-06-27,28446
North Dakota,2020-07-04,27021
North Dakota,2020-07-11,27625
North Dakota,2020-07-18,25974
North Dakota,2020-07-25,24988
North Dakota,2020-08-01,23739
North Dakota,2020-08-08,20483
North Dakota,2020-08-15,18072
North Dakota,2020-08-22,16327
North Dakota,2020-08-29,14910
North Dakota,2020-09-05,13723
North Dakota,2020-09-12,12798
North Dakota,2020-09-19,12120
North Dakota,2020-09-26,11388
North Dakota,2020-10-03,10275
North Dakota,2020-10-10,9107
North Dakota,2020-10-17,8065
North Dakota,2020-10-24,7297
North Dakota,2020-10-31,7061
North Dakota,2020-11-07,6732
North Dakota,2020-11-14,6620
North Dakota,2020-11-21,7039
North Dakota,2020-11-28,7009
North Dakota,2020-12-05,7665
North Dakota,2020-12-12,7756
North Dakota,2020-12-19,7480
North Dakota,2020-12-26,5831
North Dakota,2021-01-02,8274
North Dakota,2021-01-09,8579
North Dakota,2021-01-16,9196
North Dakota,2021-01-23,9294
North Dakota,2021-01-30,9554
North Dakota,2021-02-06,9690
North Dakota,2021-02-13,9743
North Dakota,2021-02-20,9873
North Dakota,2021-02-27,9762
North Dakota,2021-03-06,9151
North Dakota,2021-03-13,8768
North Dakota,2021-03-20,8369
North Dakota,2021-03-27,7926
North Dakota,2021-04-03,7495
North Dakota,2021-04-10,6849
North Dakota,2021-04-17,5979
North Dakota,2021-04-24,5446
North Dakota,2021-05-01,4626
North Dakota,2021-05-08,4092
North Dakota,2021-05-15,3822
North Dakota,2021-05-22,3552
North Dakota,2021-05-29,3440
North Dakota,2021-06-05,3368
North Dakota,2021-06-12,3453
North Dakota,2021-06-19,3307
North Dakota,2021-06-26,3036
North Dakota,2021-07-03,3151
North Dakota,2021-07-10,3326
North Dakota,2021-07-17,3203
North Dakota,2021-07-24,2845
North Dakota,2021-07-31,2773
North Dakota,2021-08-07,2622
North Dakota,2021-08-14,2563
North Dakota,2021-08-21,2432
North Dakota,2021-08-28,2229
North Dakota,2021-09-04,1963
North Dakota,2021-09-11,1826
North Dakota,2021-09-18,1697
North Dakota,2021-09-25,1531
North Dakota,2021-10-02,1394
North Dakota,2021-10-09,1362
North Dakota,2021-10-16,1283
North Dakota,2021-10-23,1299
North Dakota,2021-10-30,1275
North Dakota,2021-11-06,1405
North Dakota,2021-11-13,1499
North Dakota,2021-11-20,1646
North Dakota,2021-11-27,1962
North Dakota,2021-12-04,2534
North Dakota,2021-12-11,2784
North Dakota,2021-12-18,3432
North Dakota,2021-12-25,3703
North Dakota,2022-01-01,4506
North Dakota,2022-01-08,5144
North Dakota,2022-01-15,5917
North Dakota,2022-01-22,5709
North Dakota,2022-01-29,6066
North Dakota,2022-02-05,6077
North Dakota,2022-02-12,6069
North Dakota,2022-02-19,5799
North Dakota,2022-02-26,5742
North Dakota,2022-03-05,5773
North Dakota,2022-03-12,5251
North Dakota,2022-03-19,5151
North Dakota,2022-03-26,4585
North Dakota,2022-04-02,4218
North Dakota,2022-04-09,3857
North Dakota,2022-04-16,3244
North Dakota,2022-04-23,3463
North Dakota,2022-04-30,2865
North Dakota,2022-05-07,2325
North Dakota,2022-05-14,1680
North Dakota,2022-05-21,1519
North Dakota,2022-05-28,1196
North Dakota,2022-06-04,1143
North Dakota,2022-06-11,1347
North Dakota,2022-06-18,1457
North Dakota,2022-06-25,1383
North Dakota,2022-07-02,1446
North Dakota,2022-07-09,1436
North Dakota,2022-07-16,1518
North Dakota,2022-07-23,1498
North Dakota,2022-07-30,1477
North Dakota,2022-08-06,1476
North Dakota,2022-08-13,1464
North Dakota,2022-08-20,1338
North Dakota,2022-08-27,1188
North Dakota,2022-09-03,1002
North Dakota,2022-09-10,842
North Dakota,2022-09-17,879
North Dakota,2022-09-24,790
North Dakota,2022-10-01,802
North Dakota,2022-10-08,827
North Dakota,2022-10-15,834
North Dakota,2022-10-22,827
North Dakota,2022-10-29,857
North Dakota,2022-11-05,873
North Dakota,2022-11-12,945
North Dakota,2022-11-19,1229
North Dakota,2022-11-26,1727
North Dakota,2022-12-03,2211
North Dakota,2022-12-10,2657
North Dakota,2022-12-17,3059
North Dakota,2022-12-24,3752
North Dakota,2022-12-31,4180
North Dakota,2023-01-07,4360
North Dakota,2023-01-14,4805
North Dakota,2023-01-21,5003
North Dakota,2023-01-28,5217
North Dakota,2023-02-04,5265
North Dakota,2023-02-11,5494
North Dakota,2023-02-18,5253
North Dakota,2023-02-25,5165
North Dakota,2023-03-04,5224
North Dakota,2023-03-11,4861
North Dakota,2023-03-18,4748
North Dakota,2023-03-25,4548
North Dakota,2023-04-01,4210
North Dakota,2023-04-08,3914
North Dakota,2023-04-15,3873
North Dakota,2023-04-22,2956
North Dakota,2023-04-29,2537
North Dakota,2023-05-06,1971
North Dakota,2023-05-13,1540
North Dakota,2023-05-20,1420
North Dakota,2023-05-27,1299
North Dakota,2023-06-03,1257
North Dakota,2023-06-10,1411
North Dakota,2023-06-17,1524
North Dakota,2023-06-24,1511
North Dakota,2023-07-01,1568
North Dakota,2023-07-08,1594
North Dakota,2023-07-15,1715
North Dakota,2023-07-22,1592
North Dakota,2023-07-29,1617
North Dakota,2023-08-05,1643
North Dakota,2023-08-12,1629
North Dakota,2023-08-19,1547
North Dakota,2023-08-26,1370
North Dakota,2023-09-02,1225
North Dakota,2023-09-09,1138
North Dakota,2023-09-16,1130
North Dakota,2023-09-23,1034
North Dakota,2023-09-30,1096
North Dakota,2023-10-07,1038
North Dakota,2023-10-14,1070
North Dakota,2023-10-21,1100
North Dakota,2023-10-28,1136
North Dakota,2023-11-04,1248
North Dakota,2023-11-11,1415
North Dakota,2023-11-18,1670
North Dakota,2023-11-25,1803
North Dakota,2023-12-02,2228
North Dakota,2023-12-09,2574
North Dakota,2023-12-16,2950
North Dakota,2023-12-23,3424
North Dakota,2023-12-30,3864
North Dakota,2024-01-06,4773
North Dakota,2024-01-13,4939
North Dakota,2024-01-20,5538
North Dakota,2024-01-27,5950
North Dakota,2024-02-03,5749
North Dakota,2024-02-10,5790
North Dakota,2024-02-17,5794
North Dakota,2024-02-24,5757
North Dakota,2024-03-02,5509
North Dakota,2024-03-09,5387
North Dakota,2024-03-16,5194
North Dakota,2024-03-23,4723
North Dakota,2024-03-30,4494
North Dakota,2024-04-06,4457
North Dakota,2024-04-13,3726
North Dakota,2024-04-20,2908
North Dakota,2024-04-27,2444
North Dakota,2024-05-04,1993
North Dakota,2024-05-11,1920
North Dakota,2024-05-18,1759
North Dakota,2024-05-25,1611
North Dakota,2024-06-01,1726
North Dakota,2024-06-08,2719
North Dakota,2024-06-15,2196
North Dakota,2024-06-22,1990
North Dakota,2024-06-29,2011
North Dakota,2024-07-06,2068
North Dakota,2024-07-13,3336
North Dakota,2024-07-20,3370
North Dakota,2024-07-27,2097
North Dakota,2024-08-03,1907
North Dakota,2024-08-10,1826
North Dakota,2024-08-17,1835
North Dakota,2024-08-24,1811
North Dakota,2024-08-31,3045
North Dakota,2024-09-07,3075
North Dakota,2024-09-14,3049
North Dakota,2024-09-21,1528
North Dakota,2024-09-28,1455
North Dakota,2024-10-05,1404
North Dakota,2024-10-12,1402
North Dakota,2024-10-19,1466
North Dakota,2024-10-26,1497
North Dakota,2024-11-02,1533
North Dakota,2024-11-09,2029
North Dakota,2024-11-16,1978
North Dakota,2024-11-23,2234
North Dakota,2024-11-30,2733
North Dakota,2024-12-07,4751
North Dakota,2024-12-14,3963
North Dakota,2024-12-21,4457
North Dakota,2024-12-28,4895
North Dakota,2025-01-04,5642
North Dakota,2025-01-11,6002
North Dakota,2025-01-18,6303
North Dakota,2025-01-25,6264
North Dakota,2025-02-01,6533
North Dakota,2025-02-08,6200
North Dakota,2025-02-15,6275
North Dakota,2025-02-22,6540
North Dakota,2025-03-01,6502
North Dakota,2025-03-08,5954
North Dakota,2025-03-15,5756
North Dakota,2025-03-22,5377
North Dakota,2025-03-29,5147
North Dakota,2025-04-05,4533
North Dakota,2025-04-12,4496
Ohio,2020-01-04,73287
Ohio,2020-01-11,78391
Ohio,2020-01-18,72855
Ohio,2020-01-25,72002
Ohio,2020-02-01,72622
Ohio,2020-02-08,71442
Ohio,2020-02-15,71214
Ohio,2020-02-22,70924
Ohio,2020-02-29,70655
Ohio,2020-03-07,73123
Ohio,2020-03-14,68516
Ohio,2020-03-21,68323
Ohio,2020-03-28,214273
Ohio,2020-04-04,450061
Ohio,2020-04-11,622669
Ohio,2020-04-18,717842
Ohio,2020-04-25,777214
Ohio,2020-05-02,759336
Ohio,2020-05-09,740738
Ohio,2020-05-16,696376
Ohio,2020-05-23,625781
Ohio,2020-05-30,554132
Ohio,2020-06-06,519409
Ohio,2020-06-13,477842
Ohio,2020-06-20,450674
Ohio,2020-06-27,431377
Ohio,2020-07-04,416709
Ohio,2020-07-11,416188
Ohio,2020-07-18,410266
Ohio,2020-07-25,406148
Ohio,2020-08-01,388122
Ohio,2020-08-08,356365
Ohio,2020-08-15,340815
Ohio,2020-08-22,324244
Ohio,2020-08-29,318544
Ohio,2020-09-05,305242
Ohio,2020-09-12,295814
Ohio,2020-09-19,293101
Ohio,2020-09-26,261033
Ohio,2020-10-03,238764
Ohio,2020-10-10,209390
Ohio,2020-10-17,186651
Ohio,2020-10-24,169784
Ohio,2020-10-31,162997
Ohio,2020-11-07,154410
Ohio,2020-11-14,145883
Ohio,2020-11-21,150449
Ohio,2020-11-28,144268
Ohio,2020-12-05,154041
Ohio,2020-12-12,156989
Ohio,2020-12-19,155424
Ohio,2020-12-26,153423
Ohio,2021-01-02,171027
Ohio,2021-01-09,211822
Ohio,2021-01-16,207466
Ohio,2021-01-23,208222
Ohio,2021-01-30,161040
Ohio,2021-02-06,164536
Ohio,2021-02-13,174614
Ohio,2021-02-20,191787
Ohio,2021-02-27,192240
Ohio,2021-03-06,182820
Ohio,2021-03-13,186212
Ohio,2021-03-20,197400
Ohio,2021-03-27,184255
Ohio,2021-04-03,158737
Ohio,2021-04-10,142930
Ohio,2021-04-17,128267
Ohio,2021-04-24,121405
Ohio,2021-05-01,115209
Ohio,2021-05-08,111002
Ohio,2021-05-15,107224
Ohio,2021-05-22,100280
Ohio,2021-05-29,93195
Ohio,2021-06-05,89553
Ohio,2021-06-12,88285
Ohio,2021-06-19,86151
Ohio,2021-06-26,79496
Ohio,2021-07-03,76044
Ohio,2021-07-10,70861
Ohio,2021-07-17,69940
Ohio,2021-07-24,68010
Ohio,2021-07-31,62996
Ohio,2021-08-07,61503
Ohio,2021-08-14,61559
Ohio,2021-08-21,56625
Ohio,2021-08-28,55284
Ohio,2021-09-04,53608
Ohio,2021-09-11,52558
Ohio,2021-09-18,101744
Ohio,2021-09-25,78406
Ohio,2021-10-02,47026
Ohio,2021-10-09,47950
Ohio,2021-10-16,44236
Ohio,2021-10-23,41016
Ohio,2021-10-30,38640
Ohio,2021-11-06,42454
Ohio,2021-11-13,40505
Ohio,2021-11-20,38942
Ohio,2021-11-27,31336
Ohio,2021-12-04,39529
Ohio,2021-12-11,39356
Ohio,2021-12-18,41347
Ohio,2021-12-25,42268
Ohio,2022-01-01,48648
Ohio,2022-01-08,56754
Ohio,2022-01-15,59424
Ohio,2022-01-22,59237
Ohio,2022-01-29,59285
Ohio,2022-02-05,57473
Ohio,2022-02-12,59436
Ohio,2022-02-19,59299
Ohio,2022-02-26,59343
Ohio,2022-03-05,56429
Ohio,2022-03-12,52760
Ohio,2022-03-19,51199
Ohio,2022-03-26,47668
Ohio,2022-04-02,47305
Ohio,2022-04-09,50563
Ohio,2022-04-16,44924
Ohio,2022-04-23,41296
Ohio,2022-04-30,36233
Ohio,2022-05-07,33407
Ohio,2022-05-14,30307
Ohio,2022-05-21,30269
Ohio,2022-05-28,28703
Ohio,2022-06-04,29079
Ohio,2022-06-11,31670
Ohio,2022-06-18,33348
Ohio,2022-06-25,32704
Ohio,2022-07-02,35052
Ohio,2022-07-09,35108
Ohio,2022-07-16,38427
Ohio,2022-07-23,35676
Ohio,2022-07-30,33378
Ohio,2022-08-06,33582
Ohio,2022-08-13,32829
Ohio,2022-08-20,31395
Ohio,2022-08-27,29908
Ohio,2022-09-03,28001
Ohio,2022-09-10,27735
Ohio,2022-09-17,28050
Ohio,2022-09-24,27436
Ohio,2022-10-01,28294
Ohio,2022-10-08,27212
Ohio,2022-10-15,27889
Ohio,2022-10-22,28429
Ohio,2022-10-29,27886
Ohio,2022-11-05,28098
Ohio,2022-11-12,29152
Ohio,2022-11-19,32101
Ohio,2022-11-26,33568
Ohio,2022-12-03,39300
Ohio,2022-12-10,42732
Ohio,2022-12-17,46506
Ohio,2022-12-24,48673
Ohio,2022-12-31,53540
Ohio,2023-01-07,60699
Ohio,2023-01-14,61753
Ohio,2023-01-21,60929
Ohio,2023-01-28,60851
Ohio,2023-02-04,61561
Ohio,2023-02-11,62398
Ohio,2023-02-18,61872
Ohio,2023-02-25,61111
Ohio,2023-03-04,60895
Ohio,2023-03-11,59185
Ohio,2023-03-18,57215
Ohio,2023-03-25,56989
Ohio,2023-04-01,55240
Ohio,2023-04-08,51854
Ohio,2023-04-15,48935
Ohio,2023-04-22,45288
Ohio,2023-04-29,42628
Ohio,2023-05-06,39839
Ohio,2023-05-13,40057
Ohio,2023-05-20,39040
Ohio,2023-05-27,39203
Ohio,2023-06-03,39380
Ohio,2023-06-10,43202
Ohio,2023-06-17,44821
Ohio,2023-06-24,45607
Ohio,2023-07-01,46321
Ohio,2023-07-08,43028
Ohio,2023-07-15,44513
Ohio,2023-07-22,41413
Ohio,2023-07-29,43706
Ohio,2023-08-05,42342
Ohio,2023-08-12,42606
Ohio,2023-08-19,42106
Ohio,2023-08-26,38047
Ohio,2023-09-02,36409
Ohio,2023-09-09,35215
Ohio,2023-09-16,34724
Ohio,2023-09-23,33677
Ohio,2023-09-30,35211
Ohio,2023-10-07,35404
Ohio,2023-10-14,36237
Ohio,2023-10-21,37549
Ohio,2023-10-28,37599
Ohio,2023-11-04,38219
Ohio,2023-11-11,37994
Ohio,2023-11-18,39017
Ohio,2023-11-25,38613
Ohio,2023-12-02,45109
Ohio,2023-12-09,45464
Ohio,2023-12-16,47844
Ohio,2023-12-23,49527
Ohio,2023-12-30,52878
Ohio,2024-01-06,59915
Ohio,2024-01-13,60485
Ohio,2024-01-20,60777
Ohio,2024-01-27,62102
Ohio,2024-02-03,62171
Ohio,2024-02-10,58836
Ohio,2024-02-17,58288
Ohio,2024-02-24,57554
Ohio,2024-03-02,56408
Ohio,2024-03-09,54395
Ohio,2024-03-16,52430
Ohio,2024-03-23,50665
Ohio,2024-03-30,49245
Ohio,2024-04-06,48216
Ohio,2024-04-13,46612
Ohio,2024-04-20,43712
Ohio,2024-04-27,40771
Ohio,2024-05-04,38957
Ohio,2024-05-11,38495
Ohio,2024-05-18,38049
Ohio,2024-05-25,37458
Ohio,2024-06-01,37063
Ohio,2024-06-08,39303
Ohio,2024-06-15,40671
Ohio,2024-06-22,40890
Ohio,2024-06-29,43385
Ohio,2024-07-06,40950
Ohio,2024-07-13,44817
Ohio,2024-07-20,46517
Ohio,2024-07-27,48051
Ohio,2024-08-03,44374
Ohio,2024-08-10,43865
Ohio,2024-08-17,43225
Ohio,2024-08-24,41656
Ohio,2024-08-31,39908
Ohio,2024-09-07,38979
Ohio,2024-09-14,39191
Ohio,2024-09-21,38881
Ohio,2024-09-28,39620
Ohio,2024-10-05,38726
Ohio,2024-10-12,42982
Ohio,2024-10-19,44044
Ohio,2024-10-26,42214
Ohio,2024-11-02,43612
Ohio,2024-11-09,46132
Ohio,2024-11-16,46691
Ohio,2024-11-23,44573
Ohio,2024-11-30,45218
Ohio,2024-12-07,51403
Ohio,2024-12-14,54595
Ohio,2024-12-21,57159
Ohio,2024-12-28,58888
Ohio,2025-01-04,68276
Ohio,2025-01-11,72288
Ohio,2025-01-18,74983
Ohio,2025-01-25,71271
Ohio,2025-02-01,71897
Ohio,2025-02-08,70415
Ohio,2025-02-15,69766
Ohio,2025-02-22,68393
Ohio,2025-03-01,68480
Ohio,2025-03-08,66599
Ohio,2025-03-15,64451
Ohio,2025-03-22,62107
Ohio,2025-03-29,59936
Ohio,2025-04-05,58702
Ohio,2025-04-12,56706
Oklahoma,2020-01-04,18080
Oklahoma,2020-01-11,19387
Oklahoma,2020-01-18,17467
Oklahoma,2020-01-25,17291
Oklahoma,2020-02-01,17451
Oklahoma,2020-02-08,17757
Oklahoma,2020-02-15,17513
Oklahoma,2020-02-22,17269
Oklahoma,2020-02-29,16929
Oklahoma,2020-03-07,17067
Oklahoma,2020-03-14,16482
Oklahoma,2020-03-21,16854
Oklahoma,2020-03-28,25268
Oklahoma,2020-04-04,55029
Oklahoma,2020-04-11,88330
Oklahoma,2020-04-18,112311
Oklahoma,2020-04-25,134550
Oklahoma,2020-05-02,154671
Oklahoma,2020-05-09,178122
Oklahoma,2020-05-16,135229
Oklahoma,2020-05-23,139196
Oklahoma,2020-05-30,172309
Oklahoma,2020-06-06,156795
Oklahoma,2020-06-13,173361
Oklahoma,2020-06-20,182191
Oklahoma,2020-06-27,165298
Oklahoma,2020-07-04,131034
Oklahoma,2020-07-11,131932
Oklahoma,2020-07-18,127134
Oklahoma,2020-07-25,127617
Oklahoma,2020-08-01,123121
Oklahoma,2020-08-08,129971
Oklahoma,2020-08-15,123305
Oklahoma,2020-08-22,122513
Oklahoma,2020-08-29,119571
Oklahoma,2020-09-05,118719
Oklahoma,2020-09-12,110907
Oklahoma,2020-09-19,104908
Oklahoma,2020-09-26,97912
Oklahoma,2020-10-03,88127
Oklahoma,2020-10-10,82382
Oklahoma,2020-10-17,73321
Oklahoma,2020-10-24,67861
Oklahoma,2020-10-31,59138
Oklahoma,2020-11-07,59257
Oklahoma,2020-11-14,51551
Oklahoma,2020-11-21,49032
Oklahoma,2020-11-28,45225
Oklahoma,2020-12-05,47184
Oklahoma,2020-12-12,45006
Oklahoma,2020-12-19,42791
Oklahoma,2020-12-26,39132
Oklahoma,2021-01-02,42157
Oklahoma,2021-01-09,41475
Oklahoma,2021-01-16,40059
Oklahoma,2021-01-23,38274
Oklahoma,2021-01-30,36364
Oklahoma,2021-02-06,37651
Oklahoma,2021-02-13,34061
Oklahoma,2021-02-20,35118
Oklahoma,2021-02-27,35394
Oklahoma,2021-03-06,34533
Oklahoma,2021-03-13,41554
Oklahoma,2021-03-20,43695
Oklahoma,2021-03-27,42506
Oklahoma,2021-04-03,42160
Oklahoma,2021-04-10,38018
Oklahoma,2021-04-17,36678
Oklahoma,2021-04-24,37433
Oklahoma,2021-05-01,37602
Oklahoma,2021-05-08,36602
Oklahoma,2021-05-15,34254
Oklahoma,2021-05-22,32708
Oklahoma,2021-05-29,33446
Oklahoma,2021-06-05,35797
Oklahoma,2021-06-12,35665
Oklahoma,2021-06-19,34392
Oklahoma,2021-06-26,34714
Oklahoma,2021-07-03,36109
Oklahoma,2021-07-10,40315
Oklahoma,2021-07-17,37285
Oklahoma,2021-07-24,32354
Oklahoma,2021-07-31,29690
Oklahoma,2021-08-07,30107
Oklahoma,2021-08-14,29345
Oklahoma,2021-08-21,27549
Oklahoma,2021-08-28,25275
Oklahoma,2021-09-04,23879
Oklahoma,2021-09-11,22077
Oklahoma,2021-09-18,21320
Oklahoma,2021-09-25,19394
Oklahoma,2021-10-02,18527
Oklahoma,2021-10-09,17592
Oklahoma,2021-10-16,16727
Oklahoma,2021-10-23,16938
Oklahoma,2021-10-30,15960
Oklahoma,2021-11-06,15357
Oklahoma,2021-11-13,14478
Oklahoma,2021-11-20,14646
Oklahoma,2021-11-27,13402
Oklahoma,2021-12-04,15454
Oklahoma,2021-12-11,13999
Oklahoma,2021-12-18,13410
Oklahoma,2021-12-25,12894
Oklahoma,2022-01-01,13679
Oklahoma,2022-01-08,14177
Oklahoma,2022-01-15,13020
Oklahoma,2022-01-22,13097
Oklahoma,2022-01-29,12862
Oklahoma,2022-02-05,12689
Oklahoma,2022-02-12,12720
Oklahoma,2022-02-19,12507
Oklahoma,2022-02-26,11929
Oklahoma,2022-03-05,12005
Oklahoma,2022-03-12,11847
Oklahoma,2022-03-19,11622
Oklahoma,2022-03-26,11921
Oklahoma,2022-04-02,12167
Oklahoma,2022-04-09,11865
Oklahoma,2022-04-16,11419
Oklahoma,2022-04-23,11135
Oklahoma,2022-04-30,10853
Oklahoma,2022-05-07,11398
Oklahoma,2022-05-14,11266
Oklahoma,2022-05-21,10189
Oklahoma,2022-05-28,10205
Oklahoma,2022-06-04,11011
Oklahoma,2022-06-11,10925
Oklahoma,2022-06-18,11039
Oklahoma,2022-06-25,10917
Oklahoma,2022-07-02,10827
Oklahoma,2022-07-09,10759
Oklahoma,2022-07-16,11185
Oklahoma,2022-07-23,11443
Oklahoma,2022-07-30,11455
Oklahoma,2022-08-06,11261
Oklahoma,2022-08-13,11375
Oklahoma,2022-08-20,10851
Oklahoma,2022-08-27,10301
Oklahoma,2022-09-03,10166
Oklahoma,2022-09-10,9947
Oklahoma,2022-09-17,9957
Oklahoma,2022-09-24,8919
Oklahoma,2022-10-01,9298
Oklahoma,2022-10-08,9055
Oklahoma,2022-10-15,9118
Oklahoma,2022-10-22,9366
Oklahoma,2022-10-29,9222
Oklahoma,2022-11-05,9299
Oklahoma,2022-11-12,9072
Oklahoma,2022-11-19,9521
Oklahoma,2022-11-26,9437
Oklahoma,2022-12-03,10325
Oklahoma,2022-12-10,9883
Oklahoma,2022-12-17,10095
Oklahoma,2022-12-24,9994
Oklahoma,2022-12-31,10631
Oklahoma,2023-01-07,11021
Oklahoma,2023-01-14,10821
Oklahoma,2023-01-21,10288
Oklahoma,2023-01-28,10550
Oklahoma,2023-02-04,10598
Oklahoma,2023-02-11,10702
Oklahoma,2023-02-18,10358
Oklahoma,2023-02-25,10573
Oklahoma,2023-03-04,10474
Oklahoma,2023-03-11,10277
Oklahoma,2023-03-18,10104
Oklahoma,2023-03-25,10486
Oklahoma,2023-04-01,10150
Oklahoma,2023-04-08,10011
Oklahoma,2023-04-15,10117
Oklahoma,2023-04-22,10126
Oklahoma,2023-04-29,9954
Oklahoma,2023-05-06,10213
Oklahoma,2023-05-13,10104
Oklahoma,2023-05-20,10054
Oklahoma,2023-05-27,10306
Oklahoma,2023-06-03,10404
Oklahoma,2023-06-10,10617
Oklahoma,2023-06-17,10550
Oklahoma,2023-06-24,10274
Oklahoma,2023-07-01,10510
Oklahoma,2023-07-08,10355
Oklahoma,2023-07-15,10908
Oklahoma,2023-07-22,10425
Oklahoma,2023-07-29,10544
Oklahoma,2023-08-05,10357
Oklahoma,2023-08-12,10306
Oklahoma,2023-08-19,9785
Oklahoma,2023-08-26,9635
Oklahoma,2023-09-02,9509
Oklahoma,2023-09-09,9530
Oklahoma,2023-09-16,9239
Oklahoma,2023-09-23,9177
Oklahoma,2023-09-30,9078
Oklahoma,2023-10-07,9211
Oklahoma,2023-10-14,9241
Oklahoma,2023-10-21,9302
Oklahoma,2023-10-28,9292
Oklahoma,2023-11-04,9645
Oklahoma,2023-11-11,9495
Oklahoma,2023-11-18,9521
Oklahoma,2023-11-25,9087
Oklahoma,2023-12-02,10294
Oklahoma,2023-12-09,9671
Oklahoma,2023-12-16,9609
Oklahoma,2023-12-23,9902
Oklahoma,2023-12-30,10591
Oklahoma,2024-01-06,10787
Oklahoma,2024-01-13,11288
Oklahoma,2024-01-20,10977
Oklahoma,2024-01-27,10998
Oklahoma,2024-02-03,10360
Oklahoma,2024-02-10,10030
Oklahoma,2024-02-17,9781
Oklahoma,2024-02-24,10604
Oklahoma,2024-03-02,9705
Oklahoma,2024-03-09,9565
Oklahoma,2024-03-16,9405
Oklahoma,2024-03-23,9244
Oklahoma,2024-03-30,9439
Oklahoma,2024-04-06,9191
Oklahoma,2024-04-13,9081
Oklahoma,2024-04-20,9141
Oklahoma,2024-04-27,9246
Oklahoma,2024-05-04,9475
Oklahoma,2024-05-11,9459
Oklahoma,2024-05-18,9367
Oklahoma,2024-05-25,9609
Oklahoma,2024-06-01,9980
Oklahoma,2024-06-08,10287
Oklahoma,2024-06-15,10471
Oklahoma,2024-06-22,10485
Oklahoma,2024-06-29,10702
Oklahoma,2024-07-06,10899
Oklahoma,2024-07-13,11276
Oklahoma,2024-07-20,11256
Oklahoma,2024-07-27,10944
Oklahoma,2024-08-03,10817
Oklahoma,2024-08-10,10671
Oklahoma,2024-08-17,10604
Oklahoma,2024-08-24,10168
Oklahoma,2024-08-31,9890
Oklahoma,2024-09-07,9697
Oklahoma,2024-09-14,9754
Oklahoma,2024-09-21,9555
Oklahoma,2024-09-28,9407
Oklahoma,2024-10-05,9412
Oklahoma,2024-10-12,9289
Oklahoma,2024-10-19,9202
Oklahoma,2024-10-26,9460
Oklahoma,2024-11-02,9319
Oklahoma,2024-11-09,9303
Oklahoma,2024-11-16,9287
Oklahoma,2024-11-23,9386
Oklahoma,2024-11-30,9343
Oklahoma,2024-12-07,10051
Oklahoma,2024-12-14,9550
Oklahoma,2024-12-21,9475
Oklahoma,2024-12-28,9726
Oklahoma,2025-01-04,10846
Oklahoma,2025-01-11,10772
Oklahoma,2025-01-18,10309
Oklahoma,2025-01-25,9979
Oklahoma,2025-02-01,10358
Oklahoma,2025-02-08,10373
Oklahoma,2025-02-15,10182
Oklahoma,2025-02-22,10142
Oklahoma,2025-03-01,10347
Oklahoma,2025-03-08,9898
Oklahoma,2025-03-15,9930
Oklahoma,2025-03-22,9989
Oklahoma,2025-03-29,10293
Oklahoma,2025-04-05,10009
Oklahoma,2025-04-12,10025
Oregon,2020-01-04,35451
Oregon,2020-01-11,36039
Oregon,2020-01-18,31604
Oregon,2020-01-25,32306
Oregon,2020-02-01,31876
Oregon,2020-02-08,31658
Oregon,2020-02-15,31167
Oregon,2020-02-22,30548
Oregon,2020-02-29,30165
Oregon,2020-03-07,29517
Oregon,2020-03-14,29002
Oregon,2020-03-21,30523
Oregon,2020-03-28,63930
Oregon,2020-04-04,118729
Oregon,2020-04-11,176154
Oregon,2020-04-18,217039
Oregon,2020-04-25,284486
Oregon,2020-05-02,308989
Oregon,2020-05-09,309543
Oregon,2020-05-16,290151
Oregon,2020-05-23,293081
Oregon,2020-05-30,256759
Oregon,2020-06-06,275768
Oregon,2020-06-13,251869
Oregon,2020-06-20,224476
Oregon,2020-06-27,216513
Oregon,2020-07-04,203600
Oregon,2020-07-11,206756
Oregon,2020-07-18,196415
Oregon,2020-07-25,190993
Oregon,2020-08-01,189136
Oregon,2020-08-08,175153
Oregon,2020-08-15,169905
Oregon,2020-08-22,164103
Oregon,2020-08-29,158480
Oregon,2020-09-05,154413
Oregon,2020-09-12,139312
Oregon,2020-09-19,154948
Oregon,2020-09-26,152643
Oregon,2020-10-03,127675
Oregon,2020-10-10,115121
Oregon,2020-10-17,103211
Oregon,2020-10-24,95814
Oregon,2020-10-31,87170
Oregon,2020-11-07,79353
Oregon,2020-11-14,76208
Oregon,2020-11-21,78758
Oregon,2020-11-28,76492
Oregon,2020-12-05,86426
Oregon,2020-12-12,84711
Oregon,2020-12-19,82863
Oregon,2020-12-26,81984
Oregon,2021-01-02,87988
Oregon,2021-01-09,99607
Oregon,2021-01-16,98779
Oregon,2021-01-23,80630
Oregon,2021-01-30,84374
Oregon,2021-02-06,81207
Oregon,2021-02-13,76808
Oregon,2021-02-20,70809
Oregon,2021-02-27,72949
Oregon,2021-03-06,69222
Oregon,2021-03-13,64856
Oregon,2021-03-20,60612
Oregon,2021-03-27,56576
Oregon,2021-04-03,58944
Oregon,2021-04-10,60109
Oregon,2021-04-17,56142
Oregon,2021-04-24,60129
Oregon,2021-05-01,58994
Oregon,2021-05-08,56232
Oregon,2021-05-15,58487
Oregon,2021-05-22,55538
Oregon,2021-05-29,56301
Oregon,2021-06-05,51772
Oregon,2021-06-12,52875
Oregon,2021-06-19,50396
Oregon,2021-06-26,51534
Oregon,2021-07-03,51204
Oregon,2021-07-10,45953
Oregon,2021-07-17,44702
Oregon,2021-07-24,42883
Oregon,2021-07-31,43434
Oregon,2021-08-07,41894
Oregon,2021-08-14,41242
Oregon,2021-08-21,42454
Oregon,2021-08-28,41712
Oregon,2021-09-04,41446
Oregon,2021-09-11,37178
Oregon,2021-09-18,58320
Oregon,2021-09-25,49331
Oregon,2021-10-02,42968
Oregon,2021-10-09,39065
Oregon,2021-10-16,36136
Oregon,2021-10-23,34449
Oregon,2021-10-30,33920
Oregon,2021-11-06,32851
Oregon,2021-11-13,32659
Oregon,2021-11-20,32463
Oregon,2021-11-27,29689
Oregon,2021-12-04,34017
Oregon,2021-12-11,30467
Oregon,2021-12-18,30962
Oregon,2021-12-25,29922
Oregon,2022-01-01,33723
Oregon,2022-01-08,42057
Oregon,2022-01-15,34871
Oregon,2022-01-22,31639
Oregon,2022-01-29,31339
Oregon,2022-02-05,30096
Oregon,2022-02-12,28591
Oregon,2022-02-19,27453
Oregon,2022-02-26,26717
Oregon,2022-03-05,26415
Oregon,2022-03-12,26006
Oregon,2022-03-19,25258
Oregon,2022-03-26,23728
Oregon,2022-04-02,23499
Oregon,2022-04-09,21677
Oregon,2022-04-16,21431
Oregon,2022-04-23,21799
Oregon,2022-04-30,21564
Oregon,2022-05-07,20817
Oregon,2022-05-14,20665
Oregon,2022-05-21,20303
Oregon,2022-05-28,19907
Oregon,2022-06-04,19327
Oregon,2022-06-11,20124
Oregon,2022-06-18,19698
Oregon,2022-06-25,19699
Oregon,2022-07-02,20268
Oregon,2022-07-09,20460
Oregon,2022-07-16,21921
Oregon,2022-07-23,21153
Oregon,2022-07-30,20991
Oregon,2022-08-06,21016
Oregon,2022-08-13,21271
Oregon,2022-08-20,21559
Oregon,2022-08-27,20754
Oregon,2022-09-03,20320
Oregon,2022-09-10,19582
Oregon,2022-09-17,19265
Oregon,2022-09-24,19373
Oregon,2022-10-01,18641
Oregon,2022-10-08,18697
Oregon,2022-10-15,19839
Oregon,2022-10-22,19885
Oregon,2022-10-29,20075
Oregon,2022-11-05,21440
Oregon,2022-11-12,21333
Oregon,2022-11-19,23196
Oregon,2022-11-26,22625
Oregon,2022-12-03,27089
Oregon,2022-12-10,25631
Oregon,2022-12-17,25892
Oregon,2022-12-24,26495
Oregon,2022-12-31,29768
Oregon,2023-01-07,33068
Oregon,2023-01-14,31088
Oregon,2023-01-21,31056
Oregon,2023-01-28,31894
Oregon,2023-02-04,32468
Oregon,2023-02-11,33085
Oregon,2023-02-18,32757
Oregon,2023-02-25,32066
Oregon,2023-03-04,33661
Oregon,2023-03-11,33216
Oregon,2023-03-18,32046
Oregon,2023-03-25,31781
Oregon,2023-04-01,31525
Oregon,2023-04-08,32601
Oregon,2023-04-15,32576
Oregon,2023-04-22,31370
Oregon,2023-04-29,31181
Oregon,2023-05-06,30697
Oregon,2023-05-13,30195
Oregon,2023-05-20,29746
Oregon,2023-05-27,29848
Oregon,2023-06-03,29687
Oregon,2023-06-10,29918
Oregon,2023-06-17,29789
Oregon,2023-06-24,29761
Oregon,2023-07-01,31793
Oregon,2023-07-08,31781
Oregon,2023-07-15,35515
Oregon,2023-07-22,34753
Oregon,2023-07-29,34737
Oregon,2023-08-05,35559
Oregon,2023-08-12,35632
Oregon,2023-08-19,33979
Oregon,2023-08-26,34415
Oregon,2023-09-02,32736
Oregon,2023-09-09,30128
Oregon,2023-09-16,29237
Oregon,2023-09-23,28496
Oregon,2023-09-30,28525
Oregon,2023-10-07,28288
Oregon,2023-10-14,27302
Oregon,2023-10-21,29868
Oregon,2023-10-28,29933
Oregon,2023-11-04,29719
Oregon,2023-11-11,29134
Oregon,2023-11-18,31188
Oregon,2023-11-25,29943
Oregon,2023-12-02,35072
Oregon,2023-12-09,32888
Oregon,2023-12-16,33533
Oregon,2023-12-23,33345
Oregon,2023-12-30,34592
Oregon,2024-01-06,38507
Oregon,2024-01-13,36884
Oregon,2024-01-20,35681
Oregon,2024-01-27,41363
Oregon,2024-02-03,37165
Oregon,2024-02-10,36272
Oregon,2024-02-17,35655
Oregon,2024-02-24,34598
Oregon,2024-03-02,33371
Oregon,2024-03-09,27081
Oregon,2024-03-16,27708
Oregon,2024-03-23,27378
Oregon,2024-03-30,27188
Oregon,2024-04-06,28507
Oregon,2024-04-13,26682
Oregon,2024-04-20,26118
Oregon,2024-04-27,25857
Oregon,2024-05-04,25636
Oregon,2024-05-11,25414
Oregon,2024-05-18,25137
Oregon,2024-05-25,24533
Oregon,2024-06-01,24448
Oregon,2024-06-08,24108
Oregon,2024-06-15,24007
Oregon,2024-06-22,24210
Oregon,2024-06-29,26264
Oregon,2024-07-06,26972
Oregon,2024-07-13,28952
Oregon,2024-07-20,28285
Oregon,2024-07-27,28271
Oregon,2024-08-03,28337
Oregon,2024-08-10,28085
Oregon,2024-08-17,27878
Oregon,2024-08-24,27478
Oregon,2024-08-31,26832
Oregon,2024-09-07,25259
Oregon,2024-09-14,24485
Oregon,2024-09-21,24111
Oregon,2024-09-28,24127
Oregon,2024-10-05,24256
Oregon,2024-10-12,24781
Oregon,2024-10-19,25170
Oregon,2024-10-26,25733
Oregon,2024-11-02,26371
Oregon,2024-11-09,27489
Oregon,2024-11-16,27709
Oregon,2024-11-23,28883
Oregon,2024-11-30,29399
Oregon,2024-12-07,32528
Oregon,2024-12-14,30672
Oregon,2024-12-21,31132
Oregon,2024-12-28,31613
Oregon,2025-01-04,37820
Oregon,2025-01-11,38655
Oregon,2025-01-18,33651
Oregon,2025-01-25,33311
Oregon,2025-02-01,33827
Oregon,2025-02-08,34066
Oregon,2025-02-15,35227
Oregon,2025-02-22,35518
Oregon,2025-03-01,34616
Oregon,2025-03-08,33705
Oregon,2025-03-15,33622
Oregon,2025-03-22,33817
Oregon,2025-03-29,33552
Oregon,2025-04-05,35526
Oregon,2025-04-12,32656
Pennsylvania,2020-01-04,135411
Pennsylvania,2020-01-11,163882
Pennsylvania,2020-01-18,142326
Pennsylvania,2020-01-25,140027
Pennsylvania,2020-02-01,135951
Pennsylvania,2020-02-08,142004
Pennsylvania,2020-02-15,136149
Pennsylvania,2020-02-22,142306
Pennsylvania,2020-02-29,135095
Pennsylvania,2020-03-07,136931
Pennsylvania,2020-03-14,128842
Pennsylvania,2020-03-21,128029
Pennsylvania,2020-03-28,135708
Pennsylvania,2020-04-04,566464
Pennsylvania,2020-04-11,614196
Pennsylvania,2020-04-18,1074660
Pennsylvania,2020-04-25,915249
Pennsylvania,2020-05-02,1233299
Pennsylvania,2020-05-09,1049464
Pennsylvania,2020-05-16,1008886
Pennsylvania,2020-05-23,907252
Pennsylvania,2020-05-30,1019571
Pennsylvania,2020-06-06,846788
Pennsylvania,2020-06-13,913810
Pennsylvania,2020-06-20,748874
Pennsylvania,2020-06-27,809609
Pennsylvania,2020-07-04,651160
Pennsylvania,2020-07-11,815282
Pennsylvania,2020-07-18,670901
Pennsylvania,2020-07-25,753353
Pennsylvania,2020-08-01,633057
Pennsylvania,2020-08-08,673093
Pennsylvania,2020-08-15,593016
Pennsylvania,2020-08-22,629881
Pennsylvania,2020-08-29,561665
Pennsylvania,2020-09-05,582821
Pennsylvania,2020-09-12,542128
Pennsylvania,2020-09-19,541280
Pennsylvania,2020-09-26,482699
Pennsylvania,2020-10-03,447940
Pennsylvania,2020-10-10,399193
Pennsylvania,2020-10-17,363487
Pennsylvania,2020-10-24,334369
Pennsylvania,2020-10-31,310150
Pennsylvania,2020-11-07,368869
Pennsylvania,2020-11-14,283910
Pennsylvania,2020-11-21,305942
Pennsylvania,2020-11-28,264601
Pennsylvania,2020-12-05,318365
Pennsylvania,2020-12-12,313427
Pennsylvania,2020-12-19,332439
Pennsylvania,2020-12-26,300889
Pennsylvania,2021-01-02,371754
Pennsylvania,2021-01-09,358826
Pennsylvania,2021-01-16,348134
Pennsylvania,2021-01-23,320923
Pennsylvania,2021-01-30,341603
Pennsylvania,2021-02-06,318600
Pennsylvania,2021-02-13,324160
Pennsylvania,2021-02-20,316054
Pennsylvania,2021-02-27,308232
Pennsylvania,2021-03-06,302385
Pennsylvania,2021-03-13,287259
Pennsylvania,2021-03-20,273316
Pennsylvania,2021-03-27,249044
Pennsylvania,2021-04-03,228084
Pennsylvania,2021-04-10,224696
Pennsylvania,2021-04-17,210518
Pennsylvania,2021-04-24,218711
Pennsylvania,2021-05-01,214640
Pennsylvania,2021-05-08,212896
Pennsylvania,2021-05-15,209101
Pennsylvania,2021-05-22,205159
Pennsylvania,2021-05-29,205416
Pennsylvania,2021-06-05,206277
Pennsylvania,2021-06-12,127919
Pennsylvania,2021-06-19,173705
Pennsylvania,2021-06-26,159880
Pennsylvania,2021-07-03,169118
Pennsylvania,2021-07-10,163682
Pennsylvania,2021-07-17,183097
Pennsylvania,2021-07-24,159736
Pennsylvania,2021-07-31,103529
Pennsylvania,2021-08-07,110744
Pennsylvania,2021-08-14,123045
Pennsylvania,2021-08-21,116345
Pennsylvania,2021-08-28,114714
Pennsylvania,2021-09-04,108743
Pennsylvania,2021-09-11,98844
Pennsylvania,2021-09-18,101696
Pennsylvania,2021-09-25,119341
Pennsylvania,2021-10-02,123367
Pennsylvania,2021-10-09,119000
Pennsylvania,2021-10-16,100322
Pennsylvania,2021-10-23,103379
Pennsylvania,2021-10-30,91765
Pennsylvania,2021-11-06,96712
Pennsylvania,2021-11-13,95235
Pennsylvania,2021-11-20,105688
Pennsylvania,2021-11-27,80246
Pennsylvania,2021-12-04,100429
Pennsylvania,2021-12-11,85149
Pennsylvania,2021-12-18,80546
Pennsylvania,2021-12-25,80162
Pennsylvania,2022-01-01,84378
Pennsylvania,2022-01-08,99957
Pennsylvania,2022-01-15,94843
Pennsylvania,2022-01-22,95443
Pennsylvania,2022-01-29,103528
Pennsylvania,2022-02-05,105197
Pennsylvania,2022-02-12,97854
Pennsylvania,2022-02-19,101580
Pennsylvania,2022-02-26,97069
Pennsylvania,2022-03-05,96892
Pennsylvania,2022-03-12,98143
Pennsylvania,2022-03-19,91531
Pennsylvania,2022-03-26,86989
Pennsylvania,2022-04-02,80467
Pennsylvania,2022-04-09,80238
Pennsylvania,2022-04-16,71844
Pennsylvania,2022-04-23,71693
Pennsylvania,2022-04-30,72269
Pennsylvania,2022-05-07,59159
Pennsylvania,2022-05-14,66769
Pennsylvania,2022-05-21,64764
Pennsylvania,2022-05-28,69911
Pennsylvania,2022-06-04,72036
Pennsylvania,2022-06-11,74102
Pennsylvania,2022-06-18,76983
Pennsylvania,2022-06-25,79693
Pennsylvania,2022-07-02,77783
Pennsylvania,2022-07-09,82498
Pennsylvania,2022-07-16,86954
Pennsylvania,2022-07-23,82986
Pennsylvania,2022-07-30,81648
Pennsylvania,2022-08-06,86299
Pennsylvania,2022-08-13,80440
Pennsylvania,2022-08-20,85716
Pennsylvania,2022-08-27,73124
Pennsylvania,2022-09-03,67873
Pennsylvania,2022-09-10,60118
Pennsylvania,2022-09-17,66088
Pennsylvania,2022-09-24,55635
Pennsylvania,2022-10-01,55461
Pennsylvania,2022-10-08,57215
Pennsylvania,2022-10-15,54095
Pennsylvania,2022-10-22,56776
Pennsylvania,2022-10-29,57939
Pennsylvania,2022-11-05,58049
Pennsylvania,2022-11-12,58852
Pennsylvania,2022-11-19,62956
Pennsylvania,2022-11-26,61209
Pennsylvania,2022-12-03,74959
Pennsylvania,2022-12-10,76671
Pennsylvania,2022-12-17,77954
Pennsylvania,2022-12-24,80390
Pennsylvania,2022-12-31,85174
Pennsylvania,2023-01-07,100455
Pennsylvania,2023-01-14,98386
Pennsylvania,2023-01-21,97706
Pennsylvania,2023-01-28,99751
Pennsylvania,2023-02-04,102136
Pennsylvania,2023-02-11,102110
Pennsylvania,2023-02-18,100067
Pennsylvania,2023-02-25,100063
Pennsylvania,2023-03-04,100229
Pennsylvania,2023-03-11,97810
Pennsylvania,2023-03-18,94416
Pennsylvania,2023-03-25,93879
Pennsylvania,2023-04-01,92370
Pennsylvania,2023-04-08,85623
Pennsylvania,2023-04-15,81271
Pennsylvania,2023-04-22,76616
Pennsylvania,2023-04-29,73085
Pennsylvania,2023-05-06,72676
Pennsylvania,2023-05-13,72557
Pennsylvania,2023-05-20,72438
Pennsylvania,2023-05-27,73383
Pennsylvania,2023-06-03,73771
Pennsylvania,2023-06-10,78068
Pennsylvania,2023-06-17,84354
Pennsylvania,2023-06-24,90692
Pennsylvania,2023-07-01,96196
Pennsylvania,2023-07-08,93489
Pennsylvania,2023-07-15,102399
Pennsylvania,2023-07-22,100932
Pennsylvania,2023-07-29,101198
Pennsylvania,2023-08-05,103097
Pennsylvania,2023-08-12,104147
Pennsylvania,2023-08-19,103280
Pennsylvania,2023-08-26,102365
Pennsylvania,2023-09-02,94490
Pennsylvania,2023-09-09,84160
Pennsylvania,2023-09-16,81989
Pennsylvania,2023-09-23,79802
Pennsylvania,2023-09-30,78997
Pennsylvania,2023-10-07,75820
Pennsylvania,2023-10-14,77193
Pennsylvania,2023-10-21,78220
Pennsylvania,2023-10-28,79732
Pennsylvania,2023-11-04,80889
Pennsylvania,2023-11-11,82007
Pennsylvania,2023-11-18,86631
Pennsylvania,2023-11-25,85471
Pennsylvania,2023-12-02,99752
Pennsylvania,2023-12-09,99375
Pennsylvania,2023-12-16,100743
Pennsylvania,2023-12-23,103217
Pennsylvania,2023-12-30,106731
Pennsylvania,2024-01-06,126282
Pennsylvania,2024-01-13,117449
Pennsylvania,2024-01-20,117834
Pennsylvania,2024-01-27,124514
Pennsylvania,2024-02-03,121701
Pennsylvania,2024-02-10,119106
Pennsylvania,2024-02-17,118103
Pennsylvania,2024-02-24,117684
Pennsylvania,2024-03-02,117459
Pennsylvania,2024-03-09,115117
Pennsylvania,2024-03-16,111591
Pennsylvania,2024-03-23,107042
Pennsylvania,2024-03-30,102346
Pennsylvania,2024-04-06,102747
Pennsylvania,2024-04-13,99683
Pennsylvania,2024-04-20,90253
Pennsylvania,2024-04-27,86337
Pennsylvania,2024-05-04,83498
Pennsylvania,2024-05-11,83359
Pennsylvania,2024-05-18,84280
Pennsylvania,2024-05-25,84612
Pennsylvania,2024-06-01,84551
Pennsylvania,2024-06-08,88139
Pennsylvania,2024-06-15,93453
Pennsylvania,2024-06-22,100227
Pennsylvania,2024-06-29,106666
Pennsylvania,2024-07-06,104151
Pennsylvania,2024-07-13,111389
Pennsylvania,2024-07-20,108283
Pennsylvania,2024-07-27,108422
Pennsylvania,2024-08-03,108957
Pennsylvania,2024-08-10,108749
Pennsylvania,2024-08-17,108189
Pennsylvania,2024-08-24,105713
Pennsylvania,2024-08-31,98282
Pennsylvania,2024-09-07,86841
Pennsylvania,2024-09-14,83063
Pennsylvania,2024-09-21,80224
Pennsylvania,2024-09-28,78534
Pennsylvania,2024-10-05,78652
Pennsylvania,2024-10-12,78070
Pennsylvania,2024-10-19,78617
Pennsylvania,2024-10-26,80027
Pennsylvania,2024-11-02,80479
Pennsylvania,2024-11-09,80807
Pennsylvania,2024-11-16,82695
Pennsylvania,2024-11-23,85686
Pennsylvania,2024-11-30,87372
Pennsylvania,2024-12-07,101348
Pennsylvania,2024-12-14,101301
Pennsylvania,2024-12-21,102794
Pennsylvania,2024-12-28,101923
Pennsylvania,2025-01-04,125306
Pennsylvania,2025-01-11,131996
Pennsylvania,2025-01-18,119994
Pennsylvania,2025-01-25,120055
Pennsylvania,2025-02-01,126819
Pennsylvania,2025-02-08,120278
Pennsylvania,2025-02-15,118934
Pennsylvania,2025-02-22,118988
Pennsylvania,2025-03-01,119692
Pennsylvania,2025-03-08,114941
Pennsylvania,2025-03-15,111643
Pennsylvania,2025-03-22,105612
Pennsylvania,2025-03-29,100748
Pennsylvania,2025-04-05,97174
Pennsylvania,2025-04-12,92572
Puerto Rico,2020-01-04,17194
Puerto Rico,2020-01-11,15746
Puerto Rico,2020-01-18,22291
Puerto Rico,2020-01-25,22725
Puerto Rico,2020-02-01,23857
Puerto Rico,2020-02-08,23157
Puerto Rico,2020-02-15,21114
Puerto Rico,2020-02-22,20765
Puerto Rico,2020-02-29,19480
Puerto Rico,2020-03-07,18657
Puerto Rico,2020-03-14,18704
Puerto Rico,2020-03-21,15239
Puerto Rico,2020-03-28,16539
Puerto Rico,2020-04-04,47190
Puerto Rico,2020-04-11,86474
Puerto Rico,2020-04-18,109801
Puerto Rico,2020-04-25,153466
Puerto Rico,2020-05-02,142731
Puerto Rico,2020-05-09,164034
Puerto Rico,2020-05-16,152823
Puerto Rico,2020-05-23,194272
Puerto Rico,2020-05-30,162538
Puerto Rico,2020-06-06,180722
Puerto Rico,2020-06-13,175974
Puerto Rico,2020-06-20,196503
Puerto Rico,2020-06-27,217712
Puerto Rico,2020-07-04,229039
Puerto Rico,2020-07-11,223340
Puerto Rico,2020-07-18,211358
Puerto Rico,2020-07-25,202321
Puerto Rico,2020-08-01,164500
Puerto Rico,2020-08-08,186239
Puerto Rico,2020-08-15,164841
Puerto Rico,2020-08-22,138142
Puerto Rico,2020-08-29,143792
Puerto Rico,2020-09-05,121281
Puerto Rico,2020-09-12,121202
Puerto Rico,2020-09-19,110490
Puerto Rico,2020-09-26,105030
Puerto Rico,2020-10-03,90705
Puerto Rico,2020-10-10,80474
Puerto Rico,2020-10-17,63740
Puerto Rico,2020-10-24,65498
Puerto Rico,2020-10-31,59108
Puerto Rico,2020-11-07,48361
Puerto Rico,2020-11-14,47184
Puerto Rico,2020-11-21,47429
Puerto Rico,2020-11-28,38249
Puerto Rico,2020-12-05,48409
Puerto Rico,2020-12-12,45185
Puerto Rico,2020-12-19,64948
Puerto Rico,2020-12-26,67548
Puerto Rico,2021-01-02,36070
Puerto Rico,2021-01-09,48595
Puerto Rico,2021-01-16,46936
Puerto Rico,2021-01-23,40633
Puerto Rico,2021-01-30,36941
Puerto Rico,2021-02-06,32944
Puerto Rico,2021-02-13,31802
Puerto Rico,2021-02-20,28927
Puerto Rico,2021-02-27,32678
Puerto Rico,2021-03-06,27134
Puerto Rico,2021-03-13,29744
Puerto Rico,2021-03-20,41209
Puerto Rico,2021-03-27,50083
Puerto Rico,2021-04-03,30759
Puerto Rico,2021-04-10,27899
Puerto Rico,2021-04-17,25686
Puerto Rico,2021-04-24,23923
Puerto Rico,2021-05-01,35925
Puerto Rico,2021-05-08,37778
Puerto Rico,2021-05-15,35628
Puerto Rico,2021-05-22,36670
Puerto Rico,2021-05-29,33472
Puerto Rico,2021-06-05,28563
Puerto Rico,2021-06-12,31802
Puerto Rico,2021-06-19,32108
Puerto Rico,2021-06-26,37230
Puerto Rico,2021-07-03,39700
Puerto Rico,2021-07-10,38192
Puerto Rico,2021-07-17,41952
Puerto Rico,2021-07-24,41252
Puerto Rico,2021-07-31,38049
Puerto Rico,2021-08-07,39899
Puerto Rico,2021-08-14,39749
Puerto Rico,2021-08-21,38962
Puerto Rico,2021-08-28,39177
Puerto Rico,2021-09-04,36453
Puerto Rico,2021-09-11,35635
Puerto Rico,2021-09-18,38011
Puerto Rico,2021-09-25,36799
Puerto Rico,2021-10-02,35223
Puerto Rico,2021-10-09,34291
Puerto Rico,2021-10-16,29625
Puerto Rico,2021-10-23,34151
Puerto Rico,2021-10-30,30000
Puerto Rico,2021-11-06,27851
Puerto Rico,2021-11-13,21802
Puerto Rico,2021-11-20,21408
Puerto Rico,2021-11-27,18306
Puerto Rico,2021-12-04,21278
Puerto Rico,2021-12-11,20423
Puerto Rico,2021-12-18,21441
Puerto Rico,2021-12-25,16155
Puerto Rico,2022-01-01,11213
Puerto Rico,2022-01-08,14896
Puerto Rico,2022-01-15,17287
Puerto Rico,2022-01-22,16342
Puerto Rico,2022-01-29,17089
Puerto Rico,2022-02-05,16903
Puerto Rico,2022-02-12,15494
Puerto Rico,2022-02-19,14959
Puerto Rico,2022-02-26,11645
Puerto Rico,2022-03-05,12816
Puerto Rico,2022-03-12,14887
Puerto Rico,2022-03-19,12830
Puerto Rico,2022-03-26,12857
Puerto Rico,2022-04-02,13983
Puerto Rico,2022-04-09,10931
Puerto Rico,2022-04-16,10686
Puerto Rico,2022-04-23,12685
Puerto Rico,2022-04-30,13168
Puerto Rico,2022-05-07,11591
Puerto Rico,2022-05-14,12033
Puerto Rico,2022-05-21,12007
Puerto Rico,2022-05-28,11646
Puerto Rico,2022-06-04,11207
Puerto Rico,2022-06-11,13518
Puerto Rico,2022-06-18,13687
Puerto Rico,2022-06-25,15915
Puerto Rico,2022-07-02,15803
Puerto Rico,2022-07-09,17758
Puerto Rico,2022-07-16,18070
Puerto Rico,2022-07-23,19261
Puerto Rico,2022-07-30,17216
Puerto Rico,2022-08-06,19416
Puerto Rico,2022-08-13,18505
Puerto Rico,2022-08-20,16902
Puerto Rico,2022-08-27,14606
Puerto Rico,2022-09-03,14378
Puerto Rico,2022-09-10,13629
Puerto Rico,2022-09-17,14555
Puerto Rico,2022-09-24,6958
Puerto Rico,2022-10-01,17559
Puerto Rico,2022-10-08,8575
Puerto Rico,2022-10-15,21705
Puerto Rico,2022-10-22,17955
Puerto Rico,2022-10-29,16584
Puerto Rico,2022-11-05,18062
Puerto Rico,2022-11-12,15752
Puerto Rico,2022-11-19,18675
Puerto Rico,2022-11-26,15822
Puerto Rico,2022-12-03,17377
Puerto Rico,2022-12-10,18619
Puerto Rico,2022-12-17,17354
Puerto Rico,2022-12-24,16328
Puerto Rico,2022-12-31,16210
Puerto Rico,2023-01-07,17432
Puerto Rico,2023-01-14,18290
Puerto Rico,2023-01-21,18870
Puerto Rico,2023-01-28,17913
Puerto Rico,2023-02-04,17823
Puerto Rico,2023-02-11,17682
Puerto Rico,2023-02-18,16815
Puerto Rico,2023-02-25,16244
Puerto Rico,2023-03-04,15643
Puerto Rico,2023-03-11,16972
Puerto Rico,2023-03-18,13862
Puerto Rico,2023-03-25,15230
Puerto Rico,2023-04-01,16135
Puerto Rico,2023-04-08,13818
Puerto Rico,2023-04-15,14766
Puerto Rico,2023-04-22,14431
Puerto Rico,2023-04-29,14456
Puerto Rico,2023-05-06,13283
Puerto Rico,2023-05-13,13422
Puerto Rico,2023-05-20,14167
Puerto Rico,2023-05-27,13695
Puerto Rico,2023-06-03,13629
Puerto Rico,2023-06-10,14171
Puerto Rico,2023-06-17,15800
Puerto Rico,2023-06-24,19193
Puerto Rico,2023-07-01,19424
Puerto Rico,2023-07-08,21203
Puerto Rico,2023-07-15,21568
Puerto Rico,2023-07-22,23915
Puerto Rico,2023-07-29,20128
Puerto Rico,2023-08-05,23359
Puerto Rico,2023-08-12,22098
Puerto Rico,2023-08-19,19818
Puerto Rico,2023-08-26,18677
Puerto Rico,2023-09-02,17252
Puerto Rico,2023-09-09,16933
Puerto Rico,2023-09-16,16647
Puerto Rico,2023-09-23,16696
Puerto Rico,2023-09-30,16888
Puerto Rico,2023-10-07,16593
Puerto Rico,2023-10-14,16500
Puerto Rico,2023-10-21,17406
Puerto Rico,2023-10-28,16992
Puerto Rico,2023-11-04,17008
Puerto Rico,2023-11-11,16927
Puerto Rico,2023-11-18,15496
Puerto Rico,2023-11-25,15546
Puerto Rico,2023-12-02,17116
Puerto Rico,2023-12-09,17633
Puerto Rico,2023-12-16,17232
Puerto Rico,2023-12-23,16363
Puerto Rico,2023-12-30,16579
Puerto Rico,2024-01-06,16176
Puerto Rico,2024-01-13,20133
Puerto Rico,2024-01-20,18811
Puerto Rico,2024-01-27,18576
Puerto Rico,2024-02-03,16868
Puerto Rico,2024-02-10,16331
Puerto Rico,2024-02-17,15705
Puerto Rico,2024-02-24,15409
Puerto Rico,2024-03-02,15907
Puerto Rico,2024-03-09,15723
Puerto Rico,2024-03-16,15461
Puerto Rico,2024-03-23,14217
Puerto Rico,2024-03-30,14127
Puerto Rico,2024-04-06,14482
Puerto Rico,2024-04-13,14689
Puerto Rico,2024-04-20,13786
Puerto Rico,2024-04-27,13223
Puerto Rico,2024-05-04,12853
Puerto Rico,2024-05-11,13465
Puerto Rico,2024-05-18,13151
Puerto Rico,2024-05-25,12655
Puerto Rico,2024-06-01,12811
Puerto Rico,2024-06-08,12769
Puerto Rico,2024-06-15,14148
Puerto Rico,2024-06-22,17057
Puerto Rico,2024-06-29,18828
Puerto Rico,2024-07-06,17953
Puerto Rico,2024-07-13,21913
Puerto Rico,2024-07-20,22426
Puerto Rico,2024-07-27,22256
Puerto Rico,2024-08-03,23148
Puerto Rico,2024-08-10,23841
Puerto Rico,2024-08-17,19091
Puerto Rico,2024-08-24,21369
Puerto Rico,2024-08-31,18239
Puerto Rico,2024-09-07,17472
Puerto Rico,2024-09-14,17937
Puerto Rico,2024-09-21,17468
Puerto Rico,2024-09-28,17660
Puerto Rico,2024-10-05,16634
Puerto Rico,2024-10-12,17310
Puerto Rico,2024-10-19,16930
Puerto Rico,2024-10-26,16799
Puerto Rico,2024-11-02,17208
Puerto Rico,2024-11-09,17400
Puerto Rico,2024-11-16,16882
Puerto Rico,2024-11-23,17949
Puerto Rico,2024-11-30,16398
Puerto Rico,2024-12-07,17022
Puerto Rico,2024-12-14,17577
Puerto Rico,2024-12-21,15063
Puerto Rico,2024-12-28,13738
Puerto Rico,2025-01-04,15369
Puerto Rico,2025-01-11,18736
Puerto Rico,2025-01-18,19501
Puerto Rico,2025-01-25,18232
Puerto Rico,2025-02-01,17644
Puerto Rico,2025-02-08,16712
Puerto Rico,2025-02-15,16125
Puerto Rico,2025-02-22,15911
Puerto Rico,2025-03-01,16433
Puerto Rico,2025-03-08,15284
Puerto Rico,2025-03-15,15467
Puerto Rico,2025-03-22,12914
Puerto Rico,2025-03-29,15173
Puerto Rico,2025-04-05,15135
Puerto Rico,2025-04-12,15674
Rhode Island,2020-01-04,12109
Rhode Island,2020-01-11,12299
Rhode Island,2020-01-18,10987
Rhode Island,2020-01-25,10750
Rhode Island,2020-02-01,11042
Rhode Island,2020-02-08,11051
Rhode Island,2020-02-15,11164
Rhode Island,2020-02-22,11199
Rhode Island,2020-02-29,12384
Rhode Island,2020-03-07,11130
Rhode Island,2020-03-14,10692
Rhode Island,2020-03-21,10857
Rhode Island,2020-03-28,31847
Rhode Island,2020-04-04,56038
Rhode Island,2020-04-11,70935
Rhode Island,2020-04-18,79140
Rhode Island,2020-04-25,96663
Rhode Island,2020-05-02,97573
Rhode Island,2020-05-09,94083
Rhode Island,2020-05-16,89247
Rhode Island,2020-05-23,87966
Rhode Island,2020-05-30,78496
Rhode Island,2020-06-06,76946
Rhode Island,2020-06-13,73083
Rhode Island,2020-06-20,69236
Rhode Island,2020-06-27,67100
Rhode Island,2020-07-04,66304
Rhode Island,2020-07-11,65377
Rhode Island,2020-07-18,63177
Rhode Island,2020-07-25,63285
Rhode Island,2020-08-01,60470
Rhode Island,2020-08-08,55965
Rhode Island,2020-08-15,51095
Rhode Island,2020-08-22,49423
Rhode Island,2020-08-29,47405
Rhode Island,2020-09-05,44829
Rhode Island,2020-09-12,45841
Rhode Island,2020-09-19,38774
Rhode Island,2020-09-26,31964
Rhode Island,2020-10-03,26879
Rhode Island,2020-10-10,22523
Rhode Island,2020-10-17,19638
Rhode Island,2020-10-24,17947
Rhode Island,2020-10-31,16470
Rhode Island,2020-11-07,15766
Rhode Island,2020-11-14,14945
Rhode Island,2020-11-21,15459
Rhode Island,2020-11-28,14707
Rhode Island,2020-12-05,15849
Rhode Island,2020-12-12,17645
Rhode Island,2020-12-19,19264
Rhode Island,2020-12-26,19829
Rhode Island,2021-01-02,20920
Rhode Island,2021-01-09,23015
Rhode Island,2021-01-16,23980
Rhode Island,2021-01-23,23731
Rhode Island,2021-01-30,25483
Rhode Island,2021-02-06,27681
Rhode Island,2021-02-13,28311
Rhode Island,2021-02-20,23153
Rhode Island,2021-02-27,22155
Rhode Island,2021-03-06,20590
Rhode Island,2021-03-13,19307
Rhode Island,2021-03-20,17951
Rhode Island,2021-03-27,17675
Rhode Island,2021-04-03,17941
Rhode Island,2021-04-10,17887
Rhode Island,2021-04-17,17786
Rhode Island,2021-04-24,17864
Rhode Island,2021-05-01,20379
Rhode Island,2021-05-08,19151
Rhode Island,2021-05-15,19989
Rhode Island,2021-05-22,20387
Rhode Island,2021-05-29,19879
Rhode Island,2021-06-05,19972
Rhode Island,2021-06-12,21379
Rhode Island,2021-06-19,22534
Rhode Island,2021-06-26,20403
Rhode Island,2021-07-03,18572
Rhode Island,2021-07-10,17064
Rhode Island,2021-07-17,16358
Rhode Island,2021-07-24,17138
Rhode Island,2021-07-31,13812
Rhode Island,2021-08-07,13642
Rhode Island,2021-08-14,13022
Rhode Island,2021-08-21,13363
Rhode Island,2021-08-28,13135
Rhode Island,2021-09-04,12553
Rhode Island,2021-09-11,11571
Rhode Island,2021-09-18,10208
Rhode Island,2021-09-25,9487
Rhode Island,2021-10-02,9213
Rhode Island,2021-10-09,8844
Rhode Island,2021-10-16,8360
Rhode Island,2021-10-23,8231
Rhode Island,2021-10-30,8037
Rhode Island,2021-11-06,7863
Rhode Island,2021-11-13,7563
Rhode Island,2021-11-20,7319
Rhode Island,2021-11-27,6912
Rhode Island,2021-12-04,7302
Rhode Island,2021-12-11,7158
Rhode Island,2021-12-18,7341
Rhode Island,2021-12-25,7780
Rhode Island,2022-01-01,8981
Rhode Island,2022-01-08,10978
Rhode Island,2022-01-15,10870
Rhode Island,2022-01-22,10766
Rhode Island,2022-01-29,11032
Rhode Island,2022-02-05,10669
Rhode Island,2022-02-12,10745
Rhode Island,2022-02-19,10597
Rhode Island,2022-02-26,10508
Rhode Island,2022-03-05,11894
Rhode Island,2022-03-12,10232
Rhode Island,2022-03-19,9741
Rhode Island,2022-03-26,9119
Rhode Island,2022-04-02,8404
Rhode Island,2022-04-09,7604
Rhode Island,2022-04-16,6944
Rhode Island,2022-04-23,6381
Rhode Island,2022-04-30,7960
Rhode Island,2022-05-07,6087
Rhode Island,2022-05-14,5753
Rhode Island,2022-05-21,5508
Rhode Island,2022-05-28,5546
Rhode Island,2022-06-04,5493
Rhode Island,2022-06-11,5624
Rhode Island,2022-06-18,5613
Rhode Island,2022-06-25,5808
Rhode Island,2022-07-02,6984
Rhode Island,2022-07-09,7746
Rhode Island,2022-07-16,8375
Rhode Island,2022-07-23,8210
Rhode Island,2022-07-30,8084
Rhode Island,2022-08-06,8278
Rhode Island,2022-08-13,8267
Rhode Island,2022-08-20,8073
Rhode Island,2022-08-27,8071
Rhode Island,2022-09-03,8012
Rhode Island,2022-09-10,6516
Rhode Island,2022-09-17,5609
Rhode Island,2022-09-24,5394
Rhode Island,2022-10-01,5467
Rhode Island,2022-10-08,5301
Rhode Island,2022-10-15,5215
Rhode Island,2022-10-22,5255
Rhode Island,2022-10-29,5087
Rhode Island,2022-11-05,5839
Rhode Island,2022-11-12,5378
Rhode Island,2022-11-19,5678
Rhode Island,2022-11-26,5762
Rhode Island,2022-12-03,6501
Rhode Island,2022-12-10,6686
Rhode Island,2022-12-17,7126
Rhode Island,2022-12-24,7698
Rhode Island,2022-12-31,8458
Rhode Island,2023-01-07,11180
Rhode Island,2023-01-14,11229
Rhode Island,2023-01-21,11227
Rhode Island,2023-01-28,11275
Rhode Island,2023-02-04,11714
Rhode Island,2023-02-11,11631
Rhode Island,2023-02-18,11506
Rhode Island,2023-02-25,11760
Rhode Island,2023-03-04,13477
Rhode Island,2023-03-11,11582
Rhode Island,2023-03-18,11205
Rhode Island,2023-03-25,10893
Rhode Island,2023-04-01,10278
Rhode Island,2023-04-08,9562
Rhode Island,2023-04-15,8801
Rhode Island,2023-04-22,9915
Rhode Island,2023-04-29,7705
Rhode Island,2023-05-06,7322
Rhode Island,2023-05-13,7042
Rhode Island,2023-05-20,6936
Rhode Island,2023-05-27,6974
Rhode Island,2023-06-03,6824
Rhode Island,2023-06-10,6873
Rhode Island,2023-06-17,6964
Rhode Island,2023-06-24,7055
Rhode Island,2023-07-01,8485
Rhode Island,2023-07-08,9441
Rhode Island,2023-07-15,10261
Rhode Island,2023-07-22,10147
Rhode Island,2023-07-29,9691
Rhode Island,2023-08-05,9521
Rhode Island,2023-08-12,9756
Rhode Island,2023-08-19,9632
Rhode Island,2023-08-26,9784
Rhode Island,2023-09-02,9879
Rhode Island,2023-09-09,8567
Rhode Island,2023-09-16,7592
Rhode Island,2023-09-23,6902
Rhode Island,2023-09-30,6870
Rhode Island,2023-10-07,6875
Rhode Island,2023-10-14,6857
Rhode Island,2023-10-21,6922
Rhode Island,2023-10-28,6985
Rhode Island,2023-11-04,7073
Rhode Island,2023-11-11,7112
Rhode Island,2023-11-18,7354
Rhode Island,2023-11-25,7350
Rhode Island,2023-12-02,8195
Rhode Island,2023-12-09,8288
Rhode Island,2023-12-16,8510
Rhode Island,2023-12-23,9137
Rhode Island,2023-12-30,9918
Rhode Island,2024-01-06,13034
Rhode Island,2024-01-13,12456
Rhode Island,2024-01-20,12455
Rhode Island,2024-01-27,12745
Rhode Island,2024-02-03,12891
Rhode Island,2024-02-10,12883
Rhode Island,2024-02-17,12729
Rhode Island,2024-02-24,12852
Rhode Island,2024-03-02,14540
Rhode Island,2024-03-09,12680
Rhode Island,2024-03-16,12243
Rhode Island,2024-03-23,11912
Rhode Island,2024-03-30,11428
Rhode Island,2024-04-06,10777
Rhode Island,2024-04-13,9980
Rhode Island,2024-04-20,9059
Rhode Island,2024-04-27,10624
Rhode Island,2024-05-04,8446
Rhode Island,2024-05-11,8020
Rhode Island,2024-05-18,7762
Rhode Island,2024-05-25,7758
Rhode Island,2024-06-01,7701
Rhode Island,2024-06-08,7841
Rhode Island,2024-06-15,7816
Rhode Island,2024-06-22,8155
Rhode Island,2024-06-29,9394
Rhode Island,2024-07-06,10329
Rhode Island,2024-07-13,11683
Rhode Island,2024-07-20,11192
Rhode Island,2024-07-27,11181
Rhode Island,2024-08-03,10996
Rhode Island,2024-08-10,11046
Rhode Island,2024-08-17,10792
Rhode Island,2024-08-24,10824
Rhode Island,2024-08-31,10911
Rhode Island,2024-09-07,9583
Rhode Island,2024-09-14,8361
Rhode Island,2024-09-21,7677
Rhode Island,2024-09-28,7674
Rhode Island,2024-10-05,7594
Rhode Island,2024-10-12,7561
Rhode Island,2024-10-19,7541
Rhode Island,2024-10-26,7725
Rhode Island,2024-11-02,7541
Rhode Island,2024-11-09,7632
Rhode Island,2024-11-16,7874
Rhode Island,2024-11-23,8235
Rhode Island,2024-11-30,8545
Rhode Island,2024-12-07,9142
Rhode Island,2024-12-14,9434
Rhode Island,2024-12-21,10118
Rhode Island,2024-12-28,10754
Rhode Island,2025-01-04,14085
Rhode Island,2025-01-11,15448
Rhode Island,2025-01-18,13930
Rhode Island,2025-01-25,13525
Rhode Island,2025-02-01,14010
Rhode Island,2025-02-08,13958
Rhode Island,2025-02-15,14032
Rhode Island,2025-02-22,14072
Rhode Island,2025-03-01,16151
Rhode Island,2025-03-08,14254
Rhode Island,2025-03-15,13741
Rhode Island,2025-03-22,13279
Rhode Island,2025-03-29,12877
Rhode Island,2025-04-05,11992
Rhode Island,2025-04-12,11289
South Carolina,2020-01-04,18922
South Carolina,2020-01-11,21587
South Carolina,2020-01-18,18780
South Carolina,2020-01-25,17113
South Carolina,2020-02-01,17061
South Carolina,2020-02-08,16669
South Carolina,2020-02-15,16547
South Carolina,2020-02-22,16239
South Carolina,2020-02-29,15779
South Carolina,2020-03-07,15341
South Carolina,2020-03-14,15032
South Carolina,2020-03-21,15111
South Carolina,2020-03-28,30341
South Carolina,2020-04-04,75521
South Carolina,2020-04-11,126994
South Carolina,2020-04-18,179769
South Carolina,2020-04-25,240956
South Carolina,2020-05-02,260409
South Carolina,2020-05-09,268701
South Carolina,2020-05-16,256676
South Carolina,2020-05-23,241793
South Carolina,2020-05-30,214814
South Carolina,2020-06-06,212570
South Carolina,2020-06-13,200903
South Carolina,2020-06-20,198224
South Carolina,2020-06-27,197125
South Carolina,2020-07-04,187282
South Carolina,2020-07-11,201097
South Carolina,2020-07-18,200340
South Carolina,2020-07-25,197886
South Carolina,2020-08-01,191064
South Carolina,2020-08-08,170983
South Carolina,2020-08-15,161012
South Carolina,2020-08-22,143801
South Carolina,2020-08-29,128226
South Carolina,2020-09-05,115428
South Carolina,2020-09-12,101456
South Carolina,2020-09-19,94304
South Carolina,2020-09-26,85052
South Carolina,2020-10-03,75968
South Carolina,2020-10-10,70120
South Carolina,2020-10-17,66012
South Carolina,2020-10-24,61400
South Carolina,2020-10-31,55863
South Carolina,2020-11-07,52316
South Carolina,2020-11-14,49008
South Carolina,2020-11-21,46887
South Carolina,2020-11-28,41769
South Carolina,2020-12-05,46371
South Carolina,2020-12-12,42376
South Carolina,2020-12-19,40878
South Carolina,2020-12-26,40354
South Carolina,2021-01-02,46633
South Carolina,2021-01-09,51045
South Carolina,2021-01-16,49090
South Carolina,2021-01-23,47506
South Carolina,2021-01-30,49950
South Carolina,2021-02-06,47634
South Carolina,2021-02-13,45666
South Carolina,2021-02-20,42674
South Carolina,2021-02-27,43518
South Carolina,2021-03-06,41899
South Carolina,2021-03-13,38746
South Carolina,2021-03-20,36365
South Carolina,2021-03-27,34470
South Carolina,2021-04-03,37421
South Carolina,2021-04-10,38434
South Carolina,2021-04-17,39810
South Carolina,2021-04-24,40844
South Carolina,2021-05-01,39552
South Carolina,2021-05-08,39328
South Carolina,2021-05-15,38176
South Carolina,2021-05-22,38107
South Carolina,2021-05-29,38379
South Carolina,2021-06-05,34192
South Carolina,2021-06-12,36842
South Carolina,2021-06-19,33305
South Carolina,2021-06-26,33489
South Carolina,2021-07-03,32389
South Carolina,2021-07-10,46007
South Carolina,2021-07-17,42714
South Carolina,2021-07-24,37023
South Carolina,2021-07-31,36016
South Carolina,2021-08-07,34672
South Carolina,2021-08-14,32394
South Carolina,2021-08-21,30621
South Carolina,2021-08-28,30621
South Carolina,2021-09-04,26864
South Carolina,2021-09-11,26145
South Carolina,2021-09-18,24474
South Carolina,2021-09-25,22281
South Carolina,2021-10-02,20659
South Carolina,2021-10-09,19307
South Carolina,2021-10-16,17761
South Carolina,2021-10-23,16249
South Carolina,2021-10-30,14870
South Carolina,2021-11-06,13435
South Carolina,2021-11-13,12598
South Carolina,2021-11-20,13154
South Carolina,2021-11-27,11281
South Carolina,2021-12-04,12702
South Carolina,2021-12-11,11475
South Carolina,2021-12-18,11434
South Carolina,2021-12-25,11031
South Carolina,2022-01-01,14185
South Carolina,2022-01-08,16153
South Carolina,2022-01-15,14134
South Carolina,2022-01-22,12063
South Carolina,2022-01-29,12197
South Carolina,2022-02-05,12352
South Carolina,2022-02-12,11585
South Carolina,2022-02-19,11098
South Carolina,2022-02-26,10270
South Carolina,2022-03-05,10057
South Carolina,2022-03-12,9462
South Carolina,2022-03-19,9617
South Carolina,2022-03-26,9174
South Carolina,2022-04-02,8830
South Carolina,2022-04-09,8794
South Carolina,2022-04-16,8761
South Carolina,2022-04-23,9510
South Carolina,2022-04-30,9482
South Carolina,2022-05-07,9336
South Carolina,2022-05-14,9527
South Carolina,2022-05-21,9999
South Carolina,2022-05-28,10296
South Carolina,2022-06-04,10335
South Carolina,2022-06-11,11583
South Carolina,2022-06-18,11735
South Carolina,2022-06-25,11381
South Carolina,2022-07-02,11373
South Carolina,2022-07-09,11424
South Carolina,2022-07-16,14275
South Carolina,2022-07-23,12755
South Carolina,2022-07-30,12998
South Carolina,2022-08-06,13600
South Carolina,2022-08-13,12718
South Carolina,2022-08-20,12399
South Carolina,2022-08-27,12057
South Carolina,2022-09-03,11872
South Carolina,2022-09-10,11567
South Carolina,2022-09-17,12024
South Carolina,2022-09-24,11252
South Carolina,2022-10-01,10537
South Carolina,2022-10-08,10536
South Carolina,2022-10-15,10753
South Carolina,2022-10-22,11252
South Carolina,2022-10-29,10503
South Carolina,2022-11-05,10883
South Carolina,2022-11-12,10622
South Carolina,2022-11-19,11395
South Carolina,2022-11-26,11269
South Carolina,2022-12-03,12436
South Carolina,2022-12-10,12181
South Carolina,2022-12-17,12444
South Carolina,2022-12-24,12450
South Carolina,2022-12-31,14276
South Carolina,2023-01-07,17626
South Carolina,2023-01-14,15110
South Carolina,2023-01-21,14018
South Carolina,2023-01-28,13867
South Carolina,2023-02-04,13616
South Carolina,2023-02-11,13847
South Carolina,2023-02-18,13504
South Carolina,2023-02-25,13010
South Carolina,2023-03-04,12778
South Carolina,2023-03-11,12494
South Carolina,2023-03-18,12921
South Carolina,2023-03-25,12595
South Carolina,2023-04-01,12711
South Carolina,2023-04-08,12198
South Carolina,2023-04-15,13413
South Carolina,2023-04-22,13215
South Carolina,2023-04-29,13104
South Carolina,2023-05-06,12267
South Carolina,2023-05-13,12152
South Carolina,2023-05-20,12870
South Carolina,2023-05-27,12991
South Carolina,2023-06-03,13291
South Carolina,2023-06-10,14945
South Carolina,2023-06-17,14020
South Carolina,2023-06-24,14450
South Carolina,2023-07-01,14615
South Carolina,2023-07-08,14715
South Carolina,2023-07-15,18036
South Carolina,2023-07-22,15417
South Carolina,2023-07-29,15285
South Carolina,2023-08-05,15477
South Carolina,2023-08-12,14802
South Carolina,2023-08-19,14615
South Carolina,2023-08-26,13940
South Carolina,2023-09-02,13449
South Carolina,2023-09-09,13423
South Carolina,2023-09-16,14253
South Carolina,2023-09-23,13058
South Carolina,2023-09-30,12990
South Carolina,2023-10-07,12680
South Carolina,2023-10-14,12805
South Carolina,2023-10-21,13120
South Carolina,2023-10-28,12958
South Carolina,2023-11-04,13243
South Carolina,2023-11-11,13129
South Carolina,2023-11-18,13287
South Carolina,2023-11-25,12851
South Carolina,2023-12-02,15392
South Carolina,2023-12-09,13617
South Carolina,2023-12-16,13815
South Carolina,2023-12-23,13724
South Carolina,2023-12-30,15088
South Carolina,2024-01-06,19067
South Carolina,2024-01-13,16268
South Carolina,2024-01-20,14978
South Carolina,2024-01-27,15407
South Carolina,2024-02-03,15336
South Carolina,2024-02-10,15049
South Carolina,2024-02-17,14860
South Carolina,2024-02-24,14519
South Carolina,2024-03-02,13990
South Carolina,2024-03-09,13723
South Carolina,2024-03-16,13622
South Carolina,2024-03-23,13264
South Carolina,2024-03-30,13183
South Carolina,2024-04-06,13582
South Carolina,2024-04-13,13710
South Carolina,2024-04-20,13600
South Carolina,2024-04-27,13421
South Carolina,2024-05-04,13223
South Carolina,2024-05-11,13131
South Carolina,2024-05-18,13618
South Carolina,2024-05-25,13713
South Carolina,2024-06-01,13977
South Carolina,2024-06-08,14743
South Carolina,2024-06-15,15073
South Carolina,2024-06-22,15430
South Carolina,2024-06-29,15885
South Carolina,2024-07-06,15833
South Carolina,2024-07-13,19440
South Carolina,2024-07-20,17726
South Carolina,2024-07-27,17152
South Carolina,2024-08-03,16572
South Carolina,2024-08-10,16137
South Carolina,2024-08-17,16216
South Carolina,2024-08-24,14902
South Carolina,2024-08-31,14395
South Carolina,2024-09-07,14114
South Carolina,2024-09-14,14408
South Carolina,2024-09-21,13638
South Carolina,2024-09-28,13353
South Carolina,2024-10-05,13131
South Carolina,2024-10-12,14524
South Carolina,2024-10-19,13988
South Carolina,2024-10-26,13821
South Carolina,2024-11-02,13654
South Carolina,2024-11-09,13519
South Carolina,2024-11-16,13634
South Carolina,2024-11-23,13875
South Carolina,2024-11-30,13530
South Carolina,2024-12-07,15239
South Carolina,2024-12-14,14030
South Carolina,2024-12-21,14232
South Carolina,2024-12-28,14559
South Carolina,2025-01-04,18634
South Carolina,2025-01-11,20083
South Carolina,2025-01-18,16893
South Carolina,2025-01-25,15720
South Carolina,2025-02-01,16311
South Carolina,2025-02-08,15370
South Carolina,2025-02-15,15232
South Carolina,2025-02-22,15073
South Carolina,2025-03-01,14929
South Carolina,2025-03-08,14361
South Carolina,2025-03-15,14384
South Carolina,2025-03-22,14101
South Carolina,2025-03-29,14009
South Carolina,2025-04-05,13918
South Carolina,2025-04-12,13865
South Dakota,2020-01-04,2798
South Dakota,2020-01-11,2970
South Dakota,2020-01-18,2995
South Dakota,2020-01-25,3071
South Dakota,2020-02-01,3155
South Dakota,2020-02-08,3117
South Dakota,2020-02-15,3196
South Dakota,2020-02-22,3164
South Dakota,2020-02-29,3116
South Dakota,2020-03-07,3059
South Dakota,2020-03-14,2870
South Dakota,2020-03-21,2674
South Dakota,2020-03-28,3538
South Dakota,2020-04-04,7568
South Dakota,2020-04-11,14431
South Dakota,2020-04-18,19664
South Dakota,2020-04-25,22707
South Dakota,2020-05-02,23791
South Dakota,2020-05-09,23388
South Dakota,2020-05-16,25186
South Dakota,2020-05-23,22454
South Dakota,2020-05-30,19629
South Dakota,2020-06-06,20573
South Dakota,2020-06-13,18649
South Dakota,2020-06-20,17163
South Dakota,2020-06-27,17142
South Dakota,2020-07-04,15942
South Dakota,2020-07-11,18722
South Dakota,2020-07-18,16600
South Dakota,2020-07-25,15643
South Dakota,2020-08-01,15464
South Dakota,2020-08-08,14715
South Dakota,2020-08-15,8949
South Dakota,2020-08-22,9117
South Dakota,2020-08-29,10778
South Dakota,2020-09-05,9165
South Dakota,2020-09-12,6673
South Dakota,2020-09-19,6950
South Dakota,2020-09-26,6167
South Dakota,2020-10-03,5078
South Dakota,2020-10-10,5469
South Dakota,2020-10-17,4320
South Dakota,2020-10-24,4539
South Dakota,2020-10-31,3813
South Dakota,2020-11-07,3856
South Dakota,2020-11-14,3480
South Dakota,2020-11-21,3837
South Dakota,2020-11-28,3015
South Dakota,2020-12-05,3924
South Dakota,2020-12-12,3844
South Dakota,2020-12-19,4226
South Dakota,2020-12-26,3684
South Dakota,2021-01-02,4746
South Dakota,2021-01-09,6199
South Dakota,2021-01-16,5675
South Dakota,2021-01-23,4916
South Dakota,2021-01-30,5356
South Dakota,2021-02-06,5579
South Dakota,2021-02-13,5661
South Dakota,2021-02-20,5499
South Dakota,2021-02-27,5966
South Dakota,2021-03-06,5671
South Dakota,2021-03-13,4952
South Dakota,2021-03-20,4827
South Dakota,2021-03-27,4849
South Dakota,2021-04-03,3742
South Dakota,2021-04-10,3138
South Dakota,2021-04-17,3094
South Dakota,2021-04-24,2948
South Dakota,2021-05-01,3202
South Dakota,2021-05-08,2639
South Dakota,2021-05-15,2523
South Dakota,2021-05-22,2483
South Dakota,2021-05-29,2165
South Dakota,2021-06-05,1594
South Dakota,2021-06-12,1965
South Dakota,2021-06-19,2473
South Dakota,2021-06-26,1724
South Dakota,2021-07-03,1668
South Dakota,2021-07-10,1580
South Dakota,2021-07-17,1595
South Dakota,2021-07-24,1378
South Dakota,2021-07-31,4297
South Dakota,2021-08-07,1565
South Dakota,2021-08-14,1491
South Dakota,2021-08-21,1580
South Dakota,2021-08-28,1425
South Dakota,2021-09-04,1366
South Dakota,2021-09-11,1104
South Dakota,2021-09-18,1003
South Dakota,2021-09-25,838
South Dakota,2021-10-02,734
South Dakota,2021-10-09,706
South Dakota,2021-10-16,655
South Dakota,2021-10-23,724
South Dakota,2021-10-30,771
South Dakota,2021-11-06,1015
South Dakota,2021-11-13,899
South Dakota,2021-11-20,1009
South Dakota,2021-11-27,880
South Dakota,2021-12-04,1364
South Dakota,2021-12-11,1310
South Dakota,2021-12-18,1556
South Dakota,2021-12-25,1718
South Dakota,2022-01-01,2111
South Dakota,2022-01-08,2596
South Dakota,2022-01-15,2724
South Dakota,2022-01-22,2705
South Dakota,2022-01-29,2845
South Dakota,2022-02-05,2835
South Dakota,2022-02-12,2811
South Dakota,2022-02-19,2700
South Dakota,2022-02-26,2672
South Dakota,2022-03-05,2793
South Dakota,2022-03-12,2642
South Dakota,2022-03-19,2510
South Dakota,2022-03-26,2269
South Dakota,2022-04-02,1973
South Dakota,2022-04-09,1770
South Dakota,2022-04-16,1481
South Dakota,2022-04-23,1311
South Dakota,2022-04-30,1068
South Dakota,2022-05-07,941
South Dakota,2022-05-14,760
South Dakota,2022-05-21,712
South Dakota,2022-05-28,681
South Dakota,2022-06-04,632
South Dakota,2022-06-11,734
South Dakota,2022-06-18,738
South Dakota,2022-06-25,720
South Dakota,2022-07-02,717
South Dakota,2022-07-09,719
South Dakota,2022-07-16,786
South Dakota,2022-07-23,765
South Dakota,2022-07-30,789
South Dakota,2022-08-06,789
South Dakota,2022-08-13,782
South Dakota,2022-08-20,673
South Dakota,2022-08-27,666
South Dakota,2022-09-03,551
South Dakota,2022-09-10,513
South Dakota,2022-09-17,510
South Dakota,2022-09-24,631
South Dakota,2022-10-01,656
South Dakota,2022-10-08,556
South Dakota,2022-10-15,521
South Dakota,2022-10-22,601
South Dakota,2022-10-29,590
South Dakota,2022-11-05,671
South Dakota,2022-11-12,666
South Dakota,2022-11-19,866
South Dakota,2022-11-26,1055
South Dakota,2022-12-03,1327
South Dakota,2022-12-10,1440
South Dakota,2022-12-17,1714
South Dakota,2022-12-24,1962
South Dakota,2022-12-31,2367
South Dakota,2023-01-07,2401
South Dakota,2023-01-14,2532
South Dakota,2023-01-21,2519
South Dakota,2023-01-28,2576
South Dakota,2023-02-04,2625
South Dakota,2023-02-11,2717
South Dakota,2023-02-18,2698
South Dakota,2023-02-25,2618
South Dakota,2023-03-04,2787
South Dakota,2023-03-11,2700
South Dakota,2023-03-18,2713
South Dakota,2023-03-25,2572
South Dakota,2023-04-01,2513
South Dakota,2023-04-08,2220
South Dakota,2023-04-15,2164
South Dakota,2023-04-22,1693
South Dakota,2023-04-29,1290
South Dakota,2023-05-06,1040
South Dakota,2023-05-13,833
South Dakota,2023-05-20,781
South Dakota,2023-05-27,805
South Dakota,2023-06-03,816
South Dakota,2023-06-10,862
South Dakota,2023-06-17,842
South Dakota,2023-06-24,888
South Dakota,2023-07-01,938
South Dakota,2023-07-08,884
South Dakota,2023-07-15,973
South Dakota,2023-07-22,923
South Dakota,2023-07-29,953
South Dakota,2023-08-05,898
South Dakota,2023-08-12,963
South Dakota,2023-08-19,967
South Dakota,2023-08-26,878
South Dakota,2023-09-02,805
South Dakota,2023-09-09,715
South Dakota,2023-09-16,802
South Dakota,2023-09-23,737
South Dakota,2023-09-30,754
South Dakota,2023-10-07,727
South Dakota,2023-10-14,826
South Dakota,2023-10-21,809
South Dakota,2023-10-28,796
South Dakota,2023-11-04,856
South Dakota,2023-11-11,890
South Dakota,2023-11-18,1017
South Dakota,2023-11-25,1055
South Dakota,2023-12-02,1398
South Dakota,2023-12-09,1519
South Dakota,2023-12-16,1769
South Dakota,2023-12-23,1964
South Dakota,2023-12-30,2118
South Dakota,2024-01-06,2561
South Dakota,2024-01-13,2576
South Dakota,2024-01-20,2663
South Dakota,2024-01-27,2909
South Dakota,2024-02-03,2876
South Dakota,2024-02-10,2958
South Dakota,2024-02-17,2888
South Dakota,2024-02-24,2883
South Dakota,2024-03-02,2846
South Dakota,2024-03-09,2744
South Dakota,2024-03-16,2587
South Dakota,2024-03-23,2320
South Dakota,2024-03-30,2134
South Dakota,2024-04-06,2287
South Dakota,2024-04-13,1941
South Dakota,2024-04-20,1700
South Dakota,2024-04-27,1500
South Dakota,2024-05-04,1309
South Dakota,2024-05-11,1236
South Dakota,2024-05-18,1173
South Dakota,2024-05-25,1186
South Dakota,2024-06-01,1154
South Dakota,2024-06-08,1215
South Dakota,2024-06-15,1264
South Dakota,2024-06-22,1255
South Dakota,2024-06-29,1317
South Dakota,2024-07-06,1165
South Dakota,2024-07-13,1378
South Dakota,2024-07-20,1315
South Dakota,2024-07-27,1237
South Dakota,2024-08-03,1237
South Dakota,2024-08-10,1155
South Dakota,2024-08-17,1196
South Dakota,2024-08-24,1081
South Dakota,2024-08-31,1064
South Dakota,2024-09-07,1002
South Dakota,2024-09-14,1066
South Dakota,2024-09-21,893
South Dakota,2024-09-28,985
South Dakota,2024-10-05,1011
South Dakota,2024-10-12,1013
South Dakota,2024-10-19,1002
South Dakota,2024-10-26,1078
South Dakota,2024-11-02,1089
South Dakota,2024-11-09,1263
South Dakota,2024-11-16,1245
South Dakota,2024-11-23,1431
South Dakota,2024-11-30,1387
South Dakota,2024-12-07,1898
South Dakota,2024-12-14,2227
South Dakota,2024-12-21,2446
South Dakota,2024-12-28,2434
South Dakota,2025-01-04,2817
South Dakota,2025-01-11,3009
South Dakota,2025-01-18,3087
South Dakota,2025-01-25,3055
South Dakota,2025-02-01,3264
South Dakota,2025-02-08,3269
South Dakota,2025-02-15,3176
South Dakota,2025-02-22,3287
South Dakota,2025-03-01,3220
South Dakota,2025-03-08,3029
South Dakota,2025-03-15,2972
South Dakota,2025-03-22,2915
South Dakota,2025-03-29,2632
South Dakota,2025-04-05,2431
South Dakota,2025-04-12,2259
Tennessee,2020-01-04,22163
Tennessee,2020-01-11,22398
Tennessee,2020-01-18,20441
Tennessee,2020-01-25,20786
Tennessee,2020-02-01,21364
Tennessee,2020-02-08,20670
Tennessee,2020-02-15,20485
Tennessee,2020-02-22,20139
Tennessee,2020-02-29,20413
Tennessee,2020-03-07,19035
Tennessee,2020-03-14,18450
Tennessee,2020-03-21,18350
Tennessee,2020-03-28,37541
Tennessee,2020-04-04,116179
Tennessee,2020-04-11,206472
Tennessee,2020-04-18,279895
Tennessee,2020-04-25,341033
Tennessee,2020-05-02,340249
Tennessee,2020-05-09,343212
Tennessee,2020-05-16,332745
Tennessee,2020-05-23,327768
Tennessee,2020-05-30,322117
Tennessee,2020-06-06,310065
Tennessee,2020-06-13,297873
Tennessee,2020-06-20,283631
Tennessee,2020-06-27,279199
Tennessee,2020-07-04,273815
Tennessee,2020-07-11,268220
Tennessee,2020-07-18,260009
Tennessee,2020-07-25,258469
Tennessee,2020-08-01,242385
Tennessee,2020-08-08,224750
Tennessee,2020-08-15,219023
Tennessee,2020-08-22,204952
Tennessee,2020-08-29,199408
Tennessee,2020-09-05,192911
Tennessee,2020-09-12,178952
Tennessee,2020-09-19,167778
Tennessee,2020-09-26,151690
Tennessee,2020-10-03,139780
Tennessee,2020-10-10,100911
Tennessee,2020-10-17,88163
Tennessee,2020-10-24,80068
Tennessee,2020-10-31,72550
Tennessee,2020-11-07,65232
Tennessee,2020-11-14,60963
Tennessee,2020-11-21,56609
Tennessee,2020-11-28,50970
Tennessee,2020-12-05,47466
Tennessee,2020-12-12,45186
Tennessee,2020-12-19,44462
Tennessee,2020-12-26,46198
Tennessee,2021-01-02,55815
Tennessee,2021-01-09,58945
Tennessee,2021-01-16,53163
Tennessee,2021-01-23,52317
Tennessee,2021-01-30,54280
Tennessee,2021-02-06,55379
Tennessee,2021-02-13,53974
Tennessee,2021-02-20,51144
Tennessee,2021-02-27,58673
Tennessee,2021-03-06,50633
Tennessee,2021-03-13,47464
Tennessee,2021-03-20,43752
Tennessee,2021-03-27,43961
Tennessee,2021-04-03,44668
Tennessee,2021-04-10,47568
Tennessee,2021-04-17,48744
Tennessee,2021-04-24,53538
Tennessee,2021-05-01,52236
Tennessee,2021-05-08,53223
Tennessee,2021-05-15,53307
Tennessee,2021-05-22,52782
Tennessee,2021-05-29,51763
Tennessee,2021-06-05,52894
Tennessee,2021-06-12,54474
Tennessee,2021-06-19,52998
Tennessee,2021-06-26,52344
Tennessee,2021-07-03,51731
Tennessee,2021-07-10,47969
Tennessee,2021-07-17,48362
Tennessee,2021-07-24,52820
Tennessee,2021-07-31,52687
Tennessee,2021-08-07,47249
Tennessee,2021-08-14,45129
Tennessee,2021-08-21,38821
Tennessee,2021-08-28,37111
Tennessee,2021-09-04,37838
Tennessee,2021-09-11,36139
Tennessee,2021-09-18,32874
Tennessee,2021-09-25,31640
Tennessee,2021-10-02,25567
Tennessee,2021-10-09,25144
Tennessee,2021-10-16,22121
Tennessee,2021-10-23,20728
Tennessee,2021-10-30,22198
Tennessee,2021-11-06,23347
Tennessee,2021-11-13,22743
Tennessee,2021-11-20,20367
Tennessee,2021-11-27,17807
Tennessee,2021-12-04,18782
Tennessee,2021-12-11,15877
Tennessee,2021-12-18,14852
Tennessee,2021-12-25,15064
Tennessee,2022-01-01,15911
Tennessee,2022-01-08,17931
Tennessee,2022-01-15,19535
Tennessee,2022-01-22,18777
Tennessee,2022-01-29,19650
Tennessee,2022-02-05,19652
Tennessee,2022-02-12,18750
Tennessee,2022-02-19,18246
Tennessee,2022-02-26,17373
Tennessee,2022-03-05,15910
Tennessee,2022-03-12,13196
Tennessee,2022-03-19,13063
Tennessee,2022-03-26,12438
Tennessee,2022-04-02,11771
Tennessee,2022-04-09,12225
Tennessee,2022-04-16,11527
Tennessee,2022-04-23,11473
Tennessee,2022-04-30,11183
Tennessee,2022-05-07,10758
Tennessee,2022-05-14,11043
Tennessee,2022-05-21,10964
Tennessee,2022-05-28,11048
Tennessee,2022-06-04,11583
Tennessee,2022-06-11,12841
Tennessee,2022-06-18,13183
Tennessee,2022-06-25,13570
Tennessee,2022-07-02,12410
Tennessee,2022-07-09,11878
Tennessee,2022-07-16,15051
Tennessee,2022-07-23,14717
Tennessee,2022-07-30,14676
Tennessee,2022-08-06,14294
Tennessee,2022-08-13,13698
Tennessee,2022-08-20,12708
Tennessee,2022-08-27,12442
Tennessee,2022-09-03,12493
Tennessee,2022-09-10,12126
Tennessee,2022-09-17,12009
Tennessee,2022-09-24,11793
Tennessee,2022-10-01,12066
Tennessee,2022-10-08,11890
Tennessee,2022-10-15,11579
Tennessee,2022-10-22,12269
Tennessee,2022-10-29,11535
Tennessee,2022-11-05,11372
Tennessee,2022-11-12,11271
Tennessee,2022-11-19,11812
Tennessee,2022-11-26,11589
Tennessee,2022-12-03,13308
Tennessee,2022-12-10,12976
Tennessee,2022-12-17,13277
Tennessee,2022-12-24,13787
Tennessee,2022-12-31,15382
Tennessee,2023-01-07,16976
Tennessee,2023-01-14,17081
Tennessee,2023-01-21,16720
Tennessee,2023-01-28,17071
Tennessee,2023-02-04,17060
Tennessee,2023-02-11,17097
Tennessee,2023-02-18,16742
Tennessee,2023-02-25,16187
Tennessee,2023-03-04,16052
Tennessee,2023-03-11,15756
Tennessee,2023-03-18,14930
Tennessee,2023-03-25,14938
Tennessee,2023-04-01,14456
Tennessee,2023-04-08,13859
Tennessee,2023-04-15,13751
Tennessee,2023-04-22,13861
Tennessee,2023-04-29,12918
Tennessee,2023-05-06,13026
Tennessee,2023-05-13,13230
Tennessee,2023-05-20,14141
Tennessee,2023-05-27,14165
Tennessee,2023-06-03,14858
Tennessee,2023-06-10,16580
Tennessee,2023-06-17,16737
Tennessee,2023-06-24,16029
Tennessee,2023-07-01,16022
Tennessee,2023-07-08,16842
Tennessee,2023-07-15,17475
Tennessee,2023-07-22,17369
Tennessee,2023-07-29,16845
Tennessee,2023-08-05,17310
Tennessee,2023-08-12,16762
Tennessee,2023-08-19,15857
Tennessee,2023-08-26,15366
Tennessee,2023-09-02,15248
Tennessee,2023-09-09,15340
Tennessee,2023-09-16,15691
Tennessee,2023-09-23,15137
Tennessee,2023-09-30,15253
Tennessee,2023-10-07,15040
Tennessee,2023-10-14,14813
Tennessee,2023-10-21,16259
Tennessee,2023-10-28,14735
Tennessee,2023-11-04,14932
Tennessee,2023-11-11,14735
Tennessee,2023-11-18,14972
Tennessee,2023-11-25,14418
Tennessee,2023-12-02,15608
Tennessee,2023-12-09,15880
Tennessee,2023-12-16,16174
Tennessee,2023-12-23,16295
Tennessee,2023-12-30,18226
Tennessee,2024-01-06,19176
Tennessee,2024-01-13,18751
Tennessee,2024-01-20,18223
Tennessee,2024-01-27,20134
Tennessee,2024-02-03,19093
Tennessee,2024-02-10,18085
Tennessee,2024-02-17,16495
Tennessee,2024-02-24,14800
Tennessee,2024-03-02,16783
Tennessee,2024-03-09,17530
Tennessee,2024-03-16,17431
Tennessee,2024-03-23,17861
Tennessee,2024-03-30,17353
Tennessee,2024-04-06,17375
Tennessee,2024-04-13,17169
Tennessee,2024-04-20,17163
Tennessee,2024-04-27,17616
Tennessee,2024-05-04,17891
Tennessee,2024-05-11,18830
Tennessee,2024-05-18,19301
Tennessee,2024-05-25,19558
Tennessee,2024-06-01,21547
Tennessee,2024-06-08,21610
Tennessee,2024-06-15,22355
Tennessee,2024-06-22,22572
Tennessee,2024-06-29,22970
Tennessee,2024-07-06,23311
Tennessee,2024-07-13,24491
Tennessee,2024-07-20,24694
Tennessee,2024-07-27,23254
Tennessee,2024-08-03,22073
Tennessee,2024-08-10,21123
Tennessee,2024-08-17,19627
Tennessee,2024-08-24,18598
Tennessee,2024-08-31,17952
Tennessee,2024-09-07,17348
Tennessee,2024-09-14,16959
Tennessee,2024-09-21,16630
Tennessee,2024-09-28,16206
Tennessee,2024-10-05,15862
Tennessee,2024-10-12,16230
Tennessee,2024-10-19,16777
Tennessee,2024-10-26,16117
Tennessee,2024-11-02,15151
Tennessee,2024-11-09,14913
Tennessee,2024-11-16,14959
Tennessee,2024-11-23,14912
Tennessee,2024-11-30,14553
Tennessee,2024-12-07,15398
Tennessee,2024-12-14,15909
Tennessee,2024-12-21,15701
Tennessee,2024-12-28,16112
Tennessee,2025-01-04,17831
Tennessee,2025-01-11,18155
Tennessee,2025-01-18,17988
Tennessee,2025-01-25,18254
Tennessee,2025-02-01,17903
Tennessee,2025-02-08,17811
Tennessee,2025-02-15,17703
Tennessee,2025-02-22,19157
Tennessee,2025-03-01,17516
Tennessee,2025-03-08,16888
Tennessee,2025-03-15,16355
Tennessee,2025-03-22,15762
Tennessee,2025-03-29,15629
Tennessee,2025-04-05,15019
Tennessee,2025-04-12,16466
Texas,2020-01-04,141473
Texas,2020-01-11,140768
Texas,2020-01-18,145126
Texas,2020-01-25,132656
Texas,2020-02-01,140826
Texas,2020-02-08,128666
Texas,2020-02-15,133475
Texas,2020-02-22,127275
Texas,2020-02-29,133247
Texas,2020-03-07,125252
Texas,2020-03-14,127905
Texas,2020-03-21,126427
Texas,2020-03-28,144697
Texas,2020-04-04,374656
Texas,2020-04-11,632470
Texas,2020-04-18,911923
Texas,2020-04-25,962122
Texas,2020-05-02,1133324
Texas,2020-05-09,1181609
Texas,2020-05-16,1300576
Texas,2020-05-23,1272557
Texas,2020-05-30,1401773
Texas,2020-06-06,1215507
Texas,2020-06-13,1297296
Texas,2020-06-20,1221813
Texas,2020-06-27,1301714
Texas,2020-07-04,1237931
Texas,2020-07-11,1313086
Texas,2020-07-18,1247269
Texas,2020-07-25,1338900
Texas,2020-08-01,1228250
Texas,2020-08-08,1221540
Texas,2020-08-15,1101708
Texas,2020-08-22,1091961
Texas,2020-08-29,1017360
Texas,2020-09-05,1043117
Texas,2020-09-12,976588
Texas,2020-09-19,953168
Texas,2020-09-26,902269
Texas,2020-10-03,803025
Texas,2020-10-10,718231
Texas,2020-10-17,682194
Texas,2020-10-24,607655
Texas,2020-10-31,558341
Texas,2020-11-07,528651
Texas,2020-11-14,497520
Texas,2020-11-21,460857
Texas,2020-11-28,354191
Texas,2020-12-05,374452
Texas,2020-12-12,388906
Texas,2020-12-19,431599
Texas,2020-12-26,367766
Texas,2021-01-02,363910
Texas,2021-01-09,357646
Texas,2021-01-16,365485
Texas,2021-01-23,343257
Texas,2021-01-30,341375
Texas,2021-02-06,337647
Texas,2021-02-13,354852
Texas,2021-02-20,326288
Texas,2021-02-27,318548
Texas,2021-03-06,315582
Texas,2021-03-13,359539
Texas,2021-03-20,296868
Texas,2021-03-27,320564
Texas,2021-04-03,299526
Texas,2021-04-10,277388
Texas,2021-04-17,283654
Texas,2021-04-24,270498
Texas,2021-05-01,249368
Texas,2021-05-08,252080
Texas,2021-05-15,228786
Texas,2021-05-22,215765
Texas,2021-05-29,206486
Texas,2021-06-05,187438
Texas,2021-06-12,196601
Texas,2021-06-19,195891
Texas,2021-06-26,197679
Texas,2021-07-03,213690
Texas,2021-07-10,157043
Texas,2021-07-17,199928
Texas,2021-07-24,194094
Texas,2021-07-31,210422
Texas,2021-08-07,190232
Texas,2021-08-14,191169
Texas,2021-08-21,179271
Texas,2021-08-28,172926
Texas,2021-09-04,161734
Texas,2021-09-11,160016
Texas,2021-09-18,139207
Texas,2021-09-25,150317
Texas,2021-10-02,131490
Texas,2021-10-09,139019
Texas,2021-10-16,127771
Texas,2021-10-23,129462
Texas,2021-10-30,124690
Texas,2021-11-06,128851
Texas,2021-11-13,119443
Texas,2021-11-20,118513
Texas,2021-11-27,109436
Texas,2021-12-04,127705
Texas,2021-12-11,110122
Texas,2021-12-18,116458
Texas,2021-12-25,101705
Texas,2022-01-01,114202
Texas,2022-01-08,117922
Texas,2022-01-15,117419
Texas,2022-01-22,112375
Texas,2022-01-29,114688
Texas,2022-02-05,107474
Texas,2022-02-12,105765
Texas,2022-02-19,104556
Texas,2022-02-26,100896
Texas,2022-03-05,98806
Texas,2022-03-12,95934
Texas,2022-03-19,96445
Texas,2022-03-26,99428
Texas,2022-04-02,94918
Texas,2022-04-09,90749
Texas,2022-04-16,91018
Texas,2022-04-23,96511
Texas,2022-04-30,91908
Texas,2022-05-07,94313
Texas,2022-05-14,88376
Texas,2022-05-21,94723
Texas,2022-05-28,91310
Texas,2022-06-04,94494
Texas,2022-06-11,93923
Texas,2022-06-18,104271
Texas,2022-06-25,99290
Texas,2022-07-02,105271
Texas,2022-07-09,95812
Texas,2022-07-16,106496
Texas,2022-07-23,107676
Texas,2022-07-30,108904
Texas,2022-08-06,105799
Texas,2022-08-13,104204
Texas,2022-08-20,103953
Texas,2022-08-27,102734
Texas,2022-09-03,102360
Texas,2022-09-10,94569
Texas,2022-09-17,101390
Texas,2022-09-24,98191
Texas,2022-10-01,100031
Texas,2022-10-08,94515
Texas,2022-10-15,92626
Texas,2022-10-22,96263
Texas,2022-10-29,94917
Texas,2022-11-05,97059
Texas,2022-11-12,91688
Texas,2022-11-19,102245
Texas,2022-11-26,95686
Texas,2022-12-03,118463
Texas,2022-12-10,101902
Texas,2022-12-17,116445
Texas,2022-12-24,107275
Texas,2022-12-31,118414
Texas,2023-01-07,122014
Texas,2023-01-14,122643
Texas,2023-01-21,121034
Texas,2023-01-28,122831
Texas,2023-02-04,121057
Texas,2023-02-11,120758
Texas,2023-02-18,122936
Texas,2023-02-25,120789
Texas,2023-03-04,121206
Texas,2023-03-11,115837
Texas,2023-03-18,121142
Texas,2023-03-25,124947
Texas,2023-04-01,124180
Texas,2023-04-08,121763
Texas,2023-04-15,122231
Texas,2023-04-22,127621
Texas,2023-04-29,124861
Texas,2023-05-06,126278
Texas,2023-05-13,122651
Texas,2023-05-20,129033
Texas,2023-05-27,128811
Texas,2023-06-03,131008
Texas,2023-06-10,130707
Texas,2023-06-17,144746
Texas,2023-06-24,143028
Texas,2023-07-01,148863
Texas,2023-07-08,139003
Texas,2023-07-15,149314
Texas,2023-07-22,146350
Texas,2023-07-29,149606
Texas,2023-08-05,143115
Texas,2023-08-12,142944
Texas,2023-08-19,143935
Texas,2023-08-26,141427
Texas,2023-09-02,139387
Texas,2023-09-09,128598
Texas,2023-09-16,135282
Texas,2023-09-23,131645
Texas,2023-09-30,134632
Texas,2023-10-07,129289
Texas,2023-10-14,127629
Texas,2023-10-21,132089
Texas,2023-10-28,128954
Texas,2023-11-04,130568
Texas,2023-11-11,126776
Texas,2023-11-18,133726
Texas,2023-11-25,128763
Texas,2023-12-02,149874
Texas,2023-12-09,131889
Texas,2023-12-16,144754
Texas,2023-12-23,138465
Texas,2023-12-30,140186
Texas,2024-01-06,150488
Texas,2024-01-13,149848
Texas,2024-01-20,145716
Texas,2024-01-27,149462
Texas,2024-02-03,142329
Texas,2024-02-10,139224
Texas,2024-02-17,139640
Texas,2024-02-24,142859
Texas,2024-03-02,140900
Texas,2024-03-09,139420
Texas,2024-03-16,136204
Texas,2024-03-23,149776
Texas,2024-03-30,139143
Texas,2024-04-06,143261
Texas,2024-04-13,127633
Texas,2024-04-20,143625
Texas,2024-04-27,138279
Texas,2024-05-04,142417
Texas,2024-05-11,134981
Texas,2024-05-18,144508
Texas,2024-05-25,140928
Texas,2024-06-01,145782
Texas,2024-06-08,148748
Texas,2024-06-15,154170
Texas,2024-06-22,152278
Texas,2024-06-29,157834
Texas,2024-07-06,148081
Texas,2024-07-13,155865
Texas,2024-07-20,154230
Texas,2024-07-27,176918
Texas,2024-08-03,160587
Texas,2024-08-10,163057
Texas,2024-08-17,156008
Texas,2024-08-24,159538
Texas,2024-08-31,149764
Texas,2024-09-07,146906
Texas,2024-09-14,143098
Texas,2024-09-21,147033
Texas,2024-09-28,142578
Texas,2024-10-05,142879
Texas,2024-10-12,135143
Texas,2024-10-19,138613
Texas,2024-10-26,141073
Texas,2024-11-02,139812
Texas,2024-11-09,135867
Texas,2024-11-16,138236
Texas,2024-11-23,143760
Texas,2024-11-30,135079
Texas,2024-12-07,158256
Texas,2024-12-14,143229
Texas,2024-12-21,156229
Texas,2024-12-28,134185
Texas,2025-01-04,161718
Texas,2025-01-11,154085
Texas,2025-01-18,161796
Texas,2025-01-25,147113
Texas,2025-02-01,156594
Texas,2025-02-08,143734
Texas,2025-02-15,149037
Texas,2025-02-22,144088
Texas,2025-03-01,152580
Texas,2025-03-08,141664
Texas,2025-03-15,147524
Texas,2025-03-22,146243
Texas,2025-03-29,159597
Texas,2025-04-05,147218
Texas,2025-04-12,151387
Utah,2020-01-04,11328
Utah,2020-01-11,11787
Utah,2020-01-18,12061
Utah,2020-01-25,12061
Utah,2020-02-01,11872
Utah,2020-02-08,12187
Utah,2020-02-15,12131
Utah,2020-02-22,11960
Utah,2020-02-29,11451
Utah,2020-03-07,11077
Utah,2020-03-14,10701
Utah,2020-03-21,10826
Utah,2020-03-28,24635
Utah,2020-04-04,45161
Utah,2020-04-11,72798
Utah,2020-04-18,88281
Utah,2020-04-25,89495
Utah,2020-05-02,92872
Utah,2020-05-09,91591
Utah,2020-05-16,86298
Utah,2020-05-23,82054
Utah,2020-05-30,79316
Utah,2020-06-06,78145
Utah,2020-06-13,75383
Utah,2020-06-20,73619
Utah,2020-06-27,72216
Utah,2020-07-04,70639
Utah,2020-07-11,69999
Utah,2020-07-18,68097
Utah,2020-07-25,66351
Utah,2020-08-01,64015
Utah,2020-08-08,57868
Utah,2020-08-15,51910
Utah,2020-08-22,46806
Utah,2020-08-29,40081
Utah,2020-09-05,34778
Utah,2020-09-12,30858
Utah,2020-09-19,28362
Utah,2020-09-26,25803
Utah,2020-10-03,23562
Utah,2020-10-10,21265
Utah,2020-10-17,19081
Utah,2020-10-24,17474
Utah,2020-10-31,16327
Utah,2020-11-07,15242
Utah,2020-11-14,14612
Utah,2020-11-21,14690
Utah,2020-11-28,14246
Utah,2020-12-05,14501
Utah,2020-12-12,14442
Utah,2020-12-19,14582
Utah,2020-12-26,14603
Utah,2021-01-02,15685
Utah,2021-01-09,16459
Utah,2021-01-16,16412
Utah,2021-01-23,16564
Utah,2021-01-30,16818
Utah,2021-02-06,16855
Utah,2021-02-13,16560
Utah,2021-02-20,16054
Utah,2021-02-27,15885
Utah,2021-03-06,15151
Utah,2021-03-13,14540
Utah,2021-03-20,14082
Utah,2021-03-27,13004
Utah,2021-04-03,12621
Utah,2021-04-10,12242
Utah,2021-04-17,11903
Utah,2021-04-24,12359
Utah,2021-05-01,13570
Utah,2021-05-08,13262
Utah,2021-05-15,13142
Utah,2021-05-22,12978
Utah,2021-05-29,11222
Utah,2021-06-05,10615
Utah,2021-06-12,10264
Utah,2021-06-19,9933
Utah,2021-06-26,9740
Utah,2021-07-03,9163
Utah,2021-07-10,10969
Utah,2021-07-17,9855
Utah,2021-07-24,9171
Utah,2021-07-31,8770
Utah,2021-08-07,8467
Utah,2021-08-14,8449
Utah,2021-08-21,8013
Utah,2021-08-28,7699
Utah,2021-09-04,7384
Utah,2021-09-11,6961
Utah,2021-09-18,6650
Utah,2021-09-25,6465
Utah,2021-10-02,6277
Utah,2021-10-09,5984
Utah,2021-10-16,5878
Utah,2021-10-23,5963
Utah,2021-10-30,5807
Utah,2021-11-06,5783
Utah,2021-11-13,5938
Utah,2021-11-20,5988
Utah,2021-11-27,5975
Utah,2021-12-04,6257
Utah,2021-12-11,6621
Utah,2021-12-18,7147
Utah,2021-12-25,7536
Utah,2022-01-01,8041
Utah,2022-01-08,8946
Utah,2022-01-15,10772
Utah,2022-01-22,10358
Utah,2022-01-29,9989
Utah,2022-02-05,9572
Utah,2022-02-12,9218
Utah,2022-02-19,8837
Utah,2022-02-26,8551
Utah,2022-03-05,8356
Utah,2022-03-12,7860
Utah,2022-03-19,7610
Utah,2022-03-26,6969
Utah,2022-04-02,6511
Utah,2022-04-09,6285
Utah,2022-04-16,5697
Utah,2022-04-23,5702
Utah,2022-04-30,5534
Utah,2022-05-07,5493
Utah,2022-05-14,5415
Utah,2022-05-21,5353
Utah,2022-05-28,5384
Utah,2022-06-04,5442
Utah,2022-06-11,5380
Utah,2022-06-18,5516
Utah,2022-06-25,5542
Utah,2022-07-02,5580
Utah,2022-07-09,5749
Utah,2022-07-16,5960
Utah,2022-07-23,5997
Utah,2022-07-30,5956
Utah,2022-08-06,5919
Utah,2022-08-13,5946
Utah,2022-08-20,5957
Utah,2022-08-27,5916
Utah,2022-09-03,5855
Utah,2022-09-10,5749
Utah,2022-09-17,5741
Utah,2022-09-24,5763
Utah,2022-10-01,5761
Utah,2022-10-08,5833
Utah,2022-10-15,5972
Utah,2022-10-22,6218
Utah,2022-10-29,6435
Utah,2022-11-05,6658
Utah,2022-11-12,7078
Utah,2022-11-19,7562
Utah,2022-11-26,7773
Utah,2022-12-03,8362
Utah,2022-12-10,9228
Utah,2022-12-17,10119
Utah,2022-12-24,10896
Utah,2022-12-31,11191
Utah,2023-01-07,11993
Utah,2023-01-14,12790
Utah,2023-01-21,13022
Utah,2023-01-28,13603
Utah,2023-02-04,13628
Utah,2023-02-11,13801
Utah,2023-02-18,13524
Utah,2023-02-25,13171
Utah,2023-03-04,13250
Utah,2023-03-11,12898
Utah,2023-03-18,12565
Utah,2023-03-25,12073
Utah,2023-04-01,12058
Utah,2023-04-08,11579
Utah,2023-04-15,11673
Utah,2023-04-22,10571
Utah,2023-04-29,10437
Utah,2023-05-06,10271
Utah,2023-05-13,9946
Utah,2023-05-20,9944
Utah,2023-05-27,9813
Utah,2023-06-03,9780
Utah,2023-06-10,9637
Utah,2023-06-17,9748
Utah,2023-06-24,9568
Utah,2023-07-01,9516
Utah,2023-07-08,9442
Utah,2023-07-15,9801
Utah,2023-07-22,9808
Utah,2023-07-29,9804
Utah,2023-08-05,9691
Utah,2023-08-12,9934
Utah,2023-08-19,9912
Utah,2023-08-26,9843
Utah,2023-09-02,9773
Utah,2023-09-09,9719
Utah,2023-09-16,9562
Utah,2023-09-23,9594
Utah,2023-09-30,9612
Utah,2023-10-07,9626
Utah,2023-10-14,9878
Utah,2023-10-21,9997
Utah,2023-10-28,10126
Utah,2023-11-04,10279
Utah,2023-11-11,10470
Utah,2023-11-18,9901
Utah,2023-11-25,10041
Utah,2023-12-02,10656
Utah,2023-12-09,11020
Utah,2023-12-16,11386
Utah,2023-12-23,11123
Utah,2023-12-30,11254
Utah,2024-01-06,12003
Utah,2024-01-13,12954
Utah,2024-01-20,12638
Utah,2024-01-27,12759
Utah,2024-02-03,12773
Utah,2024-02-10,12699
Utah,2024-02-17,12861
Utah,2024-02-24,12391
Utah,2024-03-02,15037
Utah,2024-03-09,14373
Utah,2024-03-16,14041
Utah,2024-03-23,13495
Utah,2024-03-30,12863
Utah,2024-04-06,12577
Utah,2024-04-13,11752
Utah,2024-04-20,11348
Utah,2024-04-27,11386
Utah,2024-05-04,11261
Utah,2024-05-11,11343
Utah,2024-05-18,11289
Utah,2024-05-25,11238
Utah,2024-06-01,11098
Utah,2024-06-08,10914
Utah,2024-06-15,10891
Utah,2024-06-22,10812
Utah,2024-06-29,10944
Utah,2024-07-06,10935
Utah,2024-07-13,11276
Utah,2024-07-20,11183
Utah,2024-07-27,11002
Utah,2024-08-03,10917
Utah,2024-08-10,10814
Utah,2024-08-17,10898
Utah,2024-08-24,10755
Utah,2024-08-31,10676
Utah,2024-09-07,10592
Utah,2024-09-14,10620
Utah,2024-09-21,10510
Utah,2024-09-28,10356
Utah,2024-10-05,10402
Utah,2024-10-12,10515
Utah,2024-10-19,10644
Utah,2024-10-26,10876
Utah,2024-11-02,10751
Utah,2024-11-09,10863
Utah,2024-11-16,11201
Utah,2024-11-23,11548
Utah,2024-11-30,11800
Utah,2024-12-07,12683
Utah,2024-12-14,13128
Utah,2024-12-21,13657
Utah,2024-12-28,13573
Utah,2025-01-04,14654
Utah,2025-01-11,15343
Utah,2025-01-18,15362
Utah,2025-01-25,15437
Utah,2025-02-01,15700
Utah,2025-02-08,15601
Utah,2025-02-15,15649
Utah,2025-02-22,15380
Utah,2025-03-01,15394
Utah,2025-03-08,15070
Utah,2025-03-15,14899
Utah,2025-03-22,14294
Utah,2025-03-29,13954
Utah,2025-04-05,13090
Utah,2025-04-12,12869
Vermont,2020-01-04,5417
Vermont,2020-01-11,5609
Vermont,2020-01-18,4961
Vermont,2020-01-25,4986
Vermont,2020-02-01,5006
Vermont,2020-02-08,4824
Vermont,2020-02-15,4931
Vermont,2020-02-22,4872
Vermont,2020-02-29,5039
Vermont,2020-03-07,5219
Vermont,2020-03-14,4896
Vermont,2020-03-21,4810
Vermont,2020-03-28,13797
Vermont,2020-04-04,21953
Vermont,2020-04-11,31204
Vermont,2020-04-18,64313
Vermont,2020-04-25,76457
Vermont,2020-05-02,60535
Vermont,2020-05-09,57040
Vermont,2020-05-16,55103
Vermont,2020-05-23,50285
Vermont,2020-05-30,46316
Vermont,2020-06-06,45207
Vermont,2020-06-13,43338
Vermont,2020-06-20,42681
Vermont,2020-06-27,42420
Vermont,2020-07-04,39089
Vermont,2020-07-11,38335
Vermont,2020-07-18,38405
Vermont,2020-07-25,37797
Vermont,2020-08-01,35847
Vermont,2020-08-08,31783
Vermont,2020-08-15,29962
Vermont,2020-08-22,28390
Vermont,2020-08-29,26970
Vermont,2020-09-05,25575
Vermont,2020-09-12,23961
Vermont,2020-09-19,22541
Vermont,2020-09-26,20616
Vermont,2020-10-03,17676
Vermont,2020-10-10,15460
Vermont,2020-10-17,13438
Vermont,2020-10-24,12535
Vermont,2020-10-31,11555
Vermont,2020-11-07,11209
Vermont,2020-11-14,10825
Vermont,2020-11-21,11150
Vermont,2020-11-28,10082
Vermont,2020-12-05,11938
Vermont,2020-12-12,11909
Vermont,2020-12-19,11913
Vermont,2020-12-26,10088
Vermont,2021-01-02,12194
Vermont,2021-01-09,12506
Vermont,2021-01-16,13257
Vermont,2021-01-23,12908
Vermont,2021-01-30,13241
Vermont,2021-02-06,13150
Vermont,2021-02-13,12834
Vermont,2021-02-20,12295
Vermont,2021-02-27,12087
Vermont,2021-03-06,12195
Vermont,2021-03-13,11691
Vermont,2021-03-20,11074
Vermont,2021-03-27,10548
Vermont,2021-04-03,10041
Vermont,2021-04-10,11407
Vermont,2021-04-17,11594
Vermont,2021-04-24,11522
Vermont,2021-05-01,12595
Vermont,2021-05-08,12135
Vermont,2021-05-15,10177
Vermont,2021-05-22,8502
Vermont,2021-05-29,7617
Vermont,2021-06-05,6473
Vermont,2021-06-12,6204
Vermont,2021-06-19,5926
Vermont,2021-06-26,5967
Vermont,2021-07-03,5932
Vermont,2021-07-10,5598
Vermont,2021-07-17,5470
Vermont,2021-07-24,5186
Vermont,2021-07-31,5096
Vermont,2021-08-07,4991
Vermont,2021-08-14,4900
Vermont,2021-08-21,4547
Vermont,2021-08-28,4670
Vermont,2021-09-04,3981
Vermont,2021-09-11,3553
Vermont,2021-09-18,3357
Vermont,2021-09-25,3098
Vermont,2021-10-02,2885
Vermont,2021-10-09,2561
Vermont,2021-10-16,2193
Vermont,2021-10-23,2254
Vermont,2021-10-30,2144
Vermont,2021-11-06,2181
Vermont,2021-11-13,2270
Vermont,2021-11-20,2502
Vermont,2021-11-27,2180
Vermont,2021-12-04,3083
Vermont,2021-12-11,2812
Vermont,2021-12-18,3071
Vermont,2021-12-25,2952
Vermont,2022-01-01,3661
Vermont,2022-01-08,4291
Vermont,2022-01-15,4223
Vermont,2022-01-22,3963
Vermont,2022-01-29,4350
Vermont,2022-02-05,4131
Vermont,2022-02-12,4067
Vermont,2022-02-19,4016
Vermont,2022-02-26,3932
Vermont,2022-03-05,4126
Vermont,2022-03-12,3801
Vermont,2022-03-19,3524
Vermont,2022-03-26,3344
Vermont,2022-04-02,3194
Vermont,2022-04-09,2948
Vermont,2022-04-16,2750
Vermont,2022-04-23,2475
Vermont,2022-04-30,2729
Vermont,2022-05-07,2179
Vermont,2022-05-14,2096
Vermont,2022-05-21,1935
Vermont,2022-05-28,1946
Vermont,2022-06-04,1809
Vermont,2022-06-11,1811
Vermont,2022-06-18,1727
Vermont,2022-06-25,1863
Vermont,2022-07-02,2088
Vermont,2022-07-09,2050
Vermont,2022-07-16,2152
Vermont,2022-07-23,2086
Vermont,2022-07-30,2016
Vermont,2022-08-06,2094
Vermont,2022-08-13,2061
Vermont,2022-08-20,2028
Vermont,2022-08-27,2250
Vermont,2022-09-03,1816
Vermont,2022-09-10,1433
Vermont,2022-09-17,1380
Vermont,2022-09-24,1367
Vermont,2022-10-01,1360
Vermont,2022-10-08,1366
Vermont,2022-10-15,1396
Vermont,2022-10-22,1419
Vermont,2022-10-29,1410
Vermont,2022-11-05,1541
Vermont,2022-11-12,1648
Vermont,2022-11-19,1891
Vermont,2022-11-26,1775
Vermont,2022-12-03,2480
Vermont,2022-12-10,2392
Vermont,2022-12-17,2560
Vermont,2022-12-24,2661
Vermont,2022-12-31,3059
Vermont,2023-01-07,3804
Vermont,2023-01-14,3710
Vermont,2023-01-21,3635
Vermont,2023-01-28,3848
Vermont,2023-02-04,3891
Vermont,2023-02-11,3792
Vermont,2023-02-18,3760
Vermont,2023-02-25,3620
Vermont,2023-03-04,3916
Vermont,2023-03-11,3832
Vermont,2023-03-18,3683
Vermont,2023-03-25,3525
Vermont,2023-04-01,3380
Vermont,2023-04-08,3242
Vermont,2023-04-15,3095
Vermont,2023-04-22,2854
Vermont,2023-04-29,3074
Vermont,2023-05-06,2771
Vermont,2023-05-13,2467
Vermont,2023-05-20,2359
Vermont,2023-05-27,2294
Vermont,2023-06-03,2076
Vermont,2023-06-10,2088
Vermont,2023-06-17,1938
Vermont,2023-06-24,1973
Vermont,2023-07-01,2308
Vermont,2023-07-08,2375
Vermont,2023-07-15,2455
Vermont,2023-07-22,2667
Vermont,2023-07-29,2949
Vermont,2023-08-05,2944
Vermont,2023-08-12,3021
Vermont,2023-08-19,2948
Vermont,2023-08-26,2737
Vermont,2023-09-02,2509
Vermont,2023-09-09,2020
Vermont,2023-09-16,1865
Vermont,2023-09-23,1803
Vermont,2023-09-30,1828
Vermont,2023-10-07,1774
Vermont,2023-10-14,1772
Vermont,2023-10-21,1775
Vermont,2023-10-28,1778
Vermont,2023-11-04,1826
Vermont,2023-11-11,1818
Vermont,2023-11-18,2140
Vermont,2023-11-25,2026
Vermont,2023-12-02,2666
Vermont,2023-12-09,2466
Vermont,2023-12-16,2607
Vermont,2023-12-23,2804
Vermont,2023-12-30,2768
Vermont,2024-01-06,3177
Vermont,2024-01-13,3740
Vermont,2024-01-20,3790
Vermont,2024-01-27,4081
Vermont,2024-02-03,3903
Vermont,2024-02-10,3806
Vermont,2024-02-17,3667
Vermont,2024-02-24,3539
Vermont,2024-03-02,3638
Vermont,2024-03-09,3673
Vermont,2024-03-16,3434
Vermont,2024-03-23,3090
Vermont,2024-03-30,3074
Vermont,2024-04-06,2916
Vermont,2024-04-13,2882
Vermont,2024-04-20,2841
Vermont,2024-04-27,2557
Vermont,2024-05-04,2569
Vermont,2024-05-11,2304
Vermont,2024-05-18,2222
Vermont,2024-05-25,2162
Vermont,2024-06-01,2143
Vermont,2024-06-08,2097
Vermont,2024-06-15,2024
Vermont,2024-06-22,1979
Vermont,2024-06-29,2657
Vermont,2024-07-06,2380
Vermont,2024-07-13,2510
Vermont,2024-07-20,2324
Vermont,2024-07-27,2458
Vermont,2024-08-03,2356
Vermont,2024-08-10,2330
Vermont,2024-08-17,2114
Vermont,2024-08-24,2256
Vermont,2024-08-31,2157
Vermont,2024-09-07,1697
Vermont,2024-09-14,1640
Vermont,2024-09-21,1572
Vermont,2024-09-28,1565
Vermont,2024-10-05,1587
Vermont,2024-10-12,1550
Vermont,2024-10-19,1589
Vermont,2024-10-26,1650
Vermont,2024-11-02,1764
Vermont,2024-11-09,1924
Vermont,2024-11-16,1944
Vermont,2024-11-23,2159
Vermont,2024-11-30,1966
Vermont,2024-12-07,2681
Vermont,2024-12-14,2547
Vermont,2024-12-21,2768
Vermont,2024-12-28,2843
Vermont,2025-01-04,3722
Vermont,2025-01-11,3989
Vermont,2025-01-18,3710
Vermont,2025-01-25,3691
Vermont,2025-02-01,3735
Vermont,2025-02-08,3655
Vermont,2025-02-15,3758
Vermont,2025-02-22,3679
Vermont,2025-03-01,3813
Vermont,2025-03-08,3947
Vermont,2025-03-15,3800
Vermont,2025-03-22,3610
Vermont,2025-03-29,3447
Vermont,2025-04-05,3295
Vermont,2025-04-12,3182
Virgin Islands,2020-01-04,468
Virgin Islands,2020-01-11,534
Virgin Islands,2020-01-18,562
Virgin Islands,2020-01-25,552
Virgin Islands,2020-02-01,516
Virgin Islands,2020-02-08,522
Virgin Islands,2020-02-15,508
Virgin Islands,2020-02-22,508
Virgin Islands,2020-02-29,562
Virgin Islands,2020-03-07,586
Virgin Islands,2020-03-14,592
Virgin Islands,2020-03-21,584
Virgin Islands,2020-03-28,512
Virgin Islands,2020-04-04,658
Virgin Islands,2020-04-11,776
Virgin Islands,2020-04-18,1322
Virgin Islands,2020-04-25,1468
Virgin Islands,2020-05-02,1882
Virgin Islands,2020-05-09,2812
Virgin Islands,2020-05-16,3572
Virgin Islands,2020-05-23,4534
Virgin Islands,2020-05-30,4642
Virgin Islands,2020-06-06,5564
Virgin Islands,2020-06-13,5734
Virgin Islands,2020-06-20,6294
Virgin Islands,2020-06-27,6194
Virgin Islands,2020-07-04,4638
Virgin Islands,2020-07-11,5574
Virgin Islands,2020-07-18,5330
Virgin Islands,2020-07-25,4842
Virgin Islands,2020-08-01,3518
Virgin Islands,2020-08-08,5048
Virgin Islands,2020-08-15,4710
Virgin Islands,2020-08-22,4318
Virgin Islands,2020-08-29,4618
Virgin Islands,2020-09-05,3746
Virgin Islands,2020-09-12,4130
Virgin Islands,2020-09-19,4358
Virgin Islands,2020-09-26,4440
Virgin Islands,2020-10-03,3190
Virgin Islands,2020-10-10,2438
Virgin Islands,2020-10-17,2198
Virgin Islands,2020-10-24,3586
Virgin Islands,2020-10-31,2668
Virgin Islands,2020-11-07,1698
Virgin Islands,2020-11-14,2572
Virgin Islands,2020-11-21,2964
Virgin Islands,2020-11-28,1410
Virgin Islands,2020-12-05,2018
Virgin Islands,2020-12-12,3118
Virgin Islands,2020-12-19,2556
Virgin Islands,2020-12-26,1524
Virgin Islands,2021-01-02,1984
Virgin Islands,2021-01-09,1836
Virgin Islands,2021-01-16,2546
Virgin Islands,2021-01-23,1706
Virgin Islands,2021-01-30,2002
Virgin Islands,2021-02-06,2438
Virgin Islands,2021-02-13,2330
Virgin Islands,2021-02-20,1800
Virgin Islands,2021-02-27,1740
Virgin Islands,2021-03-06,1882
Virgin Islands,2021-03-13,2062
Virgin Islands,2021-03-20,1468
Virgin Islands,2021-03-27,2074
Virgin Islands,2021-04-03,928
Virgin Islands,2021-04-10,1358
Virgin Islands,2021-04-17,1166
Virgin Islands,2021-04-24,1780
Virgin Islands,2021-05-01,1316
Virgin Islands,2021-05-08,1458
Virgin Islands,2021-05-15,840
Virgin Islands,2021-05-22,1006
Virgin Islands,2021-05-29,720
Virgin Islands,2021-06-05,878
Virgin Islands,2021-06-12,708
Virgin Islands,2021-06-19,684
Virgin Islands,2021-06-26,904
Virgin Islands,2021-07-03,990
Virgin Islands,2021-07-10,1706
Virgin Islands,2021-07-17,618
Virgin Islands,2021-07-24,1052
Virgin Islands,2021-07-31,844
Virgin Islands,2021-08-07,1068
Virgin Islands,2021-08-14,978
Virgin Islands,2021-08-21,960
Virgin Islands,2021-08-28,934
Virgin Islands,2021-09-04,946
Virgin Islands,2021-09-11,792
Virgin Islands,2021-09-18,1096
Virgin Islands,2021-09-25,758
Virgin Islands,2021-10-02,1016
Virgin Islands,2021-10-09,736
Virgin Islands,2021-10-16,830
Virgin Islands,2021-10-23,866
Virgin Islands,2021-10-30,866
Virgin Islands,2021-11-06,756
Virgin Islands,2021-11-13,1040
Virgin Islands,2021-11-20,1148
Virgin Islands,2021-11-27,522
Virgin Islands,2021-12-04,954
Virgin Islands,2021-12-11,1020
Virgin Islands,2021-12-18,864
Virgin Islands,2021-12-25,898
Virgin Islands,2022-01-01,568
Virgin Islands,2022-01-08,534
Virgin Islands,2022-01-15,614
Virgin Islands,2022-01-22,1036
Virgin Islands,2022-01-29,872
Virgin Islands,2022-02-05,714
Virgin Islands,2022-02-12,838
Virgin Islands,2022-02-19,538
Virgin Islands,2022-02-26,484
Virgin Islands,2022-03-05,570
Virgin Islands,2022-03-12,488
Virgin Islands,2022-03-19,406
Virgin Islands,2022-03-26,598
Virgin Islands,2022-04-02,526
Virgin Islands,2022-04-09,520
Virgin Islands,2022-04-16,312
Virgin Islands,2022-04-23,358
Virgin Islands,2022-04-30,212
Virgin Islands,2022-05-07,402
Virgin Islands,2022-05-14,426
Virgin Islands,2022-05-21,426
Virgin Islands,2022-05-28,432
Virgin Islands,2022-06-04,258
Virgin Islands,2022-06-11,282
Virgin Islands,2022-06-18,262
Virgin Islands,2022-06-25,236
Virgin Islands,2022-07-02,328
Virgin Islands,2022-07-09,248
Virgin Islands,2022-07-16,444
Virgin Islands,2022-07-23,292
Virgin Islands,2022-07-30,364
Virgin Islands,2022-08-06,320
Virgin Islands,2022-08-13,352
Virgin Islands,2022-08-20,378
Virgin Islands,2022-08-27,308
Virgin Islands,2022-09-03,340
Virgin Islands,2022-09-10,262
Virgin Islands,2022-09-17,282
Virgin Islands,2022-09-24,284
Virgin Islands,2022-10-01,270
Virgin Islands,2022-10-08,336
Virgin Islands,2022-10-15,274
Virgin Islands,2022-10-22,320
Virgin Islands,2022-10-29,222
Virgin Islands,2022-11-05,192
Virgin Islands,2022-11-12,226
Virgin Islands,2022-11-19,292
Virgin Islands,2022-11-26,150
Virgin Islands,2022-12-03,244
Virgin Islands,2022-12-10,176
Virgin Islands,2022-12-17,214
Virgin Islands,2022-12-24,188
Virgin Islands,2022-12-31,152
Virgin Islands,2023-01-07,58
Virgin Islands,2023-01-14,210
Virgin Islands,2023-01-21,162
Virgin Islands,2023-01-28,196
Virgin Islands,2023-02-04,222
Virgin Islands,2023-02-11,204
Virgin Islands,2023-02-18,182
Virgin Islands,2023-02-25,190
Virgin Islands,2023-03-04,190
Virgin Islands,2023-03-11,206
Virgin Islands,2023-03-18,188
Virgin Islands,2023-03-25,206
Virgin Islands,2023-04-01,162
Virgin Islands,2023-04-08,204
Virgin Islands,2023-04-15,150
Virgin Islands,2023-04-22,228
Virgin Islands,2023-04-29,146
Virgin Islands,2023-05-06,170
Virgin Islands,2023-05-13,198
Virgin Islands,2023-05-20,200
Virgin Islands,2023-05-27,220
Virgin Islands,2023-06-03,214
Virgin Islands,2023-06-10,200
Virgin Islands,2023-06-17,214
Virgin Islands,2023-06-24,222
Virgin Islands,2023-07-01,258
Virgin Islands,2023-07-08,240
Virgin Islands,2023-07-15,218
Virgin Islands,2023-07-22,224
Virgin Islands,2023-07-29,266
Virgin Islands,2023-08-05,246
Virgin Islands,2023-08-12,244
Virgin Islands,2023-08-19,274
Virgin Islands,2023-08-26,270
Virgin Islands,2023-09-02,244
Virgin Islands,2023-09-09,302
Virgin Islands,2023-09-16,240
Virgin Islands,2023-09-23,360
Virgin Islands,2023-09-30,278
Virgin Islands,2023-10-07,368
Virgin Islands,2023-10-14,282
Virgin Islands,2023-10-21,292
Virgin Islands,2023-10-28,274
Virgin Islands,2023-11-04,262
Virgin Islands,2023-11-11,262
Virgin Islands,2023-11-18,262
Virgin Islands,2023-11-25,202
Virgin Islands,2023-12-02,286
Virgin Islands,2023-12-09,192
Virgin Islands,2023-12-16,240
Virgin Islands,2023-12-23,204
Virgin Islands,2023-12-30,176
Virgin Islands,2024-01-06,154
Virgin Islands,2024-01-13,196
Virgin Islands,2024-01-20,194
Virgin Islands,2024-01-27,222
Virgin Islands,2024-02-03,252
Virgin Islands,2024-02-10,184
Virgin Islands,2024-02-17,196
Virgin Islands,2024-02-24,70
Virgin Islands,2024-03-02,306
Virgin Islands,2024-03-09,206
Virgin Islands,2024-03-16,268
Virgin Islands,2024-03-23,250
Virgin Islands,2024-03-30,214
Virgin Islands,2024-04-06,256
Virgin Islands,2024-04-13,248
Virgin Islands,2024-04-20,198
Virgin Islands,2024-04-27,236
Virgin Islands,2024-05-04,162
Virgin Islands,2024-05-11,290
Virgin Islands,2024-05-18,228
Virgin Islands,2024-05-25,216
Virgin Islands,2024-06-01,210
Virgin Islands,2024-06-08,218
Virgin Islands,2024-06-15,258
Virgin Islands,2024-06-22,274
Virgin Islands,2024-06-29,208
Virgin Islands,2024-07-06,166
Virgin Islands,2024-07-13,310
Virgin Islands,2024-07-20,298
Virgin Islands,2024-07-27,324
Virgin Islands,2024-08-03,266
Virgin Islands,2024-08-10,254
Virgin Islands,2024-08-17,250
Virgin Islands,2024-08-24,292
Virgin Islands,2024-08-31,294
Virgin Islands,2024-09-07,344
Virgin Islands,2024-09-14,344
Virgin Islands,2024-09-21,400
Virgin Islands,2024-09-28,404
Virgin Islands,2024-10-05,432
Virgin Islands,2024-10-12,356
Virgin Islands,2024-10-19,312
Virgin Islands,2024-10-26,386
Virgin Islands,2024-11-02,380
Virgin Islands,2024-11-09,366
Virgin Islands,2024-11-16,346
Virgin Islands,2024-11-23,282
Virgin Islands,2024-11-30,276
Virgin Islands,2024-12-07,286
Virgin Islands,2024-12-14,294
Virgin Islands,2024-12-21,258
Virgin Islands,2024-12-28,224
Virgin Islands,2025-01-04,196
Virgin Islands,2025-01-11,242
Virgin Islands,2025-01-18,256
Virgin Islands,2025-01-25,246
Virgin Islands,2025-02-01,236
Virgin Islands,2025-02-08,218
Virgin Islands,2025-02-15,224
Virgin Islands,2025-02-22,222
Virgin Islands,2025-03-01,286
Virgin Islands,2025-03-08,270
Virgin Islands,2025-03-15,254
Virgin Islands,2025-03-22,248
Virgin Islands,2025-03-29,232
Virgin Islands,2025-04-05,276
Virgin Islands,2025-04-12,270
Virginia,2020-01-04,22171
Virginia,2020-01-11,23577
Virginia,2020-01-18,22218
Virginia,2020-01-25,21661
Virginia,2020-02-01,22263
Virginia,2020-02-08,22049
Virginia,2020-02-15,22481
Virginia,2020-02-22,22493
Virginia,2020-02-29,22203
Virginia,2020-03-07,22714
Virginia,2020-03-14,21336
Virginia,2020-03-21,21628
Virginia,2020-03-28,41827
Virginia,2020-04-04,133184
Virginia,2020-04-11,236791
Virginia,2020-04-18,297993
Virginia,2020-04-25,341295
Virginia,2020-05-02,376689
Virginia,2020-05-09,392673
Virginia,2020-05-16,403557
Virginia,2020-05-23,402926
Virginia,2020-05-30,398411
Virginia,2020-06-06,396056
Virginia,2020-06-13,386893
Virginia,2020-06-20,375579
Virginia,2020-06-27,366714
Virginia,2020-07-04,378607
Virginia,2020-07-11,372070
Virginia,2020-07-18,357098
Virginia,2020-07-25,344826
Virginia,2020-08-01,331401
Virginia,2020-08-08,264410
Virginia,2020-08-15,265225
Virginia,2020-08-22,249745
Virginia,2020-08-29,233467
Virginia,2020-09-05,217485
Virginia,2020-09-12,201616
Virginia,2020-09-19,188195
Virginia,2020-09-26,173717
Virginia,2020-10-03,160764
Virginia,2020-10-10,142220
Virginia,2020-10-17,129300
Virginia,2020-10-24,127621
Virginia,2020-10-31,99711
Virginia,2020-11-07,91960
Virginia,2020-11-14,85129
Virginia,2020-11-21,81138
Virginia,2020-11-28,72305
Virginia,2020-12-05,73804
Virginia,2020-12-12,68019
Virginia,2020-12-19,67478
Virginia,2020-12-26,63443
Virginia,2021-01-02,63588
Virginia,2021-01-09,63687
Virginia,2021-01-16,63839
Virginia,2021-01-23,67298
Virginia,2021-01-30,67337
Virginia,2021-02-06,65091
Virginia,2021-02-13,62624
Virginia,2021-02-20,64575
Virginia,2021-02-27,63998
Virginia,2021-03-06,62269
Virginia,2021-03-13,59976
Virginia,2021-03-20,58233
Virginia,2021-03-27,57072
Virginia,2021-04-03,57344
Virginia,2021-04-10,57371
Virginia,2021-04-17,55273
Virginia,2021-04-24,54281
Virginia,2021-05-01,55195
Virginia,2021-05-08,57844
Virginia,2021-05-15,60413
Virginia,2021-05-22,54163
Virginia,2021-05-29,52228
Virginia,2021-06-05,50261
Virginia,2021-06-12,44793
Virginia,2021-06-19,42878
Virginia,2021-06-26,40225
Virginia,2021-07-03,37790
Virginia,2021-07-10,36337
Virginia,2021-07-17,35202
Virginia,2021-07-24,33603
Virginia,2021-07-31,31960
Virginia,2021-08-07,31739
Virginia,2021-08-14,35081
Virginia,2021-08-21,37075
Virginia,2021-08-28,46471
Virginia,2021-09-04,44435
Virginia,2021-09-11,40624
Virginia,2021-09-18,37569
Virginia,2021-09-25,47241
Virginia,2021-10-02,44019
Virginia,2021-10-09,46467
Virginia,2021-10-16,58421
Virginia,2021-10-23,44840
Virginia,2021-10-30,31564
Virginia,2021-11-06,24922
Virginia,2021-11-13,13407
Virginia,2021-11-20,7312
Virginia,2021-11-27,13917
Virginia,2021-12-04,14598
Virginia,2021-12-11,38389
Virginia,2021-12-18,44270
Virginia,2021-12-25,4904
Virginia,2022-01-01,11262
Virginia,2022-01-08,8190
Virginia,2022-01-15,7059
Virginia,2022-01-22,7543
Virginia,2022-01-29,7439
Virginia,2022-02-05,7180
Virginia,2022-02-12,7238
Virginia,2022-02-19,7258
Virginia,2022-02-26,6811
Virginia,2022-03-05,6510
Virginia,2022-03-12,6684
Virginia,2022-03-19,6954
Virginia,2022-03-26,6684
Virginia,2022-04-02,6707
Virginia,2022-04-09,6971
Virginia,2022-04-16,7030
Virginia,2022-04-23,7252
Virginia,2022-04-30,7253
Virginia,2022-05-07,7509
Virginia,2022-05-14,8511
Virginia,2022-05-21,9564
Virginia,2022-05-28,9426
Virginia,2022-06-04,9768
Virginia,2022-06-11,9101
Virginia,2022-06-18,9653
Virginia,2022-06-25,10016
Virginia,2022-07-02,9834
Virginia,2022-07-09,10108
Virginia,2022-07-16,10636
Virginia,2022-07-23,10914
Virginia,2022-07-30,11842
Virginia,2022-08-06,12476
Virginia,2022-08-13,12499
Virginia,2022-08-20,12543
Virginia,2022-08-27,13486
Virginia,2022-09-03,11955
Virginia,2022-09-10,10296
Virginia,2022-09-17,9494
Virginia,2022-09-24,9563
Virginia,2022-10-01,8754
Virginia,2022-10-08,6172
Virginia,2022-10-15,6159
Virginia,2022-10-22,6152
Virginia,2022-10-29,6375
Virginia,2022-11-05,6951
Virginia,2022-11-12,7158
Virginia,2022-11-19,7490
Virginia,2022-11-26,7347
Virginia,2022-12-03,7899
Virginia,2022-12-10,8620
Virginia,2022-12-17,9027
Virginia,2022-12-24,9286
Virginia,2022-12-31,9545
Virginia,2023-01-07,10089
Virginia,2023-01-14,10677
Virginia,2023-01-21,11371
Virginia,2023-01-28,11624
Virginia,2023-02-04,11699
Virginia,2023-02-11,11801
Virginia,2023-02-18,11675
Virginia,2023-02-25,11785
Virginia,2023-03-04,11615
Virginia,2023-03-11,11837
Virginia,2023-03-18,11781
Virginia,2023-03-25,11758
Virginia,2023-04-01,11823
Virginia,2023-04-08,11681
Virginia,2023-04-15,11672
Virginia,2023-04-22,11830
Virginia,2023-04-29,12390
Virginia,2023-05-06,12769
Virginia,2023-05-13,12724
Virginia,2023-05-20,12736
Virginia,2023-05-27,12821
Virginia,2023-06-03,12685
Virginia,2023-06-10,12788
Virginia,2023-06-17,13107
Virginia,2023-06-24,13381
Virginia,2023-07-01,13313
Virginia,2023-07-08,13296
Virginia,2023-07-15,13696
Virginia,2023-07-22,13714
Virginia,2023-07-29,13727
Virginia,2023-08-05,13678
Virginia,2023-08-12,13710
Virginia,2023-08-19,13715
Virginia,2023-08-26,13258
Virginia,2023-09-02,13092
Virginia,2023-09-09,13027
Virginia,2023-09-16,13286
Virginia,2023-09-23,12830
Virginia,2023-09-30,12595
Virginia,2023-10-07,12360
Virginia,2023-10-14,12355
Virginia,2023-10-21,12204
Virginia,2023-10-28,12337
Virginia,2023-11-04,12341
Virginia,2023-11-11,12283
Virginia,2023-11-18,12083
Virginia,2023-11-25,11522
Virginia,2023-12-02,11984
Virginia,2023-12-09,12007
Virginia,2023-12-16,12258
Virginia,2023-12-23,12341
Virginia,2023-12-30,12357
Virginia,2024-01-06,12827
Virginia,2024-01-13,13415
Virginia,2024-01-20,13999
Virginia,2024-01-27,14586
Virginia,2024-02-03,14987
Virginia,2024-02-10,15511
Virginia,2024-02-17,15817
Virginia,2024-02-24,15736
Virginia,2024-03-02,15827
Virginia,2024-03-09,15629
Virginia,2024-03-16,15612
Virginia,2024-03-23,15497
Virginia,2024-03-30,15302
Virginia,2024-04-06,15351
Virginia,2024-04-13,15263
Virginia,2024-04-20,15254
Virginia,2024-04-27,15518
Virginia,2024-05-04,15546
Virginia,2024-05-11,15847
Virginia,2024-05-18,15851
Virginia,2024-05-25,15907
Virginia,2024-06-01,15923
Virginia,2024-06-08,15761
Virginia,2024-06-15,16034
Virginia,2024-06-22,16046
Virginia,2024-06-29,16433
Virginia,2024-07-06,16471
Virginia,2024-07-13,16886
Virginia,2024-07-20,16721
Virginia,2024-07-27,16858
Virginia,2024-08-03,16893
Virginia,2024-08-10,16675
Virginia,2024-08-17,16290
Virginia,2024-08-24,16311
Virginia,2024-08-31,15589
Virginia,2024-09-07,15006
Virginia,2024-09-14,14749
Virginia,2024-09-21,14880
Virginia,2024-09-28,15395
Virginia,2024-10-05,15137
Virginia,2024-10-12,15480
Virginia,2024-10-19,15663
Virginia,2024-10-26,16007
Virginia,2024-11-02,15431
Virginia,2024-11-09,15404
Virginia,2024-11-16,15438
Virginia,2024-11-23,15554
Virginia,2024-11-30,15070
Virginia,2024-12-07,15318
Virginia,2024-12-14,15657
Virginia,2024-12-21,16104
Virginia,2024-12-28,15712
Virginia,2025-01-04,15983
Virginia,2025-01-11,16539
Virginia,2025-01-18,17161
Virginia,2025-01-25,17203
Virginia,2025-02-01,17201
Virginia,2025-02-08,17288
Virginia,2025-02-15,17579
Virginia,2025-02-22,18179
Virginia,2025-03-01,17671
Virginia,2025-03-08,17681
Virginia,2025-03-15,18349
Virginia,2025-03-22,18013
Virginia,2025-03-29,17625
Virginia,2025-04-05,17598
Virginia,2025-04-12,18459
Washington,2020-01-04,70363
Washington,2020-01-11,70214
Washington,2020-01-18,65903
Washington,2020-01-25,67705
Washington,2020-02-01,65260
Washington,2020-02-08,64144
Washington,2020-02-15,61819
Washington,2020-02-22,59819
Washington,2020-02-29,58586
Washington,2020-03-07,56513
Washington,2020-03-14,55588
Washington,2020-03-21,62623
Washington,2020-03-28,158025
Washington,2020-04-04,309411
Washington,2020-04-11,442936
Washington,2020-04-18,535185
Washington,2020-04-25,573374
Washington,2020-05-02,604048
Washington,2020-05-09,739795
Washington,2020-05-16,1045456
Washington,2020-05-23,593287
Washington,2020-05-30,479768
Washington,2020-06-06,438156
Washington,2020-06-13,410204
Washington,2020-06-20,418459
Washington,2020-06-27,416604
Washington,2020-07-04,380975
Washington,2020-07-11,387558
Washington,2020-07-18,375988
Washington,2020-07-25,356149
Washington,2020-08-01,347205
Washington,2020-08-08,308568
Washington,2020-08-15,299672
Washington,2020-08-22,284224
Washington,2020-08-29,277631
Washington,2020-09-05,271917
Washington,2020-09-12,263245
Washington,2020-09-19,254002
Washington,2020-09-26,236928
Washington,2020-10-03,208017
Washington,2020-10-10,190215
Washington,2020-10-17,177627
Washington,2020-10-24,165664
Washington,2020-10-31,160730
Washington,2020-11-07,152131
Washington,2020-11-14,150485
Washington,2020-11-21,158090
Washington,2020-11-28,160893
Washington,2020-12-05,175224
Washington,2020-12-12,170449
Washington,2020-12-19,166402
Washington,2020-12-26,173308
Washington,2021-01-02,190007
Washington,2021-01-09,182287
Washington,2021-01-16,168151
Washington,2021-01-23,162856
Washington,2021-01-30,162039
Washington,2021-02-06,158407
Washington,2021-02-13,148427
Washington,2021-02-20,141976
Washington,2021-02-27,139141
Washington,2021-03-06,130265
Washington,2021-03-13,123687
Washington,2021-03-20,115562
Washington,2021-03-27,102372
Washington,2021-04-03,94721
Washington,2021-04-10,90520
Washington,2021-04-17,83596
Washington,2021-04-24,77911
Washington,2021-05-01,76346
Washington,2021-05-08,73089
Washington,2021-05-15,93892
Washington,2021-05-22,78827
Washington,2021-05-29,66688
Washington,2021-06-05,62410
Washington,2021-06-12,62117
Washington,2021-06-19,66668
Washington,2021-06-26,73724
Washington,2021-07-03,78781
Washington,2021-07-10,75332
Washington,2021-07-17,71139
Washington,2021-07-24,68959
Washington,2021-07-31,68172
Washington,2021-08-07,67233
Washington,2021-08-14,62683
Washington,2021-08-21,59962
Washington,2021-08-28,57101
Washington,2021-09-04,56648
Washington,2021-09-11,52509
Washington,2021-09-18,77449
Washington,2021-09-25,69642
Washington,2021-10-02,62279
Washington,2021-10-09,56782
Washington,2021-10-16,52616
Washington,2021-10-23,49002
Washington,2021-10-30,48907
Washington,2021-11-06,49177
Washington,2021-11-13,45512
Washington,2021-11-20,48514
Washington,2021-11-27,40849
Washington,2021-12-04,53493
Washington,2021-12-11,49714
Washington,2021-12-18,50758
Washington,2021-12-25,48378
Washington,2022-01-01,54298
Washington,2022-01-08,67829
Washington,2022-01-15,62050
Washington,2022-01-22,57959
Washington,2022-01-29,55956
Washington,2022-02-05,53665
Washington,2022-02-12,51811
Washington,2022-02-19,48978
Washington,2022-02-26,48007
Washington,2022-03-05,48261
Washington,2022-03-12,45316
Washington,2022-03-19,43892
Washington,2022-03-26,42285
Washington,2022-04-02,40360
Washington,2022-04-09,38660
Washington,2022-04-16,39154
Washington,2022-04-23,37280
Washington,2022-04-30,35876
Washington,2022-05-07,35218
Washington,2022-05-14,34326
Washington,2022-05-21,34246
Washington,2022-05-28,33259
Washington,2022-06-04,32172
Washington,2022-06-11,32573
Washington,2022-06-18,32116
Washington,2022-06-25,31381
Washington,2022-07-02,32248
Washington,2022-07-09,31293
Washington,2022-07-16,32214
Washington,2022-07-23,32789
Washington,2022-07-30,32933
Washington,2022-08-06,32892
Washington,2022-08-13,33384
Washington,2022-08-20,33342
Washington,2022-08-27,33732
Washington,2022-09-03,33256
Washington,2022-09-10,31954
Washington,2022-09-17,32628
Washington,2022-09-24,32389
Washington,2022-10-01,31940
Washington,2022-10-08,32166
Washington,2022-10-15,33222
Washington,2022-10-22,33902
Washington,2022-10-29,34628
Washington,2022-11-05,36792
Washington,2022-11-12,36267
Washington,2022-11-19,41370
Washington,2022-11-26,36977
Washington,2022-12-03,49404
Washington,2022-12-10,50506
Washington,2022-12-17,52194
Washington,2022-12-24,53681
Washington,2022-12-31,58531
Washington,2023-01-07,61504
Washington,2023-01-14,58849
Washington,2023-01-21,57232
Washington,2023-01-28,58089
Washington,2023-02-04,57902
Washington,2023-02-11,57912
Washington,2023-02-18,56660
Washington,2023-02-25,55888
Washington,2023-03-04,57709
Washington,2023-03-11,56324
Washington,2023-03-18,55479
Washington,2023-03-25,54479
Washington,2023-04-01,53515
Washington,2023-04-08,52714
Washington,2023-04-15,54096
Washington,2023-04-22,53679
Washington,2023-04-29,52759
Washington,2023-05-06,51600
Washington,2023-05-13,51033
Washington,2023-05-20,50320
Washington,2023-05-27,50609
Washington,2023-06-03,49534
Washington,2023-06-10,50760
Washington,2023-06-17,49494
Washington,2023-06-24,49125
Washington,2023-07-01,49889
Washington,2023-07-08,48608
Washington,2023-07-15,54087
Washington,2023-07-22,51984
Washington,2023-07-29,51320
Washington,2023-08-05,51944
Washington,2023-08-12,52165
Washington,2023-08-19,51693
Washington,2023-08-26,51489
Washington,2023-09-02,51448
Washington,2023-09-09,49741
Washington,2023-09-16,51066
Washington,2023-09-23,50185
Washington,2023-09-30,50305
Washington,2023-10-07,50197
Washington,2023-10-14,51040
Washington,2023-10-21,51911
Washington,2023-10-28,52997
Washington,2023-11-04,53873
Washington,2023-11-11,52316
Washington,2023-11-18,58162
Washington,2023-11-25,50641
Washington,2023-12-02,65226
Washington,2023-12-09,64334
Washington,2023-12-16,66250
Washington,2023-12-23,66086
Washington,2023-12-30,65598
Washington,2024-01-06,73609
Washington,2024-01-13,72521
Washington,2024-01-20,70747
Washington,2024-01-27,74178
Washington,2024-02-03,72016
Washington,2024-02-10,70955
Washington,2024-02-17,69271
Washington,2024-02-24,67780
Washington,2024-03-02,67654
Washington,2024-03-09,66500
Washington,2024-03-16,64631
Washington,2024-03-23,62969
Washington,2024-03-30,62286
Washington,2024-04-06,61296
Washington,2024-04-13,60730
Washington,2024-04-20,59425
Washington,2024-04-27,58480
Washington,2024-05-04,57684
Washington,2024-05-11,57310
Washington,2024-05-18,56265
Washington,2024-05-25,61201
Washington,2024-06-01,61025
Washington,2024-06-08,61563
Washington,2024-06-15,59459
Washington,2024-06-22,58359
Washington,2024-06-29,59881
Washington,2024-07-06,58942
Washington,2024-07-13,63408
Washington,2024-07-20,60604
Washington,2024-07-27,60198
Washington,2024-08-03,60115
Washington,2024-08-10,60762
Washington,2024-08-17,60822
Washington,2024-08-24,59887
Washington,2024-08-31,59832
Washington,2024-09-07,58719
Washington,2024-09-14,58739
Washington,2024-09-21,57878
Washington,2024-09-28,59089
Washington,2024-10-05,61654
Washington,2024-10-12,62563
Washington,2024-10-19,62455
Washington,2024-10-26,58493
Washington,2024-11-02,58973
Washington,2024-11-09,60049
Washington,2024-11-16,67346
Washington,2024-11-23,69188
Washington,2024-11-30,69436
Washington,2024-12-07,77388
Washington,2024-12-14,75143
Washington,2024-12-21,75689
Washington,2024-12-28,76894
Washington,2025-01-04,88856
Washington,2025-01-11,88739
Washington,2025-01-18,84319
Washington,2025-01-25,80769
Washington,2025-02-01,83191
Washington,2025-02-08,84356
Washington,2025-02-15,86472
Washington,2025-02-22,84091
Washington,2025-03-01,85449
Washington,2025-03-08,82422
Washington,2025-03-15,81456
Washington,2025-03-22,80259
Washington,2025-03-29,79351
Washington,2025-04-05,78306
Washington,2025-04-12,78291
West Virginia,2020-01-04,15887
West Virginia,2020-01-11,18026
West Virginia,2020-01-18,17681
West Virginia,2020-01-25,16745
West Virginia,2020-02-01,16905
West Virginia,2020-02-08,16588
West Virginia,2020-02-15,16856
West Virginia,2020-02-22,17355
West Virginia,2020-02-29,16797
West Virginia,2020-03-07,16110
West Virginia,2020-03-14,15394
West Virginia,2020-03-21,14154
West Virginia,2020-03-28,21145
West Virginia,2020-04-04,36690
West Virginia,2020-04-11,48597
West Virginia,2020-04-18,96128
West Virginia,2020-04-25,146566
West Virginia,2020-05-02,110377
West Virginia,2020-05-09,107405
West Virginia,2020-05-16,98794
West Virginia,2020-05-23,93086
West Virginia,2020-05-30,84610
West Virginia,2020-06-06,83162
West Virginia,2020-06-13,75236
West Virginia,2020-06-20,70276
West Virginia,2020-06-27,69096
West Virginia,2020-07-04,65556
West Virginia,2020-07-11,64342
West Virginia,2020-07-18,65680
West Virginia,2020-07-25,64365
West Virginia,2020-08-01,62696
West Virginia,2020-08-08,57763
West Virginia,2020-08-15,54525
West Virginia,2020-08-22,52079
West Virginia,2020-08-29,49892
West Virginia,2020-09-05,47742
West Virginia,2020-09-12,45891
West Virginia,2020-09-19,45429
West Virginia,2020-09-26,40892
West Virginia,2020-10-03,35220
West Virginia,2020-10-10,30712
West Virginia,2020-10-17,26469
West Virginia,2020-10-24,24485
West Virginia,2020-10-31,23054
West Virginia,2020-11-07,21388
West Virginia,2020-11-14,20602
West Virginia,2020-11-21,20017
West Virginia,2020-11-28,18097
West Virginia,2020-12-05,20995
West Virginia,2020-12-12,21697
West Virginia,2020-12-19,20076
West Virginia,2020-12-26,18541
West Virginia,2021-01-02,20461
West Virginia,2021-01-09,22836
West Virginia,2021-01-16,21833
West Virginia,2021-01-23,21513
West Virginia,2021-01-30,22257
West Virginia,2021-02-06,21907
West Virginia,2021-02-13,22854
West Virginia,2021-02-20,21196
West Virginia,2021-02-27,23519
West Virginia,2021-03-06,21478
West Virginia,2021-03-13,21294
West Virginia,2021-03-20,18529
West Virginia,2021-03-27,18407
West Virginia,2021-04-03,18709
West Virginia,2021-04-10,18746
West Virginia,2021-04-17,17413
West Virginia,2021-04-24,16601
West Virginia,2021-05-01,17209
West Virginia,2021-05-08,17424
West Virginia,2021-05-15,18294
West Virginia,2021-05-22,17220
West Virginia,2021-05-29,16221
West Virginia,2021-06-05,14100
West Virginia,2021-06-12,14858
West Virginia,2021-06-19,13749
West Virginia,2021-06-26,13176
West Virginia,2021-07-03,13868
West Virginia,2021-07-10,12153
West Virginia,2021-07-17,12213
West Virginia,2021-07-24,11381
West Virginia,2021-07-31,10783
West Virginia,2021-08-07,10305
West Virginia,2021-08-14,10257
West Virginia,2021-08-21,10014
West Virginia,2021-08-28,9986
West Virginia,2021-09-04,9785
West Virginia,2021-09-11,8371
West Virginia,2021-09-18,8227
West Virginia,2021-09-25,7586
West Virginia,2021-10-02,6939
West Virginia,2021-10-09,6453
West Virginia,2021-10-16,6305
West Virginia,2021-10-23,6378
West Virginia,2021-10-30,6253
West Virginia,2021-11-06,6468
West Virginia,2021-11-13,6748
West Virginia,2021-11-20,6617
West Virginia,2021-11-27,6279
West Virginia,2021-12-04,8747
West Virginia,2021-12-11,8799
West Virginia,2021-12-18,7954
West Virginia,2021-12-25,7411
West Virginia,2022-01-01,8114
West Virginia,2022-01-08,9455
West Virginia,2022-01-15,10532
West Virginia,2022-01-22,9410
West Virginia,2022-01-29,11634
West Virginia,2022-02-05,12198
West Virginia,2022-02-12,11387
West Virginia,2022-02-19,9246
West Virginia,2022-02-26,8580
West Virginia,2022-03-05,8365
West Virginia,2022-03-12,7840
West Virginia,2022-03-19,7459
West Virginia,2022-03-26,6902
West Virginia,2022-04-02,6343
West Virginia,2022-04-09,6243
West Virginia,2022-04-16,5890
West Virginia,2022-04-23,5752
West Virginia,2022-04-30,5790
West Virginia,2022-05-07,5535
West Virginia,2022-05-14,5401
West Virginia,2022-05-21,5270
West Virginia,2022-05-28,5453
West Virginia,2022-06-04,5579
West Virginia,2022-06-11,5958
West Virginia,2022-06-18,5802
West Virginia,2022-06-25,6019
West Virginia,2022-07-02,6133
West Virginia,2022-07-09,5991
West Virginia,2022-07-16,6645
West Virginia,2022-07-23,4319
West Virginia,2022-07-30,4318
West Virginia,2022-08-06,7043
West Virginia,2022-08-13,6146
West Virginia,2022-08-20,5721
West Virginia,2022-08-27,5549
West Virginia,2022-09-03,5318
West Virginia,2022-09-10,5049
West Virginia,2022-09-17,5041
West Virginia,2022-09-24,4759
West Virginia,2022-10-01,4656
West Virginia,2022-10-08,4547
West Virginia,2022-10-15,4669
West Virginia,2022-10-22,4825
West Virginia,2022-10-29,4971
West Virginia,2022-11-05,5119
West Virginia,2022-11-12,5323
West Virginia,2022-11-19,5712
West Virginia,2022-11-26,5687
West Virginia,2022-12-03,7815
West Virginia,2022-12-10,8229
West Virginia,2022-12-17,7540
West Virginia,2022-12-24,7550
West Virginia,2022-12-31,7919
West Virginia,2023-01-07,9641
West Virginia,2023-01-14,10415
West Virginia,2023-01-21,9522
West Virginia,2023-01-28,9255
West Virginia,2023-02-04,9724
West Virginia,2023-02-11,9548
West Virginia,2023-02-18,9164
West Virginia,2023-02-25,8988
West Virginia,2023-03-04,8894
West Virginia,2023-03-11,8528
West Virginia,2023-03-18,8280
West Virginia,2023-03-25,8019
West Virginia,2023-04-01,7749
West Virginia,2023-04-08,7198
West Virginia,2023-04-15,6878
West Virginia,2023-04-22,6477
West Virginia,2023-04-29,6274
West Virginia,2023-05-06,5988
West Virginia,2023-05-13,6296
West Virginia,2023-05-20,6256
West Virginia,2023-05-27,6399
West Virginia,2023-06-03,6049
West Virginia,2023-06-10,6914
West Virginia,2023-06-17,6781
West Virginia,2023-06-24,6838
West Virginia,2023-07-01,7051
West Virginia,2023-07-08,6600
West Virginia,2023-07-15,7389
West Virginia,2023-07-22,7168
West Virginia,2023-07-29,6972
West Virginia,2023-08-05,6762
West Virginia,2023-08-12,6993
West Virginia,2023-08-19,6664
West Virginia,2023-08-26,6328
West Virginia,2023-09-02,5865
West Virginia,2023-09-09,5863
West Virginia,2023-09-16,5889
West Virginia,2023-09-23,5617
West Virginia,2023-09-30,5479
West Virginia,2023-10-07,5504
West Virginia,2023-10-14,5354
West Virginia,2023-10-21,5599
West Virginia,2023-10-28,5570
West Virginia,2023-11-04,5822
West Virginia,2023-11-11,5954
West Virginia,2023-11-18,6267
West Virginia,2023-11-25,5910
West Virginia,2023-12-02,8496
West Virginia,2023-12-09,8619
West Virginia,2023-12-16,8092
West Virginia,2023-12-23,7914
West Virginia,2023-12-30,8029
West Virginia,2024-01-06,9739
West Virginia,2024-01-13,10746
West Virginia,2024-01-20,9604
West Virginia,2024-01-27,11548
West Virginia,2024-02-03,11020
West Virginia,2024-02-10,10297
West Virginia,2024-02-17,9744
West Virginia,2024-02-24,9346
West Virginia,2024-03-02,9424
West Virginia,2024-03-09,9298
West Virginia,2024-03-16,9272
West Virginia,2024-03-23,8776
West Virginia,2024-03-30,8417
West Virginia,2024-04-06,8017
West Virginia,2024-04-13,8712
West Virginia,2024-04-20,8250
West Virginia,2024-04-27,7779
West Virginia,2024-05-04,7518
West Virginia,2024-05-11,7296
West Virginia,2024-05-18,7318
West Virginia,2024-05-25,7466
West Virginia,2024-06-01,7294
West Virginia,2024-06-08,7654
West Virginia,2024-06-15,7657
West Virginia,2024-06-22,7434
West Virginia,2024-06-29,7806
West Virginia,2024-07-06,7055
West Virginia,2024-07-13,8151
West Virginia,2024-07-20,7596
West Virginia,2024-07-27,7285
West Virginia,2024-08-03,7235
West Virginia,2024-08-10,6874
West Virginia,2024-08-17,6594
West Virginia,2024-08-24,6288
West Virginia,2024-08-31,6181
West Virginia,2024-09-07,5883
West Virginia,2024-09-14,6076
West Virginia,2024-09-21,5785
West Virginia,2024-09-28,5766
West Virginia,2024-10-05,5774
West Virginia,2024-10-12,5891
West Virginia,2024-10-19,5772
West Virginia,2024-10-26,5852
West Virginia,2024-11-02,5893
West Virginia,2024-11-09,6094
West Virginia,2024-11-16,6250
West Virginia,2024-11-23,6516
West Virginia,2024-11-30,6091
West Virginia,2024-12-07,8955
West Virginia,2024-12-14,9086
West Virginia,2024-12-21,8513
West Virginia,2024-12-28,8019
West Virginia,2025-01-04,9313
West Virginia,2025-01-11,10343
West Virginia,2025-01-18,13128
West Virginia,2025-01-25,11941
West Virginia,2025-02-01,12708
West Virginia,2025-02-08,10756
West Virginia,2025-02-15,9951
West Virginia,2025-02-22,9371
West Virginia,2025-03-01,10507
West Virginia,2025-03-08,9342
West Virginia,2025-03-15,8632
West Virginia,2025-03-22,7909
West Virginia,2025-03-29,7595
West Virginia,2025-04-05,7116
West Virginia,2025-04-12,7091
Wisconsin,2020-01-04,49605
Wisconsin,2020-01-11,53305
Wisconsin,2020-01-18,44776
Wisconsin,2020-01-25,44077
Wisconsin,2020-02-01,44425
Wisconsin,2020-02-08,44477
Wisconsin,2020-02-15,44163
Wisconsin,2020-02-22,43996
Wisconsin,2020-02-29,43574
Wisconsin,2020-03-07,42337
Wisconsin,2020-03-14,40738
Wisconsin,2020-03-21,43607
Wisconsin,2020-03-28,99574
Wisconsin,2020-04-04,208387
Wisconsin,2020-04-11,262847
Wisconsin,2020-04-18,299532
Wisconsin,2020-04-25,321063
Wisconsin,2020-05-02,314025
Wisconsin,2020-05-09,313248
Wisconsin,2020-05-16,308397
Wisconsin,2020-05-23,291677
Wisconsin,2020-05-30,269678
Wisconsin,2020-06-06,255805
Wisconsin,2020-06-13,238528
Wisconsin,2020-06-20,225424
Wisconsin,2020-06-27,222897
Wisconsin,2020-07-04,218553
Wisconsin,2020-07-11,224765
Wisconsin,2020-07-18,218606
Wisconsin,2020-07-25,211944
Wisconsin,2020-08-01,208649
Wisconsin,2020-08-08,180146
Wisconsin,2020-08-15,173270
Wisconsin,2020-08-22,161697
Wisconsin,2020-08-29,150900
Wisconsin,2020-09-05,138621
Wisconsin,2020-09-12,130672
Wisconsin,2020-09-19,128663
Wisconsin,2020-09-26,119104
Wisconsin,2020-10-03,112613
Wisconsin,2020-10-10,110050
Wisconsin,2020-10-17,102729
Wisconsin,2020-10-24,100438
Wisconsin,2020-10-31,98223
Wisconsin,2020-11-07,94072
Wisconsin,2020-11-14,92927
Wisconsin,2020-11-21,93095
Wisconsin,2020-11-28,87624
Wisconsin,2020-12-05,104264
Wisconsin,2020-12-12,94027
Wisconsin,2020-12-19,97337
Wisconsin,2020-12-26,89928
Wisconsin,2021-01-02,100783
Wisconsin,2021-01-09,117324
Wisconsin,2021-01-16,104131
Wisconsin,2021-01-23,104449
Wisconsin,2021-01-30,106963
Wisconsin,2021-02-06,104706
Wisconsin,2021-02-13,104222
Wisconsin,2021-02-20,108216
Wisconsin,2021-02-27,104274
Wisconsin,2021-03-06,100158
Wisconsin,2021-03-13,99532
Wisconsin,2021-03-20,93348
Wisconsin,2021-03-27,95123
Wisconsin,2021-04-03,92669
Wisconsin,2021-04-10,92947
Wisconsin,2021-04-17,94817
Wisconsin,2021-04-24,91879
Wisconsin,2021-05-01,84704
Wisconsin,2021-05-08,80153
Wisconsin,2021-05-15,74157
Wisconsin,2021-05-22,70374
Wisconsin,2021-05-29,65767
Wisconsin,2021-06-05,55109
Wisconsin,2021-06-12,55025
Wisconsin,2021-06-19,54339
Wisconsin,2021-06-26,53779
Wisconsin,2021-07-03,53124
Wisconsin,2021-07-10,50722
Wisconsin,2021-07-17,56238
Wisconsin,2021-07-24,52671
Wisconsin,2021-07-31,51693
Wisconsin,2021-08-07,50813
Wisconsin,2021-08-14,50105
Wisconsin,2021-08-21,48921
Wisconsin,2021-08-28,47990
Wisconsin,2021-09-04,45712
Wisconsin,2021-09-11,41231
Wisconsin,2021-09-18,35751
Wisconsin,2021-09-25,33403
Wisconsin,2021-10-02,31624
Wisconsin,2021-10-09,29534
Wisconsin,2021-10-16,28105
Wisconsin,2021-10-23,26524
Wisconsin,2021-10-30,26633
Wisconsin,2021-11-06,26979
Wisconsin,2021-11-13,26995
Wisconsin,2021-11-20,27362
Wisconsin,2021-11-27,26917
Wisconsin,2021-12-04,36190
Wisconsin,2021-12-11,33556
Wisconsin,2021-12-18,35969
Wisconsin,2021-12-25,34581
Wisconsin,2022-01-01,38815
Wisconsin,2022-01-08,48011
Wisconsin,2022-01-15,45333
Wisconsin,2022-01-22,44861
Wisconsin,2022-01-29,43650
Wisconsin,2022-02-05,42881
Wisconsin,2022-02-12,40568
Wisconsin,2022-02-19,38714
Wisconsin,2022-02-26,38700
Wisconsin,2022-03-05,37359
Wisconsin,2022-03-12,35654
Wisconsin,2022-03-19,33818
Wisconsin,2022-03-26,32004
Wisconsin,2022-04-02,32077
Wisconsin,2022-04-09,29451
Wisconsin,2022-04-16,25707
Wisconsin,2022-04-23,23036
Wisconsin,2022-04-30,21202
Wisconsin,2022-05-07,18253
Wisconsin,2022-05-14,16928
Wisconsin,2022-05-21,15819
Wisconsin,2022-05-28,15394
Wisconsin,2022-06-04,15151
Wisconsin,2022-06-11,16014
Wisconsin,2022-06-18,17121
Wisconsin,2022-06-25,18859
Wisconsin,2022-07-02,19355
Wisconsin,2022-07-09,19283
Wisconsin,2022-07-16,21657
Wisconsin,2022-07-23,20141
Wisconsin,2022-07-30,19887
Wisconsin,2022-08-06,20326
Wisconsin,2022-08-13,20235
Wisconsin,2022-08-20,19592
Wisconsin,2022-08-27,19079
Wisconsin,2022-09-03,17990
Wisconsin,2022-09-10,16084
Wisconsin,2022-09-17,14908
Wisconsin,2022-09-24,14178
Wisconsin,2022-10-01,13844
Wisconsin,2022-10-08,13779
Wisconsin,2022-10-15,14009
Wisconsin,2022-10-22,14319
Wisconsin,2022-10-29,14759
Wisconsin,2022-11-05,15105
Wisconsin,2022-11-12,16104
Wisconsin,2022-11-19,17762
Wisconsin,2022-11-26,19110
Wisconsin,2022-12-03,27139
Wisconsin,2022-12-10,25816
Wisconsin,2022-12-17,27126
Wisconsin,2022-12-24,29651
Wisconsin,2022-12-31,31788
Wisconsin,2023-01-07,41400
Wisconsin,2023-01-14,37753
Wisconsin,2023-01-21,36445
Wisconsin,2023-01-28,37335
Wisconsin,2023-02-04,36426
Wisconsin,2023-02-11,37886
Wisconsin,2023-02-18,35489
Wisconsin,2023-02-25,35067
Wisconsin,2023-03-04,35454
Wisconsin,2023-03-11,34047
Wisconsin,2023-03-18,32578
Wisconsin,2023-03-25,32270
Wisconsin,2023-04-01,31195
Wisconsin,2023-04-08,30056
Wisconsin,2023-04-15,27344
Wisconsin,2023-04-22,24123
Wisconsin,2023-04-29,23140
Wisconsin,2023-05-06,20655
Wisconsin,2023-05-13,19304
Wisconsin,2023-05-20,18546
Wisconsin,2023-05-27,18398
Wisconsin,2023-06-03,17929
Wisconsin,2023-06-10,18832
Wisconsin,2023-06-17,19742
Wisconsin,2023-06-24,21438
Wisconsin,2023-07-01,22889
Wisconsin,2023-07-08,21932
Wisconsin,2023-07-15,25230
Wisconsin,2023-07-22,23325
Wisconsin,2023-07-29,23248
Wisconsin,2023-08-05,23559
Wisconsin,2023-08-12,23426
Wisconsin,2023-08-19,23054
Wisconsin,2023-08-26,22247
Wisconsin,2023-09-02,21313
Wisconsin,2023-09-09,19649
Wisconsin,2023-09-16,18452
Wisconsin,2023-09-23,17560
Wisconsin,2023-09-30,17433
Wisconsin,2023-10-07,17336
Wisconsin,2023-10-14,17193
Wisconsin,2023-10-21,17419
Wisconsin,2023-10-28,17542
Wisconsin,2023-11-04,18620
Wisconsin,2023-11-11,19683
Wisconsin,2023-11-18,20566
Wisconsin,2023-11-25,20650
Wisconsin,2023-12-02,29145
Wisconsin,2023-12-09,27674
Wisconsin,2023-12-16,28447
Wisconsin,2023-12-23,30399
Wisconsin,2023-12-30,30249
Wisconsin,2024-01-06,42830
Wisconsin,2024-01-13,39524
Wisconsin,2024-01-20,38760
Wisconsin,2024-01-27,41858
Wisconsin,2024-02-03,39399
Wisconsin,2024-02-10,38633
Wisconsin,2024-02-17,37628
Wisconsin,2024-02-24,37587
Wisconsin,2024-03-02,36548
Wisconsin,2024-03-09,35751
Wisconsin,2024-03-16,33681
Wisconsin,2024-03-23,32250
Wisconsin,2024-03-30,31268
Wisconsin,2024-04-06,33753
Wisconsin,2024-04-13,30387
Wisconsin,2024-04-20,26095
Wisconsin,2024-04-27,24027
Wisconsin,2024-05-04,22844
Wisconsin,2024-05-11,21837
Wisconsin,2024-05-18,21047
Wisconsin,2024-05-25,20603
Wisconsin,2024-06-01,20610
Wisconsin,2024-06-08,21363
Wisconsin,2024-06-15,22038
Wisconsin,2024-06-22,24560
Wisconsin,2024-06-29,25278
Wisconsin,2024-07-06,24699
Wisconsin,2024-07-13,29206
Wisconsin,2024-07-20,26848
Wisconsin,2024-07-27,25623
Wisconsin,2024-08-03,25933
Wisconsin,2024-08-10,26563
Wisconsin,2024-08-17,26018
Wisconsin,2024-08-24,25348
Wisconsin,2024-08-31,24375
Wisconsin,2024-09-07,24235
Wisconsin,2024-09-14,22429
Wisconsin,2024-09-21,20087
Wisconsin,2024-09-28,19695
Wisconsin,2024-10-05,20693
Wisconsin,2024-10-12,20412
Wisconsin,2024-10-19,19912
Wisconsin,2024-10-26,20121
Wisconsin,2024-11-02,21315
Wisconsin,2024-11-09,21554
Wisconsin,2024-11-16,20418
Wisconsin,2024-11-23,21245
Wisconsin,2024-11-30,22988
Wisconsin,2024-12-07,30748
Wisconsin,2024-12-14,29143
Wisconsin,2024-12-21,30157
Wisconsin,2024-12-28,30212
Wisconsin,2025-01-04,40787
Wisconsin,2025-01-11,42900
Wisconsin,2025-01-18,36983
Wisconsin,2025-01-25,37018
Wisconsin,2025-02-01,39269
Wisconsin,2025-02-08,37162
Wisconsin,2025-02-15,35573
Wisconsin,2025-02-22,35947
Wisconsin,2025-03-01,37817
Wisconsin,2025-03-08,34744
Wisconsin,2025-03-15,33504
Wisconsin,2025-03-22,31887
Wisconsin,2025-03-29,30469
Wisconsin,2025-04-05,31137
Wisconsin,2025-04-12,27334
Wyoming,2020-01-04,3219
Wyoming,2020-01-11,3302
Wyoming,2020-01-18,3301
Wyoming,2020-01-25,3354
Wyoming,2020-02-01,3475
Wyoming,2020-02-08,3507
Wyoming,2020-02-15,3699
Wyoming,2020-02-22,3611
Wyoming,2020-02-29,3543
Wyoming,2020-03-07,3508
Wyoming,2020-03-14,3375
Wyoming,2020-03-21,3197
Wyoming,2020-03-28,4519
Wyoming,2020-04-04,7790
Wyoming,2020-04-11,11212
Wyoming,2020-04-18,14302
Wyoming,2020-04-25,16566
Wyoming,2020-05-02,17521
Wyoming,2020-05-09,17928
Wyoming,2020-05-16,17335
Wyoming,2020-05-23,17631
Wyoming,2020-05-30,15853
Wyoming,2020-06-06,15552
Wyoming,2020-06-13,15371
Wyoming,2020-06-20,15070
Wyoming,2020-06-27,14494
Wyoming,2020-07-04,14048
Wyoming,2020-07-11,13711
Wyoming,2020-07-18,13497
Wyoming,2020-07-25,13023
Wyoming,2020-08-01,12854
Wyoming,2020-08-08,11320
Wyoming,2020-08-15,10568
Wyoming,2020-08-22,9827
Wyoming,2020-08-29,9146
Wyoming,2020-09-05,8880
Wyoming,2020-09-12,7920
Wyoming,2020-09-19,7860
Wyoming,2020-09-26,7329
Wyoming,2020-10-03,6823
Wyoming,2020-10-10,6501
Wyoming,2020-10-17,6011
Wyoming,2020-10-24,5793
Wyoming,2020-10-31,5667
Wyoming,2020-11-07,5633
Wyoming,2020-11-14,5166
Wyoming,2020-11-21,5382
Wyoming,2020-11-28,4966
Wyoming,2020-12-05,5399
Wyoming,2020-12-12,5120
Wyoming,2020-12-19,5096
Wyoming,2020-12-26,4708
Wyoming,2021-01-02,5063
Wyoming,2021-01-09,5468
Wyoming,2021-01-16,5108
Wyoming,2021-01-23,5443
Wyoming,2021-01-30,5715
Wyoming,2021-02-06,5654
Wyoming,2021-02-13,5551
Wyoming,2021-02-20,5588
Wyoming,2021-02-27,5638
Wyoming,2021-03-06,5197
Wyoming,2021-03-13,5059
Wyoming,2021-03-20,4632
Wyoming,2021-03-27,4760
Wyoming,2021-04-03,4590
Wyoming,2021-04-10,4171
Wyoming,2021-04-17,3951
Wyoming,2021-04-24,4007
Wyoming,2021-05-01,3937
Wyoming,2021-05-08,3770
Wyoming,2021-05-15,3407
Wyoming,2021-05-22,3210
Wyoming,2021-05-29,2918
Wyoming,2021-06-05,2719
Wyoming,2021-06-12,2674
Wyoming,2021-06-19,2583
Wyoming,2021-06-26,2461
Wyoming,2021-07-03,2626
Wyoming,2021-07-10,2281
Wyoming,2021-07-17,2219
Wyoming,2021-07-24,2122
Wyoming,2021-07-31,2063
Wyoming,2021-08-07,1954
Wyoming,2021-08-14,1887
Wyoming,2021-08-21,1636
Wyoming,2021-08-28,1647
Wyoming,2021-09-04,1592
Wyoming,2021-09-11,1532
Wyoming,2021-09-18,1434
Wyoming,2021-09-25,1317
Wyoming,2021-10-02,1382
Wyoming,2021-10-09,1353
Wyoming,2021-10-16,1345
Wyoming,2021-10-23,1455
Wyoming,2021-10-30,1528
Wyoming,2021-11-06,1618
Wyoming,2021-11-13,1766
Wyoming,2021-11-20,1766
Wyoming,2021-11-27,1820
Wyoming,2021-12-04,2005
Wyoming,2021-12-11,1886
Wyoming,2021-12-18,1970
Wyoming,2021-12-25,1939
Wyoming,2022-01-01,2238
Wyoming,2022-01-08,2561
Wyoming,2022-01-15,2702
Wyoming,2022-01-22,2633
Wyoming,2022-01-29,2727
Wyoming,2022-02-05,2657
Wyoming,2022-02-12,2657
Wyoming,2022-02-19,2324
Wyoming,2022-02-26,2462
Wyoming,2022-03-05,2667
Wyoming,2022-03-12,2346
Wyoming,2022-03-19,2349
Wyoming,2022-03-26,2157
Wyoming,2022-04-02,2063
Wyoming,2022-04-09,1837
Wyoming,2022-04-16,1749
Wyoming,2022-04-23,1858
Wyoming,2022-04-30,1809
Wyoming,2022-05-07,1573
Wyoming,2022-05-14,1592
Wyoming,2022-05-21,1444
Wyoming,2022-05-28,1481
Wyoming,2022-06-04,1308
Wyoming,2022-06-11,1295
Wyoming,2022-06-18,1298
Wyoming,2022-06-25,1314
Wyoming,2022-07-02,1252
Wyoming,2022-07-09,1247
Wyoming,2022-07-16,1266
Wyoming,2022-07-23,1308
Wyoming,2022-07-30,1244
Wyoming,2022-08-06,1254
Wyoming,2022-08-13,1218
Wyoming,2022-08-20,1229
Wyoming,2022-08-27,1146
Wyoming,2022-09-03,1073
Wyoming,2022-09-10,1044
Wyoming,2022-09-17,1002
Wyoming,2022-09-24,982
Wyoming,2022-10-01,1021
Wyoming,2022-10-08,1015
Wyoming,2022-10-15,1070
Wyoming,2022-10-22,1144
Wyoming,2022-10-29,1299
Wyoming,2022-11-05,1404
Wyoming,2022-11-12,1500
Wyoming,2022-11-19,1737
Wyoming,2022-11-26,1861
Wyoming,2022-12-03,1992
Wyoming,2022-12-10,2035
Wyoming,2022-12-17,2095
Wyoming,2022-12-24,2218
Wyoming,2022-12-31,2449
Wyoming,2023-01-07,2550
Wyoming,2023-01-14,2651
Wyoming,2023-01-21,2632
Wyoming,2023-01-28,2686
Wyoming,2023-02-04,2747
Wyoming,2023-02-11,2763
Wyoming,2023-02-18,2631
Wyoming,2023-02-25,2659
Wyoming,2023-03-04,2823
Wyoming,2023-03-11,2547
Wyoming,2023-03-18,2529
Wyoming,2023-03-25,2386
Wyoming,2023-04-01,2346
Wyoming,2023-04-08,2143
Wyoming,2023-04-15,2196
Wyoming,2023-04-22,2010
Wyoming,2023-04-29,1974
Wyoming,2023-05-06,1881
Wyoming,2023-05-13,1747
Wyoming,2023-05-20,1592
Wyoming,2023-05-27,1480
Wyoming,2023-06-03,1438
Wyoming,2023-06-10,1372
Wyoming,2023-06-17,1384
Wyoming,2023-06-24,1354
Wyoming,2023-07-01,1367
Wyoming,2023-07-08,1332
Wyoming,2023-07-15,1401
Wyoming,2023-07-22,1377
Wyoming,2023-07-29,1420
Wyoming,2023-08-05,1378
Wyoming,2023-08-12,1344
Wyoming,2023-08-19,1269
Wyoming,2023-08-26,1243
Wyoming,2023-09-02,1257
Wyoming,2023-09-09,1170
Wyoming,2023-09-16,1188
Wyoming,2023-09-23,1147
Wyoming,2023-09-30,1192
Wyoming,2023-10-07,1139
Wyoming,2023-10-14,1208
Wyoming,2023-10-21,1270
Wyoming,2023-10-28,1366
Wyoming,2023-11-04,1463
Wyoming,2023-11-11,1505
Wyoming,2023-11-18,1642
Wyoming,2023-11-25,1632
Wyoming,2023-12-02,1831
Wyoming,2023-12-09,1856
Wyoming,2023-12-16,1916
Wyoming,2023-12-23,1984
Wyoming,2023-12-30,2089
Wyoming,2024-01-06,2376
Wyoming,2024-01-13,2411
Wyoming,2024-01-20,2635
Wyoming,2024-01-27,2829
Wyoming,2024-02-03,2785
Wyoming,2024-02-10,2695
Wyoming,2024-02-17,2720
Wyoming,2024-02-24,2677
Wyoming,2024-03-02,2693
Wyoming,2024-03-09,2602
Wyoming,2024-03-16,2417
Wyoming,2024-03-23,2324
Wyoming,2024-03-30,2282
Wyoming,2024-04-06,2150
Wyoming,2024-04-13,1957
Wyoming,2024-04-20,1944
Wyoming,2024-04-27,1950
Wyoming,2024-05-04,1889
Wyoming,2024-05-11,1759
Wyoming,2024-05-18,1732
Wyoming,2024-05-25,1580
Wyoming,2024-06-01,1490
Wyoming,2024-06-08,1497
Wyoming,2024-06-15,1448
Wyoming,2024-06-22,1489
Wyoming,2024-06-29,1528
Wyoming,2024-07-06,1434
Wyoming,2024-07-13,1484
Wyoming,2024-07-20,1511
Wyoming,2024-07-27,1480
Wyoming,2024-08-03,1522
Wyoming,2024-08-10,1455
Wyoming,2024-08-17,1420
Wyoming,2024-08-24,1377
Wyoming,2024-08-31,1323
Wyoming,2024-09-07,1288
Wyoming,2024-09-14,1302
Wyoming,2024-09-21,1271
Wyoming,2024-09-28,1314
Wyoming,2024-10-05,1365
Wyoming,2024-10-12,1335
Wyoming,2024-10-19,1478
Wyoming,2024-10-26,1529
Wyoming,2024-11-02,1629
Wyoming,2024-11-09,1779
Wyoming,2024-11-16,1747
Wyoming,2024-11-23,1973
Wyoming,2024-11-30,2024
Wyoming,2024-12-07,2231
Wyoming,2024-12-14,2067
Wyoming,2024-12-21,2159
Wyoming,2024-12-28,2160
Wyoming,2025-01-04,2531
Wyoming,2025-01-11,2591
Wyoming,2025-01-18,2749
Wyoming,2025-01-25,2759
Wyoming,2025-02-01,3002
Wyoming,2025-02-08,2918
Wyoming,2025-02-15,2910
Wyoming,2025-02-22,2989
Wyoming,2025-03-01,2948
Wyoming,2025-03-08,2815
Wyoming,2025-03-15,2725
Wyoming,2025-03-22,2542
Wyoming,2025-03-29,2467
Wyoming,2025-04-05,2340
Wyoming,2025-04-12,2193
